ISO-10303-21;
HEADER;
/* Generated by software containing ST-Developer
 * from STEP Tools, Inc. (www.steptools.com) 
 */

FILE_DESCRIPTION(
/* description */ ('KiCad electronic assembly'),
/* implementation_level */ '2;1');

FILE_NAME(
/* name */ 'Keeb plate-left(step).step',
/* time_stamp */ '2026-09-05T16:29:32+05:30',
/* author */ (''),
/* organization */ (''),
/* preprocessor_version */ 'ST-DEVELOPER v20.1',
/* originating_system */ 'Autodesk Translation Framework v15.8.0.0',
/* authorisation */ '');

FILE_SCHEMA (('AUTOMOTIVE_DESIGN { 1 0 10303 214 3 1 1 }'));
ENDSEC;

DATA;
#10=MECHANICAL_DESIGN_GEOMETRIC_PRESENTATION_REPRESENTATION('',(#25),#10926);
#11=ITEM_DEFINED_TRANSFORMATION($,$,#6498,#7125);
#12=ITEM_DEFINED_TRANSFORMATION($,$,#6499,#7126);
#13=ITEM_DEFINED_TRANSFORMATION($,$,#7124,#7127);
#14=(
REPRESENTATION_RELATIONSHIP($,$,#10943,#10942)
REPRESENTATION_RELATIONSHIP_WITH_TRANSFORMATION(#11)
SHAPE_REPRESENTATION_RELATIONSHIP()
);
#15=(
REPRESENTATION_RELATIONSHIP($,$,#10944,#10942)
REPRESENTATION_RELATIONSHIP_WITH_TRANSFORMATION(#12)
SHAPE_REPRESENTATION_RELATIONSHIP()
);
#16=(
REPRESENTATION_RELATIONSHIP($,$,#10945,#10942)
REPRESENTATION_RELATIONSHIP_WITH_TRANSFORMATION(#13)
SHAPE_REPRESENTATION_RELATIONSHIP()
);
#17=CONTEXT_DEPENDENT_SHAPE_REPRESENTATION(#14,#10939);
#18=CONTEXT_DEPENDENT_SHAPE_REPRESENTATION(#15,#10940);
#19=CONTEXT_DEPENDENT_SHAPE_REPRESENTATION(#16,#10941);
#20=NEXT_ASSEMBLY_USAGE_OCCURRENCE('My-keebs_PCB:1','My-keebs_PCB:1',
'My-keebs_PCB:1',#10947,#10948,'My-keebs_PCB:1');
#21=NEXT_ASSEMBLY_USAGE_OCCURRENCE('Component39:1','Component39:1',
'Component39:1',#10947,#10949,'Component39:1');
#22=NEXT_ASSEMBLY_USAGE_OCCURRENCE('Component40:1','Component40:1',
'Component40:1',#10947,#10950,'Component40:1');
#23=SHAPE_REPRESENTATION_RELATIONSHIP('SRR','None',#10944,#24);
#24=ADVANCED_BREP_SHAPE_REPRESENTATION('',(#26),#10924);
#25=STYLED_ITEM('',(#10967),#26);
#26=MANIFOLD_SOLID_BREP('Body2',#6473);
#27=FACE_BOUND('',#592,.T.);
#28=FACE_BOUND('',#593,.T.);
#29=FACE_BOUND('',#594,.T.);
#30=FACE_BOUND('',#595,.T.);
#31=FACE_BOUND('',#596,.T.);
#32=FACE_BOUND('',#597,.T.);
#33=FACE_BOUND('',#598,.T.);
#34=FACE_BOUND('',#599,.T.);
#35=FACE_BOUND('',#600,.T.);
#36=FACE_BOUND('',#601,.T.);
#37=FACE_BOUND('',#602,.T.);
#38=FACE_BOUND('',#603,.T.);
#39=FACE_BOUND('',#604,.T.);
#40=FACE_BOUND('',#605,.T.);
#41=FACE_BOUND('',#606,.T.);
#42=FACE_BOUND('',#607,.T.);
#43=FACE_BOUND('',#608,.T.);
#44=FACE_BOUND('',#609,.T.);
#45=FACE_BOUND('',#610,.T.);
#46=FACE_BOUND('',#611,.T.);
#47=FACE_BOUND('',#612,.T.);
#48=FACE_BOUND('',#613,.T.);
#49=FACE_BOUND('',#614,.T.);
#50=FACE_BOUND('',#615,.T.);
#51=FACE_BOUND('',#616,.T.);
#52=FACE_BOUND('',#617,.T.);
#53=FACE_BOUND('',#618,.T.);
#54=FACE_BOUND('',#619,.T.);
#55=FACE_BOUND('',#620,.T.);
#56=FACE_BOUND('',#621,.T.);
#57=FACE_BOUND('',#622,.T.);
#58=FACE_BOUND('',#623,.T.);
#59=FACE_BOUND('',#624,.T.);
#60=FACE_BOUND('',#625,.T.);
#61=FACE_BOUND('',#626,.T.);
#62=FACE_BOUND('',#627,.T.);
#63=FACE_BOUND('',#628,.T.);
#64=FACE_BOUND('',#629,.T.);
#65=FACE_BOUND('',#934,.T.);
#66=FACE_BOUND('',#935,.T.);
#67=FACE_BOUND('',#936,.T.);
#68=FACE_BOUND('',#937,.T.);
#69=FACE_BOUND('',#938,.T.);
#70=FACE_BOUND('',#939,.T.);
#71=FACE_BOUND('',#940,.T.);
#72=FACE_BOUND('',#941,.T.);
#73=FACE_BOUND('',#942,.T.);
#74=FACE_BOUND('',#943,.T.);
#75=FACE_BOUND('',#944,.T.);
#76=FACE_BOUND('',#945,.T.);
#77=FACE_BOUND('',#946,.T.);
#78=FACE_BOUND('',#947,.T.);
#79=FACE_BOUND('',#948,.T.);
#80=FACE_BOUND('',#949,.T.);
#81=FACE_BOUND('',#950,.T.);
#82=FACE_BOUND('',#951,.T.);
#83=FACE_BOUND('',#952,.T.);
#84=FACE_BOUND('',#953,.T.);
#85=FACE_BOUND('',#954,.T.);
#86=FACE_BOUND('',#955,.T.);
#87=FACE_BOUND('',#956,.T.);
#88=FACE_BOUND('',#957,.T.);
#89=FACE_BOUND('',#958,.T.);
#90=FACE_BOUND('',#959,.T.);
#91=FACE_BOUND('',#960,.T.);
#92=FACE_BOUND('',#961,.T.);
#93=FACE_BOUND('',#962,.T.);
#94=FACE_BOUND('',#963,.T.);
#95=FACE_BOUND('',#964,.T.);
#96=FACE_BOUND('',#965,.T.);
#97=FACE_BOUND('',#966,.T.);
#98=FACE_BOUND('',#967,.T.);
#99=FACE_BOUND('',#968,.T.);
#100=FACE_BOUND('',#969,.T.);
#101=FACE_BOUND('',#970,.T.);
#102=FACE_BOUND('',#971,.T.);
#103=PLANE('',#6506);
#104=PLANE('',#6507);
#105=PLANE('',#6508);
#106=PLANE('',#6509);
#107=PLANE('',#6510);
#108=PLANE('',#6511);
#109=PLANE('',#6512);
#110=PLANE('',#6513);
#111=PLANE('',#6514);
#112=PLANE('',#6667);
#113=PLANE('',#6672);
#114=PLANE('',#6675);
#115=PLANE('',#6678);
#116=PLANE('',#6681);
#117=PLANE('',#6684);
#118=PLANE('',#6687);
#119=PLANE('',#6690);
#120=PLANE('',#6693);
#121=PLANE('',#6696);
#122=PLANE('',#6699);
#123=PLANE('',#6702);
#124=PLANE('',#6705);
#125=PLANE('',#6708);
#126=PLANE('',#6711);
#127=PLANE('',#6714);
#128=PLANE('',#6717);
#129=PLANE('',#6720);
#130=PLANE('',#6723);
#131=PLANE('',#6726);
#132=PLANE('',#6729);
#133=PLANE('',#6732);
#134=PLANE('',#6735);
#135=PLANE('',#6738);
#136=PLANE('',#6741);
#137=PLANE('',#6744);
#138=PLANE('',#6747);
#139=PLANE('',#6750);
#140=PLANE('',#6753);
#141=PLANE('',#6756);
#142=PLANE('',#6759);
#143=PLANE('',#6762);
#144=PLANE('',#6765);
#145=PLANE('',#6768);
#146=PLANE('',#6771);
#147=PLANE('',#6774);
#148=PLANE('',#6777);
#149=PLANE('',#6780);
#150=PLANE('',#6783);
#151=PLANE('',#6786);
#152=PLANE('',#6789);
#153=PLANE('',#6792);
#154=PLANE('',#6795);
#155=PLANE('',#6798);
#156=PLANE('',#6801);
#157=PLANE('',#6804);
#158=PLANE('',#6807);
#159=PLANE('',#6810);
#160=PLANE('',#6813);
#161=PLANE('',#6816);
#162=PLANE('',#6817);
#163=PLANE('',#6820);
#164=PLANE('',#6823);
#165=PLANE('',#6826);
#166=PLANE('',#6829);
#167=PLANE('',#6832);
#168=PLANE('',#6835);
#169=PLANE('',#6838);
#170=PLANE('',#6841);
#171=PLANE('',#6844);
#172=PLANE('',#6847);
#173=PLANE('',#6850);
#174=PLANE('',#6853);
#175=PLANE('',#6856);
#176=PLANE('',#6859);
#177=PLANE('',#6862);
#178=PLANE('',#6865);
#179=PLANE('',#6868);
#180=PLANE('',#6871);
#181=PLANE('',#6874);
#182=PLANE('',#6877);
#183=PLANE('',#6880);
#184=PLANE('',#6883);
#185=PLANE('',#6886);
#186=PLANE('',#6889);
#187=PLANE('',#6892);
#188=PLANE('',#6895);
#189=PLANE('',#6898);
#190=PLANE('',#6901);
#191=PLANE('',#6904);
#192=PLANE('',#6907);
#193=PLANE('',#6910);
#194=PLANE('',#6913);
#195=PLANE('',#6916);
#196=PLANE('',#6919);
#197=PLANE('',#6922);
#198=PLANE('',#6925);
#199=PLANE('',#6928);
#200=PLANE('',#6931);
#201=PLANE('',#6934);
#202=PLANE('',#6937);
#203=PLANE('',#6940);
#204=PLANE('',#6943);
#205=PLANE('',#6946);
#206=PLANE('',#6949);
#207=PLANE('',#6952);
#208=PLANE('',#6955);
#209=PLANE('',#6958);
#210=PLANE('',#6961);
#211=PLANE('',#6964);
#212=PLANE('',#6967);
#213=PLANE('',#6970);
#214=PLANE('',#6973);
#215=PLANE('',#6976);
#216=PLANE('',#6979);
#217=PLANE('',#6982);
#218=PLANE('',#6985);
#219=PLANE('',#6988);
#220=PLANE('',#6991);
#221=PLANE('',#6994);
#222=PLANE('',#6997);
#223=PLANE('',#7000);
#224=PLANE('',#7003);
#225=PLANE('',#7006);
#226=PLANE('',#7009);
#227=PLANE('',#7012);
#228=PLANE('',#7015);
#229=PLANE('',#7018);
#230=PLANE('',#7021);
#231=PLANE('',#7024);
#232=PLANE('',#7027);
#233=PLANE('',#7030);
#234=PLANE('',#7033);
#235=PLANE('',#7036);
#236=PLANE('',#7039);
#237=PLANE('',#7042);
#238=PLANE('',#7045);
#239=PLANE('',#7048);
#240=PLANE('',#7051);
#241=PLANE('',#7054);
#242=PLANE('',#7057);
#243=PLANE('',#7060);
#244=PLANE('',#7063);
#245=PLANE('',#7066);
#246=PLANE('',#7069);
#247=PLANE('',#7072);
#248=PLANE('',#7075);
#249=PLANE('',#7078);
#250=PLANE('',#7081);
#251=PLANE('',#7084);
#252=PLANE('',#7087);
#253=PLANE('',#7090);
#254=PLANE('',#7093);
#255=PLANE('',#7096);
#256=PLANE('',#7099);
#257=PLANE('',#7102);
#258=PLANE('',#7105);
#259=PLANE('',#7108);
#260=PLANE('',#7111);
#261=PLANE('',#7114);
#262=PLANE('',#7117);
#263=PLANE('',#7120);
#264=PLANE('',#7121);
#265=FACE_OUTER_BOUND('',#581,.T.);
#266=FACE_OUTER_BOUND('',#582,.T.);
#267=FACE_OUTER_BOUND('',#583,.T.);
#268=FACE_OUTER_BOUND('',#584,.T.);
#269=FACE_OUTER_BOUND('',#585,.T.);
#270=FACE_OUTER_BOUND('',#586,.T.);
#271=FACE_OUTER_BOUND('',#587,.T.);
#272=FACE_OUTER_BOUND('',#588,.T.);
#273=FACE_OUTER_BOUND('',#589,.T.);
#274=FACE_OUTER_BOUND('',#590,.T.);
#275=FACE_OUTER_BOUND('',#591,.T.);
#276=FACE_OUTER_BOUND('',#630,.T.);
#277=FACE_OUTER_BOUND('',#631,.T.);
#278=FACE_OUTER_BOUND('',#632,.T.);
#279=FACE_OUTER_BOUND('',#633,.T.);
#280=FACE_OUTER_BOUND('',#634,.T.);
#281=FACE_OUTER_BOUND('',#635,.T.);
#282=FACE_OUTER_BOUND('',#636,.T.);
#283=FACE_OUTER_BOUND('',#637,.T.);
#284=FACE_OUTER_BOUND('',#638,.T.);
#285=FACE_OUTER_BOUND('',#639,.T.);
#286=FACE_OUTER_BOUND('',#640,.T.);
#287=FACE_OUTER_BOUND('',#641,.T.);
#288=FACE_OUTER_BOUND('',#642,.T.);
#289=FACE_OUTER_BOUND('',#643,.T.);
#290=FACE_OUTER_BOUND('',#644,.T.);
#291=FACE_OUTER_BOUND('',#645,.T.);
#292=FACE_OUTER_BOUND('',#646,.T.);
#293=FACE_OUTER_BOUND('',#647,.T.);
#294=FACE_OUTER_BOUND('',#648,.T.);
#295=FACE_OUTER_BOUND('',#649,.T.);
#296=FACE_OUTER_BOUND('',#650,.T.);
#297=FACE_OUTER_BOUND('',#651,.T.);
#298=FACE_OUTER_BOUND('',#652,.T.);
#299=FACE_OUTER_BOUND('',#653,.T.);
#300=FACE_OUTER_BOUND('',#654,.T.);
#301=FACE_OUTER_BOUND('',#655,.T.);
#302=FACE_OUTER_BOUND('',#656,.T.);
#303=FACE_OUTER_BOUND('',#657,.T.);
#304=FACE_OUTER_BOUND('',#658,.T.);
#305=FACE_OUTER_BOUND('',#659,.T.);
#306=FACE_OUTER_BOUND('',#660,.T.);
#307=FACE_OUTER_BOUND('',#661,.T.);
#308=FACE_OUTER_BOUND('',#662,.T.);
#309=FACE_OUTER_BOUND('',#663,.T.);
#310=FACE_OUTER_BOUND('',#664,.T.);
#311=FACE_OUTER_BOUND('',#665,.T.);
#312=FACE_OUTER_BOUND('',#666,.T.);
#313=FACE_OUTER_BOUND('',#667,.T.);
#314=FACE_OUTER_BOUND('',#668,.T.);
#315=FACE_OUTER_BOUND('',#669,.T.);
#316=FACE_OUTER_BOUND('',#670,.T.);
#317=FACE_OUTER_BOUND('',#671,.T.);
#318=FACE_OUTER_BOUND('',#672,.T.);
#319=FACE_OUTER_BOUND('',#673,.T.);
#320=FACE_OUTER_BOUND('',#674,.T.);
#321=FACE_OUTER_BOUND('',#675,.T.);
#322=FACE_OUTER_BOUND('',#676,.T.);
#323=FACE_OUTER_BOUND('',#677,.T.);
#324=FACE_OUTER_BOUND('',#678,.T.);
#325=FACE_OUTER_BOUND('',#679,.T.);
#326=FACE_OUTER_BOUND('',#680,.T.);
#327=FACE_OUTER_BOUND('',#681,.T.);
#328=FACE_OUTER_BOUND('',#682,.T.);
#329=FACE_OUTER_BOUND('',#683,.T.);
#330=FACE_OUTER_BOUND('',#684,.T.);
#331=FACE_OUTER_BOUND('',#685,.T.);
#332=FACE_OUTER_BOUND('',#686,.T.);
#333=FACE_OUTER_BOUND('',#687,.T.);
#334=FACE_OUTER_BOUND('',#688,.T.);
#335=FACE_OUTER_BOUND('',#689,.T.);
#336=FACE_OUTER_BOUND('',#690,.T.);
#337=FACE_OUTER_BOUND('',#691,.T.);
#338=FACE_OUTER_BOUND('',#692,.T.);
#339=FACE_OUTER_BOUND('',#693,.T.);
#340=FACE_OUTER_BOUND('',#694,.T.);
#341=FACE_OUTER_BOUND('',#695,.T.);
#342=FACE_OUTER_BOUND('',#696,.T.);
#343=FACE_OUTER_BOUND('',#697,.T.);
#344=FACE_OUTER_BOUND('',#698,.T.);
#345=FACE_OUTER_BOUND('',#699,.T.);
#346=FACE_OUTER_BOUND('',#700,.T.);
#347=FACE_OUTER_BOUND('',#701,.T.);
#348=FACE_OUTER_BOUND('',#702,.T.);
#349=FACE_OUTER_BOUND('',#703,.T.);
#350=FACE_OUTER_BOUND('',#704,.T.);
#351=FACE_OUTER_BOUND('',#705,.T.);
#352=FACE_OUTER_BOUND('',#706,.T.);
#353=FACE_OUTER_BOUND('',#707,.T.);
#354=FACE_OUTER_BOUND('',#708,.T.);
#355=FACE_OUTER_BOUND('',#709,.T.);
#356=FACE_OUTER_BOUND('',#710,.T.);
#357=FACE_OUTER_BOUND('',#711,.T.);
#358=FACE_OUTER_BOUND('',#712,.T.);
#359=FACE_OUTER_BOUND('',#713,.T.);
#360=FACE_OUTER_BOUND('',#714,.T.);
#361=FACE_OUTER_BOUND('',#715,.T.);
#362=FACE_OUTER_BOUND('',#716,.T.);
#363=FACE_OUTER_BOUND('',#717,.T.);
#364=FACE_OUTER_BOUND('',#718,.T.);
#365=FACE_OUTER_BOUND('',#719,.T.);
#366=FACE_OUTER_BOUND('',#720,.T.);
#367=FACE_OUTER_BOUND('',#721,.T.);
#368=FACE_OUTER_BOUND('',#722,.T.);
#369=FACE_OUTER_BOUND('',#723,.T.);
#370=FACE_OUTER_BOUND('',#724,.T.);
#371=FACE_OUTER_BOUND('',#725,.T.);
#372=FACE_OUTER_BOUND('',#726,.T.);
#373=FACE_OUTER_BOUND('',#727,.T.);
#374=FACE_OUTER_BOUND('',#728,.T.);
#375=FACE_OUTER_BOUND('',#729,.T.);
#376=FACE_OUTER_BOUND('',#730,.T.);
#377=FACE_OUTER_BOUND('',#731,.T.);
#378=FACE_OUTER_BOUND('',#732,.T.);
#379=FACE_OUTER_BOUND('',#733,.T.);
#380=FACE_OUTER_BOUND('',#734,.T.);
#381=FACE_OUTER_BOUND('',#735,.T.);
#382=FACE_OUTER_BOUND('',#736,.T.);
#383=FACE_OUTER_BOUND('',#737,.T.);
#384=FACE_OUTER_BOUND('',#738,.T.);
#385=FACE_OUTER_BOUND('',#739,.T.);
#386=FACE_OUTER_BOUND('',#740,.T.);
#387=FACE_OUTER_BOUND('',#741,.T.);
#388=FACE_OUTER_BOUND('',#742,.T.);
#389=FACE_OUTER_BOUND('',#743,.T.);
#390=FACE_OUTER_BOUND('',#744,.T.);
#391=FACE_OUTER_BOUND('',#745,.T.);
#392=FACE_OUTER_BOUND('',#746,.T.);
#393=FACE_OUTER_BOUND('',#747,.T.);
#394=FACE_OUTER_BOUND('',#748,.T.);
#395=FACE_OUTER_BOUND('',#749,.T.);
#396=FACE_OUTER_BOUND('',#750,.T.);
#397=FACE_OUTER_BOUND('',#751,.T.);
#398=FACE_OUTER_BOUND('',#752,.T.);
#399=FACE_OUTER_BOUND('',#753,.T.);
#400=FACE_OUTER_BOUND('',#754,.T.);
#401=FACE_OUTER_BOUND('',#755,.T.);
#402=FACE_OUTER_BOUND('',#756,.T.);
#403=FACE_OUTER_BOUND('',#757,.T.);
#404=FACE_OUTER_BOUND('',#758,.T.);
#405=FACE_OUTER_BOUND('',#759,.T.);
#406=FACE_OUTER_BOUND('',#760,.T.);
#407=FACE_OUTER_BOUND('',#761,.T.);
#408=FACE_OUTER_BOUND('',#762,.T.);
#409=FACE_OUTER_BOUND('',#763,.T.);
#410=FACE_OUTER_BOUND('',#764,.T.);
#411=FACE_OUTER_BOUND('',#765,.T.);
#412=FACE_OUTER_BOUND('',#766,.T.);
#413=FACE_OUTER_BOUND('',#767,.T.);
#414=FACE_OUTER_BOUND('',#768,.T.);
#415=FACE_OUTER_BOUND('',#769,.T.);
#416=FACE_OUTER_BOUND('',#770,.T.);
#417=FACE_OUTER_BOUND('',#771,.T.);
#418=FACE_OUTER_BOUND('',#772,.T.);
#419=FACE_OUTER_BOUND('',#773,.T.);
#420=FACE_OUTER_BOUND('',#774,.T.);
#421=FACE_OUTER_BOUND('',#775,.T.);
#422=FACE_OUTER_BOUND('',#776,.T.);
#423=FACE_OUTER_BOUND('',#777,.T.);
#424=FACE_OUTER_BOUND('',#778,.T.);
#425=FACE_OUTER_BOUND('',#779,.T.);
#426=FACE_OUTER_BOUND('',#780,.T.);
#427=FACE_OUTER_BOUND('',#781,.T.);
#428=FACE_OUTER_BOUND('',#782,.T.);
#429=FACE_OUTER_BOUND('',#783,.T.);
#430=FACE_OUTER_BOUND('',#784,.T.);
#431=FACE_OUTER_BOUND('',#785,.T.);
#432=FACE_OUTER_BOUND('',#786,.T.);
#433=FACE_OUTER_BOUND('',#787,.T.);
#434=FACE_OUTER_BOUND('',#788,.T.);
#435=FACE_OUTER_BOUND('',#789,.T.);
#436=FACE_OUTER_BOUND('',#790,.T.);
#437=FACE_OUTER_BOUND('',#791,.T.);
#438=FACE_OUTER_BOUND('',#792,.T.);
#439=FACE_OUTER_BOUND('',#793,.T.);
#440=FACE_OUTER_BOUND('',#794,.T.);
#441=FACE_OUTER_BOUND('',#795,.T.);
#442=FACE_OUTER_BOUND('',#796,.T.);
#443=FACE_OUTER_BOUND('',#797,.T.);
#444=FACE_OUTER_BOUND('',#798,.T.);
#445=FACE_OUTER_BOUND('',#799,.T.);
#446=FACE_OUTER_BOUND('',#800,.T.);
#447=FACE_OUTER_BOUND('',#801,.T.);
#448=FACE_OUTER_BOUND('',#802,.T.);
#449=FACE_OUTER_BOUND('',#803,.T.);
#450=FACE_OUTER_BOUND('',#804,.T.);
#451=FACE_OUTER_BOUND('',#805,.T.);
#452=FACE_OUTER_BOUND('',#806,.T.);
#453=FACE_OUTER_BOUND('',#807,.T.);
#454=FACE_OUTER_BOUND('',#808,.T.);
#455=FACE_OUTER_BOUND('',#809,.T.);
#456=FACE_OUTER_BOUND('',#810,.T.);
#457=FACE_OUTER_BOUND('',#811,.T.);
#458=FACE_OUTER_BOUND('',#812,.T.);
#459=FACE_OUTER_BOUND('',#813,.T.);
#460=FACE_OUTER_BOUND('',#814,.T.);
#461=FACE_OUTER_BOUND('',#815,.T.);
#462=FACE_OUTER_BOUND('',#816,.T.);
#463=FACE_OUTER_BOUND('',#817,.T.);
#464=FACE_OUTER_BOUND('',#818,.T.);
#465=FACE_OUTER_BOUND('',#819,.T.);
#466=FACE_OUTER_BOUND('',#820,.T.);
#467=FACE_OUTER_BOUND('',#821,.T.);
#468=FACE_OUTER_BOUND('',#822,.T.);
#469=FACE_OUTER_BOUND('',#823,.T.);
#470=FACE_OUTER_BOUND('',#824,.T.);
#471=FACE_OUTER_BOUND('',#825,.T.);
#472=FACE_OUTER_BOUND('',#826,.T.);
#473=FACE_OUTER_BOUND('',#827,.T.);
#474=FACE_OUTER_BOUND('',#828,.T.);
#475=FACE_OUTER_BOUND('',#829,.T.);
#476=FACE_OUTER_BOUND('',#830,.T.);
#477=FACE_OUTER_BOUND('',#831,.T.);
#478=FACE_OUTER_BOUND('',#832,.T.);
#479=FACE_OUTER_BOUND('',#833,.T.);
#480=FACE_OUTER_BOUND('',#834,.T.);
#481=FACE_OUTER_BOUND('',#835,.T.);
#482=FACE_OUTER_BOUND('',#836,.T.);
#483=FACE_OUTER_BOUND('',#837,.T.);
#484=FACE_OUTER_BOUND('',#838,.T.);
#485=FACE_OUTER_BOUND('',#839,.T.);
#486=FACE_OUTER_BOUND('',#840,.T.);
#487=FACE_OUTER_BOUND('',#841,.T.);
#488=FACE_OUTER_BOUND('',#842,.T.);
#489=FACE_OUTER_BOUND('',#843,.T.);
#490=FACE_OUTER_BOUND('',#844,.T.);
#491=FACE_OUTER_BOUND('',#845,.T.);
#492=FACE_OUTER_BOUND('',#846,.T.);
#493=FACE_OUTER_BOUND('',#847,.T.);
#494=FACE_OUTER_BOUND('',#848,.T.);
#495=FACE_OUTER_BOUND('',#849,.T.);
#496=FACE_OUTER_BOUND('',#850,.T.);
#497=FACE_OUTER_BOUND('',#851,.T.);
#498=FACE_OUTER_BOUND('',#852,.T.);
#499=FACE_OUTER_BOUND('',#853,.T.);
#500=FACE_OUTER_BOUND('',#854,.T.);
#501=FACE_OUTER_BOUND('',#855,.T.);
#502=FACE_OUTER_BOUND('',#856,.T.);
#503=FACE_OUTER_BOUND('',#857,.T.);
#504=FACE_OUTER_BOUND('',#858,.T.);
#505=FACE_OUTER_BOUND('',#859,.T.);
#506=FACE_OUTER_BOUND('',#860,.T.);
#507=FACE_OUTER_BOUND('',#861,.T.);
#508=FACE_OUTER_BOUND('',#862,.T.);
#509=FACE_OUTER_BOUND('',#863,.T.);
#510=FACE_OUTER_BOUND('',#864,.T.);
#511=FACE_OUTER_BOUND('',#865,.T.);
#512=FACE_OUTER_BOUND('',#866,.T.);
#513=FACE_OUTER_BOUND('',#867,.T.);
#514=FACE_OUTER_BOUND('',#868,.T.);
#515=FACE_OUTER_BOUND('',#869,.T.);
#516=FACE_OUTER_BOUND('',#870,.T.);
#517=FACE_OUTER_BOUND('',#871,.T.);
#518=FACE_OUTER_BOUND('',#872,.T.);
#519=FACE_OUTER_BOUND('',#873,.T.);
#520=FACE_OUTER_BOUND('',#874,.T.);
#521=FACE_OUTER_BOUND('',#875,.T.);
#522=FACE_OUTER_BOUND('',#876,.T.);
#523=FACE_OUTER_BOUND('',#877,.T.);
#524=FACE_OUTER_BOUND('',#878,.T.);
#525=FACE_OUTER_BOUND('',#879,.T.);
#526=FACE_OUTER_BOUND('',#880,.T.);
#527=FACE_OUTER_BOUND('',#881,.T.);
#528=FACE_OUTER_BOUND('',#882,.T.);
#529=FACE_OUTER_BOUND('',#883,.T.);
#530=FACE_OUTER_BOUND('',#884,.T.);
#531=FACE_OUTER_BOUND('',#885,.T.);
#532=FACE_OUTER_BOUND('',#886,.T.);
#533=FACE_OUTER_BOUND('',#887,.T.);
#534=FACE_OUTER_BOUND('',#888,.T.);
#535=FACE_OUTER_BOUND('',#889,.T.);
#536=FACE_OUTER_BOUND('',#890,.T.);
#537=FACE_OUTER_BOUND('',#891,.T.);
#538=FACE_OUTER_BOUND('',#892,.T.);
#539=FACE_OUTER_BOUND('',#893,.T.);
#540=FACE_OUTER_BOUND('',#894,.T.);
#541=FACE_OUTER_BOUND('',#895,.T.);
#542=FACE_OUTER_BOUND('',#896,.T.);
#543=FACE_OUTER_BOUND('',#897,.T.);
#544=FACE_OUTER_BOUND('',#898,.T.);
#545=FACE_OUTER_BOUND('',#899,.T.);
#546=FACE_OUTER_BOUND('',#900,.T.);
#547=FACE_OUTER_BOUND('',#901,.T.);
#548=FACE_OUTER_BOUND('',#902,.T.);
#549=FACE_OUTER_BOUND('',#903,.T.);
#550=FACE_OUTER_BOUND('',#904,.T.);
#551=FACE_OUTER_BOUND('',#905,.T.);
#552=FACE_OUTER_BOUND('',#906,.T.);
#553=FACE_OUTER_BOUND('',#907,.T.);
#554=FACE_OUTER_BOUND('',#908,.T.);
#555=FACE_OUTER_BOUND('',#909,.T.);
#556=FACE_OUTER_BOUND('',#910,.T.);
#557=FACE_OUTER_BOUND('',#911,.T.);
#558=FACE_OUTER_BOUND('',#912,.T.);
#559=FACE_OUTER_BOUND('',#913,.T.);
#560=FACE_OUTER_BOUND('',#914,.T.);
#561=FACE_OUTER_BOUND('',#915,.T.);
#562=FACE_OUTER_BOUND('',#916,.T.);
#563=FACE_OUTER_BOUND('',#917,.T.);
#564=FACE_OUTER_BOUND('',#918,.T.);
#565=FACE_OUTER_BOUND('',#919,.T.);
#566=FACE_OUTER_BOUND('',#920,.T.);
#567=FACE_OUTER_BOUND('',#921,.T.);
#568=FACE_OUTER_BOUND('',#922,.T.);
#569=FACE_OUTER_BOUND('',#923,.T.);
#570=FACE_OUTER_BOUND('',#924,.T.);
#571=FACE_OUTER_BOUND('',#925,.T.);
#572=FACE_OUTER_BOUND('',#926,.T.);
#573=FACE_OUTER_BOUND('',#927,.T.);
#574=FACE_OUTER_BOUND('',#928,.T.);
#575=FACE_OUTER_BOUND('',#929,.T.);
#576=FACE_OUTER_BOUND('',#930,.T.);
#577=FACE_OUTER_BOUND('',#931,.T.);
#578=FACE_OUTER_BOUND('',#932,.T.);
#579=FACE_OUTER_BOUND('',#933,.T.);
#580=FACE_OUTER_BOUND('',#972,.T.);
#581=EDGE_LOOP('',(#4119,#4120,#4121,#4122));
#582=EDGE_LOOP('',(#4123,#4124,#4125,#4126));
#583=EDGE_LOOP('',(#4127,#4128,#4129,#4130));
#584=EDGE_LOOP('',(#4131,#4132,#4133,#4134));
#585=EDGE_LOOP('',(#4135,#4136,#4137,#4138));
#586=EDGE_LOOP('',(#4139,#4140,#4141,#4142));
#587=EDGE_LOOP('',(#4143,#4144,#4145,#4146));
#588=EDGE_LOOP('',(#4147,#4148,#4149,#4150));
#589=EDGE_LOOP('',(#4151,#4152,#4153,#4154));
#590=EDGE_LOOP('',(#4155,#4156,#4157,#4158));
#591=EDGE_LOOP('',(#4159,#4160,#4161,#4162,#4163,#4164,#4165,#4166,#4167,
#4168,#4169,#4170,#4171,#4172,#4173,#4174,#4175,#4176,#4177,#4178,#4179,
#4180,#4181,#4182));
#592=EDGE_LOOP('',(#4183,#4184,#4185,#4186,#4187,#4188,#4189,#4190));
#593=EDGE_LOOP('',(#4191,#4192,#4193,#4194,#4195,#4196,#4197,#4198));
#594=EDGE_LOOP('',(#4199,#4200,#4201,#4202,#4203,#4204,#4205,#4206));
#595=EDGE_LOOP('',(#4207,#4208,#4209,#4210,#4211,#4212,#4213,#4214));
#596=EDGE_LOOP('',(#4215,#4216,#4217,#4218,#4219,#4220,#4221,#4222));
#597=EDGE_LOOP('',(#4223,#4224,#4225,#4226,#4227,#4228,#4229,#4230));
#598=EDGE_LOOP('',(#4231,#4232,#4233,#4234,#4235,#4236,#4237,#4238));
#599=EDGE_LOOP('',(#4239,#4240,#4241,#4242,#4243,#4244,#4245,#4246));
#600=EDGE_LOOP('',(#4247,#4248,#4249,#4250,#4251,#4252,#4253,#4254));
#601=EDGE_LOOP('',(#4255,#4256,#4257,#4258,#4259,#4260,#4261,#4262));
#602=EDGE_LOOP('',(#4263,#4264,#4265,#4266,#4267,#4268,#4269,#4270));
#603=EDGE_LOOP('',(#4271,#4272,#4273,#4274,#4275,#4276,#4277,#4278));
#604=EDGE_LOOP('',(#4279,#4280,#4281,#4282,#4283,#4284,#4285,#4286));
#605=EDGE_LOOP('',(#4287,#4288,#4289,#4290,#4291,#4292,#4293,#4294));
#606=EDGE_LOOP('',(#4295,#4296,#4297,#4298,#4299,#4300,#4301,#4302));
#607=EDGE_LOOP('',(#4303,#4304,#4305,#4306,#4307,#4308,#4309,#4310));
#608=EDGE_LOOP('',(#4311,#4312,#4313,#4314,#4315,#4316,#4317,#4318));
#609=EDGE_LOOP('',(#4319,#4320,#4321,#4322,#4323,#4324,#4325,#4326));
#610=EDGE_LOOP('',(#4327,#4328,#4329,#4330,#4331,#4332,#4333,#4334));
#611=EDGE_LOOP('',(#4335,#4336,#4337,#4338,#4339,#4340,#4341,#4342));
#612=EDGE_LOOP('',(#4343,#4344,#4345,#4346,#4347,#4348,#4349,#4350));
#613=EDGE_LOOP('',(#4351,#4352,#4353,#4354,#4355,#4356,#4357,#4358));
#614=EDGE_LOOP('',(#4359,#4360,#4361,#4362,#4363,#4364,#4365,#4366));
#615=EDGE_LOOP('',(#4367,#4368,#4369,#4370,#4371,#4372,#4373,#4374));
#616=EDGE_LOOP('',(#4375,#4376,#4377,#4378,#4379,#4380,#4381,#4382));
#617=EDGE_LOOP('',(#4383,#4384,#4385,#4386,#4387,#4388,#4389,#4390));
#618=EDGE_LOOP('',(#4391,#4392,#4393,#4394,#4395,#4396,#4397,#4398));
#619=EDGE_LOOP('',(#4399,#4400,#4401,#4402,#4403,#4404,#4405,#4406));
#620=EDGE_LOOP('',(#4407,#4408,#4409,#4410,#4411,#4412,#4413,#4414));
#621=EDGE_LOOP('',(#4415,#4416,#4417,#4418,#4419,#4420,#4421,#4422));
#622=EDGE_LOOP('',(#4423,#4424,#4425,#4426,#4427,#4428,#4429,#4430));
#623=EDGE_LOOP('',(#4431,#4432,#4433,#4434,#4435,#4436,#4437,#4438));
#624=EDGE_LOOP('',(#4439,#4440,#4441,#4442,#4443,#4444,#4445,#4446));
#625=EDGE_LOOP('',(#4447,#4448,#4449,#4450,#4451,#4452,#4453,#4454));
#626=EDGE_LOOP('',(#4455,#4456,#4457,#4458,#4459,#4460,#4461,#4462));
#627=EDGE_LOOP('',(#4463,#4464,#4465,#4466,#4467,#4468,#4469,#4470));
#628=EDGE_LOOP('',(#4471));
#629=EDGE_LOOP('',(#4472));
#630=EDGE_LOOP('',(#4473,#4474,#4475,#4476));
#631=EDGE_LOOP('',(#4477,#4478,#4479,#4480));
#632=EDGE_LOOP('',(#4481,#4482,#4483,#4484));
#633=EDGE_LOOP('',(#4485,#4486,#4487,#4488));
#634=EDGE_LOOP('',(#4489,#4490,#4491,#4492));
#635=EDGE_LOOP('',(#4493,#4494,#4495,#4496));
#636=EDGE_LOOP('',(#4497,#4498,#4499,#4500));
#637=EDGE_LOOP('',(#4501,#4502,#4503,#4504));
#638=EDGE_LOOP('',(#4505,#4506,#4507,#4508));
#639=EDGE_LOOP('',(#4509,#4510,#4511,#4512));
#640=EDGE_LOOP('',(#4513,#4514,#4515,#4516));
#641=EDGE_LOOP('',(#4517,#4518,#4519,#4520));
#642=EDGE_LOOP('',(#4521,#4522,#4523,#4524));
#643=EDGE_LOOP('',(#4525,#4526,#4527,#4528));
#644=EDGE_LOOP('',(#4529,#4530,#4531,#4532));
#645=EDGE_LOOP('',(#4533,#4534,#4535,#4536));
#646=EDGE_LOOP('',(#4537,#4538,#4539,#4540));
#647=EDGE_LOOP('',(#4541,#4542,#4543,#4544));
#648=EDGE_LOOP('',(#4545,#4546,#4547,#4548));
#649=EDGE_LOOP('',(#4549,#4550,#4551,#4552));
#650=EDGE_LOOP('',(#4553,#4554,#4555,#4556));
#651=EDGE_LOOP('',(#4557,#4558,#4559,#4560));
#652=EDGE_LOOP('',(#4561,#4562,#4563,#4564));
#653=EDGE_LOOP('',(#4565,#4566,#4567,#4568));
#654=EDGE_LOOP('',(#4569,#4570,#4571,#4572));
#655=EDGE_LOOP('',(#4573,#4574,#4575,#4576));
#656=EDGE_LOOP('',(#4577,#4578,#4579,#4580));
#657=EDGE_LOOP('',(#4581,#4582,#4583,#4584));
#658=EDGE_LOOP('',(#4585,#4586,#4587,#4588));
#659=EDGE_LOOP('',(#4589,#4590,#4591,#4592));
#660=EDGE_LOOP('',(#4593,#4594,#4595,#4596));
#661=EDGE_LOOP('',(#4597,#4598,#4599,#4600));
#662=EDGE_LOOP('',(#4601,#4602,#4603,#4604));
#663=EDGE_LOOP('',(#4605,#4606,#4607,#4608));
#664=EDGE_LOOP('',(#4609,#4610,#4611,#4612));
#665=EDGE_LOOP('',(#4613,#4614,#4615,#4616));
#666=EDGE_LOOP('',(#4617,#4618,#4619,#4620));
#667=EDGE_LOOP('',(#4621,#4622,#4623,#4624));
#668=EDGE_LOOP('',(#4625,#4626,#4627,#4628));
#669=EDGE_LOOP('',(#4629,#4630,#4631,#4632));
#670=EDGE_LOOP('',(#4633,#4634,#4635,#4636));
#671=EDGE_LOOP('',(#4637,#4638,#4639,#4640));
#672=EDGE_LOOP('',(#4641,#4642,#4643,#4644));
#673=EDGE_LOOP('',(#4645,#4646,#4647,#4648));
#674=EDGE_LOOP('',(#4649,#4650,#4651,#4652));
#675=EDGE_LOOP('',(#4653,#4654,#4655,#4656));
#676=EDGE_LOOP('',(#4657,#4658,#4659,#4660));
#677=EDGE_LOOP('',(#4661,#4662,#4663,#4664));
#678=EDGE_LOOP('',(#4665,#4666,#4667,#4668));
#679=EDGE_LOOP('',(#4669,#4670,#4671,#4672));
#680=EDGE_LOOP('',(#4673,#4674,#4675,#4676));
#681=EDGE_LOOP('',(#4677,#4678,#4679,#4680));
#682=EDGE_LOOP('',(#4681,#4682,#4683,#4684));
#683=EDGE_LOOP('',(#4685,#4686,#4687,#4688));
#684=EDGE_LOOP('',(#4689,#4690,#4691,#4692));
#685=EDGE_LOOP('',(#4693,#4694,#4695,#4696));
#686=EDGE_LOOP('',(#4697,#4698,#4699,#4700));
#687=EDGE_LOOP('',(#4701,#4702,#4703,#4704));
#688=EDGE_LOOP('',(#4705,#4706,#4707,#4708));
#689=EDGE_LOOP('',(#4709,#4710,#4711,#4712));
#690=EDGE_LOOP('',(#4713,#4714,#4715,#4716));
#691=EDGE_LOOP('',(#4717,#4718,#4719,#4720));
#692=EDGE_LOOP('',(#4721,#4722,#4723,#4724));
#693=EDGE_LOOP('',(#4725,#4726,#4727,#4728));
#694=EDGE_LOOP('',(#4729,#4730,#4731,#4732));
#695=EDGE_LOOP('',(#4733,#4734,#4735,#4736));
#696=EDGE_LOOP('',(#4737,#4738,#4739,#4740));
#697=EDGE_LOOP('',(#4741,#4742,#4743,#4744));
#698=EDGE_LOOP('',(#4745,#4746,#4747,#4748));
#699=EDGE_LOOP('',(#4749,#4750,#4751,#4752));
#700=EDGE_LOOP('',(#4753,#4754,#4755,#4756));
#701=EDGE_LOOP('',(#4757,#4758,#4759,#4760));
#702=EDGE_LOOP('',(#4761,#4762,#4763,#4764));
#703=EDGE_LOOP('',(#4765,#4766,#4767,#4768));
#704=EDGE_LOOP('',(#4769,#4770,#4771,#4772));
#705=EDGE_LOOP('',(#4773,#4774,#4775,#4776));
#706=EDGE_LOOP('',(#4777,#4778,#4779,#4780));
#707=EDGE_LOOP('',(#4781,#4782,#4783,#4784));
#708=EDGE_LOOP('',(#4785,#4786,#4787,#4788));
#709=EDGE_LOOP('',(#4789,#4790,#4791,#4792));
#710=EDGE_LOOP('',(#4793,#4794,#4795,#4796));
#711=EDGE_LOOP('',(#4797,#4798,#4799,#4800));
#712=EDGE_LOOP('',(#4801,#4802,#4803,#4804));
#713=EDGE_LOOP('',(#4805,#4806,#4807,#4808));
#714=EDGE_LOOP('',(#4809,#4810,#4811,#4812));
#715=EDGE_LOOP('',(#4813,#4814,#4815,#4816));
#716=EDGE_LOOP('',(#4817,#4818,#4819,#4820));
#717=EDGE_LOOP('',(#4821,#4822,#4823,#4824));
#718=EDGE_LOOP('',(#4825,#4826,#4827,#4828));
#719=EDGE_LOOP('',(#4829,#4830,#4831,#4832));
#720=EDGE_LOOP('',(#4833,#4834,#4835,#4836));
#721=EDGE_LOOP('',(#4837,#4838,#4839,#4840));
#722=EDGE_LOOP('',(#4841,#4842,#4843,#4844));
#723=EDGE_LOOP('',(#4845,#4846,#4847,#4848));
#724=EDGE_LOOP('',(#4849,#4850,#4851,#4852));
#725=EDGE_LOOP('',(#4853,#4854,#4855,#4856));
#726=EDGE_LOOP('',(#4857,#4858,#4859,#4860));
#727=EDGE_LOOP('',(#4861,#4862,#4863,#4864));
#728=EDGE_LOOP('',(#4865,#4866,#4867,#4868));
#729=EDGE_LOOP('',(#4869,#4870,#4871,#4872));
#730=EDGE_LOOP('',(#4873,#4874,#4875,#4876));
#731=EDGE_LOOP('',(#4877,#4878,#4879,#4880));
#732=EDGE_LOOP('',(#4881,#4882,#4883,#4884));
#733=EDGE_LOOP('',(#4885,#4886,#4887,#4888));
#734=EDGE_LOOP('',(#4889,#4890,#4891,#4892));
#735=EDGE_LOOP('',(#4893,#4894,#4895,#4896));
#736=EDGE_LOOP('',(#4897,#4898,#4899,#4900));
#737=EDGE_LOOP('',(#4901,#4902,#4903,#4904));
#738=EDGE_LOOP('',(#4905,#4906,#4907,#4908));
#739=EDGE_LOOP('',(#4909,#4910,#4911,#4912));
#740=EDGE_LOOP('',(#4913,#4914,#4915,#4916));
#741=EDGE_LOOP('',(#4917,#4918,#4919,#4920));
#742=EDGE_LOOP('',(#4921,#4922,#4923,#4924));
#743=EDGE_LOOP('',(#4925,#4926,#4927,#4928));
#744=EDGE_LOOP('',(#4929,#4930,#4931,#4932));
#745=EDGE_LOOP('',(#4933,#4934,#4935,#4936));
#746=EDGE_LOOP('',(#4937,#4938,#4939,#4940));
#747=EDGE_LOOP('',(#4941,#4942,#4943,#4944));
#748=EDGE_LOOP('',(#4945,#4946,#4947,#4948));
#749=EDGE_LOOP('',(#4949,#4950,#4951,#4952));
#750=EDGE_LOOP('',(#4953,#4954,#4955,#4956));
#751=EDGE_LOOP('',(#4957,#4958,#4959,#4960));
#752=EDGE_LOOP('',(#4961,#4962,#4963,#4964));
#753=EDGE_LOOP('',(#4965,#4966,#4967,#4968));
#754=EDGE_LOOP('',(#4969,#4970,#4971,#4972));
#755=EDGE_LOOP('',(#4973,#4974,#4975,#4976));
#756=EDGE_LOOP('',(#4977,#4978,#4979,#4980));
#757=EDGE_LOOP('',(#4981,#4982,#4983,#4984));
#758=EDGE_LOOP('',(#4985,#4986,#4987,#4988));
#759=EDGE_LOOP('',(#4989,#4990,#4991,#4992));
#760=EDGE_LOOP('',(#4993,#4994,#4995,#4996));
#761=EDGE_LOOP('',(#4997,#4998,#4999,#5000));
#762=EDGE_LOOP('',(#5001,#5002,#5003,#5004));
#763=EDGE_LOOP('',(#5005,#5006,#5007,#5008));
#764=EDGE_LOOP('',(#5009,#5010,#5011,#5012));
#765=EDGE_LOOP('',(#5013,#5014,#5015,#5016));
#766=EDGE_LOOP('',(#5017,#5018,#5019,#5020));
#767=EDGE_LOOP('',(#5021,#5022,#5023,#5024));
#768=EDGE_LOOP('',(#5025,#5026,#5027,#5028));
#769=EDGE_LOOP('',(#5029,#5030,#5031,#5032));
#770=EDGE_LOOP('',(#5033,#5034,#5035,#5036));
#771=EDGE_LOOP('',(#5037,#5038,#5039,#5040));
#772=EDGE_LOOP('',(#5041,#5042,#5043,#5044));
#773=EDGE_LOOP('',(#5045,#5046,#5047,#5048));
#774=EDGE_LOOP('',(#5049,#5050,#5051,#5052));
#775=EDGE_LOOP('',(#5053,#5054,#5055,#5056));
#776=EDGE_LOOP('',(#5057,#5058,#5059,#5060));
#777=EDGE_LOOP('',(#5061,#5062,#5063,#5064));
#778=EDGE_LOOP('',(#5065,#5066,#5067,#5068));
#779=EDGE_LOOP('',(#5069,#5070,#5071,#5072));
#780=EDGE_LOOP('',(#5073,#5074,#5075,#5076));
#781=EDGE_LOOP('',(#5077,#5078,#5079,#5080));
#782=EDGE_LOOP('',(#5081,#5082,#5083,#5084));
#783=EDGE_LOOP('',(#5085,#5086,#5087,#5088));
#784=EDGE_LOOP('',(#5089,#5090,#5091,#5092));
#785=EDGE_LOOP('',(#5093,#5094,#5095,#5096));
#786=EDGE_LOOP('',(#5097,#5098,#5099,#5100));
#787=EDGE_LOOP('',(#5101,#5102,#5103,#5104));
#788=EDGE_LOOP('',(#5105,#5106,#5107,#5108));
#789=EDGE_LOOP('',(#5109,#5110,#5111,#5112));
#790=EDGE_LOOP('',(#5113,#5114,#5115,#5116));
#791=EDGE_LOOP('',(#5117,#5118,#5119,#5120));
#792=EDGE_LOOP('',(#5121,#5122,#5123,#5124));
#793=EDGE_LOOP('',(#5125,#5126,#5127,#5128));
#794=EDGE_LOOP('',(#5129,#5130,#5131,#5132));
#795=EDGE_LOOP('',(#5133,#5134,#5135,#5136));
#796=EDGE_LOOP('',(#5137,#5138,#5139,#5140));
#797=EDGE_LOOP('',(#5141,#5142,#5143,#5144));
#798=EDGE_LOOP('',(#5145,#5146,#5147,#5148));
#799=EDGE_LOOP('',(#5149,#5150,#5151,#5152));
#800=EDGE_LOOP('',(#5153,#5154,#5155,#5156));
#801=EDGE_LOOP('',(#5157,#5158,#5159,#5160));
#802=EDGE_LOOP('',(#5161,#5162,#5163,#5164));
#803=EDGE_LOOP('',(#5165,#5166,#5167,#5168));
#804=EDGE_LOOP('',(#5169,#5170,#5171,#5172));
#805=EDGE_LOOP('',(#5173,#5174,#5175,#5176));
#806=EDGE_LOOP('',(#5177,#5178,#5179,#5180));
#807=EDGE_LOOP('',(#5181,#5182,#5183,#5184));
#808=EDGE_LOOP('',(#5185,#5186,#5187,#5188));
#809=EDGE_LOOP('',(#5189,#5190,#5191,#5192));
#810=EDGE_LOOP('',(#5193,#5194,#5195,#5196));
#811=EDGE_LOOP('',(#5197,#5198,#5199,#5200));
#812=EDGE_LOOP('',(#5201,#5202,#5203,#5204));
#813=EDGE_LOOP('',(#5205,#5206,#5207,#5208));
#814=EDGE_LOOP('',(#5209,#5210,#5211,#5212));
#815=EDGE_LOOP('',(#5213,#5214,#5215,#5216));
#816=EDGE_LOOP('',(#5217,#5218,#5219,#5220));
#817=EDGE_LOOP('',(#5221,#5222,#5223,#5224));
#818=EDGE_LOOP('',(#5225,#5226,#5227,#5228));
#819=EDGE_LOOP('',(#5229,#5230,#5231,#5232));
#820=EDGE_LOOP('',(#5233,#5234,#5235,#5236));
#821=EDGE_LOOP('',(#5237,#5238,#5239,#5240));
#822=EDGE_LOOP('',(#5241,#5242,#5243,#5244));
#823=EDGE_LOOP('',(#5245,#5246,#5247,#5248));
#824=EDGE_LOOP('',(#5249,#5250,#5251,#5252));
#825=EDGE_LOOP('',(#5253,#5254,#5255,#5256));
#826=EDGE_LOOP('',(#5257,#5258,#5259,#5260));
#827=EDGE_LOOP('',(#5261,#5262,#5263,#5264));
#828=EDGE_LOOP('',(#5265,#5266,#5267,#5268));
#829=EDGE_LOOP('',(#5269,#5270,#5271,#5272));
#830=EDGE_LOOP('',(#5273,#5274,#5275,#5276));
#831=EDGE_LOOP('',(#5277,#5278,#5279,#5280));
#832=EDGE_LOOP('',(#5281,#5282,#5283,#5284));
#833=EDGE_LOOP('',(#5285,#5286,#5287,#5288));
#834=EDGE_LOOP('',(#5289,#5290,#5291,#5292));
#835=EDGE_LOOP('',(#5293,#5294,#5295,#5296));
#836=EDGE_LOOP('',(#5297,#5298,#5299,#5300));
#837=EDGE_LOOP('',(#5301,#5302,#5303,#5304));
#838=EDGE_LOOP('',(#5305,#5306,#5307,#5308));
#839=EDGE_LOOP('',(#5309,#5310,#5311,#5312));
#840=EDGE_LOOP('',(#5313,#5314,#5315,#5316));
#841=EDGE_LOOP('',(#5317,#5318,#5319,#5320));
#842=EDGE_LOOP('',(#5321,#5322,#5323,#5324));
#843=EDGE_LOOP('',(#5325,#5326,#5327,#5328));
#844=EDGE_LOOP('',(#5329,#5330,#5331,#5332));
#845=EDGE_LOOP('',(#5333,#5334,#5335,#5336));
#846=EDGE_LOOP('',(#5337,#5338,#5339,#5340));
#847=EDGE_LOOP('',(#5341,#5342,#5343,#5344));
#848=EDGE_LOOP('',(#5345,#5346,#5347,#5348));
#849=EDGE_LOOP('',(#5349,#5350,#5351,#5352));
#850=EDGE_LOOP('',(#5353,#5354,#5355,#5356));
#851=EDGE_LOOP('',(#5357,#5358,#5359,#5360));
#852=EDGE_LOOP('',(#5361,#5362,#5363,#5364));
#853=EDGE_LOOP('',(#5365,#5366,#5367,#5368));
#854=EDGE_LOOP('',(#5369,#5370,#5371,#5372));
#855=EDGE_LOOP('',(#5373,#5374,#5375,#5376));
#856=EDGE_LOOP('',(#5377,#5378,#5379,#5380));
#857=EDGE_LOOP('',(#5381,#5382,#5383,#5384));
#858=EDGE_LOOP('',(#5385,#5386,#5387,#5388));
#859=EDGE_LOOP('',(#5389,#5390,#5391,#5392));
#860=EDGE_LOOP('',(#5393,#5394,#5395,#5396));
#861=EDGE_LOOP('',(#5397,#5398,#5399,#5400));
#862=EDGE_LOOP('',(#5401,#5402,#5403,#5404));
#863=EDGE_LOOP('',(#5405,#5406,#5407,#5408));
#864=EDGE_LOOP('',(#5409,#5410,#5411,#5412));
#865=EDGE_LOOP('',(#5413,#5414,#5415,#5416));
#866=EDGE_LOOP('',(#5417,#5418,#5419,#5420));
#867=EDGE_LOOP('',(#5421,#5422,#5423,#5424));
#868=EDGE_LOOP('',(#5425,#5426,#5427,#5428));
#869=EDGE_LOOP('',(#5429,#5430,#5431,#5432));
#870=EDGE_LOOP('',(#5433,#5434,#5435,#5436));
#871=EDGE_LOOP('',(#5437,#5438,#5439,#5440));
#872=EDGE_LOOP('',(#5441,#5442,#5443,#5444));
#873=EDGE_LOOP('',(#5445,#5446,#5447,#5448));
#874=EDGE_LOOP('',(#5449,#5450,#5451,#5452));
#875=EDGE_LOOP('',(#5453,#5454,#5455,#5456));
#876=EDGE_LOOP('',(#5457,#5458,#5459,#5460));
#877=EDGE_LOOP('',(#5461,#5462,#5463,#5464));
#878=EDGE_LOOP('',(#5465,#5466,#5467,#5468));
#879=EDGE_LOOP('',(#5469,#5470,#5471,#5472));
#880=EDGE_LOOP('',(#5473,#5474,#5475,#5476));
#881=EDGE_LOOP('',(#5477,#5478,#5479,#5480));
#882=EDGE_LOOP('',(#5481,#5482,#5483,#5484));
#883=EDGE_LOOP('',(#5485,#5486,#5487,#5488));
#884=EDGE_LOOP('',(#5489,#5490,#5491,#5492));
#885=EDGE_LOOP('',(#5493,#5494,#5495,#5496));
#886=EDGE_LOOP('',(#5497,#5498,#5499,#5500));
#887=EDGE_LOOP('',(#5501,#5502,#5503,#5504));
#888=EDGE_LOOP('',(#5505,#5506,#5507,#5508));
#889=EDGE_LOOP('',(#5509,#5510,#5511,#5512));
#890=EDGE_LOOP('',(#5513,#5514,#5515,#5516));
#891=EDGE_LOOP('',(#5517,#5518,#5519,#5520));
#892=EDGE_LOOP('',(#5521,#5522,#5523,#5524));
#893=EDGE_LOOP('',(#5525,#5526,#5527,#5528));
#894=EDGE_LOOP('',(#5529,#5530,#5531,#5532));
#895=EDGE_LOOP('',(#5533,#5534,#5535,#5536));
#896=EDGE_LOOP('',(#5537,#5538,#5539,#5540));
#897=EDGE_LOOP('',(#5541,#5542,#5543,#5544));
#898=EDGE_LOOP('',(#5545,#5546,#5547,#5548));
#899=EDGE_LOOP('',(#5549,#5550,#5551,#5552));
#900=EDGE_LOOP('',(#5553,#5554,#5555,#5556));
#901=EDGE_LOOP('',(#5557,#5558,#5559,#5560));
#902=EDGE_LOOP('',(#5561,#5562,#5563,#5564));
#903=EDGE_LOOP('',(#5565,#5566,#5567,#5568));
#904=EDGE_LOOP('',(#5569,#5570,#5571,#5572));
#905=EDGE_LOOP('',(#5573,#5574,#5575,#5576));
#906=EDGE_LOOP('',(#5577,#5578,#5579,#5580));
#907=EDGE_LOOP('',(#5581,#5582,#5583,#5584));
#908=EDGE_LOOP('',(#5585,#5586,#5587,#5588));
#909=EDGE_LOOP('',(#5589,#5590,#5591,#5592));
#910=EDGE_LOOP('',(#5593,#5594,#5595,#5596));
#911=EDGE_LOOP('',(#5597,#5598,#5599,#5600));
#912=EDGE_LOOP('',(#5601,#5602,#5603,#5604));
#913=EDGE_LOOP('',(#5605,#5606,#5607,#5608));
#914=EDGE_LOOP('',(#5609,#5610,#5611,#5612));
#915=EDGE_LOOP('',(#5613,#5614,#5615,#5616));
#916=EDGE_LOOP('',(#5617,#5618,#5619,#5620));
#917=EDGE_LOOP('',(#5621,#5622,#5623,#5624));
#918=EDGE_LOOP('',(#5625,#5626,#5627,#5628));
#919=EDGE_LOOP('',(#5629,#5630,#5631,#5632));
#920=EDGE_LOOP('',(#5633,#5634,#5635,#5636));
#921=EDGE_LOOP('',(#5637,#5638,#5639,#5640));
#922=EDGE_LOOP('',(#5641,#5642,#5643,#5644));
#923=EDGE_LOOP('',(#5645,#5646,#5647,#5648));
#924=EDGE_LOOP('',(#5649,#5650,#5651,#5652));
#925=EDGE_LOOP('',(#5653,#5654,#5655,#5656));
#926=EDGE_LOOP('',(#5657,#5658,#5659,#5660));
#927=EDGE_LOOP('',(#5661,#5662,#5663,#5664));
#928=EDGE_LOOP('',(#5665,#5666,#5667,#5668));
#929=EDGE_LOOP('',(#5669,#5670,#5671,#5672));
#930=EDGE_LOOP('',(#5673,#5674,#5675,#5676));
#931=EDGE_LOOP('',(#5677,#5678,#5679,#5680));
#932=EDGE_LOOP('',(#5681,#5682,#5683,#5684));
#933=EDGE_LOOP('',(#5685,#5686,#5687,#5688,#5689,#5690,#5691,#5692,#5693,
#5694,#5695,#5696,#5697,#5698,#5699,#5700,#5701,#5702,#5703,#5704,#5705,
#5706,#5707,#5708));
#934=EDGE_LOOP('',(#5709,#5710,#5711,#5712,#5713,#5714,#5715,#5716));
#935=EDGE_LOOP('',(#5717,#5718,#5719,#5720,#5721,#5722,#5723,#5724));
#936=EDGE_LOOP('',(#5725,#5726,#5727,#5728,#5729,#5730,#5731,#5732));
#937=EDGE_LOOP('',(#5733,#5734,#5735,#5736,#5737,#5738,#5739,#5740));
#938=EDGE_LOOP('',(#5741,#5742,#5743,#5744,#5745,#5746,#5747,#5748));
#939=EDGE_LOOP('',(#5749,#5750,#5751,#5752,#5753,#5754,#5755,#5756));
#940=EDGE_LOOP('',(#5757,#5758,#5759,#5760,#5761,#5762,#5763,#5764));
#941=EDGE_LOOP('',(#5765,#5766,#5767,#5768,#5769,#5770,#5771,#5772));
#942=EDGE_LOOP('',(#5773,#5774,#5775,#5776,#5777,#5778,#5779,#5780));
#943=EDGE_LOOP('',(#5781,#5782,#5783,#5784,#5785,#5786,#5787,#5788));
#944=EDGE_LOOP('',(#5789,#5790,#5791,#5792,#5793,#5794,#5795,#5796));
#945=EDGE_LOOP('',(#5797,#5798,#5799,#5800,#5801,#5802,#5803,#5804));
#946=EDGE_LOOP('',(#5805,#5806,#5807,#5808,#5809,#5810,#5811,#5812));
#947=EDGE_LOOP('',(#5813,#5814,#5815,#5816,#5817,#5818,#5819,#5820));
#948=EDGE_LOOP('',(#5821,#5822,#5823,#5824,#5825,#5826,#5827,#5828));
#949=EDGE_LOOP('',(#5829,#5830,#5831,#5832,#5833,#5834,#5835,#5836));
#950=EDGE_LOOP('',(#5837,#5838,#5839,#5840,#5841,#5842,#5843,#5844));
#951=EDGE_LOOP('',(#5845,#5846,#5847,#5848,#5849,#5850,#5851,#5852));
#952=EDGE_LOOP('',(#5853,#5854,#5855,#5856,#5857,#5858,#5859,#5860));
#953=EDGE_LOOP('',(#5861,#5862,#5863,#5864,#5865,#5866,#5867,#5868));
#954=EDGE_LOOP('',(#5869,#5870,#5871,#5872,#5873,#5874,#5875,#5876));
#955=EDGE_LOOP('',(#5877,#5878,#5879,#5880,#5881,#5882,#5883,#5884));
#956=EDGE_LOOP('',(#5885,#5886,#5887,#5888,#5889,#5890,#5891,#5892));
#957=EDGE_LOOP('',(#5893,#5894,#5895,#5896,#5897,#5898,#5899,#5900));
#958=EDGE_LOOP('',(#5901,#5902,#5903,#5904,#5905,#5906,#5907,#5908));
#959=EDGE_LOOP('',(#5909,#5910,#5911,#5912,#5913,#5914,#5915,#5916));
#960=EDGE_LOOP('',(#5917,#5918,#5919,#5920,#5921,#5922,#5923,#5924));
#961=EDGE_LOOP('',(#5925,#5926,#5927,#5928,#5929,#5930,#5931,#5932));
#962=EDGE_LOOP('',(#5933,#5934,#5935,#5936,#5937,#5938,#5939,#5940));
#963=EDGE_LOOP('',(#5941,#5942,#5943,#5944,#5945,#5946,#5947,#5948));
#964=EDGE_LOOP('',(#5949,#5950,#5951,#5952,#5953,#5954,#5955,#5956));
#965=EDGE_LOOP('',(#5957,#5958,#5959,#5960,#5961,#5962,#5963,#5964));
#966=EDGE_LOOP('',(#5965,#5966,#5967,#5968,#5969,#5970,#5971,#5972));
#967=EDGE_LOOP('',(#5973,#5974,#5975,#5976,#5977,#5978,#5979,#5980));
#968=EDGE_LOOP('',(#5981,#5982,#5983,#5984,#5985,#5986,#5987,#5988));
#969=EDGE_LOOP('',(#5989,#5990,#5991,#5992,#5993,#5994,#5995,#5996));
#970=EDGE_LOOP('',(#5997));
#971=EDGE_LOOP('',(#5998));
#972=EDGE_LOOP('',(#5999,#6000,#6001,#6002));
#973=LINE('',#9031,#1607);
#974=LINE('',#9037,#1608);
#975=LINE('',#9042,#1609);
#976=LINE('',#9044,#1610);
#977=LINE('',#9046,#1611);
#978=LINE('',#9047,#1612);
#979=LINE('',#9051,#1613);
#980=LINE('',#9053,#1614);
#981=LINE('',#9055,#1615);
#982=LINE('',#9056,#1616);
#983=LINE('',#9060,#1617);
#984=LINE('',#9062,#1618);
#985=LINE('',#9064,#1619);
#986=LINE('',#9065,#1620);
#987=LINE('',#9069,#1621);
#988=LINE('',#9071,#1622);
#989=LINE('',#9073,#1623);
#990=LINE('',#9074,#1624);
#991=LINE('',#9077,#1625);
#992=LINE('',#9079,#1626);
#993=LINE('',#9080,#1627);
#994=LINE('',#9083,#1628);
#995=LINE('',#9085,#1629);
#996=LINE('',#9086,#1630);
#997=LINE('',#9089,#1631);
#998=LINE('',#9091,#1632);
#999=LINE('',#9092,#1633);
#1000=LINE('',#9095,#1634);
#1001=LINE('',#9097,#1635);
#1002=LINE('',#9098,#1636);
#1003=LINE('',#9101,#1637);
#1004=LINE('',#9105,#1638);
#1005=LINE('',#9108,#1639);
#1006=LINE('',#9112,#1640);
#1007=LINE('',#9115,#1641);
#1008=LINE('',#9119,#1642);
#1009=LINE('',#9122,#1643);
#1010=LINE('',#9126,#1644);
#1011=LINE('',#9132,#1645);
#1012=LINE('',#9136,#1646);
#1013=LINE('',#9140,#1647);
#1014=LINE('',#9143,#1648);
#1015=LINE('',#9148,#1649);
#1016=LINE('',#9152,#1650);
#1017=LINE('',#9156,#1651);
#1018=LINE('',#9159,#1652);
#1019=LINE('',#9164,#1653);
#1020=LINE('',#9168,#1654);
#1021=LINE('',#9172,#1655);
#1022=LINE('',#9175,#1656);
#1023=LINE('',#9180,#1657);
#1024=LINE('',#9184,#1658);
#1025=LINE('',#9188,#1659);
#1026=LINE('',#9191,#1660);
#1027=LINE('',#9196,#1661);
#1028=LINE('',#9200,#1662);
#1029=LINE('',#9204,#1663);
#1030=LINE('',#9207,#1664);
#1031=LINE('',#9212,#1665);
#1032=LINE('',#9216,#1666);
#1033=LINE('',#9220,#1667);
#1034=LINE('',#9223,#1668);
#1035=LINE('',#9228,#1669);
#1036=LINE('',#9232,#1670);
#1037=LINE('',#9236,#1671);
#1038=LINE('',#9239,#1672);
#1039=LINE('',#9244,#1673);
#1040=LINE('',#9248,#1674);
#1041=LINE('',#9252,#1675);
#1042=LINE('',#9255,#1676);
#1043=LINE('',#9260,#1677);
#1044=LINE('',#9264,#1678);
#1045=LINE('',#9268,#1679);
#1046=LINE('',#9271,#1680);
#1047=LINE('',#9276,#1681);
#1048=LINE('',#9280,#1682);
#1049=LINE('',#9284,#1683);
#1050=LINE('',#9287,#1684);
#1051=LINE('',#9292,#1685);
#1052=LINE('',#9296,#1686);
#1053=LINE('',#9300,#1687);
#1054=LINE('',#9303,#1688);
#1055=LINE('',#9308,#1689);
#1056=LINE('',#9312,#1690);
#1057=LINE('',#9316,#1691);
#1058=LINE('',#9319,#1692);
#1059=LINE('',#9324,#1693);
#1060=LINE('',#9328,#1694);
#1061=LINE('',#9332,#1695);
#1062=LINE('',#9335,#1696);
#1063=LINE('',#9340,#1697);
#1064=LINE('',#9344,#1698);
#1065=LINE('',#9348,#1699);
#1066=LINE('',#9351,#1700);
#1067=LINE('',#9356,#1701);
#1068=LINE('',#9360,#1702);
#1069=LINE('',#9364,#1703);
#1070=LINE('',#9367,#1704);
#1071=LINE('',#9372,#1705);
#1072=LINE('',#9376,#1706);
#1073=LINE('',#9380,#1707);
#1074=LINE('',#9383,#1708);
#1075=LINE('',#9388,#1709);
#1076=LINE('',#9392,#1710);
#1077=LINE('',#9396,#1711);
#1078=LINE('',#9399,#1712);
#1079=LINE('',#9404,#1713);
#1080=LINE('',#9408,#1714);
#1081=LINE('',#9412,#1715);
#1082=LINE('',#9415,#1716);
#1083=LINE('',#9420,#1717);
#1084=LINE('',#9424,#1718);
#1085=LINE('',#9428,#1719);
#1086=LINE('',#9431,#1720);
#1087=LINE('',#9436,#1721);
#1088=LINE('',#9440,#1722);
#1089=LINE('',#9444,#1723);
#1090=LINE('',#9447,#1724);
#1091=LINE('',#9452,#1725);
#1092=LINE('',#9456,#1726);
#1093=LINE('',#9460,#1727);
#1094=LINE('',#9463,#1728);
#1095=LINE('',#9468,#1729);
#1096=LINE('',#9472,#1730);
#1097=LINE('',#9476,#1731);
#1098=LINE('',#9479,#1732);
#1099=LINE('',#9484,#1733);
#1100=LINE('',#9488,#1734);
#1101=LINE('',#9492,#1735);
#1102=LINE('',#9495,#1736);
#1103=LINE('',#9500,#1737);
#1104=LINE('',#9504,#1738);
#1105=LINE('',#9508,#1739);
#1106=LINE('',#9511,#1740);
#1107=LINE('',#9516,#1741);
#1108=LINE('',#9520,#1742);
#1109=LINE('',#9524,#1743);
#1110=LINE('',#9527,#1744);
#1111=LINE('',#9532,#1745);
#1112=LINE('',#9536,#1746);
#1113=LINE('',#9540,#1747);
#1114=LINE('',#9543,#1748);
#1115=LINE('',#9548,#1749);
#1116=LINE('',#9552,#1750);
#1117=LINE('',#9556,#1751);
#1118=LINE('',#9559,#1752);
#1119=LINE('',#9564,#1753);
#1120=LINE('',#9568,#1754);
#1121=LINE('',#9572,#1755);
#1122=LINE('',#9575,#1756);
#1123=LINE('',#9580,#1757);
#1124=LINE('',#9584,#1758);
#1125=LINE('',#9588,#1759);
#1126=LINE('',#9591,#1760);
#1127=LINE('',#9596,#1761);
#1128=LINE('',#9600,#1762);
#1129=LINE('',#9604,#1763);
#1130=LINE('',#9607,#1764);
#1131=LINE('',#9612,#1765);
#1132=LINE('',#9616,#1766);
#1133=LINE('',#9620,#1767);
#1134=LINE('',#9623,#1768);
#1135=LINE('',#9628,#1769);
#1136=LINE('',#9632,#1770);
#1137=LINE('',#9636,#1771);
#1138=LINE('',#9639,#1772);
#1139=LINE('',#9644,#1773);
#1140=LINE('',#9648,#1774);
#1141=LINE('',#9652,#1775);
#1142=LINE('',#9655,#1776);
#1143=LINE('',#9660,#1777);
#1144=LINE('',#9664,#1778);
#1145=LINE('',#9668,#1779);
#1146=LINE('',#9671,#1780);
#1147=LINE('',#9676,#1781);
#1148=LINE('',#9680,#1782);
#1149=LINE('',#9684,#1783);
#1150=LINE('',#9687,#1784);
#1151=LINE('',#9692,#1785);
#1152=LINE('',#9696,#1786);
#1153=LINE('',#9700,#1787);
#1154=LINE('',#9703,#1788);
#1155=LINE('',#9706,#1789);
#1156=LINE('',#9708,#1790);
#1157=LINE('',#9709,#1791);
#1158=LINE('',#9716,#1792);
#1159=LINE('',#9717,#1793);
#1160=LINE('',#9720,#1794);
#1161=LINE('',#9721,#1795);
#1162=LINE('',#9725,#1796);
#1163=LINE('',#9728,#1797);
#1164=LINE('',#9729,#1798);
#1165=LINE('',#9733,#1799);
#1166=LINE('',#9736,#1800);
#1167=LINE('',#9737,#1801);
#1168=LINE('',#9741,#1802);
#1169=LINE('',#9743,#1803);
#1170=LINE('',#9748,#1804);
#1171=LINE('',#9749,#1805);
#1172=LINE('',#9752,#1806);
#1173=LINE('',#9753,#1807);
#1174=LINE('',#9757,#1808);
#1175=LINE('',#9760,#1809);
#1176=LINE('',#9761,#1810);
#1177=LINE('',#9765,#1811);
#1178=LINE('',#9768,#1812);
#1179=LINE('',#9769,#1813);
#1180=LINE('',#9773,#1814);
#1181=LINE('',#9775,#1815);
#1182=LINE('',#9780,#1816);
#1183=LINE('',#9781,#1817);
#1184=LINE('',#9784,#1818);
#1185=LINE('',#9785,#1819);
#1186=LINE('',#9789,#1820);
#1187=LINE('',#9792,#1821);
#1188=LINE('',#9793,#1822);
#1189=LINE('',#9797,#1823);
#1190=LINE('',#9800,#1824);
#1191=LINE('',#9801,#1825);
#1192=LINE('',#9805,#1826);
#1193=LINE('',#9807,#1827);
#1194=LINE('',#9812,#1828);
#1195=LINE('',#9813,#1829);
#1196=LINE('',#9816,#1830);
#1197=LINE('',#9817,#1831);
#1198=LINE('',#9821,#1832);
#1199=LINE('',#9824,#1833);
#1200=LINE('',#9825,#1834);
#1201=LINE('',#9829,#1835);
#1202=LINE('',#9832,#1836);
#1203=LINE('',#9833,#1837);
#1204=LINE('',#9837,#1838);
#1205=LINE('',#9839,#1839);
#1206=LINE('',#9844,#1840);
#1207=LINE('',#9845,#1841);
#1208=LINE('',#9848,#1842);
#1209=LINE('',#9849,#1843);
#1210=LINE('',#9853,#1844);
#1211=LINE('',#9856,#1845);
#1212=LINE('',#9857,#1846);
#1213=LINE('',#9861,#1847);
#1214=LINE('',#9864,#1848);
#1215=LINE('',#9865,#1849);
#1216=LINE('',#9869,#1850);
#1217=LINE('',#9871,#1851);
#1218=LINE('',#9875,#1852);
#1219=LINE('',#9878,#1853);
#1220=LINE('',#9879,#1854);
#1221=LINE('',#9883,#1855);
#1222=LINE('',#9885,#1856);
#1223=LINE('',#9890,#1857);
#1224=LINE('',#9891,#1858);
#1225=LINE('',#9894,#1859);
#1226=LINE('',#9895,#1860);
#1227=LINE('',#9899,#1861);
#1228=LINE('',#9902,#1862);
#1229=LINE('',#9903,#1863);
#1230=LINE('',#9907,#1864);
#1231=LINE('',#9910,#1865);
#1232=LINE('',#9911,#1866);
#1233=LINE('',#9915,#1867);
#1234=LINE('',#9917,#1868);
#1235=LINE('',#9922,#1869);
#1236=LINE('',#9923,#1870);
#1237=LINE('',#9926,#1871);
#1238=LINE('',#9927,#1872);
#1239=LINE('',#9931,#1873);
#1240=LINE('',#9934,#1874);
#1241=LINE('',#9935,#1875);
#1242=LINE('',#9939,#1876);
#1243=LINE('',#9942,#1877);
#1244=LINE('',#9943,#1878);
#1245=LINE('',#9947,#1879);
#1246=LINE('',#9949,#1880);
#1247=LINE('',#9954,#1881);
#1248=LINE('',#9955,#1882);
#1249=LINE('',#9958,#1883);
#1250=LINE('',#9959,#1884);
#1251=LINE('',#9963,#1885);
#1252=LINE('',#9966,#1886);
#1253=LINE('',#9967,#1887);
#1254=LINE('',#9971,#1888);
#1255=LINE('',#9974,#1889);
#1256=LINE('',#9975,#1890);
#1257=LINE('',#9979,#1891);
#1258=LINE('',#9981,#1892);
#1259=LINE('',#9985,#1893);
#1260=LINE('',#9988,#1894);
#1261=LINE('',#9989,#1895);
#1262=LINE('',#9993,#1896);
#1263=LINE('',#9995,#1897);
#1264=LINE('',#10000,#1898);
#1265=LINE('',#10001,#1899);
#1266=LINE('',#10004,#1900);
#1267=LINE('',#10005,#1901);
#1268=LINE('',#10009,#1902);
#1269=LINE('',#10012,#1903);
#1270=LINE('',#10013,#1904);
#1271=LINE('',#10017,#1905);
#1272=LINE('',#10020,#1906);
#1273=LINE('',#10021,#1907);
#1274=LINE('',#10025,#1908);
#1275=LINE('',#10027,#1909);
#1276=LINE('',#10032,#1910);
#1277=LINE('',#10033,#1911);
#1278=LINE('',#10036,#1912);
#1279=LINE('',#10037,#1913);
#1280=LINE('',#10041,#1914);
#1281=LINE('',#10044,#1915);
#1282=LINE('',#10045,#1916);
#1283=LINE('',#10049,#1917);
#1284=LINE('',#10052,#1918);
#1285=LINE('',#10053,#1919);
#1286=LINE('',#10057,#1920);
#1287=LINE('',#10059,#1921);
#1288=LINE('',#10064,#1922);
#1289=LINE('',#10065,#1923);
#1290=LINE('',#10068,#1924);
#1291=LINE('',#10069,#1925);
#1292=LINE('',#10073,#1926);
#1293=LINE('',#10076,#1927);
#1294=LINE('',#10077,#1928);
#1295=LINE('',#10081,#1929);
#1296=LINE('',#10084,#1930);
#1297=LINE('',#10085,#1931);
#1298=LINE('',#10089,#1932);
#1299=LINE('',#10091,#1933);
#1300=LINE('',#10096,#1934);
#1301=LINE('',#10097,#1935);
#1302=LINE('',#10099,#1936);
#1303=LINE('',#10102,#1937);
#1304=LINE('',#10103,#1938);
#1305=LINE('',#10107,#1939);
#1306=LINE('',#10109,#1940);
#1307=LINE('',#10114,#1941);
#1308=LINE('',#10115,#1942);
#1309=LINE('',#10118,#1943);
#1310=LINE('',#10119,#1944);
#1311=LINE('',#10123,#1945);
#1312=LINE('',#10126,#1946);
#1313=LINE('',#10127,#1947);
#1314=LINE('',#10131,#1948);
#1315=LINE('',#10134,#1949);
#1316=LINE('',#10135,#1950);
#1317=LINE('',#10139,#1951);
#1318=LINE('',#10141,#1952);
#1319=LINE('',#10146,#1953);
#1320=LINE('',#10147,#1954);
#1321=LINE('',#10150,#1955);
#1322=LINE('',#10151,#1956);
#1323=LINE('',#10155,#1957);
#1324=LINE('',#10158,#1958);
#1325=LINE('',#10159,#1959);
#1326=LINE('',#10163,#1960);
#1327=LINE('',#10166,#1961);
#1328=LINE('',#10167,#1962);
#1329=LINE('',#10171,#1963);
#1330=LINE('',#10173,#1964);
#1331=LINE('',#10178,#1965);
#1332=LINE('',#10179,#1966);
#1333=LINE('',#10182,#1967);
#1334=LINE('',#10183,#1968);
#1335=LINE('',#10187,#1969);
#1336=LINE('',#10190,#1970);
#1337=LINE('',#10191,#1971);
#1338=LINE('',#10195,#1972);
#1339=LINE('',#10198,#1973);
#1340=LINE('',#10199,#1974);
#1341=LINE('',#10203,#1975);
#1342=LINE('',#10205,#1976);
#1343=LINE('',#10210,#1977);
#1344=LINE('',#10211,#1978);
#1345=LINE('',#10214,#1979);
#1346=LINE('',#10215,#1980);
#1347=LINE('',#10219,#1981);
#1348=LINE('',#10222,#1982);
#1349=LINE('',#10223,#1983);
#1350=LINE('',#10227,#1984);
#1351=LINE('',#10230,#1985);
#1352=LINE('',#10231,#1986);
#1353=LINE('',#10235,#1987);
#1354=LINE('',#10237,#1988);
#1355=LINE('',#10242,#1989);
#1356=LINE('',#10243,#1990);
#1357=LINE('',#10246,#1991);
#1358=LINE('',#10247,#1992);
#1359=LINE('',#10251,#1993);
#1360=LINE('',#10254,#1994);
#1361=LINE('',#10255,#1995);
#1362=LINE('',#10259,#1996);
#1363=LINE('',#10262,#1997);
#1364=LINE('',#10263,#1998);
#1365=LINE('',#10267,#1999);
#1366=LINE('',#10269,#2000);
#1367=LINE('',#10274,#2001);
#1368=LINE('',#10275,#2002);
#1369=LINE('',#10278,#2003);
#1370=LINE('',#10279,#2004);
#1371=LINE('',#10283,#2005);
#1372=LINE('',#10286,#2006);
#1373=LINE('',#10287,#2007);
#1374=LINE('',#10291,#2008);
#1375=LINE('',#10294,#2009);
#1376=LINE('',#10295,#2010);
#1377=LINE('',#10299,#2011);
#1378=LINE('',#10301,#2012);
#1379=LINE('',#10306,#2013);
#1380=LINE('',#10307,#2014);
#1381=LINE('',#10310,#2015);
#1382=LINE('',#10311,#2016);
#1383=LINE('',#10315,#2017);
#1384=LINE('',#10318,#2018);
#1385=LINE('',#10319,#2019);
#1386=LINE('',#10323,#2020);
#1387=LINE('',#10326,#2021);
#1388=LINE('',#10327,#2022);
#1389=LINE('',#10331,#2023);
#1390=LINE('',#10333,#2024);
#1391=LINE('',#10338,#2025);
#1392=LINE('',#10339,#2026);
#1393=LINE('',#10342,#2027);
#1394=LINE('',#10343,#2028);
#1395=LINE('',#10347,#2029);
#1396=LINE('',#10350,#2030);
#1397=LINE('',#10351,#2031);
#1398=LINE('',#10355,#2032);
#1399=LINE('',#10358,#2033);
#1400=LINE('',#10359,#2034);
#1401=LINE('',#10363,#2035);
#1402=LINE('',#10365,#2036);
#1403=LINE('',#10370,#2037);
#1404=LINE('',#10371,#2038);
#1405=LINE('',#10374,#2039);
#1406=LINE('',#10375,#2040);
#1407=LINE('',#10379,#2041);
#1408=LINE('',#10382,#2042);
#1409=LINE('',#10383,#2043);
#1410=LINE('',#10387,#2044);
#1411=LINE('',#10390,#2045);
#1412=LINE('',#10391,#2046);
#1413=LINE('',#10395,#2047);
#1414=LINE('',#10397,#2048);
#1415=LINE('',#10402,#2049);
#1416=LINE('',#10403,#2050);
#1417=LINE('',#10406,#2051);
#1418=LINE('',#10407,#2052);
#1419=LINE('',#10411,#2053);
#1420=LINE('',#10414,#2054);
#1421=LINE('',#10415,#2055);
#1422=LINE('',#10419,#2056);
#1423=LINE('',#10422,#2057);
#1424=LINE('',#10423,#2058);
#1425=LINE('',#10427,#2059);
#1426=LINE('',#10429,#2060);
#1427=LINE('',#10434,#2061);
#1428=LINE('',#10435,#2062);
#1429=LINE('',#10438,#2063);
#1430=LINE('',#10439,#2064);
#1431=LINE('',#10443,#2065);
#1432=LINE('',#10446,#2066);
#1433=LINE('',#10447,#2067);
#1434=LINE('',#10451,#2068);
#1435=LINE('',#10454,#2069);
#1436=LINE('',#10455,#2070);
#1437=LINE('',#10459,#2071);
#1438=LINE('',#10461,#2072);
#1439=LINE('',#10466,#2073);
#1440=LINE('',#10467,#2074);
#1441=LINE('',#10470,#2075);
#1442=LINE('',#10471,#2076);
#1443=LINE('',#10475,#2077);
#1444=LINE('',#10478,#2078);
#1445=LINE('',#10479,#2079);
#1446=LINE('',#10483,#2080);
#1447=LINE('',#10486,#2081);
#1448=LINE('',#10487,#2082);
#1449=LINE('',#10491,#2083);
#1450=LINE('',#10493,#2084);
#1451=LINE('',#10498,#2085);
#1452=LINE('',#10499,#2086);
#1453=LINE('',#10502,#2087);
#1454=LINE('',#10503,#2088);
#1455=LINE('',#10507,#2089);
#1456=LINE('',#10510,#2090);
#1457=LINE('',#10511,#2091);
#1458=LINE('',#10515,#2092);
#1459=LINE('',#10518,#2093);
#1460=LINE('',#10519,#2094);
#1461=LINE('',#10523,#2095);
#1462=LINE('',#10525,#2096);
#1463=LINE('',#10530,#2097);
#1464=LINE('',#10531,#2098);
#1465=LINE('',#10534,#2099);
#1466=LINE('',#10535,#2100);
#1467=LINE('',#10539,#2101);
#1468=LINE('',#10542,#2102);
#1469=LINE('',#10543,#2103);
#1470=LINE('',#10547,#2104);
#1471=LINE('',#10550,#2105);
#1472=LINE('',#10551,#2106);
#1473=LINE('',#10555,#2107);
#1474=LINE('',#10557,#2108);
#1475=LINE('',#10562,#2109);
#1476=LINE('',#10563,#2110);
#1477=LINE('',#10566,#2111);
#1478=LINE('',#10567,#2112);
#1479=LINE('',#10571,#2113);
#1480=LINE('',#10574,#2114);
#1481=LINE('',#10575,#2115);
#1482=LINE('',#10579,#2116);
#1483=LINE('',#10582,#2117);
#1484=LINE('',#10583,#2118);
#1485=LINE('',#10587,#2119);
#1486=LINE('',#10589,#2120);
#1487=LINE('',#10594,#2121);
#1488=LINE('',#10595,#2122);
#1489=LINE('',#10598,#2123);
#1490=LINE('',#10599,#2124);
#1491=LINE('',#10603,#2125);
#1492=LINE('',#10606,#2126);
#1493=LINE('',#10607,#2127);
#1494=LINE('',#10611,#2128);
#1495=LINE('',#10614,#2129);
#1496=LINE('',#10615,#2130);
#1497=LINE('',#10619,#2131);
#1498=LINE('',#10621,#2132);
#1499=LINE('',#10626,#2133);
#1500=LINE('',#10627,#2134);
#1501=LINE('',#10630,#2135);
#1502=LINE('',#10631,#2136);
#1503=LINE('',#10635,#2137);
#1504=LINE('',#10638,#2138);
#1505=LINE('',#10639,#2139);
#1506=LINE('',#10643,#2140);
#1507=LINE('',#10646,#2141);
#1508=LINE('',#10647,#2142);
#1509=LINE('',#10651,#2143);
#1510=LINE('',#10653,#2144);
#1511=LINE('',#10658,#2145);
#1512=LINE('',#10659,#2146);
#1513=LINE('',#10662,#2147);
#1514=LINE('',#10663,#2148);
#1515=LINE('',#10667,#2149);
#1516=LINE('',#10670,#2150);
#1517=LINE('',#10671,#2151);
#1518=LINE('',#10675,#2152);
#1519=LINE('',#10678,#2153);
#1520=LINE('',#10679,#2154);
#1521=LINE('',#10683,#2155);
#1522=LINE('',#10685,#2156);
#1523=LINE('',#10690,#2157);
#1524=LINE('',#10691,#2158);
#1525=LINE('',#10694,#2159);
#1526=LINE('',#10695,#2160);
#1527=LINE('',#10699,#2161);
#1528=LINE('',#10702,#2162);
#1529=LINE('',#10703,#2163);
#1530=LINE('',#10707,#2164);
#1531=LINE('',#10710,#2165);
#1532=LINE('',#10711,#2166);
#1533=LINE('',#10715,#2167);
#1534=LINE('',#10717,#2168);
#1535=LINE('',#10722,#2169);
#1536=LINE('',#10723,#2170);
#1537=LINE('',#10726,#2171);
#1538=LINE('',#10727,#2172);
#1539=LINE('',#10731,#2173);
#1540=LINE('',#10734,#2174);
#1541=LINE('',#10735,#2175);
#1542=LINE('',#10739,#2176);
#1543=LINE('',#10742,#2177);
#1544=LINE('',#10743,#2178);
#1545=LINE('',#10747,#2179);
#1546=LINE('',#10749,#2180);
#1547=LINE('',#10754,#2181);
#1548=LINE('',#10755,#2182);
#1549=LINE('',#10758,#2183);
#1550=LINE('',#10759,#2184);
#1551=LINE('',#10763,#2185);
#1552=LINE('',#10766,#2186);
#1553=LINE('',#10767,#2187);
#1554=LINE('',#10771,#2188);
#1555=LINE('',#10774,#2189);
#1556=LINE('',#10775,#2190);
#1557=LINE('',#10779,#2191);
#1558=LINE('',#10781,#2192);
#1559=LINE('',#10786,#2193);
#1560=LINE('',#10787,#2194);
#1561=LINE('',#10790,#2195);
#1562=LINE('',#10791,#2196);
#1563=LINE('',#10795,#2197);
#1564=LINE('',#10798,#2198);
#1565=LINE('',#10799,#2199);
#1566=LINE('',#10803,#2200);
#1567=LINE('',#10806,#2201);
#1568=LINE('',#10807,#2202);
#1569=LINE('',#10811,#2203);
#1570=LINE('',#10813,#2204);
#1571=LINE('',#10818,#2205);
#1572=LINE('',#10819,#2206);
#1573=LINE('',#10822,#2207);
#1574=LINE('',#10823,#2208);
#1575=LINE('',#10827,#2209);
#1576=LINE('',#10830,#2210);
#1577=LINE('',#10831,#2211);
#1578=LINE('',#10835,#2212);
#1579=LINE('',#10838,#2213);
#1580=LINE('',#10839,#2214);
#1581=LINE('',#10843,#2215);
#1582=LINE('',#10845,#2216);
#1583=LINE('',#10850,#2217);
#1584=LINE('',#10851,#2218);
#1585=LINE('',#10854,#2219);
#1586=LINE('',#10855,#2220);
#1587=LINE('',#10859,#2221);
#1588=LINE('',#10862,#2222);
#1589=LINE('',#10863,#2223);
#1590=LINE('',#10867,#2224);
#1591=LINE('',#10870,#2225);
#1592=LINE('',#10871,#2226);
#1593=LINE('',#10875,#2227);
#1594=LINE('',#10877,#2228);
#1595=LINE('',#10882,#2229);
#1596=LINE('',#10883,#2230);
#1597=LINE('',#10886,#2231);
#1598=LINE('',#10887,#2232);
#1599=LINE('',#10891,#2233);
#1600=LINE('',#10894,#2234);
#1601=LINE('',#10895,#2235);
#1602=LINE('',#10899,#2236);
#1603=LINE('',#10902,#2237);
#1604=LINE('',#10903,#2238);
#1605=LINE('',#10907,#2239);
#1606=LINE('',#10909,#2240);
#1607=VECTOR('',#7138,1.5);
#1608=VECTOR('',#7145,1.5);
#1609=VECTOR('',#7150,10.);
#1610=VECTOR('',#7151,10.);
#1611=VECTOR('',#7152,10.);
#1612=VECTOR('',#7153,10.);
#1613=VECTOR('',#7156,10.);
#1614=VECTOR('',#7157,10.);
#1615=VECTOR('',#7158,10.);
#1616=VECTOR('',#7159,10.);
#1617=VECTOR('',#7162,10.);
#1618=VECTOR('',#7163,10.);
#1619=VECTOR('',#7164,10.);
#1620=VECTOR('',#7165,10.);
#1621=VECTOR('',#7168,10.);
#1622=VECTOR('',#7169,10.);
#1623=VECTOR('',#7170,10.);
#1624=VECTOR('',#7171,10.);
#1625=VECTOR('',#7174,10.);
#1626=VECTOR('',#7175,10.);
#1627=VECTOR('',#7176,10.);
#1628=VECTOR('',#7179,10.);
#1629=VECTOR('',#7180,10.);
#1630=VECTOR('',#7181,10.);
#1631=VECTOR('',#7184,10.);
#1632=VECTOR('',#7185,10.);
#1633=VECTOR('',#7186,10.);
#1634=VECTOR('',#7189,10.);
#1635=VECTOR('',#7190,10.);
#1636=VECTOR('',#7191,10.);
#1637=VECTOR('',#7194,10.);
#1638=VECTOR('',#7197,10.);
#1639=VECTOR('',#7200,10.);
#1640=VECTOR('',#7203,10.);
#1641=VECTOR('',#7206,10.);
#1642=VECTOR('',#7209,10.);
#1643=VECTOR('',#7212,10.);
#1644=VECTOR('',#7215,10.);
#1645=VECTOR('',#7220,10.);
#1646=VECTOR('',#7223,10.);
#1647=VECTOR('',#7226,10.);
#1648=VECTOR('',#7229,10.);
#1649=VECTOR('',#7232,10.);
#1650=VECTOR('',#7235,10.);
#1651=VECTOR('',#7238,10.);
#1652=VECTOR('',#7241,10.);
#1653=VECTOR('',#7244,10.);
#1654=VECTOR('',#7247,10.);
#1655=VECTOR('',#7250,10.);
#1656=VECTOR('',#7253,10.);
#1657=VECTOR('',#7256,10.);
#1658=VECTOR('',#7259,10.);
#1659=VECTOR('',#7262,10.);
#1660=VECTOR('',#7265,10.);
#1661=VECTOR('',#7268,10.);
#1662=VECTOR('',#7271,10.);
#1663=VECTOR('',#7274,10.);
#1664=VECTOR('',#7277,10.);
#1665=VECTOR('',#7280,10.);
#1666=VECTOR('',#7283,10.);
#1667=VECTOR('',#7286,10.);
#1668=VECTOR('',#7289,10.);
#1669=VECTOR('',#7292,10.);
#1670=VECTOR('',#7295,10.);
#1671=VECTOR('',#7298,10.);
#1672=VECTOR('',#7301,10.);
#1673=VECTOR('',#7304,10.);
#1674=VECTOR('',#7307,10.);
#1675=VECTOR('',#7310,10.);
#1676=VECTOR('',#7313,10.);
#1677=VECTOR('',#7316,10.);
#1678=VECTOR('',#7319,10.);
#1679=VECTOR('',#7322,10.);
#1680=VECTOR('',#7325,10.);
#1681=VECTOR('',#7328,10.);
#1682=VECTOR('',#7331,10.);
#1683=VECTOR('',#7334,10.);
#1684=VECTOR('',#7337,10.);
#1685=VECTOR('',#7340,10.);
#1686=VECTOR('',#7343,10.);
#1687=VECTOR('',#7346,10.);
#1688=VECTOR('',#7349,10.);
#1689=VECTOR('',#7352,10.);
#1690=VECTOR('',#7355,10.);
#1691=VECTOR('',#7358,10.);
#1692=VECTOR('',#7361,10.);
#1693=VECTOR('',#7364,10.);
#1694=VECTOR('',#7367,10.);
#1695=VECTOR('',#7370,10.);
#1696=VECTOR('',#7373,10.);
#1697=VECTOR('',#7376,10.);
#1698=VECTOR('',#7379,10.);
#1699=VECTOR('',#7382,10.);
#1700=VECTOR('',#7385,10.);
#1701=VECTOR('',#7388,10.);
#1702=VECTOR('',#7391,10.);
#1703=VECTOR('',#7394,10.);
#1704=VECTOR('',#7397,10.);
#1705=VECTOR('',#7400,10.);
#1706=VECTOR('',#7403,10.);
#1707=VECTOR('',#7406,10.);
#1708=VECTOR('',#7409,10.);
#1709=VECTOR('',#7412,10.);
#1710=VECTOR('',#7415,10.);
#1711=VECTOR('',#7418,10.);
#1712=VECTOR('',#7421,10.);
#1713=VECTOR('',#7424,10.);
#1714=VECTOR('',#7427,10.);
#1715=VECTOR('',#7430,10.);
#1716=VECTOR('',#7433,10.);
#1717=VECTOR('',#7436,10.);
#1718=VECTOR('',#7439,10.);
#1719=VECTOR('',#7442,10.);
#1720=VECTOR('',#7445,10.);
#1721=VECTOR('',#7448,10.);
#1722=VECTOR('',#7451,10.);
#1723=VECTOR('',#7454,10.);
#1724=VECTOR('',#7457,10.);
#1725=VECTOR('',#7460,10.);
#1726=VECTOR('',#7463,10.);
#1727=VECTOR('',#7466,10.);
#1728=VECTOR('',#7469,10.);
#1729=VECTOR('',#7472,10.);
#1730=VECTOR('',#7475,10.);
#1731=VECTOR('',#7478,10.);
#1732=VECTOR('',#7481,10.);
#1733=VECTOR('',#7484,10.);
#1734=VECTOR('',#7487,10.);
#1735=VECTOR('',#7490,10.);
#1736=VECTOR('',#7493,10.);
#1737=VECTOR('',#7496,10.);
#1738=VECTOR('',#7499,10.);
#1739=VECTOR('',#7502,10.);
#1740=VECTOR('',#7505,10.);
#1741=VECTOR('',#7508,10.);
#1742=VECTOR('',#7511,10.);
#1743=VECTOR('',#7514,10.);
#1744=VECTOR('',#7517,10.);
#1745=VECTOR('',#7520,10.);
#1746=VECTOR('',#7523,10.);
#1747=VECTOR('',#7526,10.);
#1748=VECTOR('',#7529,10.);
#1749=VECTOR('',#7532,10.);
#1750=VECTOR('',#7535,10.);
#1751=VECTOR('',#7538,10.);
#1752=VECTOR('',#7541,10.);
#1753=VECTOR('',#7544,10.);
#1754=VECTOR('',#7547,10.);
#1755=VECTOR('',#7550,10.);
#1756=VECTOR('',#7553,10.);
#1757=VECTOR('',#7556,10.);
#1758=VECTOR('',#7559,10.);
#1759=VECTOR('',#7562,10.);
#1760=VECTOR('',#7565,10.);
#1761=VECTOR('',#7568,10.);
#1762=VECTOR('',#7571,10.);
#1763=VECTOR('',#7574,10.);
#1764=VECTOR('',#7577,10.);
#1765=VECTOR('',#7580,10.);
#1766=VECTOR('',#7583,10.);
#1767=VECTOR('',#7586,10.);
#1768=VECTOR('',#7589,10.);
#1769=VECTOR('',#7592,10.);
#1770=VECTOR('',#7595,10.);
#1771=VECTOR('',#7598,10.);
#1772=VECTOR('',#7601,10.);
#1773=VECTOR('',#7604,10.);
#1774=VECTOR('',#7607,10.);
#1775=VECTOR('',#7610,10.);
#1776=VECTOR('',#7613,10.);
#1777=VECTOR('',#7616,10.);
#1778=VECTOR('',#7619,10.);
#1779=VECTOR('',#7622,10.);
#1780=VECTOR('',#7625,10.);
#1781=VECTOR('',#7628,10.);
#1782=VECTOR('',#7631,10.);
#1783=VECTOR('',#7634,10.);
#1784=VECTOR('',#7637,10.);
#1785=VECTOR('',#7640,10.);
#1786=VECTOR('',#7643,10.);
#1787=VECTOR('',#7646,10.);
#1788=VECTOR('',#7649,10.);
#1789=VECTOR('',#7652,10.);
#1790=VECTOR('',#7653,10.);
#1791=VECTOR('',#7654,10.);
#1792=VECTOR('',#7663,10.);
#1793=VECTOR('',#7664,10.);
#1794=VECTOR('',#7667,10.);
#1795=VECTOR('',#7668,10.);
#1796=VECTOR('',#7673,10.);
#1797=VECTOR('',#7676,10.);
#1798=VECTOR('',#7677,10.);
#1799=VECTOR('',#7682,10.);
#1800=VECTOR('',#7685,10.);
#1801=VECTOR('',#7686,10.);
#1802=VECTOR('',#7691,10.);
#1803=VECTOR('',#7694,10.);
#1804=VECTOR('',#7699,10.);
#1805=VECTOR('',#7700,10.);
#1806=VECTOR('',#7703,10.);
#1807=VECTOR('',#7704,10.);
#1808=VECTOR('',#7709,10.);
#1809=VECTOR('',#7712,10.);
#1810=VECTOR('',#7713,10.);
#1811=VECTOR('',#7718,10.);
#1812=VECTOR('',#7721,10.);
#1813=VECTOR('',#7722,10.);
#1814=VECTOR('',#7727,10.);
#1815=VECTOR('',#7730,10.);
#1816=VECTOR('',#7735,10.);
#1817=VECTOR('',#7736,10.);
#1818=VECTOR('',#7739,10.);
#1819=VECTOR('',#7740,10.);
#1820=VECTOR('',#7745,10.);
#1821=VECTOR('',#7748,10.);
#1822=VECTOR('',#7749,10.);
#1823=VECTOR('',#7754,10.);
#1824=VECTOR('',#7757,10.);
#1825=VECTOR('',#7758,10.);
#1826=VECTOR('',#7763,10.);
#1827=VECTOR('',#7766,10.);
#1828=VECTOR('',#7771,10.);
#1829=VECTOR('',#7772,10.);
#1830=VECTOR('',#7775,10.);
#1831=VECTOR('',#7776,10.);
#1832=VECTOR('',#7781,10.);
#1833=VECTOR('',#7784,10.);
#1834=VECTOR('',#7785,10.);
#1835=VECTOR('',#7790,10.);
#1836=VECTOR('',#7793,10.);
#1837=VECTOR('',#7794,10.);
#1838=VECTOR('',#7799,10.);
#1839=VECTOR('',#7802,10.);
#1840=VECTOR('',#7807,10.);
#1841=VECTOR('',#7808,10.);
#1842=VECTOR('',#7811,10.);
#1843=VECTOR('',#7812,10.);
#1844=VECTOR('',#7817,10.);
#1845=VECTOR('',#7820,10.);
#1846=VECTOR('',#7821,10.);
#1847=VECTOR('',#7826,10.);
#1848=VECTOR('',#7829,10.);
#1849=VECTOR('',#7830,10.);
#1850=VECTOR('',#7835,10.);
#1851=VECTOR('',#7838,10.);
#1852=VECTOR('',#7843,10.);
#1853=VECTOR('',#7846,10.);
#1854=VECTOR('',#7847,10.);
#1855=VECTOR('',#7852,10.);
#1856=VECTOR('',#7855,10.);
#1857=VECTOR('',#7860,10.);
#1858=VECTOR('',#7861,10.);
#1859=VECTOR('',#7864,10.);
#1860=VECTOR('',#7865,10.);
#1861=VECTOR('',#7870,10.);
#1862=VECTOR('',#7873,10.);
#1863=VECTOR('',#7874,10.);
#1864=VECTOR('',#7879,10.);
#1865=VECTOR('',#7882,10.);
#1866=VECTOR('',#7883,10.);
#1867=VECTOR('',#7888,10.);
#1868=VECTOR('',#7891,10.);
#1869=VECTOR('',#7896,10.);
#1870=VECTOR('',#7897,10.);
#1871=VECTOR('',#7900,10.);
#1872=VECTOR('',#7901,10.);
#1873=VECTOR('',#7906,10.);
#1874=VECTOR('',#7909,10.);
#1875=VECTOR('',#7910,10.);
#1876=VECTOR('',#7915,10.);
#1877=VECTOR('',#7918,10.);
#1878=VECTOR('',#7919,10.);
#1879=VECTOR('',#7924,10.);
#1880=VECTOR('',#7927,10.);
#1881=VECTOR('',#7932,10.);
#1882=VECTOR('',#7933,10.);
#1883=VECTOR('',#7936,10.);
#1884=VECTOR('',#7937,10.);
#1885=VECTOR('',#7942,10.);
#1886=VECTOR('',#7945,10.);
#1887=VECTOR('',#7946,10.);
#1888=VECTOR('',#7951,10.);
#1889=VECTOR('',#7954,10.);
#1890=VECTOR('',#7955,10.);
#1891=VECTOR('',#7960,10.);
#1892=VECTOR('',#7963,10.);
#1893=VECTOR('',#7968,10.);
#1894=VECTOR('',#7971,10.);
#1895=VECTOR('',#7972,10.);
#1896=VECTOR('',#7977,10.);
#1897=VECTOR('',#7980,10.);
#1898=VECTOR('',#7985,10.);
#1899=VECTOR('',#7986,10.);
#1900=VECTOR('',#7989,10.);
#1901=VECTOR('',#7990,10.);
#1902=VECTOR('',#7995,10.);
#1903=VECTOR('',#7998,10.);
#1904=VECTOR('',#7999,10.);
#1905=VECTOR('',#8004,10.);
#1906=VECTOR('',#8007,10.);
#1907=VECTOR('',#8008,10.);
#1908=VECTOR('',#8013,10.);
#1909=VECTOR('',#8016,10.);
#1910=VECTOR('',#8021,10.);
#1911=VECTOR('',#8022,10.);
#1912=VECTOR('',#8025,10.);
#1913=VECTOR('',#8026,10.);
#1914=VECTOR('',#8031,10.);
#1915=VECTOR('',#8034,10.);
#1916=VECTOR('',#8035,10.);
#1917=VECTOR('',#8040,10.);
#1918=VECTOR('',#8043,10.);
#1919=VECTOR('',#8044,10.);
#1920=VECTOR('',#8049,10.);
#1921=VECTOR('',#8052,10.);
#1922=VECTOR('',#8057,10.);
#1923=VECTOR('',#8058,10.);
#1924=VECTOR('',#8061,10.);
#1925=VECTOR('',#8062,10.);
#1926=VECTOR('',#8067,10.);
#1927=VECTOR('',#8070,10.);
#1928=VECTOR('',#8071,10.);
#1929=VECTOR('',#8076,10.);
#1930=VECTOR('',#8079,10.);
#1931=VECTOR('',#8080,10.);
#1932=VECTOR('',#8085,10.);
#1933=VECTOR('',#8088,10.);
#1934=VECTOR('',#8093,10.);
#1935=VECTOR('',#8094,10.);
#1936=VECTOR('',#8097,10.);
#1937=VECTOR('',#8100,10.);
#1938=VECTOR('',#8101,10.);
#1939=VECTOR('',#8106,10.);
#1940=VECTOR('',#8109,10.);
#1941=VECTOR('',#8114,10.);
#1942=VECTOR('',#8115,10.);
#1943=VECTOR('',#8118,10.);
#1944=VECTOR('',#8119,10.);
#1945=VECTOR('',#8124,10.);
#1946=VECTOR('',#8127,10.);
#1947=VECTOR('',#8128,10.);
#1948=VECTOR('',#8133,10.);
#1949=VECTOR('',#8136,10.);
#1950=VECTOR('',#8137,10.);
#1951=VECTOR('',#8142,10.);
#1952=VECTOR('',#8145,10.);
#1953=VECTOR('',#8150,10.);
#1954=VECTOR('',#8151,10.);
#1955=VECTOR('',#8154,10.);
#1956=VECTOR('',#8155,10.);
#1957=VECTOR('',#8160,10.);
#1958=VECTOR('',#8163,10.);
#1959=VECTOR('',#8164,10.);
#1960=VECTOR('',#8169,10.);
#1961=VECTOR('',#8172,10.);
#1962=VECTOR('',#8173,10.);
#1963=VECTOR('',#8178,10.);
#1964=VECTOR('',#8181,10.);
#1965=VECTOR('',#8186,10.);
#1966=VECTOR('',#8187,10.);
#1967=VECTOR('',#8190,10.);
#1968=VECTOR('',#8191,10.);
#1969=VECTOR('',#8196,10.);
#1970=VECTOR('',#8199,10.);
#1971=VECTOR('',#8200,10.);
#1972=VECTOR('',#8205,10.);
#1973=VECTOR('',#8208,10.);
#1974=VECTOR('',#8209,10.);
#1975=VECTOR('',#8214,10.);
#1976=VECTOR('',#8217,10.);
#1977=VECTOR('',#8222,10.);
#1978=VECTOR('',#8223,10.);
#1979=VECTOR('',#8226,10.);
#1980=VECTOR('',#8227,10.);
#1981=VECTOR('',#8232,10.);
#1982=VECTOR('',#8235,10.);
#1983=VECTOR('',#8236,10.);
#1984=VECTOR('',#8241,10.);
#1985=VECTOR('',#8244,10.);
#1986=VECTOR('',#8245,10.);
#1987=VECTOR('',#8250,10.);
#1988=VECTOR('',#8253,10.);
#1989=VECTOR('',#8258,10.);
#1990=VECTOR('',#8259,10.);
#1991=VECTOR('',#8262,10.);
#1992=VECTOR('',#8263,10.);
#1993=VECTOR('',#8268,10.);
#1994=VECTOR('',#8271,10.);
#1995=VECTOR('',#8272,10.);
#1996=VECTOR('',#8277,10.);
#1997=VECTOR('',#8280,10.);
#1998=VECTOR('',#8281,10.);
#1999=VECTOR('',#8286,10.);
#2000=VECTOR('',#8289,10.);
#2001=VECTOR('',#8294,10.);
#2002=VECTOR('',#8295,10.);
#2003=VECTOR('',#8298,10.);
#2004=VECTOR('',#8299,10.);
#2005=VECTOR('',#8304,10.);
#2006=VECTOR('',#8307,10.);
#2007=VECTOR('',#8308,10.);
#2008=VECTOR('',#8313,10.);
#2009=VECTOR('',#8316,10.);
#2010=VECTOR('',#8317,10.);
#2011=VECTOR('',#8322,10.);
#2012=VECTOR('',#8325,10.);
#2013=VECTOR('',#8330,10.);
#2014=VECTOR('',#8331,10.);
#2015=VECTOR('',#8334,10.);
#2016=VECTOR('',#8335,10.);
#2017=VECTOR('',#8340,10.);
#2018=VECTOR('',#8343,10.);
#2019=VECTOR('',#8344,10.);
#2020=VECTOR('',#8349,10.);
#2021=VECTOR('',#8352,10.);
#2022=VECTOR('',#8353,10.);
#2023=VECTOR('',#8358,10.);
#2024=VECTOR('',#8361,10.);
#2025=VECTOR('',#8366,10.);
#2026=VECTOR('',#8367,10.);
#2027=VECTOR('',#8370,10.);
#2028=VECTOR('',#8371,10.);
#2029=VECTOR('',#8376,10.);
#2030=VECTOR('',#8379,10.);
#2031=VECTOR('',#8380,10.);
#2032=VECTOR('',#8385,10.);
#2033=VECTOR('',#8388,10.);
#2034=VECTOR('',#8389,10.);
#2035=VECTOR('',#8394,10.);
#2036=VECTOR('',#8397,10.);
#2037=VECTOR('',#8402,10.);
#2038=VECTOR('',#8403,10.);
#2039=VECTOR('',#8406,10.);
#2040=VECTOR('',#8407,10.);
#2041=VECTOR('',#8412,10.);
#2042=VECTOR('',#8415,10.);
#2043=VECTOR('',#8416,10.);
#2044=VECTOR('',#8421,10.);
#2045=VECTOR('',#8424,10.);
#2046=VECTOR('',#8425,10.);
#2047=VECTOR('',#8430,10.);
#2048=VECTOR('',#8433,10.);
#2049=VECTOR('',#8438,10.);
#2050=VECTOR('',#8439,10.);
#2051=VECTOR('',#8442,10.);
#2052=VECTOR('',#8443,10.);
#2053=VECTOR('',#8448,10.);
#2054=VECTOR('',#8451,10.);
#2055=VECTOR('',#8452,10.);
#2056=VECTOR('',#8457,10.);
#2057=VECTOR('',#8460,10.);
#2058=VECTOR('',#8461,10.);
#2059=VECTOR('',#8466,10.);
#2060=VECTOR('',#8469,10.);
#2061=VECTOR('',#8474,10.);
#2062=VECTOR('',#8475,10.);
#2063=VECTOR('',#8478,10.);
#2064=VECTOR('',#8479,10.);
#2065=VECTOR('',#8484,10.);
#2066=VECTOR('',#8487,10.);
#2067=VECTOR('',#8488,10.);
#2068=VECTOR('',#8493,10.);
#2069=VECTOR('',#8496,10.);
#2070=VECTOR('',#8497,10.);
#2071=VECTOR('',#8502,10.);
#2072=VECTOR('',#8505,10.);
#2073=VECTOR('',#8510,10.);
#2074=VECTOR('',#8511,10.);
#2075=VECTOR('',#8514,10.);
#2076=VECTOR('',#8515,10.);
#2077=VECTOR('',#8520,10.);
#2078=VECTOR('',#8523,10.);
#2079=VECTOR('',#8524,10.);
#2080=VECTOR('',#8529,10.);
#2081=VECTOR('',#8532,10.);
#2082=VECTOR('',#8533,10.);
#2083=VECTOR('',#8538,10.);
#2084=VECTOR('',#8541,10.);
#2085=VECTOR('',#8546,10.);
#2086=VECTOR('',#8547,10.);
#2087=VECTOR('',#8550,10.);
#2088=VECTOR('',#8551,10.);
#2089=VECTOR('',#8556,10.);
#2090=VECTOR('',#8559,10.);
#2091=VECTOR('',#8560,10.);
#2092=VECTOR('',#8565,10.);
#2093=VECTOR('',#8568,10.);
#2094=VECTOR('',#8569,10.);
#2095=VECTOR('',#8574,10.);
#2096=VECTOR('',#8577,10.);
#2097=VECTOR('',#8582,10.);
#2098=VECTOR('',#8583,10.);
#2099=VECTOR('',#8586,10.);
#2100=VECTOR('',#8587,10.);
#2101=VECTOR('',#8592,10.);
#2102=VECTOR('',#8595,10.);
#2103=VECTOR('',#8596,10.);
#2104=VECTOR('',#8601,10.);
#2105=VECTOR('',#8604,10.);
#2106=VECTOR('',#8605,10.);
#2107=VECTOR('',#8610,10.);
#2108=VECTOR('',#8613,10.);
#2109=VECTOR('',#8618,10.);
#2110=VECTOR('',#8619,10.);
#2111=VECTOR('',#8622,10.);
#2112=VECTOR('',#8623,10.);
#2113=VECTOR('',#8628,10.);
#2114=VECTOR('',#8631,10.);
#2115=VECTOR('',#8632,10.);
#2116=VECTOR('',#8637,10.);
#2117=VECTOR('',#8640,10.);
#2118=VECTOR('',#8641,10.);
#2119=VECTOR('',#8646,10.);
#2120=VECTOR('',#8649,10.);
#2121=VECTOR('',#8654,10.);
#2122=VECTOR('',#8655,10.);
#2123=VECTOR('',#8658,10.);
#2124=VECTOR('',#8659,10.);
#2125=VECTOR('',#8664,10.);
#2126=VECTOR('',#8667,10.);
#2127=VECTOR('',#8668,10.);
#2128=VECTOR('',#8673,10.);
#2129=VECTOR('',#8676,10.);
#2130=VECTOR('',#8677,10.);
#2131=VECTOR('',#8682,10.);
#2132=VECTOR('',#8685,10.);
#2133=VECTOR('',#8690,10.);
#2134=VECTOR('',#8691,10.);
#2135=VECTOR('',#8694,10.);
#2136=VECTOR('',#8695,10.);
#2137=VECTOR('',#8700,10.);
#2138=VECTOR('',#8703,10.);
#2139=VECTOR('',#8704,10.);
#2140=VECTOR('',#8709,10.);
#2141=VECTOR('',#8712,10.);
#2142=VECTOR('',#8713,10.);
#2143=VECTOR('',#8718,10.);
#2144=VECTOR('',#8721,10.);
#2145=VECTOR('',#8726,10.);
#2146=VECTOR('',#8727,10.);
#2147=VECTOR('',#8730,10.);
#2148=VECTOR('',#8731,10.);
#2149=VECTOR('',#8736,10.);
#2150=VECTOR('',#8739,10.);
#2151=VECTOR('',#8740,10.);
#2152=VECTOR('',#8745,10.);
#2153=VECTOR('',#8748,10.);
#2154=VECTOR('',#8749,10.);
#2155=VECTOR('',#8754,10.);
#2156=VECTOR('',#8757,10.);
#2157=VECTOR('',#8762,10.);
#2158=VECTOR('',#8763,10.);
#2159=VECTOR('',#8766,10.);
#2160=VECTOR('',#8767,10.);
#2161=VECTOR('',#8772,10.);
#2162=VECTOR('',#8775,10.);
#2163=VECTOR('',#8776,10.);
#2164=VECTOR('',#8781,10.);
#2165=VECTOR('',#8784,10.);
#2166=VECTOR('',#8785,10.);
#2167=VECTOR('',#8790,10.);
#2168=VECTOR('',#8793,10.);
#2169=VECTOR('',#8798,10.);
#2170=VECTOR('',#8799,10.);
#2171=VECTOR('',#8802,10.);
#2172=VECTOR('',#8803,10.);
#2173=VECTOR('',#8808,10.);
#2174=VECTOR('',#8811,10.);
#2175=VECTOR('',#8812,10.);
#2176=VECTOR('',#8817,10.);
#2177=VECTOR('',#8820,10.);
#2178=VECTOR('',#8821,10.);
#2179=VECTOR('',#8826,10.);
#2180=VECTOR('',#8829,10.);
#2181=VECTOR('',#8834,10.);
#2182=VECTOR('',#8835,10.);
#2183=VECTOR('',#8838,10.);
#2184=VECTOR('',#8839,10.);
#2185=VECTOR('',#8844,10.);
#2186=VECTOR('',#8847,10.);
#2187=VECTOR('',#8848,10.);
#2188=VECTOR('',#8853,10.);
#2189=VECTOR('',#8856,10.);
#2190=VECTOR('',#8857,10.);
#2191=VECTOR('',#8862,10.);
#2192=VECTOR('',#8865,10.);
#2193=VECTOR('',#8870,10.);
#2194=VECTOR('',#8871,10.);
#2195=VECTOR('',#8874,10.);
#2196=VECTOR('',#8875,10.);
#2197=VECTOR('',#8880,10.);
#2198=VECTOR('',#8883,10.);
#2199=VECTOR('',#8884,10.);
#2200=VECTOR('',#8889,10.);
#2201=VECTOR('',#8892,10.);
#2202=VECTOR('',#8893,10.);
#2203=VECTOR('',#8898,10.);
#2204=VECTOR('',#8901,10.);
#2205=VECTOR('',#8906,10.);
#2206=VECTOR('',#8907,10.);
#2207=VECTOR('',#8910,10.);
#2208=VECTOR('',#8911,10.);
#2209=VECTOR('',#8916,10.);
#2210=VECTOR('',#8919,10.);
#2211=VECTOR('',#8920,10.);
#2212=VECTOR('',#8925,10.);
#2213=VECTOR('',#8928,10.);
#2214=VECTOR('',#8929,10.);
#2215=VECTOR('',#8934,10.);
#2216=VECTOR('',#8937,10.);
#2217=VECTOR('',#8942,10.);
#2218=VECTOR('',#8943,10.);
#2219=VECTOR('',#8946,10.);
#2220=VECTOR('',#8947,10.);
#2221=VECTOR('',#8952,10.);
#2222=VECTOR('',#8955,10.);
#2223=VECTOR('',#8956,10.);
#2224=VECTOR('',#8961,10.);
#2225=VECTOR('',#8964,10.);
#2226=VECTOR('',#8965,10.);
#2227=VECTOR('',#8970,10.);
#2228=VECTOR('',#8973,10.);
#2229=VECTOR('',#8978,10.);
#2230=VECTOR('',#8979,10.);
#2231=VECTOR('',#8982,10.);
#2232=VECTOR('',#8983,10.);
#2233=VECTOR('',#8988,10.);
#2234=VECTOR('',#8991,10.);
#2235=VECTOR('',#8992,10.);
#2236=VECTOR('',#8997,10.);
#2237=VECTOR('',#9000,10.);
#2238=VECTOR('',#9001,10.);
#2239=VECTOR('',#9006,10.);
#2240=VECTOR('',#9009,10.);
#2241=CIRCLE('',#6501,1.5);
#2242=CIRCLE('',#6502,1.5);
#2243=CIRCLE('',#6504,1.5);
#2244=CIRCLE('',#6505,1.5);
#2245=CIRCLE('',#6515,0.500000000000007);
#2246=CIRCLE('',#6516,0.499999999999998);
#2247=CIRCLE('',#6517,0.500000000000007);
#2248=CIRCLE('',#6518,0.499999999999989);
#2249=CIRCLE('',#6519,0.499999999999972);
#2250=CIRCLE('',#6520,0.499999999999998);
#2251=CIRCLE('',#6521,5.);
#2252=CIRCLE('',#6522,5.);
#2253=CIRCLE('',#6523,0.499999999999998);
#2254=CIRCLE('',#6524,0.500000000000007);
#2255=CIRCLE('',#6525,0.500000000000007);
#2256=CIRCLE('',#6526,0.500000000000007);
#2257=CIRCLE('',#6527,0.499999999999998);
#2258=CIRCLE('',#6528,0.500000000000007);
#2259=CIRCLE('',#6529,0.500000000000007);
#2260=CIRCLE('',#6530,0.500000000000007);
#2261=CIRCLE('',#6531,0.500000000000007);
#2262=CIRCLE('',#6532,0.499999999999972);
#2263=CIRCLE('',#6533,0.500000000000007);
#2264=CIRCLE('',#6534,0.500000000000007);
#2265=CIRCLE('',#6535,0.500000000000007);
#2266=CIRCLE('',#6536,0.500000000000007);
#2267=CIRCLE('',#6537,0.500000000000007);
#2268=CIRCLE('',#6538,0.499999999999989);
#2269=CIRCLE('',#6539,0.499999999999989);
#2270=CIRCLE('',#6540,0.499999999999998);
#2271=CIRCLE('',#6541,0.499999999999998);
#2272=CIRCLE('',#6542,0.499999999999998);
#2273=CIRCLE('',#6543,0.499999999999989);
#2274=CIRCLE('',#6544,0.499999999999972);
#2275=CIRCLE('',#6545,0.499999999999998);
#2276=CIRCLE('',#6546,0.500000000000007);
#2277=CIRCLE('',#6547,0.500000000000007);
#2278=CIRCLE('',#6548,0.500000000000003);
#2279=CIRCLE('',#6549,0.500000000000007);
#2280=CIRCLE('',#6550,0.499999999999998);
#2281=CIRCLE('',#6551,0.499999999999989);
#2282=CIRCLE('',#6552,0.500000000000007);
#2283=CIRCLE('',#6553,0.499999999999998);
#2284=CIRCLE('',#6554,0.500000000000007);
#2285=CIRCLE('',#6555,0.499999999999989);
#2286=CIRCLE('',#6556,0.500000000000007);
#2287=CIRCLE('',#6557,0.499999999999998);
#2288=CIRCLE('',#6558,0.499999999999998);
#2289=CIRCLE('',#6559,0.499999999999998);
#2290=CIRCLE('',#6560,0.500000000000007);
#2291=CIRCLE('',#6561,0.500000000000007);
#2292=CIRCLE('',#6562,0.500000000000007);
#2293=CIRCLE('',#6563,0.499999999999989);
#2294=CIRCLE('',#6564,0.499999999999972);
#2295=CIRCLE('',#6565,0.499999999999998);
#2296=CIRCLE('',#6566,0.500000000000007);
#2297=CIRCLE('',#6567,0.500000000000007);
#2298=CIRCLE('',#6568,0.499999999999998);
#2299=CIRCLE('',#6569,0.500000000000007);
#2300=CIRCLE('',#6570,0.499999999999998);
#2301=CIRCLE('',#6571,0.500000000000007);
#2302=CIRCLE('',#6572,0.500000000000007);
#2303=CIRCLE('',#6573,0.499999999999989);
#2304=CIRCLE('',#6574,0.500000000000007);
#2305=CIRCLE('',#6575,0.499999999999998);
#2306=CIRCLE('',#6576,0.500000000000007);
#2307=CIRCLE('',#6577,0.499999999999998);
#2308=CIRCLE('',#6578,0.500000000000007);
#2309=CIRCLE('',#6579,0.499999999999998);
#2310=CIRCLE('',#6580,0.499999999999972);
#2311=CIRCLE('',#6581,0.499999999999998);
#2312=CIRCLE('',#6582,0.500000000000007);
#2313=CIRCLE('',#6583,0.499999999999998);
#2314=CIRCLE('',#6584,0.500000000000007);
#2315=CIRCLE('',#6585,0.499999999999998);
#2316=CIRCLE('',#6586,0.499999999999989);
#2317=CIRCLE('',#6587,0.500000000000007);
#2318=CIRCLE('',#6588,0.500000000000007);
#2319=CIRCLE('',#6589,0.500000000000007);
#2320=CIRCLE('',#6590,0.499999999999998);
#2321=CIRCLE('',#6591,0.500000000000007);
#2322=CIRCLE('',#6592,0.500000000000007);
#2323=CIRCLE('',#6593,0.500000000000007);
#2324=CIRCLE('',#6594,0.500000000000003);
#2325=CIRCLE('',#6595,0.500000000000007);
#2326=CIRCLE('',#6596,0.499999999999998);
#2327=CIRCLE('',#6597,0.500000000000007);
#2328=CIRCLE('',#6598,0.499999999999998);
#2329=CIRCLE('',#6599,0.500000000000007);
#2330=CIRCLE('',#6600,0.500000000000007);
#2331=CIRCLE('',#6601,0.500000000000007);
#2332=CIRCLE('',#6602,0.499999999999972);
#2333=CIRCLE('',#6603,0.499999999999998);
#2334=CIRCLE('',#6604,0.500000000000003);
#2335=CIRCLE('',#6605,0.499999999999998);
#2336=CIRCLE('',#6606,0.499999999999998);
#2337=CIRCLE('',#6607,0.499999999999998);
#2338=CIRCLE('',#6608,0.499999999999998);
#2339=CIRCLE('',#6609,0.499999999999998);
#2340=CIRCLE('',#6610,0.500000000000007);
#2341=CIRCLE('',#6611,0.499999999999998);
#2342=CIRCLE('',#6612,0.499999999999998);
#2343=CIRCLE('',#6613,0.499999999999998);
#2344=CIRCLE('',#6614,0.499999999999998);
#2345=CIRCLE('',#6615,0.499999999999998);
#2346=CIRCLE('',#6616,0.500000000000007);
#2347=CIRCLE('',#6617,0.499999999999998);
#2348=CIRCLE('',#6618,0.500000000000007);
#2349=CIRCLE('',#6619,0.499999999999998);
#2350=CIRCLE('',#6620,0.499999999999972);
#2351=CIRCLE('',#6621,0.499999999999998);
#2352=CIRCLE('',#6622,0.500000000000007);
#2353=CIRCLE('',#6623,0.500000000000007);
#2354=CIRCLE('',#6624,0.499999999999998);
#2355=CIRCLE('',#6625,0.500000000000007);
#2356=CIRCLE('',#6626,0.499999999999998);
#2357=CIRCLE('',#6627,0.499999999999998);
#2358=CIRCLE('',#6628,0.499999999999998);
#2359=CIRCLE('',#6629,0.500000000000007);
#2360=CIRCLE('',#6630,0.499999999999998);
#2361=CIRCLE('',#6631,0.499999999999998);
#2362=CIRCLE('',#6632,0.499999999999998);
#2363=CIRCLE('',#6633,0.500000000000007);
#2364=CIRCLE('',#6634,0.499999999999998);
#2365=CIRCLE('',#6635,0.500000000000007);
#2366=CIRCLE('',#6636,0.500000000000007);
#2367=CIRCLE('',#6637,0.500000000000007);
#2368=CIRCLE('',#6638,0.499999999999998);
#2369=CIRCLE('',#6639,0.500000000000007);
#2370=CIRCLE('',#6640,0.500000000000007);
#2371=CIRCLE('',#6641,0.500000000000007);
#2372=CIRCLE('',#6642,0.500000000000007);
#2373=CIRCLE('',#6643,0.500000000000007);
#2374=CIRCLE('',#6644,0.500000000000007);
#2375=CIRCLE('',#6645,0.500000000000007);
#2376=CIRCLE('',#6646,0.500000000000007);
#2377=CIRCLE('',#6647,0.500000000000007);
#2378=CIRCLE('',#6648,0.500000000000007);
#2379=CIRCLE('',#6649,0.500000000000007);
#2380=CIRCLE('',#6650,0.500000000000007);
#2381=CIRCLE('',#6651,0.499999999999998);
#2382=CIRCLE('',#6652,0.500000000000007);
#2383=CIRCLE('',#6653,0.500000000000007);
#2384=CIRCLE('',#6654,0.499999999999998);
#2385=CIRCLE('',#6655,0.499999999999989);
#2386=CIRCLE('',#6656,0.500000000000007);
#2387=CIRCLE('',#6657,0.499999999999998);
#2388=CIRCLE('',#6658,0.500000000000007);
#2389=CIRCLE('',#6659,0.499999999999998);
#2390=CIRCLE('',#6660,0.499999999999972);
#2391=CIRCLE('',#6661,0.500000000000007);
#2392=CIRCLE('',#6662,0.500000000000007);
#2393=CIRCLE('',#6663,0.499999999999989);
#2394=CIRCLE('',#6664,0.499999999999998);
#2395=CIRCLE('',#6665,0.499999999999998);
#2396=CIRCLE('',#6666,0.499999999999998);
#2397=CIRCLE('',#6669,5.);
#2398=CIRCLE('',#6671,0.499999999999989);
#2399=CIRCLE('',#6674,0.499999999999998);
#2400=CIRCLE('',#6677,0.499999999999998);
#2401=CIRCLE('',#6680,0.499999999999998);
#2402=CIRCLE('',#6683,0.499999999999998);
#2403=CIRCLE('',#6686,0.499999999999972);
#2404=CIRCLE('',#6689,0.500000000000007);
#2405=CIRCLE('',#6692,0.500000000000007);
#2406=CIRCLE('',#6695,0.499999999999989);
#2407=CIRCLE('',#6698,0.500000000000007);
#2408=CIRCLE('',#6701,0.499999999999998);
#2409=CIRCLE('',#6704,0.500000000000007);
#2410=CIRCLE('',#6707,0.499999999999998);
#2411=CIRCLE('',#6710,0.500000000000007);
#2412=CIRCLE('',#6713,0.500000000000007);
#2413=CIRCLE('',#6716,0.499999999999998);
#2414=CIRCLE('',#6719,0.500000000000007);
#2415=CIRCLE('',#6722,0.500000000000007);
#2416=CIRCLE('',#6725,0.500000000000007);
#2417=CIRCLE('',#6728,0.500000000000007);
#2418=CIRCLE('',#6731,0.499999999999998);
#2419=CIRCLE('',#6734,0.500000000000007);
#2420=CIRCLE('',#6737,0.500000000000007);
#2421=CIRCLE('',#6740,0.500000000000007);
#2422=CIRCLE('',#6743,0.500000000000007);
#2423=CIRCLE('',#6746,0.500000000000007);
#2424=CIRCLE('',#6749,0.500000000000007);
#2425=CIRCLE('',#6752,0.500000000000007);
#2426=CIRCLE('',#6755,0.500000000000007);
#2427=CIRCLE('',#6758,0.500000000000007);
#2428=CIRCLE('',#6761,0.500000000000007);
#2429=CIRCLE('',#6764,0.500000000000007);
#2430=CIRCLE('',#6767,0.500000000000007);
#2431=CIRCLE('',#6770,0.499999999999998);
#2432=CIRCLE('',#6773,0.499999999999989);
#2433=CIRCLE('',#6776,0.500000000000007);
#2434=CIRCLE('',#6779,0.499999999999998);
#2435=CIRCLE('',#6782,0.499999999999998);
#2436=CIRCLE('',#6785,0.500000000000007);
#2437=CIRCLE('',#6788,0.499999999999998);
#2438=CIRCLE('',#6791,0.499999999999998);
#2439=CIRCLE('',#6794,0.499999999999998);
#2440=CIRCLE('',#6797,0.500000000000007);
#2441=CIRCLE('',#6800,0.499999999999998);
#2442=CIRCLE('',#6803,0.500000000000007);
#2443=CIRCLE('',#6806,0.499999999999998);
#2444=CIRCLE('',#6809,0.500000000000007);
#2445=CIRCLE('',#6812,0.499999999999998);
#2446=CIRCLE('',#6815,0.499999999999998);
#2447=CIRCLE('',#6819,0.499999999999972);
#2448=CIRCLE('',#6822,0.499999999999998);
#2449=CIRCLE('',#6825,0.499999999999972);
#2450=CIRCLE('',#6828,0.499999999999998);
#2451=CIRCLE('',#6831,0.500000000000007);
#2452=CIRCLE('',#6834,0.499999999999998);
#2453=CIRCLE('',#6837,0.500000000000007);
#2454=CIRCLE('',#6840,0.499999999999998);
#2455=CIRCLE('',#6843,0.500000000000007);
#2456=CIRCLE('',#6846,0.499999999999998);
#2457=CIRCLE('',#6849,0.499999999999998);
#2458=CIRCLE('',#6852,0.499999999999998);
#2459=CIRCLE('',#6855,0.499999999999998);
#2460=CIRCLE('',#6858,0.499999999999998);
#2461=CIRCLE('',#6861,0.499999999999998);
#2462=CIRCLE('',#6864,0.499999999999998);
#2463=CIRCLE('',#6867,0.500000000000007);
#2464=CIRCLE('',#6870,0.499999999999998);
#2465=CIRCLE('',#6873,0.500000000000003);
#2466=CIRCLE('',#6876,0.499999999999998);
#2467=CIRCLE('',#6879,0.499999999999998);
#2468=CIRCLE('',#6882,0.500000000000007);
#2469=CIRCLE('',#6885,0.500000000000007);
#2470=CIRCLE('',#6888,0.500000000000007);
#2471=CIRCLE('',#6891,0.499999999999972);
#2472=CIRCLE('',#6894,0.500000000000007);
#2473=CIRCLE('',#6897,0.499999999999998);
#2474=CIRCLE('',#6900,0.500000000000007);
#2475=CIRCLE('',#6903,0.499999999999998);
#2476=CIRCLE('',#6906,0.500000000000007);
#2477=CIRCLE('',#6909,0.500000000000007);
#2478=CIRCLE('',#6912,0.500000000000007);
#2479=CIRCLE('',#6915,0.500000000000003);
#2480=CIRCLE('',#6918,0.500000000000007);
#2481=CIRCLE('',#6921,0.500000000000007);
#2482=CIRCLE('',#6924,0.500000000000007);
#2483=CIRCLE('',#6927,0.499999999999998);
#2484=CIRCLE('',#6930,0.499999999999998);
#2485=CIRCLE('',#6933,0.500000000000007);
#2486=CIRCLE('',#6936,0.499999999999998);
#2487=CIRCLE('',#6939,0.499999999999989);
#2488=CIRCLE('',#6942,0.499999999999998);
#2489=CIRCLE('',#6945,0.499999999999972);
#2490=CIRCLE('',#6948,0.499999999999998);
#2491=CIRCLE('',#6951,0.500000000000007);
#2492=CIRCLE('',#6954,0.499999999999998);
#2493=CIRCLE('',#6957,0.500000000000007);
#2494=CIRCLE('',#6960,0.499999999999998);
#2495=CIRCLE('',#6963,0.500000000000007);
#2496=CIRCLE('',#6966,0.500000000000007);
#2497=CIRCLE('',#6969,0.500000000000007);
#2498=CIRCLE('',#6972,0.499999999999989);
#2499=CIRCLE('',#6975,0.500000000000007);
#2500=CIRCLE('',#6978,0.500000000000007);
#2501=CIRCLE('',#6981,0.499999999999998);
#2502=CIRCLE('',#6984,0.500000000000007);
#2503=CIRCLE('',#6987,0.499999999999998);
#2504=CIRCLE('',#6990,0.499999999999989);
#2505=CIRCLE('',#6993,0.499999999999972);
#2506=CIRCLE('',#6996,0.499999999999998);
#2507=CIRCLE('',#6999,0.500000000000007);
#2508=CIRCLE('',#7002,0.499999999999998);
#2509=CIRCLE('',#7005,0.500000000000007);
#2510=CIRCLE('',#7008,0.500000000000007);
#2511=CIRCLE('',#7011,0.500000000000007);
#2512=CIRCLE('',#7014,0.499999999999989);
#2513=CIRCLE('',#7017,0.500000000000007);
#2514=CIRCLE('',#7020,0.499999999999998);
#2515=CIRCLE('',#7023,0.499999999999998);
#2516=CIRCLE('',#7026,0.499999999999989);
#2517=CIRCLE('',#7029,0.500000000000007);
#2518=CIRCLE('',#7032,0.499999999999998);
#2519=CIRCLE('',#7035,0.500000000000007);
#2520=CIRCLE('',#7038,0.500000000000007);
#2521=CIRCLE('',#7041,0.500000000000003);
#2522=CIRCLE('',#7044,0.500000000000007);
#2523=CIRCLE('',#7047,0.499999999999998);
#2524=CIRCLE('',#7050,0.499999999999989);
#2525=CIRCLE('',#7053,0.499999999999972);
#2526=CIRCLE('',#7056,0.499999999999998);
#2527=CIRCLE('',#7059,0.500000000000007);
#2528=CIRCLE('',#7062,0.499999999999989);
#2529=CIRCLE('',#7065,0.499999999999998);
#2530=CIRCLE('',#7068,0.499999999999998);
#2531=CIRCLE('',#7071,0.499999999999998);
#2532=CIRCLE('',#7074,0.500000000000007);
#2533=CIRCLE('',#7077,0.500000000000007);
#2534=CIRCLE('',#7080,0.500000000000007);
#2535=CIRCLE('',#7083,0.499999999999989);
#2536=CIRCLE('',#7086,0.500000000000007);
#2537=CIRCLE('',#7089,0.499999999999972);
#2538=CIRCLE('',#7092,0.500000000000007);
#2539=CIRCLE('',#7095,0.500000000000007);
#2540=CIRCLE('',#7098,0.499999999999998);
#2541=CIRCLE('',#7101,0.500000000000007);
#2542=CIRCLE('',#7104,0.500000000000007);
#2543=CIRCLE('',#7107,0.500000000000007);
#2544=CIRCLE('',#7110,0.499999999999998);
#2545=CIRCLE('',#7113,0.500000000000007);
#2546=CIRCLE('',#7116,0.500000000000007);
#2547=CIRCLE('',#7119,0.500000000000007);
#2548=CIRCLE('',#7122,5.);
#2549=VERTEX_POINT('',#9028);
#2550=VERTEX_POINT('',#9030);
#2551=VERTEX_POINT('',#9034);
#2552=VERTEX_POINT('',#9036);
#2553=VERTEX_POINT('',#9040);
#2554=VERTEX_POINT('',#9041);
#2555=VERTEX_POINT('',#9043);
#2556=VERTEX_POINT('',#9045);
#2557=VERTEX_POINT('',#9049);
#2558=VERTEX_POINT('',#9050);
#2559=VERTEX_POINT('',#9052);
#2560=VERTEX_POINT('',#9054);
#2561=VERTEX_POINT('',#9058);
#2562=VERTEX_POINT('',#9059);
#2563=VERTEX_POINT('',#9061);
#2564=VERTEX_POINT('',#9063);
#2565=VERTEX_POINT('',#9067);
#2566=VERTEX_POINT('',#9068);
#2567=VERTEX_POINT('',#9070);
#2568=VERTEX_POINT('',#9072);
#2569=VERTEX_POINT('',#9076);
#2570=VERTEX_POINT('',#9078);
#2571=VERTEX_POINT('',#9082);
#2572=VERTEX_POINT('',#9084);
#2573=VERTEX_POINT('',#9088);
#2574=VERTEX_POINT('',#9090);
#2575=VERTEX_POINT('',#9094);
#2576=VERTEX_POINT('',#9096);
#2577=VERTEX_POINT('',#9100);
#2578=VERTEX_POINT('',#9102);
#2579=VERTEX_POINT('',#9104);
#2580=VERTEX_POINT('',#9107);
#2581=VERTEX_POINT('',#9109);
#2582=VERTEX_POINT('',#9111);
#2583=VERTEX_POINT('',#9114);
#2584=VERTEX_POINT('',#9116);
#2585=VERTEX_POINT('',#9118);
#2586=VERTEX_POINT('',#9120);
#2587=VERTEX_POINT('',#9123);
#2588=VERTEX_POINT('',#9125);
#2589=VERTEX_POINT('',#9128);
#2590=VERTEX_POINT('',#9129);
#2591=VERTEX_POINT('',#9131);
#2592=VERTEX_POINT('',#9133);
#2593=VERTEX_POINT('',#9135);
#2594=VERTEX_POINT('',#9137);
#2595=VERTEX_POINT('',#9139);
#2596=VERTEX_POINT('',#9141);
#2597=VERTEX_POINT('',#9144);
#2598=VERTEX_POINT('',#9145);
#2599=VERTEX_POINT('',#9147);
#2600=VERTEX_POINT('',#9149);
#2601=VERTEX_POINT('',#9151);
#2602=VERTEX_POINT('',#9153);
#2603=VERTEX_POINT('',#9155);
#2604=VERTEX_POINT('',#9157);
#2605=VERTEX_POINT('',#9160);
#2606=VERTEX_POINT('',#9161);
#2607=VERTEX_POINT('',#9163);
#2608=VERTEX_POINT('',#9165);
#2609=VERTEX_POINT('',#9167);
#2610=VERTEX_POINT('',#9169);
#2611=VERTEX_POINT('',#9171);
#2612=VERTEX_POINT('',#9173);
#2613=VERTEX_POINT('',#9176);
#2614=VERTEX_POINT('',#9177);
#2615=VERTEX_POINT('',#9179);
#2616=VERTEX_POINT('',#9181);
#2617=VERTEX_POINT('',#9183);
#2618=VERTEX_POINT('',#9185);
#2619=VERTEX_POINT('',#9187);
#2620=VERTEX_POINT('',#9189);
#2621=VERTEX_POINT('',#9192);
#2622=VERTEX_POINT('',#9193);
#2623=VERTEX_POINT('',#9195);
#2624=VERTEX_POINT('',#9197);
#2625=VERTEX_POINT('',#9199);
#2626=VERTEX_POINT('',#9201);
#2627=VERTEX_POINT('',#9203);
#2628=VERTEX_POINT('',#9205);
#2629=VERTEX_POINT('',#9208);
#2630=VERTEX_POINT('',#9209);
#2631=VERTEX_POINT('',#9211);
#2632=VERTEX_POINT('',#9213);
#2633=VERTEX_POINT('',#9215);
#2634=VERTEX_POINT('',#9217);
#2635=VERTEX_POINT('',#9219);
#2636=VERTEX_POINT('',#9221);
#2637=VERTEX_POINT('',#9224);
#2638=VERTEX_POINT('',#9225);
#2639=VERTEX_POINT('',#9227);
#2640=VERTEX_POINT('',#9229);
#2641=VERTEX_POINT('',#9231);
#2642=VERTEX_POINT('',#9233);
#2643=VERTEX_POINT('',#9235);
#2644=VERTEX_POINT('',#9237);
#2645=VERTEX_POINT('',#9240);
#2646=VERTEX_POINT('',#9241);
#2647=VERTEX_POINT('',#9243);
#2648=VERTEX_POINT('',#9245);
#2649=VERTEX_POINT('',#9247);
#2650=VERTEX_POINT('',#9249);
#2651=VERTEX_POINT('',#9251);
#2652=VERTEX_POINT('',#9253);
#2653=VERTEX_POINT('',#9256);
#2654=VERTEX_POINT('',#9257);
#2655=VERTEX_POINT('',#9259);
#2656=VERTEX_POINT('',#9261);
#2657=VERTEX_POINT('',#9263);
#2658=VERTEX_POINT('',#9265);
#2659=VERTEX_POINT('',#9267);
#2660=VERTEX_POINT('',#9269);
#2661=VERTEX_POINT('',#9272);
#2662=VERTEX_POINT('',#9273);
#2663=VERTEX_POINT('',#9275);
#2664=VERTEX_POINT('',#9277);
#2665=VERTEX_POINT('',#9279);
#2666=VERTEX_POINT('',#9281);
#2667=VERTEX_POINT('',#9283);
#2668=VERTEX_POINT('',#9285);
#2669=VERTEX_POINT('',#9288);
#2670=VERTEX_POINT('',#9289);
#2671=VERTEX_POINT('',#9291);
#2672=VERTEX_POINT('',#9293);
#2673=VERTEX_POINT('',#9295);
#2674=VERTEX_POINT('',#9297);
#2675=VERTEX_POINT('',#9299);
#2676=VERTEX_POINT('',#9301);
#2677=VERTEX_POINT('',#9304);
#2678=VERTEX_POINT('',#9305);
#2679=VERTEX_POINT('',#9307);
#2680=VERTEX_POINT('',#9309);
#2681=VERTEX_POINT('',#9311);
#2682=VERTEX_POINT('',#9313);
#2683=VERTEX_POINT('',#9315);
#2684=VERTEX_POINT('',#9317);
#2685=VERTEX_POINT('',#9320);
#2686=VERTEX_POINT('',#9321);
#2687=VERTEX_POINT('',#9323);
#2688=VERTEX_POINT('',#9325);
#2689=VERTEX_POINT('',#9327);
#2690=VERTEX_POINT('',#9329);
#2691=VERTEX_POINT('',#9331);
#2692=VERTEX_POINT('',#9333);
#2693=VERTEX_POINT('',#9336);
#2694=VERTEX_POINT('',#9337);
#2695=VERTEX_POINT('',#9339);
#2696=VERTEX_POINT('',#9341);
#2697=VERTEX_POINT('',#9343);
#2698=VERTEX_POINT('',#9345);
#2699=VERTEX_POINT('',#9347);
#2700=VERTEX_POINT('',#9349);
#2701=VERTEX_POINT('',#9352);
#2702=VERTEX_POINT('',#9353);
#2703=VERTEX_POINT('',#9355);
#2704=VERTEX_POINT('',#9357);
#2705=VERTEX_POINT('',#9359);
#2706=VERTEX_POINT('',#9361);
#2707=VERTEX_POINT('',#9363);
#2708=VERTEX_POINT('',#9365);
#2709=VERTEX_POINT('',#9368);
#2710=VERTEX_POINT('',#9369);
#2711=VERTEX_POINT('',#9371);
#2712=VERTEX_POINT('',#9373);
#2713=VERTEX_POINT('',#9375);
#2714=VERTEX_POINT('',#9377);
#2715=VERTEX_POINT('',#9379);
#2716=VERTEX_POINT('',#9381);
#2717=VERTEX_POINT('',#9384);
#2718=VERTEX_POINT('',#9385);
#2719=VERTEX_POINT('',#9387);
#2720=VERTEX_POINT('',#9389);
#2721=VERTEX_POINT('',#9391);
#2722=VERTEX_POINT('',#9393);
#2723=VERTEX_POINT('',#9395);
#2724=VERTEX_POINT('',#9397);
#2725=VERTEX_POINT('',#9400);
#2726=VERTEX_POINT('',#9401);
#2727=VERTEX_POINT('',#9403);
#2728=VERTEX_POINT('',#9405);
#2729=VERTEX_POINT('',#9407);
#2730=VERTEX_POINT('',#9409);
#2731=VERTEX_POINT('',#9411);
#2732=VERTEX_POINT('',#9413);
#2733=VERTEX_POINT('',#9416);
#2734=VERTEX_POINT('',#9417);
#2735=VERTEX_POINT('',#9419);
#2736=VERTEX_POINT('',#9421);
#2737=VERTEX_POINT('',#9423);
#2738=VERTEX_POINT('',#9425);
#2739=VERTEX_POINT('',#9427);
#2740=VERTEX_POINT('',#9429);
#2741=VERTEX_POINT('',#9432);
#2742=VERTEX_POINT('',#9433);
#2743=VERTEX_POINT('',#9435);
#2744=VERTEX_POINT('',#9437);
#2745=VERTEX_POINT('',#9439);
#2746=VERTEX_POINT('',#9441);
#2747=VERTEX_POINT('',#9443);
#2748=VERTEX_POINT('',#9445);
#2749=VERTEX_POINT('',#9448);
#2750=VERTEX_POINT('',#9449);
#2751=VERTEX_POINT('',#9451);
#2752=VERTEX_POINT('',#9453);
#2753=VERTEX_POINT('',#9455);
#2754=VERTEX_POINT('',#9457);
#2755=VERTEX_POINT('',#9459);
#2756=VERTEX_POINT('',#9461);
#2757=VERTEX_POINT('',#9464);
#2758=VERTEX_POINT('',#9465);
#2759=VERTEX_POINT('',#9467);
#2760=VERTEX_POINT('',#9469);
#2761=VERTEX_POINT('',#9471);
#2762=VERTEX_POINT('',#9473);
#2763=VERTEX_POINT('',#9475);
#2764=VERTEX_POINT('',#9477);
#2765=VERTEX_POINT('',#9480);
#2766=VERTEX_POINT('',#9481);
#2767=VERTEX_POINT('',#9483);
#2768=VERTEX_POINT('',#9485);
#2769=VERTEX_POINT('',#9487);
#2770=VERTEX_POINT('',#9489);
#2771=VERTEX_POINT('',#9491);
#2772=VERTEX_POINT('',#9493);
#2773=VERTEX_POINT('',#9496);
#2774=VERTEX_POINT('',#9497);
#2775=VERTEX_POINT('',#9499);
#2776=VERTEX_POINT('',#9501);
#2777=VERTEX_POINT('',#9503);
#2778=VERTEX_POINT('',#9505);
#2779=VERTEX_POINT('',#9507);
#2780=VERTEX_POINT('',#9509);
#2781=VERTEX_POINT('',#9512);
#2782=VERTEX_POINT('',#9513);
#2783=VERTEX_POINT('',#9515);
#2784=VERTEX_POINT('',#9517);
#2785=VERTEX_POINT('',#9519);
#2786=VERTEX_POINT('',#9521);
#2787=VERTEX_POINT('',#9523);
#2788=VERTEX_POINT('',#9525);
#2789=VERTEX_POINT('',#9528);
#2790=VERTEX_POINT('',#9529);
#2791=VERTEX_POINT('',#9531);
#2792=VERTEX_POINT('',#9533);
#2793=VERTEX_POINT('',#9535);
#2794=VERTEX_POINT('',#9537);
#2795=VERTEX_POINT('',#9539);
#2796=VERTEX_POINT('',#9541);
#2797=VERTEX_POINT('',#9544);
#2798=VERTEX_POINT('',#9545);
#2799=VERTEX_POINT('',#9547);
#2800=VERTEX_POINT('',#9549);
#2801=VERTEX_POINT('',#9551);
#2802=VERTEX_POINT('',#9553);
#2803=VERTEX_POINT('',#9555);
#2804=VERTEX_POINT('',#9557);
#2805=VERTEX_POINT('',#9560);
#2806=VERTEX_POINT('',#9561);
#2807=VERTEX_POINT('',#9563);
#2808=VERTEX_POINT('',#9565);
#2809=VERTEX_POINT('',#9567);
#2810=VERTEX_POINT('',#9569);
#2811=VERTEX_POINT('',#9571);
#2812=VERTEX_POINT('',#9573);
#2813=VERTEX_POINT('',#9576);
#2814=VERTEX_POINT('',#9577);
#2815=VERTEX_POINT('',#9579);
#2816=VERTEX_POINT('',#9581);
#2817=VERTEX_POINT('',#9583);
#2818=VERTEX_POINT('',#9585);
#2819=VERTEX_POINT('',#9587);
#2820=VERTEX_POINT('',#9589);
#2821=VERTEX_POINT('',#9592);
#2822=VERTEX_POINT('',#9593);
#2823=VERTEX_POINT('',#9595);
#2824=VERTEX_POINT('',#9597);
#2825=VERTEX_POINT('',#9599);
#2826=VERTEX_POINT('',#9601);
#2827=VERTEX_POINT('',#9603);
#2828=VERTEX_POINT('',#9605);
#2829=VERTEX_POINT('',#9608);
#2830=VERTEX_POINT('',#9609);
#2831=VERTEX_POINT('',#9611);
#2832=VERTEX_POINT('',#9613);
#2833=VERTEX_POINT('',#9615);
#2834=VERTEX_POINT('',#9617);
#2835=VERTEX_POINT('',#9619);
#2836=VERTEX_POINT('',#9621);
#2837=VERTEX_POINT('',#9624);
#2838=VERTEX_POINT('',#9625);
#2839=VERTEX_POINT('',#9627);
#2840=VERTEX_POINT('',#9629);
#2841=VERTEX_POINT('',#9631);
#2842=VERTEX_POINT('',#9633);
#2843=VERTEX_POINT('',#9635);
#2844=VERTEX_POINT('',#9637);
#2845=VERTEX_POINT('',#9640);
#2846=VERTEX_POINT('',#9641);
#2847=VERTEX_POINT('',#9643);
#2848=VERTEX_POINT('',#9645);
#2849=VERTEX_POINT('',#9647);
#2850=VERTEX_POINT('',#9649);
#2851=VERTEX_POINT('',#9651);
#2852=VERTEX_POINT('',#9653);
#2853=VERTEX_POINT('',#9656);
#2854=VERTEX_POINT('',#9657);
#2855=VERTEX_POINT('',#9659);
#2856=VERTEX_POINT('',#9661);
#2857=VERTEX_POINT('',#9663);
#2858=VERTEX_POINT('',#9665);
#2859=VERTEX_POINT('',#9667);
#2860=VERTEX_POINT('',#9669);
#2861=VERTEX_POINT('',#9672);
#2862=VERTEX_POINT('',#9673);
#2863=VERTEX_POINT('',#9675);
#2864=VERTEX_POINT('',#9677);
#2865=VERTEX_POINT('',#9679);
#2866=VERTEX_POINT('',#9681);
#2867=VERTEX_POINT('',#9683);
#2868=VERTEX_POINT('',#9685);
#2869=VERTEX_POINT('',#9688);
#2870=VERTEX_POINT('',#9689);
#2871=VERTEX_POINT('',#9691);
#2872=VERTEX_POINT('',#9693);
#2873=VERTEX_POINT('',#9695);
#2874=VERTEX_POINT('',#9697);
#2875=VERTEX_POINT('',#9699);
#2876=VERTEX_POINT('',#9701);
#2877=VERTEX_POINT('',#9705);
#2878=VERTEX_POINT('',#9707);
#2879=VERTEX_POINT('',#9713);
#2880=VERTEX_POINT('',#9714);
#2881=VERTEX_POINT('',#9719);
#2882=VERTEX_POINT('',#9723);
#2883=VERTEX_POINT('',#9727);
#2884=VERTEX_POINT('',#9731);
#2885=VERTEX_POINT('',#9735);
#2886=VERTEX_POINT('',#9739);
#2887=VERTEX_POINT('',#9745);
#2888=VERTEX_POINT('',#9746);
#2889=VERTEX_POINT('',#9751);
#2890=VERTEX_POINT('',#9755);
#2891=VERTEX_POINT('',#9759);
#2892=VERTEX_POINT('',#9763);
#2893=VERTEX_POINT('',#9767);
#2894=VERTEX_POINT('',#9771);
#2895=VERTEX_POINT('',#9777);
#2896=VERTEX_POINT('',#9778);
#2897=VERTEX_POINT('',#9783);
#2898=VERTEX_POINT('',#9787);
#2899=VERTEX_POINT('',#9791);
#2900=VERTEX_POINT('',#9795);
#2901=VERTEX_POINT('',#9799);
#2902=VERTEX_POINT('',#9803);
#2903=VERTEX_POINT('',#9809);
#2904=VERTEX_POINT('',#9810);
#2905=VERTEX_POINT('',#9815);
#2906=VERTEX_POINT('',#9819);
#2907=VERTEX_POINT('',#9823);
#2908=VERTEX_POINT('',#9827);
#2909=VERTEX_POINT('',#9831);
#2910=VERTEX_POINT('',#9835);
#2911=VERTEX_POINT('',#9841);
#2912=VERTEX_POINT('',#9842);
#2913=VERTEX_POINT('',#9847);
#2914=VERTEX_POINT('',#9851);
#2915=VERTEX_POINT('',#9855);
#2916=VERTEX_POINT('',#9859);
#2917=VERTEX_POINT('',#9863);
#2918=VERTEX_POINT('',#9867);
#2919=VERTEX_POINT('',#9873);
#2920=VERTEX_POINT('',#9877);
#2921=VERTEX_POINT('',#9881);
#2922=VERTEX_POINT('',#9887);
#2923=VERTEX_POINT('',#9888);
#2924=VERTEX_POINT('',#9893);
#2925=VERTEX_POINT('',#9897);
#2926=VERTEX_POINT('',#9901);
#2927=VERTEX_POINT('',#9905);
#2928=VERTEX_POINT('',#9909);
#2929=VERTEX_POINT('',#9913);
#2930=VERTEX_POINT('',#9919);
#2931=VERTEX_POINT('',#9920);
#2932=VERTEX_POINT('',#9925);
#2933=VERTEX_POINT('',#9929);
#2934=VERTEX_POINT('',#9933);
#2935=VERTEX_POINT('',#9937);
#2936=VERTEX_POINT('',#9941);
#2937=VERTEX_POINT('',#9945);
#2938=VERTEX_POINT('',#9951);
#2939=VERTEX_POINT('',#9952);
#2940=VERTEX_POINT('',#9957);
#2941=VERTEX_POINT('',#9961);
#2942=VERTEX_POINT('',#9965);
#2943=VERTEX_POINT('',#9969);
#2944=VERTEX_POINT('',#9973);
#2945=VERTEX_POINT('',#9977);
#2946=VERTEX_POINT('',#9983);
#2947=VERTEX_POINT('',#9987);
#2948=VERTEX_POINT('',#9991);
#2949=VERTEX_POINT('',#9997);
#2950=VERTEX_POINT('',#9998);
#2951=VERTEX_POINT('',#10003);
#2952=VERTEX_POINT('',#10007);
#2953=VERTEX_POINT('',#10011);
#2954=VERTEX_POINT('',#10015);
#2955=VERTEX_POINT('',#10019);
#2956=VERTEX_POINT('',#10023);
#2957=VERTEX_POINT('',#10029);
#2958=VERTEX_POINT('',#10030);
#2959=VERTEX_POINT('',#10035);
#2960=VERTEX_POINT('',#10039);
#2961=VERTEX_POINT('',#10043);
#2962=VERTEX_POINT('',#10047);
#2963=VERTEX_POINT('',#10051);
#2964=VERTEX_POINT('',#10055);
#2965=VERTEX_POINT('',#10061);
#2966=VERTEX_POINT('',#10062);
#2967=VERTEX_POINT('',#10067);
#2968=VERTEX_POINT('',#10071);
#2969=VERTEX_POINT('',#10075);
#2970=VERTEX_POINT('',#10079);
#2971=VERTEX_POINT('',#10083);
#2972=VERTEX_POINT('',#10087);
#2973=VERTEX_POINT('',#10093);
#2974=VERTEX_POINT('',#10094);
#2975=VERTEX_POINT('',#10101);
#2976=VERTEX_POINT('',#10105);
#2977=VERTEX_POINT('',#10111);
#2978=VERTEX_POINT('',#10112);
#2979=VERTEX_POINT('',#10117);
#2980=VERTEX_POINT('',#10121);
#2981=VERTEX_POINT('',#10125);
#2982=VERTEX_POINT('',#10129);
#2983=VERTEX_POINT('',#10133);
#2984=VERTEX_POINT('',#10137);
#2985=VERTEX_POINT('',#10143);
#2986=VERTEX_POINT('',#10144);
#2987=VERTEX_POINT('',#10149);
#2988=VERTEX_POINT('',#10153);
#2989=VERTEX_POINT('',#10157);
#2990=VERTEX_POINT('',#10161);
#2991=VERTEX_POINT('',#10165);
#2992=VERTEX_POINT('',#10169);
#2993=VERTEX_POINT('',#10175);
#2994=VERTEX_POINT('',#10176);
#2995=VERTEX_POINT('',#10181);
#2996=VERTEX_POINT('',#10185);
#2997=VERTEX_POINT('',#10189);
#2998=VERTEX_POINT('',#10193);
#2999=VERTEX_POINT('',#10197);
#3000=VERTEX_POINT('',#10201);
#3001=VERTEX_POINT('',#10207);
#3002=VERTEX_POINT('',#10208);
#3003=VERTEX_POINT('',#10213);
#3004=VERTEX_POINT('',#10217);
#3005=VERTEX_POINT('',#10221);
#3006=VERTEX_POINT('',#10225);
#3007=VERTEX_POINT('',#10229);
#3008=VERTEX_POINT('',#10233);
#3009=VERTEX_POINT('',#10239);
#3010=VERTEX_POINT('',#10240);
#3011=VERTEX_POINT('',#10245);
#3012=VERTEX_POINT('',#10249);
#3013=VERTEX_POINT('',#10253);
#3014=VERTEX_POINT('',#10257);
#3015=VERTEX_POINT('',#10261);
#3016=VERTEX_POINT('',#10265);
#3017=VERTEX_POINT('',#10271);
#3018=VERTEX_POINT('',#10272);
#3019=VERTEX_POINT('',#10277);
#3020=VERTEX_POINT('',#10281);
#3021=VERTEX_POINT('',#10285);
#3022=VERTEX_POINT('',#10289);
#3023=VERTEX_POINT('',#10293);
#3024=VERTEX_POINT('',#10297);
#3025=VERTEX_POINT('',#10303);
#3026=VERTEX_POINT('',#10304);
#3027=VERTEX_POINT('',#10309);
#3028=VERTEX_POINT('',#10313);
#3029=VERTEX_POINT('',#10317);
#3030=VERTEX_POINT('',#10321);
#3031=VERTEX_POINT('',#10325);
#3032=VERTEX_POINT('',#10329);
#3033=VERTEX_POINT('',#10335);
#3034=VERTEX_POINT('',#10336);
#3035=VERTEX_POINT('',#10341);
#3036=VERTEX_POINT('',#10345);
#3037=VERTEX_POINT('',#10349);
#3038=VERTEX_POINT('',#10353);
#3039=VERTEX_POINT('',#10357);
#3040=VERTEX_POINT('',#10361);
#3041=VERTEX_POINT('',#10367);
#3042=VERTEX_POINT('',#10368);
#3043=VERTEX_POINT('',#10373);
#3044=VERTEX_POINT('',#10377);
#3045=VERTEX_POINT('',#10381);
#3046=VERTEX_POINT('',#10385);
#3047=VERTEX_POINT('',#10389);
#3048=VERTEX_POINT('',#10393);
#3049=VERTEX_POINT('',#10399);
#3050=VERTEX_POINT('',#10400);
#3051=VERTEX_POINT('',#10405);
#3052=VERTEX_POINT('',#10409);
#3053=VERTEX_POINT('',#10413);
#3054=VERTEX_POINT('',#10417);
#3055=VERTEX_POINT('',#10421);
#3056=VERTEX_POINT('',#10425);
#3057=VERTEX_POINT('',#10431);
#3058=VERTEX_POINT('',#10432);
#3059=VERTEX_POINT('',#10437);
#3060=VERTEX_POINT('',#10441);
#3061=VERTEX_POINT('',#10445);
#3062=VERTEX_POINT('',#10449);
#3063=VERTEX_POINT('',#10453);
#3064=VERTEX_POINT('',#10457);
#3065=VERTEX_POINT('',#10463);
#3066=VERTEX_POINT('',#10464);
#3067=VERTEX_POINT('',#10469);
#3068=VERTEX_POINT('',#10473);
#3069=VERTEX_POINT('',#10477);
#3070=VERTEX_POINT('',#10481);
#3071=VERTEX_POINT('',#10485);
#3072=VERTEX_POINT('',#10489);
#3073=VERTEX_POINT('',#10495);
#3074=VERTEX_POINT('',#10496);
#3075=VERTEX_POINT('',#10501);
#3076=VERTEX_POINT('',#10505);
#3077=VERTEX_POINT('',#10509);
#3078=VERTEX_POINT('',#10513);
#3079=VERTEX_POINT('',#10517);
#3080=VERTEX_POINT('',#10521);
#3081=VERTEX_POINT('',#10527);
#3082=VERTEX_POINT('',#10528);
#3083=VERTEX_POINT('',#10533);
#3084=VERTEX_POINT('',#10537);
#3085=VERTEX_POINT('',#10541);
#3086=VERTEX_POINT('',#10545);
#3087=VERTEX_POINT('',#10549);
#3088=VERTEX_POINT('',#10553);
#3089=VERTEX_POINT('',#10559);
#3090=VERTEX_POINT('',#10560);
#3091=VERTEX_POINT('',#10565);
#3092=VERTEX_POINT('',#10569);
#3093=VERTEX_POINT('',#10573);
#3094=VERTEX_POINT('',#10577);
#3095=VERTEX_POINT('',#10581);
#3096=VERTEX_POINT('',#10585);
#3097=VERTEX_POINT('',#10591);
#3098=VERTEX_POINT('',#10592);
#3099=VERTEX_POINT('',#10597);
#3100=VERTEX_POINT('',#10601);
#3101=VERTEX_POINT('',#10605);
#3102=VERTEX_POINT('',#10609);
#3103=VERTEX_POINT('',#10613);
#3104=VERTEX_POINT('',#10617);
#3105=VERTEX_POINT('',#10623);
#3106=VERTEX_POINT('',#10624);
#3107=VERTEX_POINT('',#10629);
#3108=VERTEX_POINT('',#10633);
#3109=VERTEX_POINT('',#10637);
#3110=VERTEX_POINT('',#10641);
#3111=VERTEX_POINT('',#10645);
#3112=VERTEX_POINT('',#10649);
#3113=VERTEX_POINT('',#10655);
#3114=VERTEX_POINT('',#10656);
#3115=VERTEX_POINT('',#10661);
#3116=VERTEX_POINT('',#10665);
#3117=VERTEX_POINT('',#10669);
#3118=VERTEX_POINT('',#10673);
#3119=VERTEX_POINT('',#10677);
#3120=VERTEX_POINT('',#10681);
#3121=VERTEX_POINT('',#10687);
#3122=VERTEX_POINT('',#10688);
#3123=VERTEX_POINT('',#10693);
#3124=VERTEX_POINT('',#10697);
#3125=VERTEX_POINT('',#10701);
#3126=VERTEX_POINT('',#10705);
#3127=VERTEX_POINT('',#10709);
#3128=VERTEX_POINT('',#10713);
#3129=VERTEX_POINT('',#10719);
#3130=VERTEX_POINT('',#10720);
#3131=VERTEX_POINT('',#10725);
#3132=VERTEX_POINT('',#10729);
#3133=VERTEX_POINT('',#10733);
#3134=VERTEX_POINT('',#10737);
#3135=VERTEX_POINT('',#10741);
#3136=VERTEX_POINT('',#10745);
#3137=VERTEX_POINT('',#10751);
#3138=VERTEX_POINT('',#10752);
#3139=VERTEX_POINT('',#10757);
#3140=VERTEX_POINT('',#10761);
#3141=VERTEX_POINT('',#10765);
#3142=VERTEX_POINT('',#10769);
#3143=VERTEX_POINT('',#10773);
#3144=VERTEX_POINT('',#10777);
#3145=VERTEX_POINT('',#10783);
#3146=VERTEX_POINT('',#10784);
#3147=VERTEX_POINT('',#10789);
#3148=VERTEX_POINT('',#10793);
#3149=VERTEX_POINT('',#10797);
#3150=VERTEX_POINT('',#10801);
#3151=VERTEX_POINT('',#10805);
#3152=VERTEX_POINT('',#10809);
#3153=VERTEX_POINT('',#10815);
#3154=VERTEX_POINT('',#10816);
#3155=VERTEX_POINT('',#10821);
#3156=VERTEX_POINT('',#10825);
#3157=VERTEX_POINT('',#10829);
#3158=VERTEX_POINT('',#10833);
#3159=VERTEX_POINT('',#10837);
#3160=VERTEX_POINT('',#10841);
#3161=VERTEX_POINT('',#10847);
#3162=VERTEX_POINT('',#10848);
#3163=VERTEX_POINT('',#10853);
#3164=VERTEX_POINT('',#10857);
#3165=VERTEX_POINT('',#10861);
#3166=VERTEX_POINT('',#10865);
#3167=VERTEX_POINT('',#10869);
#3168=VERTEX_POINT('',#10873);
#3169=VERTEX_POINT('',#10879);
#3170=VERTEX_POINT('',#10880);
#3171=VERTEX_POINT('',#10885);
#3172=VERTEX_POINT('',#10889);
#3173=VERTEX_POINT('',#10893);
#3174=VERTEX_POINT('',#10897);
#3175=VERTEX_POINT('',#10901);
#3176=VERTEX_POINT('',#10905);
#3177=EDGE_CURVE('',#2549,#2549,#2241,.T.);
#3178=EDGE_CURVE('',#2549,#2550,#973,.T.);
#3179=EDGE_CURVE('',#2550,#2550,#2242,.T.);
#3180=EDGE_CURVE('',#2551,#2551,#2243,.T.);
#3181=EDGE_CURVE('',#2551,#2552,#974,.T.);
#3182=EDGE_CURVE('',#2552,#2552,#2244,.T.);
#3183=EDGE_CURVE('',#2553,#2554,#975,.T.);
#3184=EDGE_CURVE('',#2555,#2553,#976,.T.);
#3185=EDGE_CURVE('',#2556,#2555,#977,.T.);
#3186=EDGE_CURVE('',#2554,#2556,#978,.T.);
#3187=EDGE_CURVE('',#2557,#2558,#979,.T.);
#3188=EDGE_CURVE('',#2559,#2557,#980,.T.);
#3189=EDGE_CURVE('',#2560,#2559,#981,.T.);
#3190=EDGE_CURVE('',#2558,#2560,#982,.T.);
#3191=EDGE_CURVE('',#2561,#2562,#983,.T.);
#3192=EDGE_CURVE('',#2563,#2561,#984,.T.);
#3193=EDGE_CURVE('',#2564,#2563,#985,.T.);
#3194=EDGE_CURVE('',#2562,#2564,#986,.T.);
#3195=EDGE_CURVE('',#2565,#2566,#987,.T.);
#3196=EDGE_CURVE('',#2567,#2565,#988,.T.);
#3197=EDGE_CURVE('',#2568,#2567,#989,.T.);
#3198=EDGE_CURVE('',#2566,#2568,#990,.T.);
#3199=EDGE_CURVE('',#2569,#2555,#991,.T.);
#3200=EDGE_CURVE('',#2570,#2569,#992,.T.);
#3201=EDGE_CURVE('',#2556,#2570,#993,.T.);
#3202=EDGE_CURVE('',#2571,#2559,#994,.T.);
#3203=EDGE_CURVE('',#2572,#2571,#995,.T.);
#3204=EDGE_CURVE('',#2572,#2560,#996,.T.);
#3205=EDGE_CURVE('',#2573,#2563,#997,.T.);
#3206=EDGE_CURVE('',#2573,#2574,#998,.T.);
#3207=EDGE_CURVE('',#2564,#2574,#999,.T.);
#3208=EDGE_CURVE('',#2575,#2567,#1000,.T.);
#3209=EDGE_CURVE('',#2576,#2575,#1001,.T.);
#3210=EDGE_CURVE('',#2576,#2568,#1002,.T.);
#3211=EDGE_CURVE('',#2553,#2577,#1003,.T.);
#3212=EDGE_CURVE('',#2577,#2578,#2245,.T.);
#3213=EDGE_CURVE('',#2578,#2579,#1004,.T.);
#3214=EDGE_CURVE('',#2579,#2571,#2246,.T.);
#3215=EDGE_CURVE('',#2557,#2580,#1005,.T.);
#3216=EDGE_CURVE('',#2580,#2581,#2247,.T.);
#3217=EDGE_CURVE('',#2581,#2582,#1006,.T.);
#3218=EDGE_CURVE('',#2582,#2575,#2248,.T.);
#3219=EDGE_CURVE('',#2565,#2583,#1007,.T.);
#3220=EDGE_CURVE('',#2583,#2584,#2249,.T.);
#3221=EDGE_CURVE('',#2584,#2585,#1008,.T.);
#3222=EDGE_CURVE('',#2585,#2586,#2250,.T.);
#3223=EDGE_CURVE('',#2586,#2562,#1009,.T.);
#3224=EDGE_CURVE('',#2574,#2587,#2251,.T.);
#3225=EDGE_CURVE('',#2587,#2588,#1010,.T.);
#3226=EDGE_CURVE('',#2588,#2569,#2252,.T.);
#3227=EDGE_CURVE('',#2589,#2590,#2253,.T.);
#3228=EDGE_CURVE('',#2590,#2591,#1011,.T.);
#3229=EDGE_CURVE('',#2591,#2592,#2254,.T.);
#3230=EDGE_CURVE('',#2592,#2593,#1012,.T.);
#3231=EDGE_CURVE('',#2593,#2594,#2255,.T.);
#3232=EDGE_CURVE('',#2594,#2595,#1013,.T.);
#3233=EDGE_CURVE('',#2595,#2596,#2256,.T.);
#3234=EDGE_CURVE('',#2596,#2589,#1014,.T.);
#3235=EDGE_CURVE('',#2597,#2598,#2257,.T.);
#3236=EDGE_CURVE('',#2598,#2599,#1015,.T.);
#3237=EDGE_CURVE('',#2599,#2600,#2258,.T.);
#3238=EDGE_CURVE('',#2600,#2601,#1016,.T.);
#3239=EDGE_CURVE('',#2601,#2602,#2259,.T.);
#3240=EDGE_CURVE('',#2602,#2603,#1017,.T.);
#3241=EDGE_CURVE('',#2603,#2604,#2260,.T.);
#3242=EDGE_CURVE('',#2604,#2597,#1018,.T.);
#3243=EDGE_CURVE('',#2605,#2606,#2261,.T.);
#3244=EDGE_CURVE('',#2606,#2607,#1019,.T.);
#3245=EDGE_CURVE('',#2607,#2608,#2262,.T.);
#3246=EDGE_CURVE('',#2608,#2609,#1020,.T.);
#3247=EDGE_CURVE('',#2609,#2610,#2263,.T.);
#3248=EDGE_CURVE('',#2610,#2611,#1021,.T.);
#3249=EDGE_CURVE('',#2611,#2612,#2264,.T.);
#3250=EDGE_CURVE('',#2612,#2605,#1022,.T.);
#3251=EDGE_CURVE('',#2613,#2614,#2265,.T.);
#3252=EDGE_CURVE('',#2614,#2615,#1023,.T.);
#3253=EDGE_CURVE('',#2615,#2616,#2266,.T.);
#3254=EDGE_CURVE('',#2616,#2617,#1024,.T.);
#3255=EDGE_CURVE('',#2617,#2618,#2267,.T.);
#3256=EDGE_CURVE('',#2618,#2619,#1025,.T.);
#3257=EDGE_CURVE('',#2619,#2620,#2268,.T.);
#3258=EDGE_CURVE('',#2620,#2613,#1026,.T.);
#3259=EDGE_CURVE('',#2621,#2622,#2269,.T.);
#3260=EDGE_CURVE('',#2622,#2623,#1027,.T.);
#3261=EDGE_CURVE('',#2623,#2624,#2270,.T.);
#3262=EDGE_CURVE('',#2624,#2625,#1028,.T.);
#3263=EDGE_CURVE('',#2625,#2626,#2271,.T.);
#3264=EDGE_CURVE('',#2626,#2627,#1029,.T.);
#3265=EDGE_CURVE('',#2627,#2628,#2272,.T.);
#3266=EDGE_CURVE('',#2628,#2621,#1030,.T.);
#3267=EDGE_CURVE('',#2629,#2630,#2273,.T.);
#3268=EDGE_CURVE('',#2630,#2631,#1031,.T.);
#3269=EDGE_CURVE('',#2631,#2632,#2274,.T.);
#3270=EDGE_CURVE('',#2632,#2633,#1032,.T.);
#3271=EDGE_CURVE('',#2633,#2634,#2275,.T.);
#3272=EDGE_CURVE('',#2634,#2635,#1033,.T.);
#3273=EDGE_CURVE('',#2635,#2636,#2276,.T.);
#3274=EDGE_CURVE('',#2636,#2629,#1034,.T.);
#3275=EDGE_CURVE('',#2637,#2638,#2277,.T.);
#3276=EDGE_CURVE('',#2638,#2639,#1035,.T.);
#3277=EDGE_CURVE('',#2639,#2640,#2278,.T.);
#3278=EDGE_CURVE('',#2640,#2641,#1036,.T.);
#3279=EDGE_CURVE('',#2641,#2642,#2279,.T.);
#3280=EDGE_CURVE('',#2642,#2643,#1037,.T.);
#3281=EDGE_CURVE('',#2643,#2644,#2280,.T.);
#3282=EDGE_CURVE('',#2644,#2637,#1038,.T.);
#3283=EDGE_CURVE('',#2645,#2646,#2281,.T.);
#3284=EDGE_CURVE('',#2646,#2647,#1039,.T.);
#3285=EDGE_CURVE('',#2647,#2648,#2282,.T.);
#3286=EDGE_CURVE('',#2648,#2649,#1040,.T.);
#3287=EDGE_CURVE('',#2649,#2650,#2283,.T.);
#3288=EDGE_CURVE('',#2650,#2651,#1041,.T.);
#3289=EDGE_CURVE('',#2651,#2652,#2284,.T.);
#3290=EDGE_CURVE('',#2652,#2645,#1042,.T.);
#3291=EDGE_CURVE('',#2653,#2654,#2285,.T.);
#3292=EDGE_CURVE('',#2654,#2655,#1043,.T.);
#3293=EDGE_CURVE('',#2655,#2656,#2286,.T.);
#3294=EDGE_CURVE('',#2656,#2657,#1044,.T.);
#3295=EDGE_CURVE('',#2657,#2658,#2287,.T.);
#3296=EDGE_CURVE('',#2658,#2659,#1045,.T.);
#3297=EDGE_CURVE('',#2659,#2660,#2288,.T.);
#3298=EDGE_CURVE('',#2660,#2653,#1046,.T.);
#3299=EDGE_CURVE('',#2661,#2662,#2289,.T.);
#3300=EDGE_CURVE('',#2662,#2663,#1047,.T.);
#3301=EDGE_CURVE('',#2663,#2664,#2290,.T.);
#3302=EDGE_CURVE('',#2664,#2665,#1048,.T.);
#3303=EDGE_CURVE('',#2665,#2666,#2291,.T.);
#3304=EDGE_CURVE('',#2666,#2667,#1049,.T.);
#3305=EDGE_CURVE('',#2667,#2668,#2292,.T.);
#3306=EDGE_CURVE('',#2668,#2661,#1050,.T.);
#3307=EDGE_CURVE('',#2669,#2670,#2293,.T.);
#3308=EDGE_CURVE('',#2670,#2671,#1051,.T.);
#3309=EDGE_CURVE('',#2671,#2672,#2294,.T.);
#3310=EDGE_CURVE('',#2672,#2673,#1052,.T.);
#3311=EDGE_CURVE('',#2673,#2674,#2295,.T.);
#3312=EDGE_CURVE('',#2674,#2675,#1053,.T.);
#3313=EDGE_CURVE('',#2675,#2676,#2296,.T.);
#3314=EDGE_CURVE('',#2676,#2669,#1054,.T.);
#3315=EDGE_CURVE('',#2677,#2678,#2297,.T.);
#3316=EDGE_CURVE('',#2678,#2679,#1055,.T.);
#3317=EDGE_CURVE('',#2679,#2680,#2298,.T.);
#3318=EDGE_CURVE('',#2680,#2681,#1056,.T.);
#3319=EDGE_CURVE('',#2681,#2682,#2299,.T.);
#3320=EDGE_CURVE('',#2682,#2683,#1057,.T.);
#3321=EDGE_CURVE('',#2683,#2684,#2300,.T.);
#3322=EDGE_CURVE('',#2684,#2677,#1058,.T.);
#3323=EDGE_CURVE('',#2685,#2686,#2301,.T.);
#3324=EDGE_CURVE('',#2686,#2687,#1059,.T.);
#3325=EDGE_CURVE('',#2687,#2688,#2302,.T.);
#3326=EDGE_CURVE('',#2688,#2689,#1060,.T.);
#3327=EDGE_CURVE('',#2689,#2690,#2303,.T.);
#3328=EDGE_CURVE('',#2690,#2691,#1061,.T.);
#3329=EDGE_CURVE('',#2691,#2692,#2304,.T.);
#3330=EDGE_CURVE('',#2692,#2685,#1062,.T.);
#3331=EDGE_CURVE('',#2693,#2694,#2305,.T.);
#3332=EDGE_CURVE('',#2694,#2695,#1063,.T.);
#3333=EDGE_CURVE('',#2695,#2696,#2306,.T.);
#3334=EDGE_CURVE('',#2696,#2697,#1064,.T.);
#3335=EDGE_CURVE('',#2697,#2698,#2307,.T.);
#3336=EDGE_CURVE('',#2698,#2699,#1065,.T.);
#3337=EDGE_CURVE('',#2699,#2700,#2308,.T.);
#3338=EDGE_CURVE('',#2700,#2693,#1066,.T.);
#3339=EDGE_CURVE('',#2701,#2702,#2309,.T.);
#3340=EDGE_CURVE('',#2702,#2703,#1067,.T.);
#3341=EDGE_CURVE('',#2703,#2704,#2310,.T.);
#3342=EDGE_CURVE('',#2704,#2705,#1068,.T.);
#3343=EDGE_CURVE('',#2705,#2706,#2311,.T.);
#3344=EDGE_CURVE('',#2706,#2707,#1069,.T.);
#3345=EDGE_CURVE('',#2707,#2708,#2312,.T.);
#3346=EDGE_CURVE('',#2708,#2701,#1070,.T.);
#3347=EDGE_CURVE('',#2709,#2710,#2313,.T.);
#3348=EDGE_CURVE('',#2710,#2711,#1071,.T.);
#3349=EDGE_CURVE('',#2711,#2712,#2314,.T.);
#3350=EDGE_CURVE('',#2712,#2713,#1072,.T.);
#3351=EDGE_CURVE('',#2713,#2714,#2315,.T.);
#3352=EDGE_CURVE('',#2714,#2715,#1073,.T.);
#3353=EDGE_CURVE('',#2715,#2716,#2316,.T.);
#3354=EDGE_CURVE('',#2716,#2709,#1074,.T.);
#3355=EDGE_CURVE('',#2717,#2718,#2317,.T.);
#3356=EDGE_CURVE('',#2718,#2719,#1075,.T.);
#3357=EDGE_CURVE('',#2719,#2720,#2318,.T.);
#3358=EDGE_CURVE('',#2720,#2721,#1076,.T.);
#3359=EDGE_CURVE('',#2721,#2722,#2319,.T.);
#3360=EDGE_CURVE('',#2722,#2723,#1077,.T.);
#3361=EDGE_CURVE('',#2723,#2724,#2320,.T.);
#3362=EDGE_CURVE('',#2724,#2717,#1078,.T.);
#3363=EDGE_CURVE('',#2725,#2726,#2321,.T.);
#3364=EDGE_CURVE('',#2726,#2727,#1079,.T.);
#3365=EDGE_CURVE('',#2727,#2728,#2322,.T.);
#3366=EDGE_CURVE('',#2728,#2729,#1080,.T.);
#3367=EDGE_CURVE('',#2729,#2730,#2323,.T.);
#3368=EDGE_CURVE('',#2730,#2731,#1081,.T.);
#3369=EDGE_CURVE('',#2731,#2732,#2324,.T.);
#3370=EDGE_CURVE('',#2732,#2725,#1082,.T.);
#3371=EDGE_CURVE('',#2733,#2734,#2325,.T.);
#3372=EDGE_CURVE('',#2734,#2735,#1083,.T.);
#3373=EDGE_CURVE('',#2735,#2736,#2326,.T.);
#3374=EDGE_CURVE('',#2736,#2737,#1084,.T.);
#3375=EDGE_CURVE('',#2737,#2738,#2327,.T.);
#3376=EDGE_CURVE('',#2738,#2739,#1085,.T.);
#3377=EDGE_CURVE('',#2739,#2740,#2328,.T.);
#3378=EDGE_CURVE('',#2740,#2733,#1086,.T.);
#3379=EDGE_CURVE('',#2741,#2742,#2329,.T.);
#3380=EDGE_CURVE('',#2742,#2743,#1087,.T.);
#3381=EDGE_CURVE('',#2743,#2744,#2330,.T.);
#3382=EDGE_CURVE('',#2744,#2745,#1088,.T.);
#3383=EDGE_CURVE('',#2745,#2746,#2331,.T.);
#3384=EDGE_CURVE('',#2746,#2747,#1089,.T.);
#3385=EDGE_CURVE('',#2747,#2748,#2332,.T.);
#3386=EDGE_CURVE('',#2748,#2741,#1090,.T.);
#3387=EDGE_CURVE('',#2749,#2750,#2333,.T.);
#3388=EDGE_CURVE('',#2750,#2751,#1091,.T.);
#3389=EDGE_CURVE('',#2751,#2752,#2334,.T.);
#3390=EDGE_CURVE('',#2752,#2753,#1092,.T.);
#3391=EDGE_CURVE('',#2753,#2754,#2335,.T.);
#3392=EDGE_CURVE('',#2754,#2755,#1093,.T.);
#3393=EDGE_CURVE('',#2755,#2756,#2336,.T.);
#3394=EDGE_CURVE('',#2756,#2749,#1094,.T.);
#3395=EDGE_CURVE('',#2757,#2758,#2337,.T.);
#3396=EDGE_CURVE('',#2758,#2759,#1095,.T.);
#3397=EDGE_CURVE('',#2759,#2760,#2338,.T.);
#3398=EDGE_CURVE('',#2760,#2761,#1096,.T.);
#3399=EDGE_CURVE('',#2761,#2762,#2339,.T.);
#3400=EDGE_CURVE('',#2762,#2763,#1097,.T.);
#3401=EDGE_CURVE('',#2763,#2764,#2340,.T.);
#3402=EDGE_CURVE('',#2764,#2757,#1098,.T.);
#3403=EDGE_CURVE('',#2765,#2766,#2341,.T.);
#3404=EDGE_CURVE('',#2766,#2767,#1099,.T.);
#3405=EDGE_CURVE('',#2767,#2768,#2342,.T.);
#3406=EDGE_CURVE('',#2768,#2769,#1100,.T.);
#3407=EDGE_CURVE('',#2769,#2770,#2343,.T.);
#3408=EDGE_CURVE('',#2770,#2771,#1101,.T.);
#3409=EDGE_CURVE('',#2771,#2772,#2344,.T.);
#3410=EDGE_CURVE('',#2772,#2765,#1102,.T.);
#3411=EDGE_CURVE('',#2773,#2774,#2345,.T.);
#3412=EDGE_CURVE('',#2774,#2775,#1103,.T.);
#3413=EDGE_CURVE('',#2775,#2776,#2346,.T.);
#3414=EDGE_CURVE('',#2776,#2777,#1104,.T.);
#3415=EDGE_CURVE('',#2777,#2778,#2347,.T.);
#3416=EDGE_CURVE('',#2778,#2779,#1105,.T.);
#3417=EDGE_CURVE('',#2779,#2780,#2348,.T.);
#3418=EDGE_CURVE('',#2780,#2773,#1106,.T.);
#3419=EDGE_CURVE('',#2781,#2782,#2349,.T.);
#3420=EDGE_CURVE('',#2782,#2783,#1107,.T.);
#3421=EDGE_CURVE('',#2783,#2784,#2350,.T.);
#3422=EDGE_CURVE('',#2784,#2785,#1108,.T.);
#3423=EDGE_CURVE('',#2785,#2786,#2351,.T.);
#3424=EDGE_CURVE('',#2786,#2787,#1109,.T.);
#3425=EDGE_CURVE('',#2787,#2788,#2352,.T.);
#3426=EDGE_CURVE('',#2788,#2781,#1110,.T.);
#3427=EDGE_CURVE('',#2789,#2790,#2353,.T.);
#3428=EDGE_CURVE('',#2790,#2791,#1111,.T.);
#3429=EDGE_CURVE('',#2791,#2792,#2354,.T.);
#3430=EDGE_CURVE('',#2792,#2793,#1112,.T.);
#3431=EDGE_CURVE('',#2793,#2794,#2355,.T.);
#3432=EDGE_CURVE('',#2794,#2795,#1113,.T.);
#3433=EDGE_CURVE('',#2795,#2796,#2356,.T.);
#3434=EDGE_CURVE('',#2796,#2789,#1114,.T.);
#3435=EDGE_CURVE('',#2797,#2798,#2357,.T.);
#3436=EDGE_CURVE('',#2798,#2799,#1115,.T.);
#3437=EDGE_CURVE('',#2799,#2800,#2358,.T.);
#3438=EDGE_CURVE('',#2800,#2801,#1116,.T.);
#3439=EDGE_CURVE('',#2801,#2802,#2359,.T.);
#3440=EDGE_CURVE('',#2802,#2803,#1117,.T.);
#3441=EDGE_CURVE('',#2803,#2804,#2360,.T.);
#3442=EDGE_CURVE('',#2804,#2797,#1118,.T.);
#3443=EDGE_CURVE('',#2805,#2806,#2361,.T.);
#3444=EDGE_CURVE('',#2806,#2807,#1119,.T.);
#3445=EDGE_CURVE('',#2807,#2808,#2362,.T.);
#3446=EDGE_CURVE('',#2808,#2809,#1120,.T.);
#3447=EDGE_CURVE('',#2809,#2810,#2363,.T.);
#3448=EDGE_CURVE('',#2810,#2811,#1121,.T.);
#3449=EDGE_CURVE('',#2811,#2812,#2364,.T.);
#3450=EDGE_CURVE('',#2812,#2805,#1122,.T.);
#3451=EDGE_CURVE('',#2813,#2814,#2365,.T.);
#3452=EDGE_CURVE('',#2814,#2815,#1123,.T.);
#3453=EDGE_CURVE('',#2815,#2816,#2366,.T.);
#3454=EDGE_CURVE('',#2816,#2817,#1124,.T.);
#3455=EDGE_CURVE('',#2817,#2818,#2367,.T.);
#3456=EDGE_CURVE('',#2818,#2819,#1125,.T.);
#3457=EDGE_CURVE('',#2819,#2820,#2368,.T.);
#3458=EDGE_CURVE('',#2820,#2813,#1126,.T.);
#3459=EDGE_CURVE('',#2821,#2822,#2369,.T.);
#3460=EDGE_CURVE('',#2822,#2823,#1127,.T.);
#3461=EDGE_CURVE('',#2823,#2824,#2370,.T.);
#3462=EDGE_CURVE('',#2824,#2825,#1128,.T.);
#3463=EDGE_CURVE('',#2825,#2826,#2371,.T.);
#3464=EDGE_CURVE('',#2826,#2827,#1129,.T.);
#3465=EDGE_CURVE('',#2827,#2828,#2372,.T.);
#3466=EDGE_CURVE('',#2828,#2821,#1130,.T.);
#3467=EDGE_CURVE('',#2829,#2830,#2373,.T.);
#3468=EDGE_CURVE('',#2830,#2831,#1131,.T.);
#3469=EDGE_CURVE('',#2831,#2832,#2374,.T.);
#3470=EDGE_CURVE('',#2832,#2833,#1132,.T.);
#3471=EDGE_CURVE('',#2833,#2834,#2375,.T.);
#3472=EDGE_CURVE('',#2834,#2835,#1133,.T.);
#3473=EDGE_CURVE('',#2835,#2836,#2376,.T.);
#3474=EDGE_CURVE('',#2836,#2829,#1134,.T.);
#3475=EDGE_CURVE('',#2837,#2838,#2377,.T.);
#3476=EDGE_CURVE('',#2838,#2839,#1135,.T.);
#3477=EDGE_CURVE('',#2839,#2840,#2378,.T.);
#3478=EDGE_CURVE('',#2840,#2841,#1136,.T.);
#3479=EDGE_CURVE('',#2841,#2842,#2379,.T.);
#3480=EDGE_CURVE('',#2842,#2843,#1137,.T.);
#3481=EDGE_CURVE('',#2843,#2844,#2380,.T.);
#3482=EDGE_CURVE('',#2844,#2837,#1138,.T.);
#3483=EDGE_CURVE('',#2845,#2846,#2381,.T.);
#3484=EDGE_CURVE('',#2846,#2847,#1139,.T.);
#3485=EDGE_CURVE('',#2847,#2848,#2382,.T.);
#3486=EDGE_CURVE('',#2848,#2849,#1140,.T.);
#3487=EDGE_CURVE('',#2849,#2850,#2383,.T.);
#3488=EDGE_CURVE('',#2850,#2851,#1141,.T.);
#3489=EDGE_CURVE('',#2851,#2852,#2384,.T.);
#3490=EDGE_CURVE('',#2852,#2845,#1142,.T.);
#3491=EDGE_CURVE('',#2853,#2854,#2385,.T.);
#3492=EDGE_CURVE('',#2854,#2855,#1143,.T.);
#3493=EDGE_CURVE('',#2855,#2856,#2386,.T.);
#3494=EDGE_CURVE('',#2856,#2857,#1144,.T.);
#3495=EDGE_CURVE('',#2857,#2858,#2387,.T.);
#3496=EDGE_CURVE('',#2858,#2859,#1145,.T.);
#3497=EDGE_CURVE('',#2859,#2860,#2388,.T.);
#3498=EDGE_CURVE('',#2860,#2853,#1146,.T.);
#3499=EDGE_CURVE('',#2861,#2862,#2389,.T.);
#3500=EDGE_CURVE('',#2862,#2863,#1147,.T.);
#3501=EDGE_CURVE('',#2863,#2864,#2390,.T.);
#3502=EDGE_CURVE('',#2864,#2865,#1148,.T.);
#3503=EDGE_CURVE('',#2865,#2866,#2391,.T.);
#3504=EDGE_CURVE('',#2866,#2867,#1149,.T.);
#3505=EDGE_CURVE('',#2867,#2868,#2392,.T.);
#3506=EDGE_CURVE('',#2868,#2861,#1150,.T.);
#3507=EDGE_CURVE('',#2869,#2870,#2393,.T.);
#3508=EDGE_CURVE('',#2870,#2871,#1151,.T.);
#3509=EDGE_CURVE('',#2871,#2872,#2394,.T.);
#3510=EDGE_CURVE('',#2872,#2873,#1152,.T.);
#3511=EDGE_CURVE('',#2873,#2874,#2395,.T.);
#3512=EDGE_CURVE('',#2874,#2875,#1153,.T.);
#3513=EDGE_CURVE('',#2875,#2876,#2396,.T.);
#3514=EDGE_CURVE('',#2876,#2869,#1154,.T.);
#3515=EDGE_CURVE('',#2877,#2587,#1155,.T.);
#3516=EDGE_CURVE('',#2878,#2877,#1156,.T.);
#3517=EDGE_CURVE('',#2588,#2878,#1157,.T.);
#3518=EDGE_CURVE('',#2570,#2878,#2397,.T.);
#3519=EDGE_CURVE('',#2879,#2880,#2398,.T.);
#3520=EDGE_CURVE('',#2880,#2870,#1158,.T.);
#3521=EDGE_CURVE('',#2879,#2869,#1159,.T.);
#3522=EDGE_CURVE('',#2880,#2881,#1160,.T.);
#3523=EDGE_CURVE('',#2881,#2871,#1161,.T.);
#3524=EDGE_CURVE('',#2881,#2882,#2399,.T.);
#3525=EDGE_CURVE('',#2882,#2872,#1162,.T.);
#3526=EDGE_CURVE('',#2882,#2883,#1163,.T.);
#3527=EDGE_CURVE('',#2883,#2873,#1164,.T.);
#3528=EDGE_CURVE('',#2883,#2884,#2400,.T.);
#3529=EDGE_CURVE('',#2884,#2874,#1165,.T.);
#3530=EDGE_CURVE('',#2884,#2885,#1166,.T.);
#3531=EDGE_CURVE('',#2885,#2875,#1167,.T.);
#3532=EDGE_CURVE('',#2885,#2886,#2401,.T.);
#3533=EDGE_CURVE('',#2886,#2876,#1168,.T.);
#3534=EDGE_CURVE('',#2886,#2879,#1169,.T.);
#3535=EDGE_CURVE('',#2887,#2888,#2402,.T.);
#3536=EDGE_CURVE('',#2888,#2862,#1170,.T.);
#3537=EDGE_CURVE('',#2887,#2861,#1171,.T.);
#3538=EDGE_CURVE('',#2888,#2889,#1172,.T.);
#3539=EDGE_CURVE('',#2889,#2863,#1173,.T.);
#3540=EDGE_CURVE('',#2889,#2890,#2403,.T.);
#3541=EDGE_CURVE('',#2890,#2864,#1174,.T.);
#3542=EDGE_CURVE('',#2890,#2891,#1175,.T.);
#3543=EDGE_CURVE('',#2891,#2865,#1176,.T.);
#3544=EDGE_CURVE('',#2891,#2892,#2404,.T.);
#3545=EDGE_CURVE('',#2892,#2866,#1177,.T.);
#3546=EDGE_CURVE('',#2892,#2893,#1178,.T.);
#3547=EDGE_CURVE('',#2893,#2867,#1179,.T.);
#3548=EDGE_CURVE('',#2893,#2894,#2405,.T.);
#3549=EDGE_CURVE('',#2894,#2868,#1180,.T.);
#3550=EDGE_CURVE('',#2894,#2887,#1181,.T.);
#3551=EDGE_CURVE('',#2895,#2896,#2406,.T.);
#3552=EDGE_CURVE('',#2896,#2854,#1182,.T.);
#3553=EDGE_CURVE('',#2895,#2853,#1183,.T.);
#3554=EDGE_CURVE('',#2896,#2897,#1184,.T.);
#3555=EDGE_CURVE('',#2897,#2855,#1185,.T.);
#3556=EDGE_CURVE('',#2897,#2898,#2407,.T.);
#3557=EDGE_CURVE('',#2898,#2856,#1186,.T.);
#3558=EDGE_CURVE('',#2898,#2899,#1187,.T.);
#3559=EDGE_CURVE('',#2899,#2857,#1188,.T.);
#3560=EDGE_CURVE('',#2899,#2900,#2408,.T.);
#3561=EDGE_CURVE('',#2900,#2858,#1189,.T.);
#3562=EDGE_CURVE('',#2900,#2901,#1190,.T.);
#3563=EDGE_CURVE('',#2901,#2859,#1191,.T.);
#3564=EDGE_CURVE('',#2901,#2902,#2409,.T.);
#3565=EDGE_CURVE('',#2902,#2860,#1192,.T.);
#3566=EDGE_CURVE('',#2902,#2895,#1193,.T.);
#3567=EDGE_CURVE('',#2903,#2904,#2410,.T.);
#3568=EDGE_CURVE('',#2904,#2846,#1194,.T.);
#3569=EDGE_CURVE('',#2903,#2845,#1195,.T.);
#3570=EDGE_CURVE('',#2904,#2905,#1196,.T.);
#3571=EDGE_CURVE('',#2905,#2847,#1197,.T.);
#3572=EDGE_CURVE('',#2905,#2906,#2411,.T.);
#3573=EDGE_CURVE('',#2906,#2848,#1198,.T.);
#3574=EDGE_CURVE('',#2906,#2907,#1199,.T.);
#3575=EDGE_CURVE('',#2907,#2849,#1200,.T.);
#3576=EDGE_CURVE('',#2907,#2908,#2412,.T.);
#3577=EDGE_CURVE('',#2908,#2850,#1201,.T.);
#3578=EDGE_CURVE('',#2908,#2909,#1202,.T.);
#3579=EDGE_CURVE('',#2909,#2851,#1203,.T.);
#3580=EDGE_CURVE('',#2909,#2910,#2413,.T.);
#3581=EDGE_CURVE('',#2910,#2852,#1204,.T.);
#3582=EDGE_CURVE('',#2910,#2903,#1205,.T.);
#3583=EDGE_CURVE('',#2911,#2912,#2414,.T.);
#3584=EDGE_CURVE('',#2912,#2838,#1206,.T.);
#3585=EDGE_CURVE('',#2911,#2837,#1207,.T.);
#3586=EDGE_CURVE('',#2912,#2913,#1208,.T.);
#3587=EDGE_CURVE('',#2913,#2839,#1209,.T.);
#3588=EDGE_CURVE('',#2913,#2914,#2415,.T.);
#3589=EDGE_CURVE('',#2914,#2840,#1210,.T.);
#3590=EDGE_CURVE('',#2914,#2915,#1211,.T.);
#3591=EDGE_CURVE('',#2915,#2841,#1212,.T.);
#3592=EDGE_CURVE('',#2915,#2916,#2416,.T.);
#3593=EDGE_CURVE('',#2916,#2842,#1213,.T.);
#3594=EDGE_CURVE('',#2916,#2917,#1214,.T.);
#3595=EDGE_CURVE('',#2917,#2843,#1215,.T.);
#3596=EDGE_CURVE('',#2917,#2918,#2417,.T.);
#3597=EDGE_CURVE('',#2918,#2844,#1216,.T.);
#3598=EDGE_CURVE('',#2918,#2911,#1217,.T.);
#3599=EDGE_CURVE('',#2919,#2572,#2418,.T.);
#3600=EDGE_CURVE('',#2919,#2579,#1218,.T.);
#3601=EDGE_CURVE('',#2554,#2920,#1219,.T.);
#3602=EDGE_CURVE('',#2920,#2577,#1220,.T.);
#3603=EDGE_CURVE('',#2920,#2921,#2419,.T.);
#3604=EDGE_CURVE('',#2921,#2578,#1221,.T.);
#3605=EDGE_CURVE('',#2921,#2919,#1222,.T.);
#3606=EDGE_CURVE('',#2922,#2923,#2420,.T.);
#3607=EDGE_CURVE('',#2923,#2830,#1223,.T.);
#3608=EDGE_CURVE('',#2922,#2829,#1224,.T.);
#3609=EDGE_CURVE('',#2923,#2924,#1225,.T.);
#3610=EDGE_CURVE('',#2924,#2831,#1226,.T.);
#3611=EDGE_CURVE('',#2924,#2925,#2421,.T.);
#3612=EDGE_CURVE('',#2925,#2832,#1227,.T.);
#3613=EDGE_CURVE('',#2925,#2926,#1228,.T.);
#3614=EDGE_CURVE('',#2926,#2833,#1229,.T.);
#3615=EDGE_CURVE('',#2926,#2927,#2422,.T.);
#3616=EDGE_CURVE('',#2927,#2834,#1230,.T.);
#3617=EDGE_CURVE('',#2927,#2928,#1231,.T.);
#3618=EDGE_CURVE('',#2928,#2835,#1232,.T.);
#3619=EDGE_CURVE('',#2928,#2929,#2423,.T.);
#3620=EDGE_CURVE('',#2929,#2836,#1233,.T.);
#3621=EDGE_CURVE('',#2929,#2922,#1234,.T.);
#3622=EDGE_CURVE('',#2930,#2931,#2424,.T.);
#3623=EDGE_CURVE('',#2931,#2822,#1235,.T.);
#3624=EDGE_CURVE('',#2930,#2821,#1236,.T.);
#3625=EDGE_CURVE('',#2931,#2932,#1237,.T.);
#3626=EDGE_CURVE('',#2932,#2823,#1238,.T.);
#3627=EDGE_CURVE('',#2932,#2933,#2425,.T.);
#3628=EDGE_CURVE('',#2933,#2824,#1239,.T.);
#3629=EDGE_CURVE('',#2933,#2934,#1240,.T.);
#3630=EDGE_CURVE('',#2934,#2825,#1241,.T.);
#3631=EDGE_CURVE('',#2934,#2935,#2426,.T.);
#3632=EDGE_CURVE('',#2935,#2826,#1242,.T.);
#3633=EDGE_CURVE('',#2935,#2936,#1243,.T.);
#3634=EDGE_CURVE('',#2936,#2827,#1244,.T.);
#3635=EDGE_CURVE('',#2936,#2937,#2427,.T.);
#3636=EDGE_CURVE('',#2937,#2828,#1245,.T.);
#3637=EDGE_CURVE('',#2937,#2930,#1246,.T.);
#3638=EDGE_CURVE('',#2938,#2939,#2428,.T.);
#3639=EDGE_CURVE('',#2939,#2814,#1247,.T.);
#3640=EDGE_CURVE('',#2938,#2813,#1248,.T.);
#3641=EDGE_CURVE('',#2939,#2940,#1249,.T.);
#3642=EDGE_CURVE('',#2940,#2815,#1250,.T.);
#3643=EDGE_CURVE('',#2940,#2941,#2429,.T.);
#3644=EDGE_CURVE('',#2941,#2816,#1251,.T.);
#3645=EDGE_CURVE('',#2941,#2942,#1252,.T.);
#3646=EDGE_CURVE('',#2942,#2817,#1253,.T.);
#3647=EDGE_CURVE('',#2942,#2943,#2430,.T.);
#3648=EDGE_CURVE('',#2943,#2818,#1254,.T.);
#3649=EDGE_CURVE('',#2943,#2944,#1255,.T.);
#3650=EDGE_CURVE('',#2944,#2819,#1256,.T.);
#3651=EDGE_CURVE('',#2944,#2945,#2431,.T.);
#3652=EDGE_CURVE('',#2945,#2820,#1257,.T.);
#3653=EDGE_CURVE('',#2945,#2938,#1258,.T.);
#3654=EDGE_CURVE('',#2946,#2576,#2432,.T.);
#3655=EDGE_CURVE('',#2946,#2582,#1259,.T.);
#3656=EDGE_CURVE('',#2558,#2947,#1260,.T.);
#3657=EDGE_CURVE('',#2947,#2580,#1261,.T.);
#3658=EDGE_CURVE('',#2947,#2948,#2433,.T.);
#3659=EDGE_CURVE('',#2948,#2581,#1262,.T.);
#3660=EDGE_CURVE('',#2948,#2946,#1263,.T.);
#3661=EDGE_CURVE('',#2949,#2950,#2434,.T.);
#3662=EDGE_CURVE('',#2950,#2806,#1264,.T.);
#3663=EDGE_CURVE('',#2949,#2805,#1265,.T.);
#3664=EDGE_CURVE('',#2950,#2951,#1266,.T.);
#3665=EDGE_CURVE('',#2951,#2807,#1267,.T.);
#3666=EDGE_CURVE('',#2951,#2952,#2435,.T.);
#3667=EDGE_CURVE('',#2952,#2808,#1268,.T.);
#3668=EDGE_CURVE('',#2952,#2953,#1269,.T.);
#3669=EDGE_CURVE('',#2953,#2809,#1270,.T.);
#3670=EDGE_CURVE('',#2953,#2954,#2436,.T.);
#3671=EDGE_CURVE('',#2954,#2810,#1271,.T.);
#3672=EDGE_CURVE('',#2954,#2955,#1272,.T.);
#3673=EDGE_CURVE('',#2955,#2811,#1273,.T.);
#3674=EDGE_CURVE('',#2955,#2956,#2437,.T.);
#3675=EDGE_CURVE('',#2956,#2812,#1274,.T.);
#3676=EDGE_CURVE('',#2956,#2949,#1275,.T.);
#3677=EDGE_CURVE('',#2957,#2958,#2438,.T.);
#3678=EDGE_CURVE('',#2958,#2798,#1276,.T.);
#3679=EDGE_CURVE('',#2957,#2797,#1277,.T.);
#3680=EDGE_CURVE('',#2958,#2959,#1278,.T.);
#3681=EDGE_CURVE('',#2959,#2799,#1279,.T.);
#3682=EDGE_CURVE('',#2959,#2960,#2439,.T.);
#3683=EDGE_CURVE('',#2960,#2800,#1280,.T.);
#3684=EDGE_CURVE('',#2960,#2961,#1281,.T.);
#3685=EDGE_CURVE('',#2961,#2801,#1282,.T.);
#3686=EDGE_CURVE('',#2961,#2962,#2440,.T.);
#3687=EDGE_CURVE('',#2962,#2802,#1283,.T.);
#3688=EDGE_CURVE('',#2962,#2963,#1284,.T.);
#3689=EDGE_CURVE('',#2963,#2803,#1285,.T.);
#3690=EDGE_CURVE('',#2963,#2964,#2441,.T.);
#3691=EDGE_CURVE('',#2964,#2804,#1286,.T.);
#3692=EDGE_CURVE('',#2964,#2957,#1287,.T.);
#3693=EDGE_CURVE('',#2965,#2966,#2442,.T.);
#3694=EDGE_CURVE('',#2966,#2790,#1288,.T.);
#3695=EDGE_CURVE('',#2965,#2789,#1289,.T.);
#3696=EDGE_CURVE('',#2966,#2967,#1290,.T.);
#3697=EDGE_CURVE('',#2967,#2791,#1291,.T.);
#3698=EDGE_CURVE('',#2967,#2968,#2443,.T.);
#3699=EDGE_CURVE('',#2968,#2792,#1292,.T.);
#3700=EDGE_CURVE('',#2968,#2969,#1293,.T.);
#3701=EDGE_CURVE('',#2969,#2793,#1294,.T.);
#3702=EDGE_CURVE('',#2969,#2970,#2444,.T.);
#3703=EDGE_CURVE('',#2970,#2794,#1295,.T.);
#3704=EDGE_CURVE('',#2970,#2971,#1296,.T.);
#3705=EDGE_CURVE('',#2971,#2795,#1297,.T.);
#3706=EDGE_CURVE('',#2971,#2972,#2445,.T.);
#3707=EDGE_CURVE('',#2972,#2796,#1298,.T.);
#3708=EDGE_CURVE('',#2972,#2965,#1299,.T.);
#3709=EDGE_CURVE('',#2973,#2974,#2446,.T.);
#3710=EDGE_CURVE('',#2974,#2586,#1300,.T.);
#3711=EDGE_CURVE('',#2973,#2585,#1301,.T.);
#3712=EDGE_CURVE('',#2974,#2561,#1302,.T.);
#3713=EDGE_CURVE('',#2566,#2975,#1303,.T.);
#3714=EDGE_CURVE('',#2975,#2583,#1304,.T.);
#3715=EDGE_CURVE('',#2975,#2976,#2447,.T.);
#3716=EDGE_CURVE('',#2976,#2584,#1305,.T.);
#3717=EDGE_CURVE('',#2976,#2973,#1306,.T.);
#3718=EDGE_CURVE('',#2977,#2978,#2448,.T.);
#3719=EDGE_CURVE('',#2978,#2782,#1307,.T.);
#3720=EDGE_CURVE('',#2977,#2781,#1308,.T.);
#3721=EDGE_CURVE('',#2978,#2979,#1309,.T.);
#3722=EDGE_CURVE('',#2979,#2783,#1310,.T.);
#3723=EDGE_CURVE('',#2979,#2980,#2449,.T.);
#3724=EDGE_CURVE('',#2980,#2784,#1311,.T.);
#3725=EDGE_CURVE('',#2980,#2981,#1312,.T.);
#3726=EDGE_CURVE('',#2981,#2785,#1313,.T.);
#3727=EDGE_CURVE('',#2981,#2982,#2450,.T.);
#3728=EDGE_CURVE('',#2982,#2786,#1314,.T.);
#3729=EDGE_CURVE('',#2982,#2983,#1315,.T.);
#3730=EDGE_CURVE('',#2983,#2787,#1316,.T.);
#3731=EDGE_CURVE('',#2983,#2984,#2451,.T.);
#3732=EDGE_CURVE('',#2984,#2788,#1317,.T.);
#3733=EDGE_CURVE('',#2984,#2977,#1318,.T.);
#3734=EDGE_CURVE('',#2985,#2986,#2452,.T.);
#3735=EDGE_CURVE('',#2986,#2774,#1319,.T.);
#3736=EDGE_CURVE('',#2985,#2773,#1320,.T.);
#3737=EDGE_CURVE('',#2986,#2987,#1321,.T.);
#3738=EDGE_CURVE('',#2987,#2775,#1322,.T.);
#3739=EDGE_CURVE('',#2987,#2988,#2453,.T.);
#3740=EDGE_CURVE('',#2988,#2776,#1323,.T.);
#3741=EDGE_CURVE('',#2988,#2989,#1324,.T.);
#3742=EDGE_CURVE('',#2989,#2777,#1325,.T.);
#3743=EDGE_CURVE('',#2989,#2990,#2454,.T.);
#3744=EDGE_CURVE('',#2990,#2778,#1326,.T.);
#3745=EDGE_CURVE('',#2990,#2991,#1327,.T.);
#3746=EDGE_CURVE('',#2991,#2779,#1328,.T.);
#3747=EDGE_CURVE('',#2991,#2992,#2455,.T.);
#3748=EDGE_CURVE('',#2992,#2780,#1329,.T.);
#3749=EDGE_CURVE('',#2992,#2985,#1330,.T.);
#3750=EDGE_CURVE('',#2993,#2994,#2456,.T.);
#3751=EDGE_CURVE('',#2994,#2766,#1331,.T.);
#3752=EDGE_CURVE('',#2993,#2765,#1332,.T.);
#3753=EDGE_CURVE('',#2994,#2995,#1333,.T.);
#3754=EDGE_CURVE('',#2995,#2767,#1334,.T.);
#3755=EDGE_CURVE('',#2995,#2996,#2457,.T.);
#3756=EDGE_CURVE('',#2996,#2768,#1335,.T.);
#3757=EDGE_CURVE('',#2996,#2997,#1336,.T.);
#3758=EDGE_CURVE('',#2997,#2769,#1337,.T.);
#3759=EDGE_CURVE('',#2997,#2998,#2458,.T.);
#3760=EDGE_CURVE('',#2998,#2770,#1338,.T.);
#3761=EDGE_CURVE('',#2998,#2999,#1339,.T.);
#3762=EDGE_CURVE('',#2999,#2771,#1340,.T.);
#3763=EDGE_CURVE('',#2999,#3000,#2459,.T.);
#3764=EDGE_CURVE('',#3000,#2772,#1341,.T.);
#3765=EDGE_CURVE('',#3000,#2993,#1342,.T.);
#3766=EDGE_CURVE('',#3001,#3002,#2460,.T.);
#3767=EDGE_CURVE('',#3002,#2758,#1343,.T.);
#3768=EDGE_CURVE('',#3001,#2757,#1344,.T.);
#3769=EDGE_CURVE('',#3002,#3003,#1345,.T.);
#3770=EDGE_CURVE('',#3003,#2759,#1346,.T.);
#3771=EDGE_CURVE('',#3003,#3004,#2461,.T.);
#3772=EDGE_CURVE('',#3004,#2760,#1347,.T.);
#3773=EDGE_CURVE('',#3004,#3005,#1348,.T.);
#3774=EDGE_CURVE('',#3005,#2761,#1349,.T.);
#3775=EDGE_CURVE('',#3005,#3006,#2462,.T.);
#3776=EDGE_CURVE('',#3006,#2762,#1350,.T.);
#3777=EDGE_CURVE('',#3006,#3007,#1351,.T.);
#3778=EDGE_CURVE('',#3007,#2763,#1352,.T.);
#3779=EDGE_CURVE('',#3007,#3008,#2463,.T.);
#3780=EDGE_CURVE('',#3008,#2764,#1353,.T.);
#3781=EDGE_CURVE('',#3008,#3001,#1354,.T.);
#3782=EDGE_CURVE('',#3009,#3010,#2464,.T.);
#3783=EDGE_CURVE('',#3010,#2750,#1355,.T.);
#3784=EDGE_CURVE('',#3009,#2749,#1356,.T.);
#3785=EDGE_CURVE('',#3010,#3011,#1357,.T.);
#3786=EDGE_CURVE('',#3011,#2751,#1358,.T.);
#3787=EDGE_CURVE('',#3011,#3012,#2465,.T.);
#3788=EDGE_CURVE('',#3012,#2752,#1359,.T.);
#3789=EDGE_CURVE('',#3012,#3013,#1360,.T.);
#3790=EDGE_CURVE('',#3013,#2753,#1361,.T.);
#3791=EDGE_CURVE('',#3013,#3014,#2466,.T.);
#3792=EDGE_CURVE('',#3014,#2754,#1362,.T.);
#3793=EDGE_CURVE('',#3014,#3015,#1363,.T.);
#3794=EDGE_CURVE('',#3015,#2755,#1364,.T.);
#3795=EDGE_CURVE('',#3015,#3016,#2467,.T.);
#3796=EDGE_CURVE('',#3016,#2756,#1365,.T.);
#3797=EDGE_CURVE('',#3016,#3009,#1366,.T.);
#3798=EDGE_CURVE('',#3017,#3018,#2468,.T.);
#3799=EDGE_CURVE('',#3018,#2742,#1367,.T.);
#3800=EDGE_CURVE('',#3017,#2741,#1368,.T.);
#3801=EDGE_CURVE('',#3018,#3019,#1369,.T.);
#3802=EDGE_CURVE('',#3019,#2743,#1370,.T.);
#3803=EDGE_CURVE('',#3019,#3020,#2469,.T.);
#3804=EDGE_CURVE('',#3020,#2744,#1371,.T.);
#3805=EDGE_CURVE('',#3020,#3021,#1372,.T.);
#3806=EDGE_CURVE('',#3021,#2745,#1373,.T.);
#3807=EDGE_CURVE('',#3021,#3022,#2470,.T.);
#3808=EDGE_CURVE('',#3022,#2746,#1374,.T.);
#3809=EDGE_CURVE('',#3022,#3023,#1375,.T.);
#3810=EDGE_CURVE('',#3023,#2747,#1376,.T.);
#3811=EDGE_CURVE('',#3023,#3024,#2471,.T.);
#3812=EDGE_CURVE('',#3024,#2748,#1377,.T.);
#3813=EDGE_CURVE('',#3024,#3017,#1378,.T.);
#3814=EDGE_CURVE('',#3025,#3026,#2472,.T.);
#3815=EDGE_CURVE('',#3026,#2734,#1379,.T.);
#3816=EDGE_CURVE('',#3025,#2733,#1380,.T.);
#3817=EDGE_CURVE('',#3026,#3027,#1381,.T.);
#3818=EDGE_CURVE('',#3027,#2735,#1382,.T.);
#3819=EDGE_CURVE('',#3027,#3028,#2473,.T.);
#3820=EDGE_CURVE('',#3028,#2736,#1383,.T.);
#3821=EDGE_CURVE('',#3028,#3029,#1384,.T.);
#3822=EDGE_CURVE('',#3029,#2737,#1385,.T.);
#3823=EDGE_CURVE('',#3029,#3030,#2474,.T.);
#3824=EDGE_CURVE('',#3030,#2738,#1386,.T.);
#3825=EDGE_CURVE('',#3030,#3031,#1387,.T.);
#3826=EDGE_CURVE('',#3031,#2739,#1388,.T.);
#3827=EDGE_CURVE('',#3031,#3032,#2475,.T.);
#3828=EDGE_CURVE('',#3032,#2740,#1389,.T.);
#3829=EDGE_CURVE('',#3032,#3025,#1390,.T.);
#3830=EDGE_CURVE('',#3033,#3034,#2476,.T.);
#3831=EDGE_CURVE('',#3034,#2726,#1391,.T.);
#3832=EDGE_CURVE('',#3033,#2725,#1392,.T.);
#3833=EDGE_CURVE('',#3034,#3035,#1393,.T.);
#3834=EDGE_CURVE('',#3035,#2727,#1394,.T.);
#3835=EDGE_CURVE('',#3035,#3036,#2477,.T.);
#3836=EDGE_CURVE('',#3036,#2728,#1395,.T.);
#3837=EDGE_CURVE('',#3036,#3037,#1396,.T.);
#3838=EDGE_CURVE('',#3037,#2729,#1397,.T.);
#3839=EDGE_CURVE('',#3037,#3038,#2478,.T.);
#3840=EDGE_CURVE('',#3038,#2730,#1398,.T.);
#3841=EDGE_CURVE('',#3038,#3039,#1399,.T.);
#3842=EDGE_CURVE('',#3039,#2731,#1400,.T.);
#3843=EDGE_CURVE('',#3039,#3040,#2479,.T.);
#3844=EDGE_CURVE('',#3040,#2732,#1401,.T.);
#3845=EDGE_CURVE('',#3040,#3033,#1402,.T.);
#3846=EDGE_CURVE('',#3041,#3042,#2480,.T.);
#3847=EDGE_CURVE('',#3042,#2718,#1403,.T.);
#3848=EDGE_CURVE('',#3041,#2717,#1404,.T.);
#3849=EDGE_CURVE('',#3042,#3043,#1405,.T.);
#3850=EDGE_CURVE('',#3043,#2719,#1406,.T.);
#3851=EDGE_CURVE('',#3043,#3044,#2481,.T.);
#3852=EDGE_CURVE('',#3044,#2720,#1407,.T.);
#3853=EDGE_CURVE('',#3044,#3045,#1408,.T.);
#3854=EDGE_CURVE('',#3045,#2721,#1409,.T.);
#3855=EDGE_CURVE('',#3045,#3046,#2482,.T.);
#3856=EDGE_CURVE('',#3046,#2722,#1410,.T.);
#3857=EDGE_CURVE('',#3046,#3047,#1411,.T.);
#3858=EDGE_CURVE('',#3047,#2723,#1412,.T.);
#3859=EDGE_CURVE('',#3047,#3048,#2483,.T.);
#3860=EDGE_CURVE('',#3048,#2724,#1413,.T.);
#3861=EDGE_CURVE('',#3048,#3041,#1414,.T.);
#3862=EDGE_CURVE('',#3049,#3050,#2484,.T.);
#3863=EDGE_CURVE('',#3050,#2710,#1415,.T.);
#3864=EDGE_CURVE('',#3049,#2709,#1416,.T.);
#3865=EDGE_CURVE('',#3050,#3051,#1417,.T.);
#3866=EDGE_CURVE('',#3051,#2711,#1418,.T.);
#3867=EDGE_CURVE('',#3051,#3052,#2485,.T.);
#3868=EDGE_CURVE('',#3052,#2712,#1419,.T.);
#3869=EDGE_CURVE('',#3052,#3053,#1420,.T.);
#3870=EDGE_CURVE('',#3053,#2713,#1421,.T.);
#3871=EDGE_CURVE('',#3053,#3054,#2486,.T.);
#3872=EDGE_CURVE('',#3054,#2714,#1422,.T.);
#3873=EDGE_CURVE('',#3054,#3055,#1423,.T.);
#3874=EDGE_CURVE('',#3055,#2715,#1424,.T.);
#3875=EDGE_CURVE('',#3055,#3056,#2487,.T.);
#3876=EDGE_CURVE('',#3056,#2716,#1425,.T.);
#3877=EDGE_CURVE('',#3056,#3049,#1426,.T.);
#3878=EDGE_CURVE('',#3057,#3058,#2488,.T.);
#3879=EDGE_CURVE('',#3058,#2702,#1427,.T.);
#3880=EDGE_CURVE('',#3057,#2701,#1428,.T.);
#3881=EDGE_CURVE('',#3058,#3059,#1429,.T.);
#3882=EDGE_CURVE('',#3059,#2703,#1430,.T.);
#3883=EDGE_CURVE('',#3059,#3060,#2489,.T.);
#3884=EDGE_CURVE('',#3060,#2704,#1431,.T.);
#3885=EDGE_CURVE('',#3060,#3061,#1432,.T.);
#3886=EDGE_CURVE('',#3061,#2705,#1433,.T.);
#3887=EDGE_CURVE('',#3061,#3062,#2490,.T.);
#3888=EDGE_CURVE('',#3062,#2706,#1434,.T.);
#3889=EDGE_CURVE('',#3062,#3063,#1435,.T.);
#3890=EDGE_CURVE('',#3063,#2707,#1436,.T.);
#3891=EDGE_CURVE('',#3063,#3064,#2491,.T.);
#3892=EDGE_CURVE('',#3064,#2708,#1437,.T.);
#3893=EDGE_CURVE('',#3064,#3057,#1438,.T.);
#3894=EDGE_CURVE('',#3065,#3066,#2492,.T.);
#3895=EDGE_CURVE('',#3066,#2694,#1439,.T.);
#3896=EDGE_CURVE('',#3065,#2693,#1440,.T.);
#3897=EDGE_CURVE('',#3066,#3067,#1441,.T.);
#3898=EDGE_CURVE('',#3067,#2695,#1442,.T.);
#3899=EDGE_CURVE('',#3067,#3068,#2493,.T.);
#3900=EDGE_CURVE('',#3068,#2696,#1443,.T.);
#3901=EDGE_CURVE('',#3068,#3069,#1444,.T.);
#3902=EDGE_CURVE('',#3069,#2697,#1445,.T.);
#3903=EDGE_CURVE('',#3069,#3070,#2494,.T.);
#3904=EDGE_CURVE('',#3070,#2698,#1446,.T.);
#3905=EDGE_CURVE('',#3070,#3071,#1447,.T.);
#3906=EDGE_CURVE('',#3071,#2699,#1448,.T.);
#3907=EDGE_CURVE('',#3071,#3072,#2495,.T.);
#3908=EDGE_CURVE('',#3072,#2700,#1449,.T.);
#3909=EDGE_CURVE('',#3072,#3065,#1450,.T.);
#3910=EDGE_CURVE('',#3073,#3074,#2496,.T.);
#3911=EDGE_CURVE('',#3074,#2686,#1451,.T.);
#3912=EDGE_CURVE('',#3073,#2685,#1452,.T.);
#3913=EDGE_CURVE('',#3074,#3075,#1453,.T.);
#3914=EDGE_CURVE('',#3075,#2687,#1454,.T.);
#3915=EDGE_CURVE('',#3075,#3076,#2497,.T.);
#3916=EDGE_CURVE('',#3076,#2688,#1455,.T.);
#3917=EDGE_CURVE('',#3076,#3077,#1456,.T.);
#3918=EDGE_CURVE('',#3077,#2689,#1457,.T.);
#3919=EDGE_CURVE('',#3077,#3078,#2498,.T.);
#3920=EDGE_CURVE('',#3078,#2690,#1458,.T.);
#3921=EDGE_CURVE('',#3078,#3079,#1459,.T.);
#3922=EDGE_CURVE('',#3079,#2691,#1460,.T.);
#3923=EDGE_CURVE('',#3079,#3080,#2499,.T.);
#3924=EDGE_CURVE('',#3080,#2692,#1461,.T.);
#3925=EDGE_CURVE('',#3080,#3073,#1462,.T.);
#3926=EDGE_CURVE('',#3081,#3082,#2500,.T.);
#3927=EDGE_CURVE('',#3082,#2678,#1463,.T.);
#3928=EDGE_CURVE('',#3081,#2677,#1464,.T.);
#3929=EDGE_CURVE('',#3082,#3083,#1465,.T.);
#3930=EDGE_CURVE('',#3083,#2679,#1466,.T.);
#3931=EDGE_CURVE('',#3083,#3084,#2501,.T.);
#3932=EDGE_CURVE('',#3084,#2680,#1467,.T.);
#3933=EDGE_CURVE('',#3084,#3085,#1468,.T.);
#3934=EDGE_CURVE('',#3085,#2681,#1469,.T.);
#3935=EDGE_CURVE('',#3085,#3086,#2502,.T.);
#3936=EDGE_CURVE('',#3086,#2682,#1470,.T.);
#3937=EDGE_CURVE('',#3086,#3087,#1471,.T.);
#3938=EDGE_CURVE('',#3087,#2683,#1472,.T.);
#3939=EDGE_CURVE('',#3087,#3088,#2503,.T.);
#3940=EDGE_CURVE('',#3088,#2684,#1473,.T.);
#3941=EDGE_CURVE('',#3088,#3081,#1474,.T.);
#3942=EDGE_CURVE('',#3089,#3090,#2504,.T.);
#3943=EDGE_CURVE('',#3090,#2670,#1475,.T.);
#3944=EDGE_CURVE('',#3089,#2669,#1476,.T.);
#3945=EDGE_CURVE('',#3090,#3091,#1477,.T.);
#3946=EDGE_CURVE('',#3091,#2671,#1478,.T.);
#3947=EDGE_CURVE('',#3091,#3092,#2505,.T.);
#3948=EDGE_CURVE('',#3092,#2672,#1479,.T.);
#3949=EDGE_CURVE('',#3092,#3093,#1480,.T.);
#3950=EDGE_CURVE('',#3093,#2673,#1481,.T.);
#3951=EDGE_CURVE('',#3093,#3094,#2506,.T.);
#3952=EDGE_CURVE('',#3094,#2674,#1482,.T.);
#3953=EDGE_CURVE('',#3094,#3095,#1483,.T.);
#3954=EDGE_CURVE('',#3095,#2675,#1484,.T.);
#3955=EDGE_CURVE('',#3095,#3096,#2507,.T.);
#3956=EDGE_CURVE('',#3096,#2676,#1485,.T.);
#3957=EDGE_CURVE('',#3096,#3089,#1486,.T.);
#3958=EDGE_CURVE('',#3097,#3098,#2508,.T.);
#3959=EDGE_CURVE('',#3098,#2662,#1487,.T.);
#3960=EDGE_CURVE('',#3097,#2661,#1488,.T.);
#3961=EDGE_CURVE('',#3098,#3099,#1489,.T.);
#3962=EDGE_CURVE('',#3099,#2663,#1490,.T.);
#3963=EDGE_CURVE('',#3099,#3100,#2509,.T.);
#3964=EDGE_CURVE('',#3100,#2664,#1491,.T.);
#3965=EDGE_CURVE('',#3100,#3101,#1492,.T.);
#3966=EDGE_CURVE('',#3101,#2665,#1493,.T.);
#3967=EDGE_CURVE('',#3101,#3102,#2510,.T.);
#3968=EDGE_CURVE('',#3102,#2666,#1494,.T.);
#3969=EDGE_CURVE('',#3102,#3103,#1495,.T.);
#3970=EDGE_CURVE('',#3103,#2667,#1496,.T.);
#3971=EDGE_CURVE('',#3103,#3104,#2511,.T.);
#3972=EDGE_CURVE('',#3104,#2668,#1497,.T.);
#3973=EDGE_CURVE('',#3104,#3097,#1498,.T.);
#3974=EDGE_CURVE('',#3105,#3106,#2512,.T.);
#3975=EDGE_CURVE('',#3106,#2654,#1499,.T.);
#3976=EDGE_CURVE('',#3105,#2653,#1500,.T.);
#3977=EDGE_CURVE('',#3106,#3107,#1501,.T.);
#3978=EDGE_CURVE('',#3107,#2655,#1502,.T.);
#3979=EDGE_CURVE('',#3107,#3108,#2513,.T.);
#3980=EDGE_CURVE('',#3108,#2656,#1503,.T.);
#3981=EDGE_CURVE('',#3108,#3109,#1504,.T.);
#3982=EDGE_CURVE('',#3109,#2657,#1505,.T.);
#3983=EDGE_CURVE('',#3109,#3110,#2514,.T.);
#3984=EDGE_CURVE('',#3110,#2658,#1506,.T.);
#3985=EDGE_CURVE('',#3110,#3111,#1507,.T.);
#3986=EDGE_CURVE('',#3111,#2659,#1508,.T.);
#3987=EDGE_CURVE('',#3111,#3112,#2515,.T.);
#3988=EDGE_CURVE('',#3112,#2660,#1509,.T.);
#3989=EDGE_CURVE('',#3112,#3105,#1510,.T.);
#3990=EDGE_CURVE('',#3113,#3114,#2516,.T.);
#3991=EDGE_CURVE('',#3114,#2646,#1511,.T.);
#3992=EDGE_CURVE('',#3113,#2645,#1512,.T.);
#3993=EDGE_CURVE('',#3114,#3115,#1513,.T.);
#3994=EDGE_CURVE('',#3115,#2647,#1514,.T.);
#3995=EDGE_CURVE('',#3115,#3116,#2517,.T.);
#3996=EDGE_CURVE('',#3116,#2648,#1515,.T.);
#3997=EDGE_CURVE('',#3116,#3117,#1516,.T.);
#3998=EDGE_CURVE('',#3117,#2649,#1517,.T.);
#3999=EDGE_CURVE('',#3117,#3118,#2518,.T.);
#4000=EDGE_CURVE('',#3118,#2650,#1518,.T.);
#4001=EDGE_CURVE('',#3118,#3119,#1519,.T.);
#4002=EDGE_CURVE('',#3119,#2651,#1520,.T.);
#4003=EDGE_CURVE('',#3119,#3120,#2519,.T.);
#4004=EDGE_CURVE('',#3120,#2652,#1521,.T.);
#4005=EDGE_CURVE('',#3120,#3113,#1522,.T.);
#4006=EDGE_CURVE('',#3121,#3122,#2520,.T.);
#4007=EDGE_CURVE('',#3122,#2638,#1523,.T.);
#4008=EDGE_CURVE('',#3121,#2637,#1524,.T.);
#4009=EDGE_CURVE('',#3122,#3123,#1525,.T.);
#4010=EDGE_CURVE('',#3123,#2639,#1526,.T.);
#4011=EDGE_CURVE('',#3123,#3124,#2521,.T.);
#4012=EDGE_CURVE('',#3124,#2640,#1527,.T.);
#4013=EDGE_CURVE('',#3124,#3125,#1528,.T.);
#4014=EDGE_CURVE('',#3125,#2641,#1529,.T.);
#4015=EDGE_CURVE('',#3125,#3126,#2522,.T.);
#4016=EDGE_CURVE('',#3126,#2642,#1530,.T.);
#4017=EDGE_CURVE('',#3126,#3127,#1531,.T.);
#4018=EDGE_CURVE('',#3127,#2643,#1532,.T.);
#4019=EDGE_CURVE('',#3127,#3128,#2523,.T.);
#4020=EDGE_CURVE('',#3128,#2644,#1533,.T.);
#4021=EDGE_CURVE('',#3128,#3121,#1534,.T.);
#4022=EDGE_CURVE('',#3129,#3130,#2524,.T.);
#4023=EDGE_CURVE('',#3130,#2630,#1535,.T.);
#4024=EDGE_CURVE('',#3129,#2629,#1536,.T.);
#4025=EDGE_CURVE('',#3130,#3131,#1537,.T.);
#4026=EDGE_CURVE('',#3131,#2631,#1538,.T.);
#4027=EDGE_CURVE('',#3131,#3132,#2525,.T.);
#4028=EDGE_CURVE('',#3132,#2632,#1539,.T.);
#4029=EDGE_CURVE('',#3132,#3133,#1540,.T.);
#4030=EDGE_CURVE('',#3133,#2633,#1541,.T.);
#4031=EDGE_CURVE('',#3133,#3134,#2526,.T.);
#4032=EDGE_CURVE('',#3134,#2634,#1542,.T.);
#4033=EDGE_CURVE('',#3134,#3135,#1543,.T.);
#4034=EDGE_CURVE('',#3135,#2635,#1544,.T.);
#4035=EDGE_CURVE('',#3135,#3136,#2527,.T.);
#4036=EDGE_CURVE('',#3136,#2636,#1545,.T.);
#4037=EDGE_CURVE('',#3136,#3129,#1546,.T.);
#4038=EDGE_CURVE('',#3137,#3138,#2528,.T.);
#4039=EDGE_CURVE('',#3138,#2622,#1547,.T.);
#4040=EDGE_CURVE('',#3137,#2621,#1548,.T.);
#4041=EDGE_CURVE('',#3138,#3139,#1549,.T.);
#4042=EDGE_CURVE('',#3139,#2623,#1550,.T.);
#4043=EDGE_CURVE('',#3139,#3140,#2529,.T.);
#4044=EDGE_CURVE('',#3140,#2624,#1551,.T.);
#4045=EDGE_CURVE('',#3140,#3141,#1552,.T.);
#4046=EDGE_CURVE('',#3141,#2625,#1553,.T.);
#4047=EDGE_CURVE('',#3141,#3142,#2530,.T.);
#4048=EDGE_CURVE('',#3142,#2626,#1554,.T.);
#4049=EDGE_CURVE('',#3142,#3143,#1555,.T.);
#4050=EDGE_CURVE('',#3143,#2627,#1556,.T.);
#4051=EDGE_CURVE('',#3143,#3144,#2531,.T.);
#4052=EDGE_CURVE('',#3144,#2628,#1557,.T.);
#4053=EDGE_CURVE('',#3144,#3137,#1558,.T.);
#4054=EDGE_CURVE('',#3145,#3146,#2532,.T.);
#4055=EDGE_CURVE('',#3146,#2614,#1559,.T.);
#4056=EDGE_CURVE('',#3145,#2613,#1560,.T.);
#4057=EDGE_CURVE('',#3146,#3147,#1561,.T.);
#4058=EDGE_CURVE('',#3147,#2615,#1562,.T.);
#4059=EDGE_CURVE('',#3147,#3148,#2533,.T.);
#4060=EDGE_CURVE('',#3148,#2616,#1563,.T.);
#4061=EDGE_CURVE('',#3148,#3149,#1564,.T.);
#4062=EDGE_CURVE('',#3149,#2617,#1565,.T.);
#4063=EDGE_CURVE('',#3149,#3150,#2534,.T.);
#4064=EDGE_CURVE('',#3150,#2618,#1566,.T.);
#4065=EDGE_CURVE('',#3150,#3151,#1567,.T.);
#4066=EDGE_CURVE('',#3151,#2619,#1568,.T.);
#4067=EDGE_CURVE('',#3151,#3152,#2535,.T.);
#4068=EDGE_CURVE('',#3152,#2620,#1569,.T.);
#4069=EDGE_CURVE('',#3152,#3145,#1570,.T.);
#4070=EDGE_CURVE('',#3153,#3154,#2536,.T.);
#4071=EDGE_CURVE('',#3154,#2606,#1571,.T.);
#4072=EDGE_CURVE('',#3153,#2605,#1572,.T.);
#4073=EDGE_CURVE('',#3154,#3155,#1573,.T.);
#4074=EDGE_CURVE('',#3155,#2607,#1574,.T.);
#4075=EDGE_CURVE('',#3155,#3156,#2537,.T.);
#4076=EDGE_CURVE('',#3156,#2608,#1575,.T.);
#4077=EDGE_CURVE('',#3156,#3157,#1576,.T.);
#4078=EDGE_CURVE('',#3157,#2609,#1577,.T.);
#4079=EDGE_CURVE('',#3157,#3158,#2538,.T.);
#4080=EDGE_CURVE('',#3158,#2610,#1578,.T.);
#4081=EDGE_CURVE('',#3158,#3159,#1579,.T.);
#4082=EDGE_CURVE('',#3159,#2611,#1580,.T.);
#4083=EDGE_CURVE('',#3159,#3160,#2539,.T.);
#4084=EDGE_CURVE('',#3160,#2612,#1581,.T.);
#4085=EDGE_CURVE('',#3160,#3153,#1582,.T.);
#4086=EDGE_CURVE('',#3161,#3162,#2540,.T.);
#4087=EDGE_CURVE('',#3162,#2598,#1583,.T.);
#4088=EDGE_CURVE('',#3161,#2597,#1584,.T.);
#4089=EDGE_CURVE('',#3162,#3163,#1585,.T.);
#4090=EDGE_CURVE('',#3163,#2599,#1586,.T.);
#4091=EDGE_CURVE('',#3163,#3164,#2541,.T.);
#4092=EDGE_CURVE('',#3164,#2600,#1587,.T.);
#4093=EDGE_CURVE('',#3164,#3165,#1588,.T.);
#4094=EDGE_CURVE('',#3165,#2601,#1589,.T.);
#4095=EDGE_CURVE('',#3165,#3166,#2542,.T.);
#4096=EDGE_CURVE('',#3166,#2602,#1590,.T.);
#4097=EDGE_CURVE('',#3166,#3167,#1591,.T.);
#4098=EDGE_CURVE('',#3167,#2603,#1592,.T.);
#4099=EDGE_CURVE('',#3167,#3168,#2543,.T.);
#4100=EDGE_CURVE('',#3168,#2604,#1593,.T.);
#4101=EDGE_CURVE('',#3168,#3161,#1594,.T.);
#4102=EDGE_CURVE('',#3169,#3170,#2544,.T.);
#4103=EDGE_CURVE('',#3170,#2590,#1595,.T.);
#4104=EDGE_CURVE('',#3169,#2589,#1596,.T.);
#4105=EDGE_CURVE('',#3170,#3171,#1597,.T.);
#4106=EDGE_CURVE('',#3171,#2591,#1598,.T.);
#4107=EDGE_CURVE('',#3171,#3172,#2545,.T.);
#4108=EDGE_CURVE('',#3172,#2592,#1599,.T.);
#4109=EDGE_CURVE('',#3172,#3173,#1600,.T.);
#4110=EDGE_CURVE('',#3173,#2593,#1601,.T.);
#4111=EDGE_CURVE('',#3173,#3174,#2546,.T.);
#4112=EDGE_CURVE('',#3174,#2594,#1602,.T.);
#4113=EDGE_CURVE('',#3174,#3175,#1603,.T.);
#4114=EDGE_CURVE('',#3175,#2595,#1604,.T.);
#4115=EDGE_CURVE('',#3175,#3176,#2547,.T.);
#4116=EDGE_CURVE('',#3176,#2596,#1605,.T.);
#4117=EDGE_CURVE('',#3176,#3169,#1606,.T.);
#4118=EDGE_CURVE('',#2877,#2573,#2548,.T.);
#4119=ORIENTED_EDGE('',*,*,#3177,.F.);
#4120=ORIENTED_EDGE('',*,*,#3178,.T.);
#4121=ORIENTED_EDGE('',*,*,#3179,.F.);
#4122=ORIENTED_EDGE('',*,*,#3178,.F.);
#4123=ORIENTED_EDGE('',*,*,#3180,.F.);
#4124=ORIENTED_EDGE('',*,*,#3181,.T.);
#4125=ORIENTED_EDGE('',*,*,#3182,.F.);
#4126=ORIENTED_EDGE('',*,*,#3181,.F.);
#4127=ORIENTED_EDGE('',*,*,#3183,.F.);
#4128=ORIENTED_EDGE('',*,*,#3184,.F.);
#4129=ORIENTED_EDGE('',*,*,#3185,.F.);
#4130=ORIENTED_EDGE('',*,*,#3186,.F.);
#4131=ORIENTED_EDGE('',*,*,#3187,.F.);
#4132=ORIENTED_EDGE('',*,*,#3188,.F.);
#4133=ORIENTED_EDGE('',*,*,#3189,.F.);
#4134=ORIENTED_EDGE('',*,*,#3190,.F.);
#4135=ORIENTED_EDGE('',*,*,#3191,.F.);
#4136=ORIENTED_EDGE('',*,*,#3192,.F.);
#4137=ORIENTED_EDGE('',*,*,#3193,.F.);
#4138=ORIENTED_EDGE('',*,*,#3194,.F.);
#4139=ORIENTED_EDGE('',*,*,#3195,.F.);
#4140=ORIENTED_EDGE('',*,*,#3196,.F.);
#4141=ORIENTED_EDGE('',*,*,#3197,.F.);
#4142=ORIENTED_EDGE('',*,*,#3198,.F.);
#4143=ORIENTED_EDGE('',*,*,#3185,.T.);
#4144=ORIENTED_EDGE('',*,*,#3199,.F.);
#4145=ORIENTED_EDGE('',*,*,#3200,.F.);
#4146=ORIENTED_EDGE('',*,*,#3201,.F.);
#4147=ORIENTED_EDGE('',*,*,#3189,.T.);
#4148=ORIENTED_EDGE('',*,*,#3202,.F.);
#4149=ORIENTED_EDGE('',*,*,#3203,.F.);
#4150=ORIENTED_EDGE('',*,*,#3204,.T.);
#4151=ORIENTED_EDGE('',*,*,#3193,.T.);
#4152=ORIENTED_EDGE('',*,*,#3205,.F.);
#4153=ORIENTED_EDGE('',*,*,#3206,.T.);
#4154=ORIENTED_EDGE('',*,*,#3207,.F.);
#4155=ORIENTED_EDGE('',*,*,#3197,.T.);
#4156=ORIENTED_EDGE('',*,*,#3208,.F.);
#4157=ORIENTED_EDGE('',*,*,#3209,.F.);
#4158=ORIENTED_EDGE('',*,*,#3210,.T.);
#4159=ORIENTED_EDGE('',*,*,#3184,.T.);
#4160=ORIENTED_EDGE('',*,*,#3211,.T.);
#4161=ORIENTED_EDGE('',*,*,#3212,.T.);
#4162=ORIENTED_EDGE('',*,*,#3213,.T.);
#4163=ORIENTED_EDGE('',*,*,#3214,.T.);
#4164=ORIENTED_EDGE('',*,*,#3202,.T.);
#4165=ORIENTED_EDGE('',*,*,#3188,.T.);
#4166=ORIENTED_EDGE('',*,*,#3215,.T.);
#4167=ORIENTED_EDGE('',*,*,#3216,.T.);
#4168=ORIENTED_EDGE('',*,*,#3217,.T.);
#4169=ORIENTED_EDGE('',*,*,#3218,.T.);
#4170=ORIENTED_EDGE('',*,*,#3208,.T.);
#4171=ORIENTED_EDGE('',*,*,#3196,.T.);
#4172=ORIENTED_EDGE('',*,*,#3219,.T.);
#4173=ORIENTED_EDGE('',*,*,#3220,.T.);
#4174=ORIENTED_EDGE('',*,*,#3221,.T.);
#4175=ORIENTED_EDGE('',*,*,#3222,.T.);
#4176=ORIENTED_EDGE('',*,*,#3223,.T.);
#4177=ORIENTED_EDGE('',*,*,#3194,.T.);
#4178=ORIENTED_EDGE('',*,*,#3207,.T.);
#4179=ORIENTED_EDGE('',*,*,#3224,.T.);
#4180=ORIENTED_EDGE('',*,*,#3225,.T.);
#4181=ORIENTED_EDGE('',*,*,#3226,.T.);
#4182=ORIENTED_EDGE('',*,*,#3199,.T.);
#4183=ORIENTED_EDGE('',*,*,#3227,.T.);
#4184=ORIENTED_EDGE('',*,*,#3228,.T.);
#4185=ORIENTED_EDGE('',*,*,#3229,.T.);
#4186=ORIENTED_EDGE('',*,*,#3230,.T.);
#4187=ORIENTED_EDGE('',*,*,#3231,.T.);
#4188=ORIENTED_EDGE('',*,*,#3232,.T.);
#4189=ORIENTED_EDGE('',*,*,#3233,.T.);
#4190=ORIENTED_EDGE('',*,*,#3234,.T.);
#4191=ORIENTED_EDGE('',*,*,#3235,.T.);
#4192=ORIENTED_EDGE('',*,*,#3236,.T.);
#4193=ORIENTED_EDGE('',*,*,#3237,.T.);
#4194=ORIENTED_EDGE('',*,*,#3238,.T.);
#4195=ORIENTED_EDGE('',*,*,#3239,.T.);
#4196=ORIENTED_EDGE('',*,*,#3240,.T.);
#4197=ORIENTED_EDGE('',*,*,#3241,.T.);
#4198=ORIENTED_EDGE('',*,*,#3242,.T.);
#4199=ORIENTED_EDGE('',*,*,#3243,.T.);
#4200=ORIENTED_EDGE('',*,*,#3244,.T.);
#4201=ORIENTED_EDGE('',*,*,#3245,.T.);
#4202=ORIENTED_EDGE('',*,*,#3246,.T.);
#4203=ORIENTED_EDGE('',*,*,#3247,.T.);
#4204=ORIENTED_EDGE('',*,*,#3248,.T.);
#4205=ORIENTED_EDGE('',*,*,#3249,.T.);
#4206=ORIENTED_EDGE('',*,*,#3250,.T.);
#4207=ORIENTED_EDGE('',*,*,#3251,.T.);
#4208=ORIENTED_EDGE('',*,*,#3252,.T.);
#4209=ORIENTED_EDGE('',*,*,#3253,.T.);
#4210=ORIENTED_EDGE('',*,*,#3254,.T.);
#4211=ORIENTED_EDGE('',*,*,#3255,.T.);
#4212=ORIENTED_EDGE('',*,*,#3256,.T.);
#4213=ORIENTED_EDGE('',*,*,#3257,.T.);
#4214=ORIENTED_EDGE('',*,*,#3258,.T.);
#4215=ORIENTED_EDGE('',*,*,#3259,.T.);
#4216=ORIENTED_EDGE('',*,*,#3260,.T.);
#4217=ORIENTED_EDGE('',*,*,#3261,.T.);
#4218=ORIENTED_EDGE('',*,*,#3262,.T.);
#4219=ORIENTED_EDGE('',*,*,#3263,.T.);
#4220=ORIENTED_EDGE('',*,*,#3264,.T.);
#4221=ORIENTED_EDGE('',*,*,#3265,.T.);
#4222=ORIENTED_EDGE('',*,*,#3266,.T.);
#4223=ORIENTED_EDGE('',*,*,#3267,.T.);
#4224=ORIENTED_EDGE('',*,*,#3268,.T.);
#4225=ORIENTED_EDGE('',*,*,#3269,.T.);
#4226=ORIENTED_EDGE('',*,*,#3270,.T.);
#4227=ORIENTED_EDGE('',*,*,#3271,.T.);
#4228=ORIENTED_EDGE('',*,*,#3272,.T.);
#4229=ORIENTED_EDGE('',*,*,#3273,.T.);
#4230=ORIENTED_EDGE('',*,*,#3274,.T.);
#4231=ORIENTED_EDGE('',*,*,#3275,.T.);
#4232=ORIENTED_EDGE('',*,*,#3276,.T.);
#4233=ORIENTED_EDGE('',*,*,#3277,.T.);
#4234=ORIENTED_EDGE('',*,*,#3278,.T.);
#4235=ORIENTED_EDGE('',*,*,#3279,.T.);
#4236=ORIENTED_EDGE('',*,*,#3280,.T.);
#4237=ORIENTED_EDGE('',*,*,#3281,.T.);
#4238=ORIENTED_EDGE('',*,*,#3282,.T.);
#4239=ORIENTED_EDGE('',*,*,#3283,.T.);
#4240=ORIENTED_EDGE('',*,*,#3284,.T.);
#4241=ORIENTED_EDGE('',*,*,#3285,.T.);
#4242=ORIENTED_EDGE('',*,*,#3286,.T.);
#4243=ORIENTED_EDGE('',*,*,#3287,.T.);
#4244=ORIENTED_EDGE('',*,*,#3288,.T.);
#4245=ORIENTED_EDGE('',*,*,#3289,.T.);
#4246=ORIENTED_EDGE('',*,*,#3290,.T.);
#4247=ORIENTED_EDGE('',*,*,#3291,.T.);
#4248=ORIENTED_EDGE('',*,*,#3292,.T.);
#4249=ORIENTED_EDGE('',*,*,#3293,.T.);
#4250=ORIENTED_EDGE('',*,*,#3294,.T.);
#4251=ORIENTED_EDGE('',*,*,#3295,.T.);
#4252=ORIENTED_EDGE('',*,*,#3296,.T.);
#4253=ORIENTED_EDGE('',*,*,#3297,.T.);
#4254=ORIENTED_EDGE('',*,*,#3298,.T.);
#4255=ORIENTED_EDGE('',*,*,#3299,.T.);
#4256=ORIENTED_EDGE('',*,*,#3300,.T.);
#4257=ORIENTED_EDGE('',*,*,#3301,.T.);
#4258=ORIENTED_EDGE('',*,*,#3302,.T.);
#4259=ORIENTED_EDGE('',*,*,#3303,.T.);
#4260=ORIENTED_EDGE('',*,*,#3304,.T.);
#4261=ORIENTED_EDGE('',*,*,#3305,.T.);
#4262=ORIENTED_EDGE('',*,*,#3306,.T.);
#4263=ORIENTED_EDGE('',*,*,#3307,.T.);
#4264=ORIENTED_EDGE('',*,*,#3308,.T.);
#4265=ORIENTED_EDGE('',*,*,#3309,.T.);
#4266=ORIENTED_EDGE('',*,*,#3310,.T.);
#4267=ORIENTED_EDGE('',*,*,#3311,.T.);
#4268=ORIENTED_EDGE('',*,*,#3312,.T.);
#4269=ORIENTED_EDGE('',*,*,#3313,.T.);
#4270=ORIENTED_EDGE('',*,*,#3314,.T.);
#4271=ORIENTED_EDGE('',*,*,#3315,.T.);
#4272=ORIENTED_EDGE('',*,*,#3316,.T.);
#4273=ORIENTED_EDGE('',*,*,#3317,.T.);
#4274=ORIENTED_EDGE('',*,*,#3318,.T.);
#4275=ORIENTED_EDGE('',*,*,#3319,.T.);
#4276=ORIENTED_EDGE('',*,*,#3320,.T.);
#4277=ORIENTED_EDGE('',*,*,#3321,.T.);
#4278=ORIENTED_EDGE('',*,*,#3322,.T.);
#4279=ORIENTED_EDGE('',*,*,#3323,.T.);
#4280=ORIENTED_EDGE('',*,*,#3324,.T.);
#4281=ORIENTED_EDGE('',*,*,#3325,.T.);
#4282=ORIENTED_EDGE('',*,*,#3326,.T.);
#4283=ORIENTED_EDGE('',*,*,#3327,.T.);
#4284=ORIENTED_EDGE('',*,*,#3328,.T.);
#4285=ORIENTED_EDGE('',*,*,#3329,.T.);
#4286=ORIENTED_EDGE('',*,*,#3330,.T.);
#4287=ORIENTED_EDGE('',*,*,#3331,.T.);
#4288=ORIENTED_EDGE('',*,*,#3332,.T.);
#4289=ORIENTED_EDGE('',*,*,#3333,.T.);
#4290=ORIENTED_EDGE('',*,*,#3334,.T.);
#4291=ORIENTED_EDGE('',*,*,#3335,.T.);
#4292=ORIENTED_EDGE('',*,*,#3336,.T.);
#4293=ORIENTED_EDGE('',*,*,#3337,.T.);
#4294=ORIENTED_EDGE('',*,*,#3338,.T.);
#4295=ORIENTED_EDGE('',*,*,#3339,.T.);
#4296=ORIENTED_EDGE('',*,*,#3340,.T.);
#4297=ORIENTED_EDGE('',*,*,#3341,.T.);
#4298=ORIENTED_EDGE('',*,*,#3342,.T.);
#4299=ORIENTED_EDGE('',*,*,#3343,.T.);
#4300=ORIENTED_EDGE('',*,*,#3344,.T.);
#4301=ORIENTED_EDGE('',*,*,#3345,.T.);
#4302=ORIENTED_EDGE('',*,*,#3346,.T.);
#4303=ORIENTED_EDGE('',*,*,#3347,.T.);
#4304=ORIENTED_EDGE('',*,*,#3348,.T.);
#4305=ORIENTED_EDGE('',*,*,#3349,.T.);
#4306=ORIENTED_EDGE('',*,*,#3350,.T.);
#4307=ORIENTED_EDGE('',*,*,#3351,.T.);
#4308=ORIENTED_EDGE('',*,*,#3352,.T.);
#4309=ORIENTED_EDGE('',*,*,#3353,.T.);
#4310=ORIENTED_EDGE('',*,*,#3354,.T.);
#4311=ORIENTED_EDGE('',*,*,#3355,.T.);
#4312=ORIENTED_EDGE('',*,*,#3356,.T.);
#4313=ORIENTED_EDGE('',*,*,#3357,.T.);
#4314=ORIENTED_EDGE('',*,*,#3358,.T.);
#4315=ORIENTED_EDGE('',*,*,#3359,.T.);
#4316=ORIENTED_EDGE('',*,*,#3360,.T.);
#4317=ORIENTED_EDGE('',*,*,#3361,.T.);
#4318=ORIENTED_EDGE('',*,*,#3362,.T.);
#4319=ORIENTED_EDGE('',*,*,#3363,.T.);
#4320=ORIENTED_EDGE('',*,*,#3364,.T.);
#4321=ORIENTED_EDGE('',*,*,#3365,.T.);
#4322=ORIENTED_EDGE('',*,*,#3366,.T.);
#4323=ORIENTED_EDGE('',*,*,#3367,.T.);
#4324=ORIENTED_EDGE('',*,*,#3368,.T.);
#4325=ORIENTED_EDGE('',*,*,#3369,.T.);
#4326=ORIENTED_EDGE('',*,*,#3370,.T.);
#4327=ORIENTED_EDGE('',*,*,#3371,.T.);
#4328=ORIENTED_EDGE('',*,*,#3372,.T.);
#4329=ORIENTED_EDGE('',*,*,#3373,.T.);
#4330=ORIENTED_EDGE('',*,*,#3374,.T.);
#4331=ORIENTED_EDGE('',*,*,#3375,.T.);
#4332=ORIENTED_EDGE('',*,*,#3376,.T.);
#4333=ORIENTED_EDGE('',*,*,#3377,.T.);
#4334=ORIENTED_EDGE('',*,*,#3378,.T.);
#4335=ORIENTED_EDGE('',*,*,#3379,.T.);
#4336=ORIENTED_EDGE('',*,*,#3380,.T.);
#4337=ORIENTED_EDGE('',*,*,#3381,.T.);
#4338=ORIENTED_EDGE('',*,*,#3382,.T.);
#4339=ORIENTED_EDGE('',*,*,#3383,.T.);
#4340=ORIENTED_EDGE('',*,*,#3384,.T.);
#4341=ORIENTED_EDGE('',*,*,#3385,.T.);
#4342=ORIENTED_EDGE('',*,*,#3386,.T.);
#4343=ORIENTED_EDGE('',*,*,#3387,.T.);
#4344=ORIENTED_EDGE('',*,*,#3388,.T.);
#4345=ORIENTED_EDGE('',*,*,#3389,.T.);
#4346=ORIENTED_EDGE('',*,*,#3390,.T.);
#4347=ORIENTED_EDGE('',*,*,#3391,.T.);
#4348=ORIENTED_EDGE('',*,*,#3392,.T.);
#4349=ORIENTED_EDGE('',*,*,#3393,.T.);
#4350=ORIENTED_EDGE('',*,*,#3394,.T.);
#4351=ORIENTED_EDGE('',*,*,#3395,.T.);
#4352=ORIENTED_EDGE('',*,*,#3396,.T.);
#4353=ORIENTED_EDGE('',*,*,#3397,.T.);
#4354=ORIENTED_EDGE('',*,*,#3398,.T.);
#4355=ORIENTED_EDGE('',*,*,#3399,.T.);
#4356=ORIENTED_EDGE('',*,*,#3400,.T.);
#4357=ORIENTED_EDGE('',*,*,#3401,.T.);
#4358=ORIENTED_EDGE('',*,*,#3402,.T.);
#4359=ORIENTED_EDGE('',*,*,#3403,.T.);
#4360=ORIENTED_EDGE('',*,*,#3404,.T.);
#4361=ORIENTED_EDGE('',*,*,#3405,.T.);
#4362=ORIENTED_EDGE('',*,*,#3406,.T.);
#4363=ORIENTED_EDGE('',*,*,#3407,.T.);
#4364=ORIENTED_EDGE('',*,*,#3408,.T.);
#4365=ORIENTED_EDGE('',*,*,#3409,.T.);
#4366=ORIENTED_EDGE('',*,*,#3410,.T.);
#4367=ORIENTED_EDGE('',*,*,#3411,.T.);
#4368=ORIENTED_EDGE('',*,*,#3412,.T.);
#4369=ORIENTED_EDGE('',*,*,#3413,.T.);
#4370=ORIENTED_EDGE('',*,*,#3414,.T.);
#4371=ORIENTED_EDGE('',*,*,#3415,.T.);
#4372=ORIENTED_EDGE('',*,*,#3416,.T.);
#4373=ORIENTED_EDGE('',*,*,#3417,.T.);
#4374=ORIENTED_EDGE('',*,*,#3418,.T.);
#4375=ORIENTED_EDGE('',*,*,#3419,.T.);
#4376=ORIENTED_EDGE('',*,*,#3420,.T.);
#4377=ORIENTED_EDGE('',*,*,#3421,.T.);
#4378=ORIENTED_EDGE('',*,*,#3422,.T.);
#4379=ORIENTED_EDGE('',*,*,#3423,.T.);
#4380=ORIENTED_EDGE('',*,*,#3424,.T.);
#4381=ORIENTED_EDGE('',*,*,#3425,.T.);
#4382=ORIENTED_EDGE('',*,*,#3426,.T.);
#4383=ORIENTED_EDGE('',*,*,#3427,.T.);
#4384=ORIENTED_EDGE('',*,*,#3428,.T.);
#4385=ORIENTED_EDGE('',*,*,#3429,.T.);
#4386=ORIENTED_EDGE('',*,*,#3430,.T.);
#4387=ORIENTED_EDGE('',*,*,#3431,.T.);
#4388=ORIENTED_EDGE('',*,*,#3432,.T.);
#4389=ORIENTED_EDGE('',*,*,#3433,.T.);
#4390=ORIENTED_EDGE('',*,*,#3434,.T.);
#4391=ORIENTED_EDGE('',*,*,#3435,.T.);
#4392=ORIENTED_EDGE('',*,*,#3436,.T.);
#4393=ORIENTED_EDGE('',*,*,#3437,.T.);
#4394=ORIENTED_EDGE('',*,*,#3438,.T.);
#4395=ORIENTED_EDGE('',*,*,#3439,.T.);
#4396=ORIENTED_EDGE('',*,*,#3440,.T.);
#4397=ORIENTED_EDGE('',*,*,#3441,.T.);
#4398=ORIENTED_EDGE('',*,*,#3442,.T.);
#4399=ORIENTED_EDGE('',*,*,#3443,.T.);
#4400=ORIENTED_EDGE('',*,*,#3444,.T.);
#4401=ORIENTED_EDGE('',*,*,#3445,.T.);
#4402=ORIENTED_EDGE('',*,*,#3446,.T.);
#4403=ORIENTED_EDGE('',*,*,#3447,.T.);
#4404=ORIENTED_EDGE('',*,*,#3448,.T.);
#4405=ORIENTED_EDGE('',*,*,#3449,.T.);
#4406=ORIENTED_EDGE('',*,*,#3450,.T.);
#4407=ORIENTED_EDGE('',*,*,#3451,.T.);
#4408=ORIENTED_EDGE('',*,*,#3452,.T.);
#4409=ORIENTED_EDGE('',*,*,#3453,.T.);
#4410=ORIENTED_EDGE('',*,*,#3454,.T.);
#4411=ORIENTED_EDGE('',*,*,#3455,.T.);
#4412=ORIENTED_EDGE('',*,*,#3456,.T.);
#4413=ORIENTED_EDGE('',*,*,#3457,.T.);
#4414=ORIENTED_EDGE('',*,*,#3458,.T.);
#4415=ORIENTED_EDGE('',*,*,#3459,.T.);
#4416=ORIENTED_EDGE('',*,*,#3460,.T.);
#4417=ORIENTED_EDGE('',*,*,#3461,.T.);
#4418=ORIENTED_EDGE('',*,*,#3462,.T.);
#4419=ORIENTED_EDGE('',*,*,#3463,.T.);
#4420=ORIENTED_EDGE('',*,*,#3464,.T.);
#4421=ORIENTED_EDGE('',*,*,#3465,.T.);
#4422=ORIENTED_EDGE('',*,*,#3466,.T.);
#4423=ORIENTED_EDGE('',*,*,#3467,.T.);
#4424=ORIENTED_EDGE('',*,*,#3468,.T.);
#4425=ORIENTED_EDGE('',*,*,#3469,.T.);
#4426=ORIENTED_EDGE('',*,*,#3470,.T.);
#4427=ORIENTED_EDGE('',*,*,#3471,.T.);
#4428=ORIENTED_EDGE('',*,*,#3472,.T.);
#4429=ORIENTED_EDGE('',*,*,#3473,.T.);
#4430=ORIENTED_EDGE('',*,*,#3474,.T.);
#4431=ORIENTED_EDGE('',*,*,#3475,.T.);
#4432=ORIENTED_EDGE('',*,*,#3476,.T.);
#4433=ORIENTED_EDGE('',*,*,#3477,.T.);
#4434=ORIENTED_EDGE('',*,*,#3478,.T.);
#4435=ORIENTED_EDGE('',*,*,#3479,.T.);
#4436=ORIENTED_EDGE('',*,*,#3480,.T.);
#4437=ORIENTED_EDGE('',*,*,#3481,.T.);
#4438=ORIENTED_EDGE('',*,*,#3482,.T.);
#4439=ORIENTED_EDGE('',*,*,#3483,.T.);
#4440=ORIENTED_EDGE('',*,*,#3484,.T.);
#4441=ORIENTED_EDGE('',*,*,#3485,.T.);
#4442=ORIENTED_EDGE('',*,*,#3486,.T.);
#4443=ORIENTED_EDGE('',*,*,#3487,.T.);
#4444=ORIENTED_EDGE('',*,*,#3488,.T.);
#4445=ORIENTED_EDGE('',*,*,#3489,.T.);
#4446=ORIENTED_EDGE('',*,*,#3490,.T.);
#4447=ORIENTED_EDGE('',*,*,#3491,.T.);
#4448=ORIENTED_EDGE('',*,*,#3492,.T.);
#4449=ORIENTED_EDGE('',*,*,#3493,.T.);
#4450=ORIENTED_EDGE('',*,*,#3494,.T.);
#4451=ORIENTED_EDGE('',*,*,#3495,.T.);
#4452=ORIENTED_EDGE('',*,*,#3496,.T.);
#4453=ORIENTED_EDGE('',*,*,#3497,.T.);
#4454=ORIENTED_EDGE('',*,*,#3498,.T.);
#4455=ORIENTED_EDGE('',*,*,#3499,.T.);
#4456=ORIENTED_EDGE('',*,*,#3500,.T.);
#4457=ORIENTED_EDGE('',*,*,#3501,.T.);
#4458=ORIENTED_EDGE('',*,*,#3502,.T.);
#4459=ORIENTED_EDGE('',*,*,#3503,.T.);
#4460=ORIENTED_EDGE('',*,*,#3504,.T.);
#4461=ORIENTED_EDGE('',*,*,#3505,.T.);
#4462=ORIENTED_EDGE('',*,*,#3506,.T.);
#4463=ORIENTED_EDGE('',*,*,#3507,.T.);
#4464=ORIENTED_EDGE('',*,*,#3508,.T.);
#4465=ORIENTED_EDGE('',*,*,#3509,.T.);
#4466=ORIENTED_EDGE('',*,*,#3510,.T.);
#4467=ORIENTED_EDGE('',*,*,#3511,.T.);
#4468=ORIENTED_EDGE('',*,*,#3512,.T.);
#4469=ORIENTED_EDGE('',*,*,#3513,.T.);
#4470=ORIENTED_EDGE('',*,*,#3514,.T.);
#4471=ORIENTED_EDGE('',*,*,#3182,.T.);
#4472=ORIENTED_EDGE('',*,*,#3179,.T.);
#4473=ORIENTED_EDGE('',*,*,#3225,.F.);
#4474=ORIENTED_EDGE('',*,*,#3515,.F.);
#4475=ORIENTED_EDGE('',*,*,#3516,.F.);
#4476=ORIENTED_EDGE('',*,*,#3517,.F.);
#4477=ORIENTED_EDGE('',*,*,#3226,.F.);
#4478=ORIENTED_EDGE('',*,*,#3517,.T.);
#4479=ORIENTED_EDGE('',*,*,#3518,.F.);
#4480=ORIENTED_EDGE('',*,*,#3200,.T.);
#4481=ORIENTED_EDGE('',*,*,#3519,.T.);
#4482=ORIENTED_EDGE('',*,*,#3520,.T.);
#4483=ORIENTED_EDGE('',*,*,#3507,.F.);
#4484=ORIENTED_EDGE('',*,*,#3521,.F.);
#4485=ORIENTED_EDGE('',*,*,#3522,.T.);
#4486=ORIENTED_EDGE('',*,*,#3523,.T.);
#4487=ORIENTED_EDGE('',*,*,#3508,.F.);
#4488=ORIENTED_EDGE('',*,*,#3520,.F.);
#4489=ORIENTED_EDGE('',*,*,#3524,.T.);
#4490=ORIENTED_EDGE('',*,*,#3525,.T.);
#4491=ORIENTED_EDGE('',*,*,#3509,.F.);
#4492=ORIENTED_EDGE('',*,*,#3523,.F.);
#4493=ORIENTED_EDGE('',*,*,#3526,.T.);
#4494=ORIENTED_EDGE('',*,*,#3527,.T.);
#4495=ORIENTED_EDGE('',*,*,#3510,.F.);
#4496=ORIENTED_EDGE('',*,*,#3525,.F.);
#4497=ORIENTED_EDGE('',*,*,#3528,.T.);
#4498=ORIENTED_EDGE('',*,*,#3529,.T.);
#4499=ORIENTED_EDGE('',*,*,#3511,.F.);
#4500=ORIENTED_EDGE('',*,*,#3527,.F.);
#4501=ORIENTED_EDGE('',*,*,#3530,.T.);
#4502=ORIENTED_EDGE('',*,*,#3531,.T.);
#4503=ORIENTED_EDGE('',*,*,#3512,.F.);
#4504=ORIENTED_EDGE('',*,*,#3529,.F.);
#4505=ORIENTED_EDGE('',*,*,#3532,.T.);
#4506=ORIENTED_EDGE('',*,*,#3533,.T.);
#4507=ORIENTED_EDGE('',*,*,#3513,.F.);
#4508=ORIENTED_EDGE('',*,*,#3531,.F.);
#4509=ORIENTED_EDGE('',*,*,#3534,.T.);
#4510=ORIENTED_EDGE('',*,*,#3521,.T.);
#4511=ORIENTED_EDGE('',*,*,#3514,.F.);
#4512=ORIENTED_EDGE('',*,*,#3533,.F.);
#4513=ORIENTED_EDGE('',*,*,#3535,.T.);
#4514=ORIENTED_EDGE('',*,*,#3536,.T.);
#4515=ORIENTED_EDGE('',*,*,#3499,.F.);
#4516=ORIENTED_EDGE('',*,*,#3537,.F.);
#4517=ORIENTED_EDGE('',*,*,#3538,.T.);
#4518=ORIENTED_EDGE('',*,*,#3539,.T.);
#4519=ORIENTED_EDGE('',*,*,#3500,.F.);
#4520=ORIENTED_EDGE('',*,*,#3536,.F.);
#4521=ORIENTED_EDGE('',*,*,#3540,.T.);
#4522=ORIENTED_EDGE('',*,*,#3541,.T.);
#4523=ORIENTED_EDGE('',*,*,#3501,.F.);
#4524=ORIENTED_EDGE('',*,*,#3539,.F.);
#4525=ORIENTED_EDGE('',*,*,#3542,.T.);
#4526=ORIENTED_EDGE('',*,*,#3543,.T.);
#4527=ORIENTED_EDGE('',*,*,#3502,.F.);
#4528=ORIENTED_EDGE('',*,*,#3541,.F.);
#4529=ORIENTED_EDGE('',*,*,#3544,.T.);
#4530=ORIENTED_EDGE('',*,*,#3545,.T.);
#4531=ORIENTED_EDGE('',*,*,#3503,.F.);
#4532=ORIENTED_EDGE('',*,*,#3543,.F.);
#4533=ORIENTED_EDGE('',*,*,#3546,.T.);
#4534=ORIENTED_EDGE('',*,*,#3547,.T.);
#4535=ORIENTED_EDGE('',*,*,#3504,.F.);
#4536=ORIENTED_EDGE('',*,*,#3545,.F.);
#4537=ORIENTED_EDGE('',*,*,#3548,.T.);
#4538=ORIENTED_EDGE('',*,*,#3549,.T.);
#4539=ORIENTED_EDGE('',*,*,#3505,.F.);
#4540=ORIENTED_EDGE('',*,*,#3547,.F.);
#4541=ORIENTED_EDGE('',*,*,#3550,.T.);
#4542=ORIENTED_EDGE('',*,*,#3537,.T.);
#4543=ORIENTED_EDGE('',*,*,#3506,.F.);
#4544=ORIENTED_EDGE('',*,*,#3549,.F.);
#4545=ORIENTED_EDGE('',*,*,#3551,.T.);
#4546=ORIENTED_EDGE('',*,*,#3552,.T.);
#4547=ORIENTED_EDGE('',*,*,#3491,.F.);
#4548=ORIENTED_EDGE('',*,*,#3553,.F.);
#4549=ORIENTED_EDGE('',*,*,#3554,.T.);
#4550=ORIENTED_EDGE('',*,*,#3555,.T.);
#4551=ORIENTED_EDGE('',*,*,#3492,.F.);
#4552=ORIENTED_EDGE('',*,*,#3552,.F.);
#4553=ORIENTED_EDGE('',*,*,#3556,.T.);
#4554=ORIENTED_EDGE('',*,*,#3557,.T.);
#4555=ORIENTED_EDGE('',*,*,#3493,.F.);
#4556=ORIENTED_EDGE('',*,*,#3555,.F.);
#4557=ORIENTED_EDGE('',*,*,#3558,.T.);
#4558=ORIENTED_EDGE('',*,*,#3559,.T.);
#4559=ORIENTED_EDGE('',*,*,#3494,.F.);
#4560=ORIENTED_EDGE('',*,*,#3557,.F.);
#4561=ORIENTED_EDGE('',*,*,#3560,.T.);
#4562=ORIENTED_EDGE('',*,*,#3561,.T.);
#4563=ORIENTED_EDGE('',*,*,#3495,.F.);
#4564=ORIENTED_EDGE('',*,*,#3559,.F.);
#4565=ORIENTED_EDGE('',*,*,#3562,.T.);
#4566=ORIENTED_EDGE('',*,*,#3563,.T.);
#4567=ORIENTED_EDGE('',*,*,#3496,.F.);
#4568=ORIENTED_EDGE('',*,*,#3561,.F.);
#4569=ORIENTED_EDGE('',*,*,#3564,.T.);
#4570=ORIENTED_EDGE('',*,*,#3565,.T.);
#4571=ORIENTED_EDGE('',*,*,#3497,.F.);
#4572=ORIENTED_EDGE('',*,*,#3563,.F.);
#4573=ORIENTED_EDGE('',*,*,#3566,.T.);
#4574=ORIENTED_EDGE('',*,*,#3553,.T.);
#4575=ORIENTED_EDGE('',*,*,#3498,.F.);
#4576=ORIENTED_EDGE('',*,*,#3565,.F.);
#4577=ORIENTED_EDGE('',*,*,#3567,.T.);
#4578=ORIENTED_EDGE('',*,*,#3568,.T.);
#4579=ORIENTED_EDGE('',*,*,#3483,.F.);
#4580=ORIENTED_EDGE('',*,*,#3569,.F.);
#4581=ORIENTED_EDGE('',*,*,#3570,.T.);
#4582=ORIENTED_EDGE('',*,*,#3571,.T.);
#4583=ORIENTED_EDGE('',*,*,#3484,.F.);
#4584=ORIENTED_EDGE('',*,*,#3568,.F.);
#4585=ORIENTED_EDGE('',*,*,#3572,.T.);
#4586=ORIENTED_EDGE('',*,*,#3573,.T.);
#4587=ORIENTED_EDGE('',*,*,#3485,.F.);
#4588=ORIENTED_EDGE('',*,*,#3571,.F.);
#4589=ORIENTED_EDGE('',*,*,#3574,.T.);
#4590=ORIENTED_EDGE('',*,*,#3575,.T.);
#4591=ORIENTED_EDGE('',*,*,#3486,.F.);
#4592=ORIENTED_EDGE('',*,*,#3573,.F.);
#4593=ORIENTED_EDGE('',*,*,#3576,.T.);
#4594=ORIENTED_EDGE('',*,*,#3577,.T.);
#4595=ORIENTED_EDGE('',*,*,#3487,.F.);
#4596=ORIENTED_EDGE('',*,*,#3575,.F.);
#4597=ORIENTED_EDGE('',*,*,#3578,.T.);
#4598=ORIENTED_EDGE('',*,*,#3579,.T.);
#4599=ORIENTED_EDGE('',*,*,#3488,.F.);
#4600=ORIENTED_EDGE('',*,*,#3577,.F.);
#4601=ORIENTED_EDGE('',*,*,#3580,.T.);
#4602=ORIENTED_EDGE('',*,*,#3581,.T.);
#4603=ORIENTED_EDGE('',*,*,#3489,.F.);
#4604=ORIENTED_EDGE('',*,*,#3579,.F.);
#4605=ORIENTED_EDGE('',*,*,#3582,.T.);
#4606=ORIENTED_EDGE('',*,*,#3569,.T.);
#4607=ORIENTED_EDGE('',*,*,#3490,.F.);
#4608=ORIENTED_EDGE('',*,*,#3581,.F.);
#4609=ORIENTED_EDGE('',*,*,#3583,.T.);
#4610=ORIENTED_EDGE('',*,*,#3584,.T.);
#4611=ORIENTED_EDGE('',*,*,#3475,.F.);
#4612=ORIENTED_EDGE('',*,*,#3585,.F.);
#4613=ORIENTED_EDGE('',*,*,#3586,.T.);
#4614=ORIENTED_EDGE('',*,*,#3587,.T.);
#4615=ORIENTED_EDGE('',*,*,#3476,.F.);
#4616=ORIENTED_EDGE('',*,*,#3584,.F.);
#4617=ORIENTED_EDGE('',*,*,#3588,.T.);
#4618=ORIENTED_EDGE('',*,*,#3589,.T.);
#4619=ORIENTED_EDGE('',*,*,#3477,.F.);
#4620=ORIENTED_EDGE('',*,*,#3587,.F.);
#4621=ORIENTED_EDGE('',*,*,#3590,.T.);
#4622=ORIENTED_EDGE('',*,*,#3591,.T.);
#4623=ORIENTED_EDGE('',*,*,#3478,.F.);
#4624=ORIENTED_EDGE('',*,*,#3589,.F.);
#4625=ORIENTED_EDGE('',*,*,#3592,.T.);
#4626=ORIENTED_EDGE('',*,*,#3593,.T.);
#4627=ORIENTED_EDGE('',*,*,#3479,.F.);
#4628=ORIENTED_EDGE('',*,*,#3591,.F.);
#4629=ORIENTED_EDGE('',*,*,#3594,.T.);
#4630=ORIENTED_EDGE('',*,*,#3595,.T.);
#4631=ORIENTED_EDGE('',*,*,#3480,.F.);
#4632=ORIENTED_EDGE('',*,*,#3593,.F.);
#4633=ORIENTED_EDGE('',*,*,#3596,.T.);
#4634=ORIENTED_EDGE('',*,*,#3597,.T.);
#4635=ORIENTED_EDGE('',*,*,#3481,.F.);
#4636=ORIENTED_EDGE('',*,*,#3595,.F.);
#4637=ORIENTED_EDGE('',*,*,#3598,.T.);
#4638=ORIENTED_EDGE('',*,*,#3585,.T.);
#4639=ORIENTED_EDGE('',*,*,#3482,.F.);
#4640=ORIENTED_EDGE('',*,*,#3597,.F.);
#4641=ORIENTED_EDGE('',*,*,#3599,.T.);
#4642=ORIENTED_EDGE('',*,*,#3203,.T.);
#4643=ORIENTED_EDGE('',*,*,#3214,.F.);
#4644=ORIENTED_EDGE('',*,*,#3600,.F.);
#4645=ORIENTED_EDGE('',*,*,#3183,.T.);
#4646=ORIENTED_EDGE('',*,*,#3601,.T.);
#4647=ORIENTED_EDGE('',*,*,#3602,.T.);
#4648=ORIENTED_EDGE('',*,*,#3211,.F.);
#4649=ORIENTED_EDGE('',*,*,#3603,.T.);
#4650=ORIENTED_EDGE('',*,*,#3604,.T.);
#4651=ORIENTED_EDGE('',*,*,#3212,.F.);
#4652=ORIENTED_EDGE('',*,*,#3602,.F.);
#4653=ORIENTED_EDGE('',*,*,#3605,.T.);
#4654=ORIENTED_EDGE('',*,*,#3600,.T.);
#4655=ORIENTED_EDGE('',*,*,#3213,.F.);
#4656=ORIENTED_EDGE('',*,*,#3604,.F.);
#4657=ORIENTED_EDGE('',*,*,#3606,.T.);
#4658=ORIENTED_EDGE('',*,*,#3607,.T.);
#4659=ORIENTED_EDGE('',*,*,#3467,.F.);
#4660=ORIENTED_EDGE('',*,*,#3608,.F.);
#4661=ORIENTED_EDGE('',*,*,#3609,.T.);
#4662=ORIENTED_EDGE('',*,*,#3610,.T.);
#4663=ORIENTED_EDGE('',*,*,#3468,.F.);
#4664=ORIENTED_EDGE('',*,*,#3607,.F.);
#4665=ORIENTED_EDGE('',*,*,#3611,.T.);
#4666=ORIENTED_EDGE('',*,*,#3612,.T.);
#4667=ORIENTED_EDGE('',*,*,#3469,.F.);
#4668=ORIENTED_EDGE('',*,*,#3610,.F.);
#4669=ORIENTED_EDGE('',*,*,#3613,.T.);
#4670=ORIENTED_EDGE('',*,*,#3614,.T.);
#4671=ORIENTED_EDGE('',*,*,#3470,.F.);
#4672=ORIENTED_EDGE('',*,*,#3612,.F.);
#4673=ORIENTED_EDGE('',*,*,#3615,.T.);
#4674=ORIENTED_EDGE('',*,*,#3616,.T.);
#4675=ORIENTED_EDGE('',*,*,#3471,.F.);
#4676=ORIENTED_EDGE('',*,*,#3614,.F.);
#4677=ORIENTED_EDGE('',*,*,#3617,.T.);
#4678=ORIENTED_EDGE('',*,*,#3618,.T.);
#4679=ORIENTED_EDGE('',*,*,#3472,.F.);
#4680=ORIENTED_EDGE('',*,*,#3616,.F.);
#4681=ORIENTED_EDGE('',*,*,#3619,.T.);
#4682=ORIENTED_EDGE('',*,*,#3620,.T.);
#4683=ORIENTED_EDGE('',*,*,#3473,.F.);
#4684=ORIENTED_EDGE('',*,*,#3618,.F.);
#4685=ORIENTED_EDGE('',*,*,#3621,.T.);
#4686=ORIENTED_EDGE('',*,*,#3608,.T.);
#4687=ORIENTED_EDGE('',*,*,#3474,.F.);
#4688=ORIENTED_EDGE('',*,*,#3620,.F.);
#4689=ORIENTED_EDGE('',*,*,#3622,.T.);
#4690=ORIENTED_EDGE('',*,*,#3623,.T.);
#4691=ORIENTED_EDGE('',*,*,#3459,.F.);
#4692=ORIENTED_EDGE('',*,*,#3624,.F.);
#4693=ORIENTED_EDGE('',*,*,#3625,.T.);
#4694=ORIENTED_EDGE('',*,*,#3626,.T.);
#4695=ORIENTED_EDGE('',*,*,#3460,.F.);
#4696=ORIENTED_EDGE('',*,*,#3623,.F.);
#4697=ORIENTED_EDGE('',*,*,#3627,.T.);
#4698=ORIENTED_EDGE('',*,*,#3628,.T.);
#4699=ORIENTED_EDGE('',*,*,#3461,.F.);
#4700=ORIENTED_EDGE('',*,*,#3626,.F.);
#4701=ORIENTED_EDGE('',*,*,#3629,.T.);
#4702=ORIENTED_EDGE('',*,*,#3630,.T.);
#4703=ORIENTED_EDGE('',*,*,#3462,.F.);
#4704=ORIENTED_EDGE('',*,*,#3628,.F.);
#4705=ORIENTED_EDGE('',*,*,#3631,.T.);
#4706=ORIENTED_EDGE('',*,*,#3632,.T.);
#4707=ORIENTED_EDGE('',*,*,#3463,.F.);
#4708=ORIENTED_EDGE('',*,*,#3630,.F.);
#4709=ORIENTED_EDGE('',*,*,#3633,.T.);
#4710=ORIENTED_EDGE('',*,*,#3634,.T.);
#4711=ORIENTED_EDGE('',*,*,#3464,.F.);
#4712=ORIENTED_EDGE('',*,*,#3632,.F.);
#4713=ORIENTED_EDGE('',*,*,#3635,.T.);
#4714=ORIENTED_EDGE('',*,*,#3636,.T.);
#4715=ORIENTED_EDGE('',*,*,#3465,.F.);
#4716=ORIENTED_EDGE('',*,*,#3634,.F.);
#4717=ORIENTED_EDGE('',*,*,#3637,.T.);
#4718=ORIENTED_EDGE('',*,*,#3624,.T.);
#4719=ORIENTED_EDGE('',*,*,#3466,.F.);
#4720=ORIENTED_EDGE('',*,*,#3636,.F.);
#4721=ORIENTED_EDGE('',*,*,#3638,.T.);
#4722=ORIENTED_EDGE('',*,*,#3639,.T.);
#4723=ORIENTED_EDGE('',*,*,#3451,.F.);
#4724=ORIENTED_EDGE('',*,*,#3640,.F.);
#4725=ORIENTED_EDGE('',*,*,#3641,.T.);
#4726=ORIENTED_EDGE('',*,*,#3642,.T.);
#4727=ORIENTED_EDGE('',*,*,#3452,.F.);
#4728=ORIENTED_EDGE('',*,*,#3639,.F.);
#4729=ORIENTED_EDGE('',*,*,#3643,.T.);
#4730=ORIENTED_EDGE('',*,*,#3644,.T.);
#4731=ORIENTED_EDGE('',*,*,#3453,.F.);
#4732=ORIENTED_EDGE('',*,*,#3642,.F.);
#4733=ORIENTED_EDGE('',*,*,#3645,.T.);
#4734=ORIENTED_EDGE('',*,*,#3646,.T.);
#4735=ORIENTED_EDGE('',*,*,#3454,.F.);
#4736=ORIENTED_EDGE('',*,*,#3644,.F.);
#4737=ORIENTED_EDGE('',*,*,#3647,.T.);
#4738=ORIENTED_EDGE('',*,*,#3648,.T.);
#4739=ORIENTED_EDGE('',*,*,#3455,.F.);
#4740=ORIENTED_EDGE('',*,*,#3646,.F.);
#4741=ORIENTED_EDGE('',*,*,#3649,.T.);
#4742=ORIENTED_EDGE('',*,*,#3650,.T.);
#4743=ORIENTED_EDGE('',*,*,#3456,.F.);
#4744=ORIENTED_EDGE('',*,*,#3648,.F.);
#4745=ORIENTED_EDGE('',*,*,#3651,.T.);
#4746=ORIENTED_EDGE('',*,*,#3652,.T.);
#4747=ORIENTED_EDGE('',*,*,#3457,.F.);
#4748=ORIENTED_EDGE('',*,*,#3650,.F.);
#4749=ORIENTED_EDGE('',*,*,#3653,.T.);
#4750=ORIENTED_EDGE('',*,*,#3640,.T.);
#4751=ORIENTED_EDGE('',*,*,#3458,.F.);
#4752=ORIENTED_EDGE('',*,*,#3652,.F.);
#4753=ORIENTED_EDGE('',*,*,#3654,.T.);
#4754=ORIENTED_EDGE('',*,*,#3209,.T.);
#4755=ORIENTED_EDGE('',*,*,#3218,.F.);
#4756=ORIENTED_EDGE('',*,*,#3655,.F.);
#4757=ORIENTED_EDGE('',*,*,#3187,.T.);
#4758=ORIENTED_EDGE('',*,*,#3656,.T.);
#4759=ORIENTED_EDGE('',*,*,#3657,.T.);
#4760=ORIENTED_EDGE('',*,*,#3215,.F.);
#4761=ORIENTED_EDGE('',*,*,#3658,.T.);
#4762=ORIENTED_EDGE('',*,*,#3659,.T.);
#4763=ORIENTED_EDGE('',*,*,#3216,.F.);
#4764=ORIENTED_EDGE('',*,*,#3657,.F.);
#4765=ORIENTED_EDGE('',*,*,#3660,.T.);
#4766=ORIENTED_EDGE('',*,*,#3655,.T.);
#4767=ORIENTED_EDGE('',*,*,#3217,.F.);
#4768=ORIENTED_EDGE('',*,*,#3659,.F.);
#4769=ORIENTED_EDGE('',*,*,#3661,.T.);
#4770=ORIENTED_EDGE('',*,*,#3662,.T.);
#4771=ORIENTED_EDGE('',*,*,#3443,.F.);
#4772=ORIENTED_EDGE('',*,*,#3663,.F.);
#4773=ORIENTED_EDGE('',*,*,#3664,.T.);
#4774=ORIENTED_EDGE('',*,*,#3665,.T.);
#4775=ORIENTED_EDGE('',*,*,#3444,.F.);
#4776=ORIENTED_EDGE('',*,*,#3662,.F.);
#4777=ORIENTED_EDGE('',*,*,#3666,.T.);
#4778=ORIENTED_EDGE('',*,*,#3667,.T.);
#4779=ORIENTED_EDGE('',*,*,#3445,.F.);
#4780=ORIENTED_EDGE('',*,*,#3665,.F.);
#4781=ORIENTED_EDGE('',*,*,#3668,.T.);
#4782=ORIENTED_EDGE('',*,*,#3669,.T.);
#4783=ORIENTED_EDGE('',*,*,#3446,.F.);
#4784=ORIENTED_EDGE('',*,*,#3667,.F.);
#4785=ORIENTED_EDGE('',*,*,#3670,.T.);
#4786=ORIENTED_EDGE('',*,*,#3671,.T.);
#4787=ORIENTED_EDGE('',*,*,#3447,.F.);
#4788=ORIENTED_EDGE('',*,*,#3669,.F.);
#4789=ORIENTED_EDGE('',*,*,#3672,.T.);
#4790=ORIENTED_EDGE('',*,*,#3673,.T.);
#4791=ORIENTED_EDGE('',*,*,#3448,.F.);
#4792=ORIENTED_EDGE('',*,*,#3671,.F.);
#4793=ORIENTED_EDGE('',*,*,#3674,.T.);
#4794=ORIENTED_EDGE('',*,*,#3675,.T.);
#4795=ORIENTED_EDGE('',*,*,#3449,.F.);
#4796=ORIENTED_EDGE('',*,*,#3673,.F.);
#4797=ORIENTED_EDGE('',*,*,#3676,.T.);
#4798=ORIENTED_EDGE('',*,*,#3663,.T.);
#4799=ORIENTED_EDGE('',*,*,#3450,.F.);
#4800=ORIENTED_EDGE('',*,*,#3675,.F.);
#4801=ORIENTED_EDGE('',*,*,#3677,.T.);
#4802=ORIENTED_EDGE('',*,*,#3678,.T.);
#4803=ORIENTED_EDGE('',*,*,#3435,.F.);
#4804=ORIENTED_EDGE('',*,*,#3679,.F.);
#4805=ORIENTED_EDGE('',*,*,#3680,.T.);
#4806=ORIENTED_EDGE('',*,*,#3681,.T.);
#4807=ORIENTED_EDGE('',*,*,#3436,.F.);
#4808=ORIENTED_EDGE('',*,*,#3678,.F.);
#4809=ORIENTED_EDGE('',*,*,#3682,.T.);
#4810=ORIENTED_EDGE('',*,*,#3683,.T.);
#4811=ORIENTED_EDGE('',*,*,#3437,.F.);
#4812=ORIENTED_EDGE('',*,*,#3681,.F.);
#4813=ORIENTED_EDGE('',*,*,#3684,.T.);
#4814=ORIENTED_EDGE('',*,*,#3685,.T.);
#4815=ORIENTED_EDGE('',*,*,#3438,.F.);
#4816=ORIENTED_EDGE('',*,*,#3683,.F.);
#4817=ORIENTED_EDGE('',*,*,#3686,.T.);
#4818=ORIENTED_EDGE('',*,*,#3687,.T.);
#4819=ORIENTED_EDGE('',*,*,#3439,.F.);
#4820=ORIENTED_EDGE('',*,*,#3685,.F.);
#4821=ORIENTED_EDGE('',*,*,#3688,.T.);
#4822=ORIENTED_EDGE('',*,*,#3689,.T.);
#4823=ORIENTED_EDGE('',*,*,#3440,.F.);
#4824=ORIENTED_EDGE('',*,*,#3687,.F.);
#4825=ORIENTED_EDGE('',*,*,#3690,.T.);
#4826=ORIENTED_EDGE('',*,*,#3691,.T.);
#4827=ORIENTED_EDGE('',*,*,#3441,.F.);
#4828=ORIENTED_EDGE('',*,*,#3689,.F.);
#4829=ORIENTED_EDGE('',*,*,#3692,.T.);
#4830=ORIENTED_EDGE('',*,*,#3679,.T.);
#4831=ORIENTED_EDGE('',*,*,#3442,.F.);
#4832=ORIENTED_EDGE('',*,*,#3691,.F.);
#4833=ORIENTED_EDGE('',*,*,#3693,.T.);
#4834=ORIENTED_EDGE('',*,*,#3694,.T.);
#4835=ORIENTED_EDGE('',*,*,#3427,.F.);
#4836=ORIENTED_EDGE('',*,*,#3695,.F.);
#4837=ORIENTED_EDGE('',*,*,#3696,.T.);
#4838=ORIENTED_EDGE('',*,*,#3697,.T.);
#4839=ORIENTED_EDGE('',*,*,#3428,.F.);
#4840=ORIENTED_EDGE('',*,*,#3694,.F.);
#4841=ORIENTED_EDGE('',*,*,#3698,.T.);
#4842=ORIENTED_EDGE('',*,*,#3699,.T.);
#4843=ORIENTED_EDGE('',*,*,#3429,.F.);
#4844=ORIENTED_EDGE('',*,*,#3697,.F.);
#4845=ORIENTED_EDGE('',*,*,#3700,.T.);
#4846=ORIENTED_EDGE('',*,*,#3701,.T.);
#4847=ORIENTED_EDGE('',*,*,#3430,.F.);
#4848=ORIENTED_EDGE('',*,*,#3699,.F.);
#4849=ORIENTED_EDGE('',*,*,#3702,.T.);
#4850=ORIENTED_EDGE('',*,*,#3703,.T.);
#4851=ORIENTED_EDGE('',*,*,#3431,.F.);
#4852=ORIENTED_EDGE('',*,*,#3701,.F.);
#4853=ORIENTED_EDGE('',*,*,#3704,.T.);
#4854=ORIENTED_EDGE('',*,*,#3705,.T.);
#4855=ORIENTED_EDGE('',*,*,#3432,.F.);
#4856=ORIENTED_EDGE('',*,*,#3703,.F.);
#4857=ORIENTED_EDGE('',*,*,#3706,.T.);
#4858=ORIENTED_EDGE('',*,*,#3707,.T.);
#4859=ORIENTED_EDGE('',*,*,#3433,.F.);
#4860=ORIENTED_EDGE('',*,*,#3705,.F.);
#4861=ORIENTED_EDGE('',*,*,#3708,.T.);
#4862=ORIENTED_EDGE('',*,*,#3695,.T.);
#4863=ORIENTED_EDGE('',*,*,#3434,.F.);
#4864=ORIENTED_EDGE('',*,*,#3707,.F.);
#4865=ORIENTED_EDGE('',*,*,#3709,.T.);
#4866=ORIENTED_EDGE('',*,*,#3710,.T.);
#4867=ORIENTED_EDGE('',*,*,#3222,.F.);
#4868=ORIENTED_EDGE('',*,*,#3711,.F.);
#4869=ORIENTED_EDGE('',*,*,#3191,.T.);
#4870=ORIENTED_EDGE('',*,*,#3223,.F.);
#4871=ORIENTED_EDGE('',*,*,#3710,.F.);
#4872=ORIENTED_EDGE('',*,*,#3712,.T.);
#4873=ORIENTED_EDGE('',*,*,#3195,.T.);
#4874=ORIENTED_EDGE('',*,*,#3713,.T.);
#4875=ORIENTED_EDGE('',*,*,#3714,.T.);
#4876=ORIENTED_EDGE('',*,*,#3219,.F.);
#4877=ORIENTED_EDGE('',*,*,#3715,.T.);
#4878=ORIENTED_EDGE('',*,*,#3716,.T.);
#4879=ORIENTED_EDGE('',*,*,#3220,.F.);
#4880=ORIENTED_EDGE('',*,*,#3714,.F.);
#4881=ORIENTED_EDGE('',*,*,#3717,.T.);
#4882=ORIENTED_EDGE('',*,*,#3711,.T.);
#4883=ORIENTED_EDGE('',*,*,#3221,.F.);
#4884=ORIENTED_EDGE('',*,*,#3716,.F.);
#4885=ORIENTED_EDGE('',*,*,#3718,.T.);
#4886=ORIENTED_EDGE('',*,*,#3719,.T.);
#4887=ORIENTED_EDGE('',*,*,#3419,.F.);
#4888=ORIENTED_EDGE('',*,*,#3720,.F.);
#4889=ORIENTED_EDGE('',*,*,#3721,.T.);
#4890=ORIENTED_EDGE('',*,*,#3722,.T.);
#4891=ORIENTED_EDGE('',*,*,#3420,.F.);
#4892=ORIENTED_EDGE('',*,*,#3719,.F.);
#4893=ORIENTED_EDGE('',*,*,#3723,.T.);
#4894=ORIENTED_EDGE('',*,*,#3724,.T.);
#4895=ORIENTED_EDGE('',*,*,#3421,.F.);
#4896=ORIENTED_EDGE('',*,*,#3722,.F.);
#4897=ORIENTED_EDGE('',*,*,#3725,.T.);
#4898=ORIENTED_EDGE('',*,*,#3726,.T.);
#4899=ORIENTED_EDGE('',*,*,#3422,.F.);
#4900=ORIENTED_EDGE('',*,*,#3724,.F.);
#4901=ORIENTED_EDGE('',*,*,#3727,.T.);
#4902=ORIENTED_EDGE('',*,*,#3728,.T.);
#4903=ORIENTED_EDGE('',*,*,#3423,.F.);
#4904=ORIENTED_EDGE('',*,*,#3726,.F.);
#4905=ORIENTED_EDGE('',*,*,#3729,.T.);
#4906=ORIENTED_EDGE('',*,*,#3730,.T.);
#4907=ORIENTED_EDGE('',*,*,#3424,.F.);
#4908=ORIENTED_EDGE('',*,*,#3728,.F.);
#4909=ORIENTED_EDGE('',*,*,#3731,.T.);
#4910=ORIENTED_EDGE('',*,*,#3732,.T.);
#4911=ORIENTED_EDGE('',*,*,#3425,.F.);
#4912=ORIENTED_EDGE('',*,*,#3730,.F.);
#4913=ORIENTED_EDGE('',*,*,#3733,.T.);
#4914=ORIENTED_EDGE('',*,*,#3720,.T.);
#4915=ORIENTED_EDGE('',*,*,#3426,.F.);
#4916=ORIENTED_EDGE('',*,*,#3732,.F.);
#4917=ORIENTED_EDGE('',*,*,#3734,.T.);
#4918=ORIENTED_EDGE('',*,*,#3735,.T.);
#4919=ORIENTED_EDGE('',*,*,#3411,.F.);
#4920=ORIENTED_EDGE('',*,*,#3736,.F.);
#4921=ORIENTED_EDGE('',*,*,#3737,.T.);
#4922=ORIENTED_EDGE('',*,*,#3738,.T.);
#4923=ORIENTED_EDGE('',*,*,#3412,.F.);
#4924=ORIENTED_EDGE('',*,*,#3735,.F.);
#4925=ORIENTED_EDGE('',*,*,#3739,.T.);
#4926=ORIENTED_EDGE('',*,*,#3740,.T.);
#4927=ORIENTED_EDGE('',*,*,#3413,.F.);
#4928=ORIENTED_EDGE('',*,*,#3738,.F.);
#4929=ORIENTED_EDGE('',*,*,#3741,.T.);
#4930=ORIENTED_EDGE('',*,*,#3742,.T.);
#4931=ORIENTED_EDGE('',*,*,#3414,.F.);
#4932=ORIENTED_EDGE('',*,*,#3740,.F.);
#4933=ORIENTED_EDGE('',*,*,#3743,.T.);
#4934=ORIENTED_EDGE('',*,*,#3744,.T.);
#4935=ORIENTED_EDGE('',*,*,#3415,.F.);
#4936=ORIENTED_EDGE('',*,*,#3742,.F.);
#4937=ORIENTED_EDGE('',*,*,#3745,.T.);
#4938=ORIENTED_EDGE('',*,*,#3746,.T.);
#4939=ORIENTED_EDGE('',*,*,#3416,.F.);
#4940=ORIENTED_EDGE('',*,*,#3744,.F.);
#4941=ORIENTED_EDGE('',*,*,#3747,.T.);
#4942=ORIENTED_EDGE('',*,*,#3748,.T.);
#4943=ORIENTED_EDGE('',*,*,#3417,.F.);
#4944=ORIENTED_EDGE('',*,*,#3746,.F.);
#4945=ORIENTED_EDGE('',*,*,#3749,.T.);
#4946=ORIENTED_EDGE('',*,*,#3736,.T.);
#4947=ORIENTED_EDGE('',*,*,#3418,.F.);
#4948=ORIENTED_EDGE('',*,*,#3748,.F.);
#4949=ORIENTED_EDGE('',*,*,#3750,.T.);
#4950=ORIENTED_EDGE('',*,*,#3751,.T.);
#4951=ORIENTED_EDGE('',*,*,#3403,.F.);
#4952=ORIENTED_EDGE('',*,*,#3752,.F.);
#4953=ORIENTED_EDGE('',*,*,#3753,.T.);
#4954=ORIENTED_EDGE('',*,*,#3754,.T.);
#4955=ORIENTED_EDGE('',*,*,#3404,.F.);
#4956=ORIENTED_EDGE('',*,*,#3751,.F.);
#4957=ORIENTED_EDGE('',*,*,#3755,.T.);
#4958=ORIENTED_EDGE('',*,*,#3756,.T.);
#4959=ORIENTED_EDGE('',*,*,#3405,.F.);
#4960=ORIENTED_EDGE('',*,*,#3754,.F.);
#4961=ORIENTED_EDGE('',*,*,#3757,.T.);
#4962=ORIENTED_EDGE('',*,*,#3758,.T.);
#4963=ORIENTED_EDGE('',*,*,#3406,.F.);
#4964=ORIENTED_EDGE('',*,*,#3756,.F.);
#4965=ORIENTED_EDGE('',*,*,#3759,.T.);
#4966=ORIENTED_EDGE('',*,*,#3760,.T.);
#4967=ORIENTED_EDGE('',*,*,#3407,.F.);
#4968=ORIENTED_EDGE('',*,*,#3758,.F.);
#4969=ORIENTED_EDGE('',*,*,#3761,.T.);
#4970=ORIENTED_EDGE('',*,*,#3762,.T.);
#4971=ORIENTED_EDGE('',*,*,#3408,.F.);
#4972=ORIENTED_EDGE('',*,*,#3760,.F.);
#4973=ORIENTED_EDGE('',*,*,#3763,.T.);
#4974=ORIENTED_EDGE('',*,*,#3764,.T.);
#4975=ORIENTED_EDGE('',*,*,#3409,.F.);
#4976=ORIENTED_EDGE('',*,*,#3762,.F.);
#4977=ORIENTED_EDGE('',*,*,#3765,.T.);
#4978=ORIENTED_EDGE('',*,*,#3752,.T.);
#4979=ORIENTED_EDGE('',*,*,#3410,.F.);
#4980=ORIENTED_EDGE('',*,*,#3764,.F.);
#4981=ORIENTED_EDGE('',*,*,#3766,.T.);
#4982=ORIENTED_EDGE('',*,*,#3767,.T.);
#4983=ORIENTED_EDGE('',*,*,#3395,.F.);
#4984=ORIENTED_EDGE('',*,*,#3768,.F.);
#4985=ORIENTED_EDGE('',*,*,#3769,.T.);
#4986=ORIENTED_EDGE('',*,*,#3770,.T.);
#4987=ORIENTED_EDGE('',*,*,#3396,.F.);
#4988=ORIENTED_EDGE('',*,*,#3767,.F.);
#4989=ORIENTED_EDGE('',*,*,#3771,.T.);
#4990=ORIENTED_EDGE('',*,*,#3772,.T.);
#4991=ORIENTED_EDGE('',*,*,#3397,.F.);
#4992=ORIENTED_EDGE('',*,*,#3770,.F.);
#4993=ORIENTED_EDGE('',*,*,#3773,.T.);
#4994=ORIENTED_EDGE('',*,*,#3774,.T.);
#4995=ORIENTED_EDGE('',*,*,#3398,.F.);
#4996=ORIENTED_EDGE('',*,*,#3772,.F.);
#4997=ORIENTED_EDGE('',*,*,#3775,.T.);
#4998=ORIENTED_EDGE('',*,*,#3776,.T.);
#4999=ORIENTED_EDGE('',*,*,#3399,.F.);
#5000=ORIENTED_EDGE('',*,*,#3774,.F.);
#5001=ORIENTED_EDGE('',*,*,#3777,.T.);
#5002=ORIENTED_EDGE('',*,*,#3778,.T.);
#5003=ORIENTED_EDGE('',*,*,#3400,.F.);
#5004=ORIENTED_EDGE('',*,*,#3776,.F.);
#5005=ORIENTED_EDGE('',*,*,#3779,.T.);
#5006=ORIENTED_EDGE('',*,*,#3780,.T.);
#5007=ORIENTED_EDGE('',*,*,#3401,.F.);
#5008=ORIENTED_EDGE('',*,*,#3778,.F.);
#5009=ORIENTED_EDGE('',*,*,#3781,.T.);
#5010=ORIENTED_EDGE('',*,*,#3768,.T.);
#5011=ORIENTED_EDGE('',*,*,#3402,.F.);
#5012=ORIENTED_EDGE('',*,*,#3780,.F.);
#5013=ORIENTED_EDGE('',*,*,#3782,.T.);
#5014=ORIENTED_EDGE('',*,*,#3783,.T.);
#5015=ORIENTED_EDGE('',*,*,#3387,.F.);
#5016=ORIENTED_EDGE('',*,*,#3784,.F.);
#5017=ORIENTED_EDGE('',*,*,#3785,.T.);
#5018=ORIENTED_EDGE('',*,*,#3786,.T.);
#5019=ORIENTED_EDGE('',*,*,#3388,.F.);
#5020=ORIENTED_EDGE('',*,*,#3783,.F.);
#5021=ORIENTED_EDGE('',*,*,#3787,.T.);
#5022=ORIENTED_EDGE('',*,*,#3788,.T.);
#5023=ORIENTED_EDGE('',*,*,#3389,.F.);
#5024=ORIENTED_EDGE('',*,*,#3786,.F.);
#5025=ORIENTED_EDGE('',*,*,#3789,.T.);
#5026=ORIENTED_EDGE('',*,*,#3790,.T.);
#5027=ORIENTED_EDGE('',*,*,#3390,.F.);
#5028=ORIENTED_EDGE('',*,*,#3788,.F.);
#5029=ORIENTED_EDGE('',*,*,#3791,.T.);
#5030=ORIENTED_EDGE('',*,*,#3792,.T.);
#5031=ORIENTED_EDGE('',*,*,#3391,.F.);
#5032=ORIENTED_EDGE('',*,*,#3790,.F.);
#5033=ORIENTED_EDGE('',*,*,#3793,.T.);
#5034=ORIENTED_EDGE('',*,*,#3794,.T.);
#5035=ORIENTED_EDGE('',*,*,#3392,.F.);
#5036=ORIENTED_EDGE('',*,*,#3792,.F.);
#5037=ORIENTED_EDGE('',*,*,#3795,.T.);
#5038=ORIENTED_EDGE('',*,*,#3796,.T.);
#5039=ORIENTED_EDGE('',*,*,#3393,.F.);
#5040=ORIENTED_EDGE('',*,*,#3794,.F.);
#5041=ORIENTED_EDGE('',*,*,#3797,.T.);
#5042=ORIENTED_EDGE('',*,*,#3784,.T.);
#5043=ORIENTED_EDGE('',*,*,#3394,.F.);
#5044=ORIENTED_EDGE('',*,*,#3796,.F.);
#5045=ORIENTED_EDGE('',*,*,#3798,.T.);
#5046=ORIENTED_EDGE('',*,*,#3799,.T.);
#5047=ORIENTED_EDGE('',*,*,#3379,.F.);
#5048=ORIENTED_EDGE('',*,*,#3800,.F.);
#5049=ORIENTED_EDGE('',*,*,#3801,.T.);
#5050=ORIENTED_EDGE('',*,*,#3802,.T.);
#5051=ORIENTED_EDGE('',*,*,#3380,.F.);
#5052=ORIENTED_EDGE('',*,*,#3799,.F.);
#5053=ORIENTED_EDGE('',*,*,#3803,.T.);
#5054=ORIENTED_EDGE('',*,*,#3804,.T.);
#5055=ORIENTED_EDGE('',*,*,#3381,.F.);
#5056=ORIENTED_EDGE('',*,*,#3802,.F.);
#5057=ORIENTED_EDGE('',*,*,#3805,.T.);
#5058=ORIENTED_EDGE('',*,*,#3806,.T.);
#5059=ORIENTED_EDGE('',*,*,#3382,.F.);
#5060=ORIENTED_EDGE('',*,*,#3804,.F.);
#5061=ORIENTED_EDGE('',*,*,#3807,.T.);
#5062=ORIENTED_EDGE('',*,*,#3808,.T.);
#5063=ORIENTED_EDGE('',*,*,#3383,.F.);
#5064=ORIENTED_EDGE('',*,*,#3806,.F.);
#5065=ORIENTED_EDGE('',*,*,#3809,.T.);
#5066=ORIENTED_EDGE('',*,*,#3810,.T.);
#5067=ORIENTED_EDGE('',*,*,#3384,.F.);
#5068=ORIENTED_EDGE('',*,*,#3808,.F.);
#5069=ORIENTED_EDGE('',*,*,#3811,.T.);
#5070=ORIENTED_EDGE('',*,*,#3812,.T.);
#5071=ORIENTED_EDGE('',*,*,#3385,.F.);
#5072=ORIENTED_EDGE('',*,*,#3810,.F.);
#5073=ORIENTED_EDGE('',*,*,#3813,.T.);
#5074=ORIENTED_EDGE('',*,*,#3800,.T.);
#5075=ORIENTED_EDGE('',*,*,#3386,.F.);
#5076=ORIENTED_EDGE('',*,*,#3812,.F.);
#5077=ORIENTED_EDGE('',*,*,#3814,.T.);
#5078=ORIENTED_EDGE('',*,*,#3815,.T.);
#5079=ORIENTED_EDGE('',*,*,#3371,.F.);
#5080=ORIENTED_EDGE('',*,*,#3816,.F.);
#5081=ORIENTED_EDGE('',*,*,#3817,.T.);
#5082=ORIENTED_EDGE('',*,*,#3818,.T.);
#5083=ORIENTED_EDGE('',*,*,#3372,.F.);
#5084=ORIENTED_EDGE('',*,*,#3815,.F.);
#5085=ORIENTED_EDGE('',*,*,#3819,.T.);
#5086=ORIENTED_EDGE('',*,*,#3820,.T.);
#5087=ORIENTED_EDGE('',*,*,#3373,.F.);
#5088=ORIENTED_EDGE('',*,*,#3818,.F.);
#5089=ORIENTED_EDGE('',*,*,#3821,.T.);
#5090=ORIENTED_EDGE('',*,*,#3822,.T.);
#5091=ORIENTED_EDGE('',*,*,#3374,.F.);
#5092=ORIENTED_EDGE('',*,*,#3820,.F.);
#5093=ORIENTED_EDGE('',*,*,#3823,.T.);
#5094=ORIENTED_EDGE('',*,*,#3824,.T.);
#5095=ORIENTED_EDGE('',*,*,#3375,.F.);
#5096=ORIENTED_EDGE('',*,*,#3822,.F.);
#5097=ORIENTED_EDGE('',*,*,#3825,.T.);
#5098=ORIENTED_EDGE('',*,*,#3826,.T.);
#5099=ORIENTED_EDGE('',*,*,#3376,.F.);
#5100=ORIENTED_EDGE('',*,*,#3824,.F.);
#5101=ORIENTED_EDGE('',*,*,#3827,.T.);
#5102=ORIENTED_EDGE('',*,*,#3828,.T.);
#5103=ORIENTED_EDGE('',*,*,#3377,.F.);
#5104=ORIENTED_EDGE('',*,*,#3826,.F.);
#5105=ORIENTED_EDGE('',*,*,#3829,.T.);
#5106=ORIENTED_EDGE('',*,*,#3816,.T.);
#5107=ORIENTED_EDGE('',*,*,#3378,.F.);
#5108=ORIENTED_EDGE('',*,*,#3828,.F.);
#5109=ORIENTED_EDGE('',*,*,#3830,.T.);
#5110=ORIENTED_EDGE('',*,*,#3831,.T.);
#5111=ORIENTED_EDGE('',*,*,#3363,.F.);
#5112=ORIENTED_EDGE('',*,*,#3832,.F.);
#5113=ORIENTED_EDGE('',*,*,#3833,.T.);
#5114=ORIENTED_EDGE('',*,*,#3834,.T.);
#5115=ORIENTED_EDGE('',*,*,#3364,.F.);
#5116=ORIENTED_EDGE('',*,*,#3831,.F.);
#5117=ORIENTED_EDGE('',*,*,#3835,.T.);
#5118=ORIENTED_EDGE('',*,*,#3836,.T.);
#5119=ORIENTED_EDGE('',*,*,#3365,.F.);
#5120=ORIENTED_EDGE('',*,*,#3834,.F.);
#5121=ORIENTED_EDGE('',*,*,#3837,.T.);
#5122=ORIENTED_EDGE('',*,*,#3838,.T.);
#5123=ORIENTED_EDGE('',*,*,#3366,.F.);
#5124=ORIENTED_EDGE('',*,*,#3836,.F.);
#5125=ORIENTED_EDGE('',*,*,#3839,.T.);
#5126=ORIENTED_EDGE('',*,*,#3840,.T.);
#5127=ORIENTED_EDGE('',*,*,#3367,.F.);
#5128=ORIENTED_EDGE('',*,*,#3838,.F.);
#5129=ORIENTED_EDGE('',*,*,#3841,.T.);
#5130=ORIENTED_EDGE('',*,*,#3842,.T.);
#5131=ORIENTED_EDGE('',*,*,#3368,.F.);
#5132=ORIENTED_EDGE('',*,*,#3840,.F.);
#5133=ORIENTED_EDGE('',*,*,#3843,.T.);
#5134=ORIENTED_EDGE('',*,*,#3844,.T.);
#5135=ORIENTED_EDGE('',*,*,#3369,.F.);
#5136=ORIENTED_EDGE('',*,*,#3842,.F.);
#5137=ORIENTED_EDGE('',*,*,#3845,.T.);
#5138=ORIENTED_EDGE('',*,*,#3832,.T.);
#5139=ORIENTED_EDGE('',*,*,#3370,.F.);
#5140=ORIENTED_EDGE('',*,*,#3844,.F.);
#5141=ORIENTED_EDGE('',*,*,#3846,.T.);
#5142=ORIENTED_EDGE('',*,*,#3847,.T.);
#5143=ORIENTED_EDGE('',*,*,#3355,.F.);
#5144=ORIENTED_EDGE('',*,*,#3848,.F.);
#5145=ORIENTED_EDGE('',*,*,#3849,.T.);
#5146=ORIENTED_EDGE('',*,*,#3850,.T.);
#5147=ORIENTED_EDGE('',*,*,#3356,.F.);
#5148=ORIENTED_EDGE('',*,*,#3847,.F.);
#5149=ORIENTED_EDGE('',*,*,#3851,.T.);
#5150=ORIENTED_EDGE('',*,*,#3852,.T.);
#5151=ORIENTED_EDGE('',*,*,#3357,.F.);
#5152=ORIENTED_EDGE('',*,*,#3850,.F.);
#5153=ORIENTED_EDGE('',*,*,#3853,.T.);
#5154=ORIENTED_EDGE('',*,*,#3854,.T.);
#5155=ORIENTED_EDGE('',*,*,#3358,.F.);
#5156=ORIENTED_EDGE('',*,*,#3852,.F.);
#5157=ORIENTED_EDGE('',*,*,#3855,.T.);
#5158=ORIENTED_EDGE('',*,*,#3856,.T.);
#5159=ORIENTED_EDGE('',*,*,#3359,.F.);
#5160=ORIENTED_EDGE('',*,*,#3854,.F.);
#5161=ORIENTED_EDGE('',*,*,#3857,.T.);
#5162=ORIENTED_EDGE('',*,*,#3858,.T.);
#5163=ORIENTED_EDGE('',*,*,#3360,.F.);
#5164=ORIENTED_EDGE('',*,*,#3856,.F.);
#5165=ORIENTED_EDGE('',*,*,#3859,.T.);
#5166=ORIENTED_EDGE('',*,*,#3860,.T.);
#5167=ORIENTED_EDGE('',*,*,#3361,.F.);
#5168=ORIENTED_EDGE('',*,*,#3858,.F.);
#5169=ORIENTED_EDGE('',*,*,#3861,.T.);
#5170=ORIENTED_EDGE('',*,*,#3848,.T.);
#5171=ORIENTED_EDGE('',*,*,#3362,.F.);
#5172=ORIENTED_EDGE('',*,*,#3860,.F.);
#5173=ORIENTED_EDGE('',*,*,#3862,.T.);
#5174=ORIENTED_EDGE('',*,*,#3863,.T.);
#5175=ORIENTED_EDGE('',*,*,#3347,.F.);
#5176=ORIENTED_EDGE('',*,*,#3864,.F.);
#5177=ORIENTED_EDGE('',*,*,#3865,.T.);
#5178=ORIENTED_EDGE('',*,*,#3866,.T.);
#5179=ORIENTED_EDGE('',*,*,#3348,.F.);
#5180=ORIENTED_EDGE('',*,*,#3863,.F.);
#5181=ORIENTED_EDGE('',*,*,#3867,.T.);
#5182=ORIENTED_EDGE('',*,*,#3868,.T.);
#5183=ORIENTED_EDGE('',*,*,#3349,.F.);
#5184=ORIENTED_EDGE('',*,*,#3866,.F.);
#5185=ORIENTED_EDGE('',*,*,#3869,.T.);
#5186=ORIENTED_EDGE('',*,*,#3870,.T.);
#5187=ORIENTED_EDGE('',*,*,#3350,.F.);
#5188=ORIENTED_EDGE('',*,*,#3868,.F.);
#5189=ORIENTED_EDGE('',*,*,#3871,.T.);
#5190=ORIENTED_EDGE('',*,*,#3872,.T.);
#5191=ORIENTED_EDGE('',*,*,#3351,.F.);
#5192=ORIENTED_EDGE('',*,*,#3870,.F.);
#5193=ORIENTED_EDGE('',*,*,#3873,.T.);
#5194=ORIENTED_EDGE('',*,*,#3874,.T.);
#5195=ORIENTED_EDGE('',*,*,#3352,.F.);
#5196=ORIENTED_EDGE('',*,*,#3872,.F.);
#5197=ORIENTED_EDGE('',*,*,#3875,.T.);
#5198=ORIENTED_EDGE('',*,*,#3876,.T.);
#5199=ORIENTED_EDGE('',*,*,#3353,.F.);
#5200=ORIENTED_EDGE('',*,*,#3874,.F.);
#5201=ORIENTED_EDGE('',*,*,#3877,.T.);
#5202=ORIENTED_EDGE('',*,*,#3864,.T.);
#5203=ORIENTED_EDGE('',*,*,#3354,.F.);
#5204=ORIENTED_EDGE('',*,*,#3876,.F.);
#5205=ORIENTED_EDGE('',*,*,#3878,.T.);
#5206=ORIENTED_EDGE('',*,*,#3879,.T.);
#5207=ORIENTED_EDGE('',*,*,#3339,.F.);
#5208=ORIENTED_EDGE('',*,*,#3880,.F.);
#5209=ORIENTED_EDGE('',*,*,#3881,.T.);
#5210=ORIENTED_EDGE('',*,*,#3882,.T.);
#5211=ORIENTED_EDGE('',*,*,#3340,.F.);
#5212=ORIENTED_EDGE('',*,*,#3879,.F.);
#5213=ORIENTED_EDGE('',*,*,#3883,.T.);
#5214=ORIENTED_EDGE('',*,*,#3884,.T.);
#5215=ORIENTED_EDGE('',*,*,#3341,.F.);
#5216=ORIENTED_EDGE('',*,*,#3882,.F.);
#5217=ORIENTED_EDGE('',*,*,#3885,.T.);
#5218=ORIENTED_EDGE('',*,*,#3886,.T.);
#5219=ORIENTED_EDGE('',*,*,#3342,.F.);
#5220=ORIENTED_EDGE('',*,*,#3884,.F.);
#5221=ORIENTED_EDGE('',*,*,#3887,.T.);
#5222=ORIENTED_EDGE('',*,*,#3888,.T.);
#5223=ORIENTED_EDGE('',*,*,#3343,.F.);
#5224=ORIENTED_EDGE('',*,*,#3886,.F.);
#5225=ORIENTED_EDGE('',*,*,#3889,.T.);
#5226=ORIENTED_EDGE('',*,*,#3890,.T.);
#5227=ORIENTED_EDGE('',*,*,#3344,.F.);
#5228=ORIENTED_EDGE('',*,*,#3888,.F.);
#5229=ORIENTED_EDGE('',*,*,#3891,.T.);
#5230=ORIENTED_EDGE('',*,*,#3892,.T.);
#5231=ORIENTED_EDGE('',*,*,#3345,.F.);
#5232=ORIENTED_EDGE('',*,*,#3890,.F.);
#5233=ORIENTED_EDGE('',*,*,#3893,.T.);
#5234=ORIENTED_EDGE('',*,*,#3880,.T.);
#5235=ORIENTED_EDGE('',*,*,#3346,.F.);
#5236=ORIENTED_EDGE('',*,*,#3892,.F.);
#5237=ORIENTED_EDGE('',*,*,#3894,.T.);
#5238=ORIENTED_EDGE('',*,*,#3895,.T.);
#5239=ORIENTED_EDGE('',*,*,#3331,.F.);
#5240=ORIENTED_EDGE('',*,*,#3896,.F.);
#5241=ORIENTED_EDGE('',*,*,#3897,.T.);
#5242=ORIENTED_EDGE('',*,*,#3898,.T.);
#5243=ORIENTED_EDGE('',*,*,#3332,.F.);
#5244=ORIENTED_EDGE('',*,*,#3895,.F.);
#5245=ORIENTED_EDGE('',*,*,#3899,.T.);
#5246=ORIENTED_EDGE('',*,*,#3900,.T.);
#5247=ORIENTED_EDGE('',*,*,#3333,.F.);
#5248=ORIENTED_EDGE('',*,*,#3898,.F.);
#5249=ORIENTED_EDGE('',*,*,#3901,.T.);
#5250=ORIENTED_EDGE('',*,*,#3902,.T.);
#5251=ORIENTED_EDGE('',*,*,#3334,.F.);
#5252=ORIENTED_EDGE('',*,*,#3900,.F.);
#5253=ORIENTED_EDGE('',*,*,#3903,.T.);
#5254=ORIENTED_EDGE('',*,*,#3904,.T.);
#5255=ORIENTED_EDGE('',*,*,#3335,.F.);
#5256=ORIENTED_EDGE('',*,*,#3902,.F.);
#5257=ORIENTED_EDGE('',*,*,#3905,.T.);
#5258=ORIENTED_EDGE('',*,*,#3906,.T.);
#5259=ORIENTED_EDGE('',*,*,#3336,.F.);
#5260=ORIENTED_EDGE('',*,*,#3904,.F.);
#5261=ORIENTED_EDGE('',*,*,#3907,.T.);
#5262=ORIENTED_EDGE('',*,*,#3908,.T.);
#5263=ORIENTED_EDGE('',*,*,#3337,.F.);
#5264=ORIENTED_EDGE('',*,*,#3906,.F.);
#5265=ORIENTED_EDGE('',*,*,#3909,.T.);
#5266=ORIENTED_EDGE('',*,*,#3896,.T.);
#5267=ORIENTED_EDGE('',*,*,#3338,.F.);
#5268=ORIENTED_EDGE('',*,*,#3908,.F.);
#5269=ORIENTED_EDGE('',*,*,#3910,.T.);
#5270=ORIENTED_EDGE('',*,*,#3911,.T.);
#5271=ORIENTED_EDGE('',*,*,#3323,.F.);
#5272=ORIENTED_EDGE('',*,*,#3912,.F.);
#5273=ORIENTED_EDGE('',*,*,#3913,.T.);
#5274=ORIENTED_EDGE('',*,*,#3914,.T.);
#5275=ORIENTED_EDGE('',*,*,#3324,.F.);
#5276=ORIENTED_EDGE('',*,*,#3911,.F.);
#5277=ORIENTED_EDGE('',*,*,#3915,.T.);
#5278=ORIENTED_EDGE('',*,*,#3916,.T.);
#5279=ORIENTED_EDGE('',*,*,#3325,.F.);
#5280=ORIENTED_EDGE('',*,*,#3914,.F.);
#5281=ORIENTED_EDGE('',*,*,#3917,.T.);
#5282=ORIENTED_EDGE('',*,*,#3918,.T.);
#5283=ORIENTED_EDGE('',*,*,#3326,.F.);
#5284=ORIENTED_EDGE('',*,*,#3916,.F.);
#5285=ORIENTED_EDGE('',*,*,#3919,.T.);
#5286=ORIENTED_EDGE('',*,*,#3920,.T.);
#5287=ORIENTED_EDGE('',*,*,#3327,.F.);
#5288=ORIENTED_EDGE('',*,*,#3918,.F.);
#5289=ORIENTED_EDGE('',*,*,#3921,.T.);
#5290=ORIENTED_EDGE('',*,*,#3922,.T.);
#5291=ORIENTED_EDGE('',*,*,#3328,.F.);
#5292=ORIENTED_EDGE('',*,*,#3920,.F.);
#5293=ORIENTED_EDGE('',*,*,#3923,.T.);
#5294=ORIENTED_EDGE('',*,*,#3924,.T.);
#5295=ORIENTED_EDGE('',*,*,#3329,.F.);
#5296=ORIENTED_EDGE('',*,*,#3922,.F.);
#5297=ORIENTED_EDGE('',*,*,#3925,.T.);
#5298=ORIENTED_EDGE('',*,*,#3912,.T.);
#5299=ORIENTED_EDGE('',*,*,#3330,.F.);
#5300=ORIENTED_EDGE('',*,*,#3924,.F.);
#5301=ORIENTED_EDGE('',*,*,#3926,.T.);
#5302=ORIENTED_EDGE('',*,*,#3927,.T.);
#5303=ORIENTED_EDGE('',*,*,#3315,.F.);
#5304=ORIENTED_EDGE('',*,*,#3928,.F.);
#5305=ORIENTED_EDGE('',*,*,#3929,.T.);
#5306=ORIENTED_EDGE('',*,*,#3930,.T.);
#5307=ORIENTED_EDGE('',*,*,#3316,.F.);
#5308=ORIENTED_EDGE('',*,*,#3927,.F.);
#5309=ORIENTED_EDGE('',*,*,#3931,.T.);
#5310=ORIENTED_EDGE('',*,*,#3932,.T.);
#5311=ORIENTED_EDGE('',*,*,#3317,.F.);
#5312=ORIENTED_EDGE('',*,*,#3930,.F.);
#5313=ORIENTED_EDGE('',*,*,#3933,.T.);
#5314=ORIENTED_EDGE('',*,*,#3934,.T.);
#5315=ORIENTED_EDGE('',*,*,#3318,.F.);
#5316=ORIENTED_EDGE('',*,*,#3932,.F.);
#5317=ORIENTED_EDGE('',*,*,#3935,.T.);
#5318=ORIENTED_EDGE('',*,*,#3936,.T.);
#5319=ORIENTED_EDGE('',*,*,#3319,.F.);
#5320=ORIENTED_EDGE('',*,*,#3934,.F.);
#5321=ORIENTED_EDGE('',*,*,#3937,.T.);
#5322=ORIENTED_EDGE('',*,*,#3938,.T.);
#5323=ORIENTED_EDGE('',*,*,#3320,.F.);
#5324=ORIENTED_EDGE('',*,*,#3936,.F.);
#5325=ORIENTED_EDGE('',*,*,#3939,.T.);
#5326=ORIENTED_EDGE('',*,*,#3940,.T.);
#5327=ORIENTED_EDGE('',*,*,#3321,.F.);
#5328=ORIENTED_EDGE('',*,*,#3938,.F.);
#5329=ORIENTED_EDGE('',*,*,#3941,.T.);
#5330=ORIENTED_EDGE('',*,*,#3928,.T.);
#5331=ORIENTED_EDGE('',*,*,#3322,.F.);
#5332=ORIENTED_EDGE('',*,*,#3940,.F.);
#5333=ORIENTED_EDGE('',*,*,#3942,.T.);
#5334=ORIENTED_EDGE('',*,*,#3943,.T.);
#5335=ORIENTED_EDGE('',*,*,#3307,.F.);
#5336=ORIENTED_EDGE('',*,*,#3944,.F.);
#5337=ORIENTED_EDGE('',*,*,#3945,.T.);
#5338=ORIENTED_EDGE('',*,*,#3946,.T.);
#5339=ORIENTED_EDGE('',*,*,#3308,.F.);
#5340=ORIENTED_EDGE('',*,*,#3943,.F.);
#5341=ORIENTED_EDGE('',*,*,#3947,.T.);
#5342=ORIENTED_EDGE('',*,*,#3948,.T.);
#5343=ORIENTED_EDGE('',*,*,#3309,.F.);
#5344=ORIENTED_EDGE('',*,*,#3946,.F.);
#5345=ORIENTED_EDGE('',*,*,#3949,.T.);
#5346=ORIENTED_EDGE('',*,*,#3950,.T.);
#5347=ORIENTED_EDGE('',*,*,#3310,.F.);
#5348=ORIENTED_EDGE('',*,*,#3948,.F.);
#5349=ORIENTED_EDGE('',*,*,#3951,.T.);
#5350=ORIENTED_EDGE('',*,*,#3952,.T.);
#5351=ORIENTED_EDGE('',*,*,#3311,.F.);
#5352=ORIENTED_EDGE('',*,*,#3950,.F.);
#5353=ORIENTED_EDGE('',*,*,#3953,.T.);
#5354=ORIENTED_EDGE('',*,*,#3954,.T.);
#5355=ORIENTED_EDGE('',*,*,#3312,.F.);
#5356=ORIENTED_EDGE('',*,*,#3952,.F.);
#5357=ORIENTED_EDGE('',*,*,#3955,.T.);
#5358=ORIENTED_EDGE('',*,*,#3956,.T.);
#5359=ORIENTED_EDGE('',*,*,#3313,.F.);
#5360=ORIENTED_EDGE('',*,*,#3954,.F.);
#5361=ORIENTED_EDGE('',*,*,#3957,.T.);
#5362=ORIENTED_EDGE('',*,*,#3944,.T.);
#5363=ORIENTED_EDGE('',*,*,#3314,.F.);
#5364=ORIENTED_EDGE('',*,*,#3956,.F.);
#5365=ORIENTED_EDGE('',*,*,#3958,.T.);
#5366=ORIENTED_EDGE('',*,*,#3959,.T.);
#5367=ORIENTED_EDGE('',*,*,#3299,.F.);
#5368=ORIENTED_EDGE('',*,*,#3960,.F.);
#5369=ORIENTED_EDGE('',*,*,#3961,.T.);
#5370=ORIENTED_EDGE('',*,*,#3962,.T.);
#5371=ORIENTED_EDGE('',*,*,#3300,.F.);
#5372=ORIENTED_EDGE('',*,*,#3959,.F.);
#5373=ORIENTED_EDGE('',*,*,#3963,.T.);
#5374=ORIENTED_EDGE('',*,*,#3964,.T.);
#5375=ORIENTED_EDGE('',*,*,#3301,.F.);
#5376=ORIENTED_EDGE('',*,*,#3962,.F.);
#5377=ORIENTED_EDGE('',*,*,#3965,.T.);
#5378=ORIENTED_EDGE('',*,*,#3966,.T.);
#5379=ORIENTED_EDGE('',*,*,#3302,.F.);
#5380=ORIENTED_EDGE('',*,*,#3964,.F.);
#5381=ORIENTED_EDGE('',*,*,#3967,.T.);
#5382=ORIENTED_EDGE('',*,*,#3968,.T.);
#5383=ORIENTED_EDGE('',*,*,#3303,.F.);
#5384=ORIENTED_EDGE('',*,*,#3966,.F.);
#5385=ORIENTED_EDGE('',*,*,#3969,.T.);
#5386=ORIENTED_EDGE('',*,*,#3970,.T.);
#5387=ORIENTED_EDGE('',*,*,#3304,.F.);
#5388=ORIENTED_EDGE('',*,*,#3968,.F.);
#5389=ORIENTED_EDGE('',*,*,#3971,.T.);
#5390=ORIENTED_EDGE('',*,*,#3972,.T.);
#5391=ORIENTED_EDGE('',*,*,#3305,.F.);
#5392=ORIENTED_EDGE('',*,*,#3970,.F.);
#5393=ORIENTED_EDGE('',*,*,#3973,.T.);
#5394=ORIENTED_EDGE('',*,*,#3960,.T.);
#5395=ORIENTED_EDGE('',*,*,#3306,.F.);
#5396=ORIENTED_EDGE('',*,*,#3972,.F.);
#5397=ORIENTED_EDGE('',*,*,#3974,.T.);
#5398=ORIENTED_EDGE('',*,*,#3975,.T.);
#5399=ORIENTED_EDGE('',*,*,#3291,.F.);
#5400=ORIENTED_EDGE('',*,*,#3976,.F.);
#5401=ORIENTED_EDGE('',*,*,#3977,.T.);
#5402=ORIENTED_EDGE('',*,*,#3978,.T.);
#5403=ORIENTED_EDGE('',*,*,#3292,.F.);
#5404=ORIENTED_EDGE('',*,*,#3975,.F.);
#5405=ORIENTED_EDGE('',*,*,#3979,.T.);
#5406=ORIENTED_EDGE('',*,*,#3980,.T.);
#5407=ORIENTED_EDGE('',*,*,#3293,.F.);
#5408=ORIENTED_EDGE('',*,*,#3978,.F.);
#5409=ORIENTED_EDGE('',*,*,#3981,.T.);
#5410=ORIENTED_EDGE('',*,*,#3982,.T.);
#5411=ORIENTED_EDGE('',*,*,#3294,.F.);
#5412=ORIENTED_EDGE('',*,*,#3980,.F.);
#5413=ORIENTED_EDGE('',*,*,#3983,.T.);
#5414=ORIENTED_EDGE('',*,*,#3984,.T.);
#5415=ORIENTED_EDGE('',*,*,#3295,.F.);
#5416=ORIENTED_EDGE('',*,*,#3982,.F.);
#5417=ORIENTED_EDGE('',*,*,#3985,.T.);
#5418=ORIENTED_EDGE('',*,*,#3986,.T.);
#5419=ORIENTED_EDGE('',*,*,#3296,.F.);
#5420=ORIENTED_EDGE('',*,*,#3984,.F.);
#5421=ORIENTED_EDGE('',*,*,#3987,.T.);
#5422=ORIENTED_EDGE('',*,*,#3988,.T.);
#5423=ORIENTED_EDGE('',*,*,#3297,.F.);
#5424=ORIENTED_EDGE('',*,*,#3986,.F.);
#5425=ORIENTED_EDGE('',*,*,#3989,.T.);
#5426=ORIENTED_EDGE('',*,*,#3976,.T.);
#5427=ORIENTED_EDGE('',*,*,#3298,.F.);
#5428=ORIENTED_EDGE('',*,*,#3988,.F.);
#5429=ORIENTED_EDGE('',*,*,#3990,.T.);
#5430=ORIENTED_EDGE('',*,*,#3991,.T.);
#5431=ORIENTED_EDGE('',*,*,#3283,.F.);
#5432=ORIENTED_EDGE('',*,*,#3992,.F.);
#5433=ORIENTED_EDGE('',*,*,#3993,.T.);
#5434=ORIENTED_EDGE('',*,*,#3994,.T.);
#5435=ORIENTED_EDGE('',*,*,#3284,.F.);
#5436=ORIENTED_EDGE('',*,*,#3991,.F.);
#5437=ORIENTED_EDGE('',*,*,#3995,.T.);
#5438=ORIENTED_EDGE('',*,*,#3996,.T.);
#5439=ORIENTED_EDGE('',*,*,#3285,.F.);
#5440=ORIENTED_EDGE('',*,*,#3994,.F.);
#5441=ORIENTED_EDGE('',*,*,#3997,.T.);
#5442=ORIENTED_EDGE('',*,*,#3998,.T.);
#5443=ORIENTED_EDGE('',*,*,#3286,.F.);
#5444=ORIENTED_EDGE('',*,*,#3996,.F.);
#5445=ORIENTED_EDGE('',*,*,#3999,.T.);
#5446=ORIENTED_EDGE('',*,*,#4000,.T.);
#5447=ORIENTED_EDGE('',*,*,#3287,.F.);
#5448=ORIENTED_EDGE('',*,*,#3998,.F.);
#5449=ORIENTED_EDGE('',*,*,#4001,.T.);
#5450=ORIENTED_EDGE('',*,*,#4002,.T.);
#5451=ORIENTED_EDGE('',*,*,#3288,.F.);
#5452=ORIENTED_EDGE('',*,*,#4000,.F.);
#5453=ORIENTED_EDGE('',*,*,#4003,.T.);
#5454=ORIENTED_EDGE('',*,*,#4004,.T.);
#5455=ORIENTED_EDGE('',*,*,#3289,.F.);
#5456=ORIENTED_EDGE('',*,*,#4002,.F.);
#5457=ORIENTED_EDGE('',*,*,#4005,.T.);
#5458=ORIENTED_EDGE('',*,*,#3992,.T.);
#5459=ORIENTED_EDGE('',*,*,#3290,.F.);
#5460=ORIENTED_EDGE('',*,*,#4004,.F.);
#5461=ORIENTED_EDGE('',*,*,#4006,.T.);
#5462=ORIENTED_EDGE('',*,*,#4007,.T.);
#5463=ORIENTED_EDGE('',*,*,#3275,.F.);
#5464=ORIENTED_EDGE('',*,*,#4008,.F.);
#5465=ORIENTED_EDGE('',*,*,#4009,.T.);
#5466=ORIENTED_EDGE('',*,*,#4010,.T.);
#5467=ORIENTED_EDGE('',*,*,#3276,.F.);
#5468=ORIENTED_EDGE('',*,*,#4007,.F.);
#5469=ORIENTED_EDGE('',*,*,#4011,.T.);
#5470=ORIENTED_EDGE('',*,*,#4012,.T.);
#5471=ORIENTED_EDGE('',*,*,#3277,.F.);
#5472=ORIENTED_EDGE('',*,*,#4010,.F.);
#5473=ORIENTED_EDGE('',*,*,#4013,.T.);
#5474=ORIENTED_EDGE('',*,*,#4014,.T.);
#5475=ORIENTED_EDGE('',*,*,#3278,.F.);
#5476=ORIENTED_EDGE('',*,*,#4012,.F.);
#5477=ORIENTED_EDGE('',*,*,#4015,.T.);
#5478=ORIENTED_EDGE('',*,*,#4016,.T.);
#5479=ORIENTED_EDGE('',*,*,#3279,.F.);
#5480=ORIENTED_EDGE('',*,*,#4014,.F.);
#5481=ORIENTED_EDGE('',*,*,#4017,.T.);
#5482=ORIENTED_EDGE('',*,*,#4018,.T.);
#5483=ORIENTED_EDGE('',*,*,#3280,.F.);
#5484=ORIENTED_EDGE('',*,*,#4016,.F.);
#5485=ORIENTED_EDGE('',*,*,#4019,.T.);
#5486=ORIENTED_EDGE('',*,*,#4020,.T.);
#5487=ORIENTED_EDGE('',*,*,#3281,.F.);
#5488=ORIENTED_EDGE('',*,*,#4018,.F.);
#5489=ORIENTED_EDGE('',*,*,#4021,.T.);
#5490=ORIENTED_EDGE('',*,*,#4008,.T.);
#5491=ORIENTED_EDGE('',*,*,#3282,.F.);
#5492=ORIENTED_EDGE('',*,*,#4020,.F.);
#5493=ORIENTED_EDGE('',*,*,#4022,.T.);
#5494=ORIENTED_EDGE('',*,*,#4023,.T.);
#5495=ORIENTED_EDGE('',*,*,#3267,.F.);
#5496=ORIENTED_EDGE('',*,*,#4024,.F.);
#5497=ORIENTED_EDGE('',*,*,#4025,.T.);
#5498=ORIENTED_EDGE('',*,*,#4026,.T.);
#5499=ORIENTED_EDGE('',*,*,#3268,.F.);
#5500=ORIENTED_EDGE('',*,*,#4023,.F.);
#5501=ORIENTED_EDGE('',*,*,#4027,.T.);
#5502=ORIENTED_EDGE('',*,*,#4028,.T.);
#5503=ORIENTED_EDGE('',*,*,#3269,.F.);
#5504=ORIENTED_EDGE('',*,*,#4026,.F.);
#5505=ORIENTED_EDGE('',*,*,#4029,.T.);
#5506=ORIENTED_EDGE('',*,*,#4030,.T.);
#5507=ORIENTED_EDGE('',*,*,#3270,.F.);
#5508=ORIENTED_EDGE('',*,*,#4028,.F.);
#5509=ORIENTED_EDGE('',*,*,#4031,.T.);
#5510=ORIENTED_EDGE('',*,*,#4032,.T.);
#5511=ORIENTED_EDGE('',*,*,#3271,.F.);
#5512=ORIENTED_EDGE('',*,*,#4030,.F.);
#5513=ORIENTED_EDGE('',*,*,#4033,.T.);
#5514=ORIENTED_EDGE('',*,*,#4034,.T.);
#5515=ORIENTED_EDGE('',*,*,#3272,.F.);
#5516=ORIENTED_EDGE('',*,*,#4032,.F.);
#5517=ORIENTED_EDGE('',*,*,#4035,.T.);
#5518=ORIENTED_EDGE('',*,*,#4036,.T.);
#5519=ORIENTED_EDGE('',*,*,#3273,.F.);
#5520=ORIENTED_EDGE('',*,*,#4034,.F.);
#5521=ORIENTED_EDGE('',*,*,#4037,.T.);
#5522=ORIENTED_EDGE('',*,*,#4024,.T.);
#5523=ORIENTED_EDGE('',*,*,#3274,.F.);
#5524=ORIENTED_EDGE('',*,*,#4036,.F.);
#5525=ORIENTED_EDGE('',*,*,#4038,.T.);
#5526=ORIENTED_EDGE('',*,*,#4039,.T.);
#5527=ORIENTED_EDGE('',*,*,#3259,.F.);
#5528=ORIENTED_EDGE('',*,*,#4040,.F.);
#5529=ORIENTED_EDGE('',*,*,#4041,.T.);
#5530=ORIENTED_EDGE('',*,*,#4042,.T.);
#5531=ORIENTED_EDGE('',*,*,#3260,.F.);
#5532=ORIENTED_EDGE('',*,*,#4039,.F.);
#5533=ORIENTED_EDGE('',*,*,#4043,.T.);
#5534=ORIENTED_EDGE('',*,*,#4044,.T.);
#5535=ORIENTED_EDGE('',*,*,#3261,.F.);
#5536=ORIENTED_EDGE('',*,*,#4042,.F.);
#5537=ORIENTED_EDGE('',*,*,#4045,.T.);
#5538=ORIENTED_EDGE('',*,*,#4046,.T.);
#5539=ORIENTED_EDGE('',*,*,#3262,.F.);
#5540=ORIENTED_EDGE('',*,*,#4044,.F.);
#5541=ORIENTED_EDGE('',*,*,#4047,.T.);
#5542=ORIENTED_EDGE('',*,*,#4048,.T.);
#5543=ORIENTED_EDGE('',*,*,#3263,.F.);
#5544=ORIENTED_EDGE('',*,*,#4046,.F.);
#5545=ORIENTED_EDGE('',*,*,#4049,.T.);
#5546=ORIENTED_EDGE('',*,*,#4050,.T.);
#5547=ORIENTED_EDGE('',*,*,#3264,.F.);
#5548=ORIENTED_EDGE('',*,*,#4048,.F.);
#5549=ORIENTED_EDGE('',*,*,#4051,.T.);
#5550=ORIENTED_EDGE('',*,*,#4052,.T.);
#5551=ORIENTED_EDGE('',*,*,#3265,.F.);
#5552=ORIENTED_EDGE('',*,*,#4050,.F.);
#5553=ORIENTED_EDGE('',*,*,#4053,.T.);
#5554=ORIENTED_EDGE('',*,*,#4040,.T.);
#5555=ORIENTED_EDGE('',*,*,#3266,.F.);
#5556=ORIENTED_EDGE('',*,*,#4052,.F.);
#5557=ORIENTED_EDGE('',*,*,#4054,.T.);
#5558=ORIENTED_EDGE('',*,*,#4055,.T.);
#5559=ORIENTED_EDGE('',*,*,#3251,.F.);
#5560=ORIENTED_EDGE('',*,*,#4056,.F.);
#5561=ORIENTED_EDGE('',*,*,#4057,.T.);
#5562=ORIENTED_EDGE('',*,*,#4058,.T.);
#5563=ORIENTED_EDGE('',*,*,#3252,.F.);
#5564=ORIENTED_EDGE('',*,*,#4055,.F.);
#5565=ORIENTED_EDGE('',*,*,#4059,.T.);
#5566=ORIENTED_EDGE('',*,*,#4060,.T.);
#5567=ORIENTED_EDGE('',*,*,#3253,.F.);
#5568=ORIENTED_EDGE('',*,*,#4058,.F.);
#5569=ORIENTED_EDGE('',*,*,#4061,.T.);
#5570=ORIENTED_EDGE('',*,*,#4062,.T.);
#5571=ORIENTED_EDGE('',*,*,#3254,.F.);
#5572=ORIENTED_EDGE('',*,*,#4060,.F.);
#5573=ORIENTED_EDGE('',*,*,#4063,.T.);
#5574=ORIENTED_EDGE('',*,*,#4064,.T.);
#5575=ORIENTED_EDGE('',*,*,#3255,.F.);
#5576=ORIENTED_EDGE('',*,*,#4062,.F.);
#5577=ORIENTED_EDGE('',*,*,#4065,.T.);
#5578=ORIENTED_EDGE('',*,*,#4066,.T.);
#5579=ORIENTED_EDGE('',*,*,#3256,.F.);
#5580=ORIENTED_EDGE('',*,*,#4064,.F.);
#5581=ORIENTED_EDGE('',*,*,#4067,.T.);
#5582=ORIENTED_EDGE('',*,*,#4068,.T.);
#5583=ORIENTED_EDGE('',*,*,#3257,.F.);
#5584=ORIENTED_EDGE('',*,*,#4066,.F.);
#5585=ORIENTED_EDGE('',*,*,#4069,.T.);
#5586=ORIENTED_EDGE('',*,*,#4056,.T.);
#5587=ORIENTED_EDGE('',*,*,#3258,.F.);
#5588=ORIENTED_EDGE('',*,*,#4068,.F.);
#5589=ORIENTED_EDGE('',*,*,#4070,.T.);
#5590=ORIENTED_EDGE('',*,*,#4071,.T.);
#5591=ORIENTED_EDGE('',*,*,#3243,.F.);
#5592=ORIENTED_EDGE('',*,*,#4072,.F.);
#5593=ORIENTED_EDGE('',*,*,#4073,.T.);
#5594=ORIENTED_EDGE('',*,*,#4074,.T.);
#5595=ORIENTED_EDGE('',*,*,#3244,.F.);
#5596=ORIENTED_EDGE('',*,*,#4071,.F.);
#5597=ORIENTED_EDGE('',*,*,#4075,.T.);
#5598=ORIENTED_EDGE('',*,*,#4076,.T.);
#5599=ORIENTED_EDGE('',*,*,#3245,.F.);
#5600=ORIENTED_EDGE('',*,*,#4074,.F.);
#5601=ORIENTED_EDGE('',*,*,#4077,.T.);
#5602=ORIENTED_EDGE('',*,*,#4078,.T.);
#5603=ORIENTED_EDGE('',*,*,#3246,.F.);
#5604=ORIENTED_EDGE('',*,*,#4076,.F.);
#5605=ORIENTED_EDGE('',*,*,#4079,.T.);
#5606=ORIENTED_EDGE('',*,*,#4080,.T.);
#5607=ORIENTED_EDGE('',*,*,#3247,.F.);
#5608=ORIENTED_EDGE('',*,*,#4078,.F.);
#5609=ORIENTED_EDGE('',*,*,#4081,.T.);
#5610=ORIENTED_EDGE('',*,*,#4082,.T.);
#5611=ORIENTED_EDGE('',*,*,#3248,.F.);
#5612=ORIENTED_EDGE('',*,*,#4080,.F.);
#5613=ORIENTED_EDGE('',*,*,#4083,.T.);
#5614=ORIENTED_EDGE('',*,*,#4084,.T.);
#5615=ORIENTED_EDGE('',*,*,#3249,.F.);
#5616=ORIENTED_EDGE('',*,*,#4082,.F.);
#5617=ORIENTED_EDGE('',*,*,#4085,.T.);
#5618=ORIENTED_EDGE('',*,*,#4072,.T.);
#5619=ORIENTED_EDGE('',*,*,#3250,.F.);
#5620=ORIENTED_EDGE('',*,*,#4084,.F.);
#5621=ORIENTED_EDGE('',*,*,#4086,.T.);
#5622=ORIENTED_EDGE('',*,*,#4087,.T.);
#5623=ORIENTED_EDGE('',*,*,#3235,.F.);
#5624=ORIENTED_EDGE('',*,*,#4088,.F.);
#5625=ORIENTED_EDGE('',*,*,#4089,.T.);
#5626=ORIENTED_EDGE('',*,*,#4090,.T.);
#5627=ORIENTED_EDGE('',*,*,#3236,.F.);
#5628=ORIENTED_EDGE('',*,*,#4087,.F.);
#5629=ORIENTED_EDGE('',*,*,#4091,.T.);
#5630=ORIENTED_EDGE('',*,*,#4092,.T.);
#5631=ORIENTED_EDGE('',*,*,#3237,.F.);
#5632=ORIENTED_EDGE('',*,*,#4090,.F.);
#5633=ORIENTED_EDGE('',*,*,#4093,.T.);
#5634=ORIENTED_EDGE('',*,*,#4094,.T.);
#5635=ORIENTED_EDGE('',*,*,#3238,.F.);
#5636=ORIENTED_EDGE('',*,*,#4092,.F.);
#5637=ORIENTED_EDGE('',*,*,#4095,.T.);
#5638=ORIENTED_EDGE('',*,*,#4096,.T.);
#5639=ORIENTED_EDGE('',*,*,#3239,.F.);
#5640=ORIENTED_EDGE('',*,*,#4094,.F.);
#5641=ORIENTED_EDGE('',*,*,#4097,.T.);
#5642=ORIENTED_EDGE('',*,*,#4098,.T.);
#5643=ORIENTED_EDGE('',*,*,#3240,.F.);
#5644=ORIENTED_EDGE('',*,*,#4096,.F.);
#5645=ORIENTED_EDGE('',*,*,#4099,.T.);
#5646=ORIENTED_EDGE('',*,*,#4100,.T.);
#5647=ORIENTED_EDGE('',*,*,#3241,.F.);
#5648=ORIENTED_EDGE('',*,*,#4098,.F.);
#5649=ORIENTED_EDGE('',*,*,#4101,.T.);
#5650=ORIENTED_EDGE('',*,*,#4088,.T.);
#5651=ORIENTED_EDGE('',*,*,#3242,.F.);
#5652=ORIENTED_EDGE('',*,*,#4100,.F.);
#5653=ORIENTED_EDGE('',*,*,#4102,.T.);
#5654=ORIENTED_EDGE('',*,*,#4103,.T.);
#5655=ORIENTED_EDGE('',*,*,#3227,.F.);
#5656=ORIENTED_EDGE('',*,*,#4104,.F.);
#5657=ORIENTED_EDGE('',*,*,#4105,.T.);
#5658=ORIENTED_EDGE('',*,*,#4106,.T.);
#5659=ORIENTED_EDGE('',*,*,#3228,.F.);
#5660=ORIENTED_EDGE('',*,*,#4103,.F.);
#5661=ORIENTED_EDGE('',*,*,#4107,.T.);
#5662=ORIENTED_EDGE('',*,*,#4108,.T.);
#5663=ORIENTED_EDGE('',*,*,#3229,.F.);
#5664=ORIENTED_EDGE('',*,*,#4106,.F.);
#5665=ORIENTED_EDGE('',*,*,#4109,.T.);
#5666=ORIENTED_EDGE('',*,*,#4110,.T.);
#5667=ORIENTED_EDGE('',*,*,#3230,.F.);
#5668=ORIENTED_EDGE('',*,*,#4108,.F.);
#5669=ORIENTED_EDGE('',*,*,#4111,.T.);
#5670=ORIENTED_EDGE('',*,*,#4112,.T.);
#5671=ORIENTED_EDGE('',*,*,#3231,.F.);
#5672=ORIENTED_EDGE('',*,*,#4110,.F.);
#5673=ORIENTED_EDGE('',*,*,#4113,.T.);
#5674=ORIENTED_EDGE('',*,*,#4114,.T.);
#5675=ORIENTED_EDGE('',*,*,#3232,.F.);
#5676=ORIENTED_EDGE('',*,*,#4112,.F.);
#5677=ORIENTED_EDGE('',*,*,#4115,.T.);
#5678=ORIENTED_EDGE('',*,*,#4116,.T.);
#5679=ORIENTED_EDGE('',*,*,#3233,.F.);
#5680=ORIENTED_EDGE('',*,*,#4114,.F.);
#5681=ORIENTED_EDGE('',*,*,#4117,.T.);
#5682=ORIENTED_EDGE('',*,*,#4104,.T.);
#5683=ORIENTED_EDGE('',*,*,#3234,.F.);
#5684=ORIENTED_EDGE('',*,*,#4116,.F.);
#5685=ORIENTED_EDGE('',*,*,#3186,.T.);
#5686=ORIENTED_EDGE('',*,*,#3201,.T.);
#5687=ORIENTED_EDGE('',*,*,#3518,.T.);
#5688=ORIENTED_EDGE('',*,*,#3516,.T.);
#5689=ORIENTED_EDGE('',*,*,#4118,.T.);
#5690=ORIENTED_EDGE('',*,*,#3205,.T.);
#5691=ORIENTED_EDGE('',*,*,#3192,.T.);
#5692=ORIENTED_EDGE('',*,*,#3712,.F.);
#5693=ORIENTED_EDGE('',*,*,#3709,.F.);
#5694=ORIENTED_EDGE('',*,*,#3717,.F.);
#5695=ORIENTED_EDGE('',*,*,#3715,.F.);
#5696=ORIENTED_EDGE('',*,*,#3713,.F.);
#5697=ORIENTED_EDGE('',*,*,#3198,.T.);
#5698=ORIENTED_EDGE('',*,*,#3210,.F.);
#5699=ORIENTED_EDGE('',*,*,#3654,.F.);
#5700=ORIENTED_EDGE('',*,*,#3660,.F.);
#5701=ORIENTED_EDGE('',*,*,#3658,.F.);
#5702=ORIENTED_EDGE('',*,*,#3656,.F.);
#5703=ORIENTED_EDGE('',*,*,#3190,.T.);
#5704=ORIENTED_EDGE('',*,*,#3204,.F.);
#5705=ORIENTED_EDGE('',*,*,#3599,.F.);
#5706=ORIENTED_EDGE('',*,*,#3605,.F.);
#5707=ORIENTED_EDGE('',*,*,#3603,.F.);
#5708=ORIENTED_EDGE('',*,*,#3601,.F.);
#5709=ORIENTED_EDGE('',*,*,#3519,.F.);
#5710=ORIENTED_EDGE('',*,*,#3534,.F.);
#5711=ORIENTED_EDGE('',*,*,#3532,.F.);
#5712=ORIENTED_EDGE('',*,*,#3530,.F.);
#5713=ORIENTED_EDGE('',*,*,#3528,.F.);
#5714=ORIENTED_EDGE('',*,*,#3526,.F.);
#5715=ORIENTED_EDGE('',*,*,#3524,.F.);
#5716=ORIENTED_EDGE('',*,*,#3522,.F.);
#5717=ORIENTED_EDGE('',*,*,#3535,.F.);
#5718=ORIENTED_EDGE('',*,*,#3550,.F.);
#5719=ORIENTED_EDGE('',*,*,#3548,.F.);
#5720=ORIENTED_EDGE('',*,*,#3546,.F.);
#5721=ORIENTED_EDGE('',*,*,#3544,.F.);
#5722=ORIENTED_EDGE('',*,*,#3542,.F.);
#5723=ORIENTED_EDGE('',*,*,#3540,.F.);
#5724=ORIENTED_EDGE('',*,*,#3538,.F.);
#5725=ORIENTED_EDGE('',*,*,#3551,.F.);
#5726=ORIENTED_EDGE('',*,*,#3566,.F.);
#5727=ORIENTED_EDGE('',*,*,#3564,.F.);
#5728=ORIENTED_EDGE('',*,*,#3562,.F.);
#5729=ORIENTED_EDGE('',*,*,#3560,.F.);
#5730=ORIENTED_EDGE('',*,*,#3558,.F.);
#5731=ORIENTED_EDGE('',*,*,#3556,.F.);
#5732=ORIENTED_EDGE('',*,*,#3554,.F.);
#5733=ORIENTED_EDGE('',*,*,#3567,.F.);
#5734=ORIENTED_EDGE('',*,*,#3582,.F.);
#5735=ORIENTED_EDGE('',*,*,#3580,.F.);
#5736=ORIENTED_EDGE('',*,*,#3578,.F.);
#5737=ORIENTED_EDGE('',*,*,#3576,.F.);
#5738=ORIENTED_EDGE('',*,*,#3574,.F.);
#5739=ORIENTED_EDGE('',*,*,#3572,.F.);
#5740=ORIENTED_EDGE('',*,*,#3570,.F.);
#5741=ORIENTED_EDGE('',*,*,#3583,.F.);
#5742=ORIENTED_EDGE('',*,*,#3598,.F.);
#5743=ORIENTED_EDGE('',*,*,#3596,.F.);
#5744=ORIENTED_EDGE('',*,*,#3594,.F.);
#5745=ORIENTED_EDGE('',*,*,#3592,.F.);
#5746=ORIENTED_EDGE('',*,*,#3590,.F.);
#5747=ORIENTED_EDGE('',*,*,#3588,.F.);
#5748=ORIENTED_EDGE('',*,*,#3586,.F.);
#5749=ORIENTED_EDGE('',*,*,#3606,.F.);
#5750=ORIENTED_EDGE('',*,*,#3621,.F.);
#5751=ORIENTED_EDGE('',*,*,#3619,.F.);
#5752=ORIENTED_EDGE('',*,*,#3617,.F.);
#5753=ORIENTED_EDGE('',*,*,#3615,.F.);
#5754=ORIENTED_EDGE('',*,*,#3613,.F.);
#5755=ORIENTED_EDGE('',*,*,#3611,.F.);
#5756=ORIENTED_EDGE('',*,*,#3609,.F.);
#5757=ORIENTED_EDGE('',*,*,#3622,.F.);
#5758=ORIENTED_EDGE('',*,*,#3637,.F.);
#5759=ORIENTED_EDGE('',*,*,#3635,.F.);
#5760=ORIENTED_EDGE('',*,*,#3633,.F.);
#5761=ORIENTED_EDGE('',*,*,#3631,.F.);
#5762=ORIENTED_EDGE('',*,*,#3629,.F.);
#5763=ORIENTED_EDGE('',*,*,#3627,.F.);
#5764=ORIENTED_EDGE('',*,*,#3625,.F.);
#5765=ORIENTED_EDGE('',*,*,#3638,.F.);
#5766=ORIENTED_EDGE('',*,*,#3653,.F.);
#5767=ORIENTED_EDGE('',*,*,#3651,.F.);
#5768=ORIENTED_EDGE('',*,*,#3649,.F.);
#5769=ORIENTED_EDGE('',*,*,#3647,.F.);
#5770=ORIENTED_EDGE('',*,*,#3645,.F.);
#5771=ORIENTED_EDGE('',*,*,#3643,.F.);
#5772=ORIENTED_EDGE('',*,*,#3641,.F.);
#5773=ORIENTED_EDGE('',*,*,#3661,.F.);
#5774=ORIENTED_EDGE('',*,*,#3676,.F.);
#5775=ORIENTED_EDGE('',*,*,#3674,.F.);
#5776=ORIENTED_EDGE('',*,*,#3672,.F.);
#5777=ORIENTED_EDGE('',*,*,#3670,.F.);
#5778=ORIENTED_EDGE('',*,*,#3668,.F.);
#5779=ORIENTED_EDGE('',*,*,#3666,.F.);
#5780=ORIENTED_EDGE('',*,*,#3664,.F.);
#5781=ORIENTED_EDGE('',*,*,#3677,.F.);
#5782=ORIENTED_EDGE('',*,*,#3692,.F.);
#5783=ORIENTED_EDGE('',*,*,#3690,.F.);
#5784=ORIENTED_EDGE('',*,*,#3688,.F.);
#5785=ORIENTED_EDGE('',*,*,#3686,.F.);
#5786=ORIENTED_EDGE('',*,*,#3684,.F.);
#5787=ORIENTED_EDGE('',*,*,#3682,.F.);
#5788=ORIENTED_EDGE('',*,*,#3680,.F.);
#5789=ORIENTED_EDGE('',*,*,#3693,.F.);
#5790=ORIENTED_EDGE('',*,*,#3708,.F.);
#5791=ORIENTED_EDGE('',*,*,#3706,.F.);
#5792=ORIENTED_EDGE('',*,*,#3704,.F.);
#5793=ORIENTED_EDGE('',*,*,#3702,.F.);
#5794=ORIENTED_EDGE('',*,*,#3700,.F.);
#5795=ORIENTED_EDGE('',*,*,#3698,.F.);
#5796=ORIENTED_EDGE('',*,*,#3696,.F.);
#5797=ORIENTED_EDGE('',*,*,#3718,.F.);
#5798=ORIENTED_EDGE('',*,*,#3733,.F.);
#5799=ORIENTED_EDGE('',*,*,#3731,.F.);
#5800=ORIENTED_EDGE('',*,*,#3729,.F.);
#5801=ORIENTED_EDGE('',*,*,#3727,.F.);
#5802=ORIENTED_EDGE('',*,*,#3725,.F.);
#5803=ORIENTED_EDGE('',*,*,#3723,.F.);
#5804=ORIENTED_EDGE('',*,*,#3721,.F.);
#5805=ORIENTED_EDGE('',*,*,#3734,.F.);
#5806=ORIENTED_EDGE('',*,*,#3749,.F.);
#5807=ORIENTED_EDGE('',*,*,#3747,.F.);
#5808=ORIENTED_EDGE('',*,*,#3745,.F.);
#5809=ORIENTED_EDGE('',*,*,#3743,.F.);
#5810=ORIENTED_EDGE('',*,*,#3741,.F.);
#5811=ORIENTED_EDGE('',*,*,#3739,.F.);
#5812=ORIENTED_EDGE('',*,*,#3737,.F.);
#5813=ORIENTED_EDGE('',*,*,#3750,.F.);
#5814=ORIENTED_EDGE('',*,*,#3765,.F.);
#5815=ORIENTED_EDGE('',*,*,#3763,.F.);
#5816=ORIENTED_EDGE('',*,*,#3761,.F.);
#5817=ORIENTED_EDGE('',*,*,#3759,.F.);
#5818=ORIENTED_EDGE('',*,*,#3757,.F.);
#5819=ORIENTED_EDGE('',*,*,#3755,.F.);
#5820=ORIENTED_EDGE('',*,*,#3753,.F.);
#5821=ORIENTED_EDGE('',*,*,#3766,.F.);
#5822=ORIENTED_EDGE('',*,*,#3781,.F.);
#5823=ORIENTED_EDGE('',*,*,#3779,.F.);
#5824=ORIENTED_EDGE('',*,*,#3777,.F.);
#5825=ORIENTED_EDGE('',*,*,#3775,.F.);
#5826=ORIENTED_EDGE('',*,*,#3773,.F.);
#5827=ORIENTED_EDGE('',*,*,#3771,.F.);
#5828=ORIENTED_EDGE('',*,*,#3769,.F.);
#5829=ORIENTED_EDGE('',*,*,#3782,.F.);
#5830=ORIENTED_EDGE('',*,*,#3797,.F.);
#5831=ORIENTED_EDGE('',*,*,#3795,.F.);
#5832=ORIENTED_EDGE('',*,*,#3793,.F.);
#5833=ORIENTED_EDGE('',*,*,#3791,.F.);
#5834=ORIENTED_EDGE('',*,*,#3789,.F.);
#5835=ORIENTED_EDGE('',*,*,#3787,.F.);
#5836=ORIENTED_EDGE('',*,*,#3785,.F.);
#5837=ORIENTED_EDGE('',*,*,#3798,.F.);
#5838=ORIENTED_EDGE('',*,*,#3813,.F.);
#5839=ORIENTED_EDGE('',*,*,#3811,.F.);
#5840=ORIENTED_EDGE('',*,*,#3809,.F.);
#5841=ORIENTED_EDGE('',*,*,#3807,.F.);
#5842=ORIENTED_EDGE('',*,*,#3805,.F.);
#5843=ORIENTED_EDGE('',*,*,#3803,.F.);
#5844=ORIENTED_EDGE('',*,*,#3801,.F.);
#5845=ORIENTED_EDGE('',*,*,#3814,.F.);
#5846=ORIENTED_EDGE('',*,*,#3829,.F.);
#5847=ORIENTED_EDGE('',*,*,#3827,.F.);
#5848=ORIENTED_EDGE('',*,*,#3825,.F.);
#5849=ORIENTED_EDGE('',*,*,#3823,.F.);
#5850=ORIENTED_EDGE('',*,*,#3821,.F.);
#5851=ORIENTED_EDGE('',*,*,#3819,.F.);
#5852=ORIENTED_EDGE('',*,*,#3817,.F.);
#5853=ORIENTED_EDGE('',*,*,#3830,.F.);
#5854=ORIENTED_EDGE('',*,*,#3845,.F.);
#5855=ORIENTED_EDGE('',*,*,#3843,.F.);
#5856=ORIENTED_EDGE('',*,*,#3841,.F.);
#5857=ORIENTED_EDGE('',*,*,#3839,.F.);
#5858=ORIENTED_EDGE('',*,*,#3837,.F.);
#5859=ORIENTED_EDGE('',*,*,#3835,.F.);
#5860=ORIENTED_EDGE('',*,*,#3833,.F.);
#5861=ORIENTED_EDGE('',*,*,#3846,.F.);
#5862=ORIENTED_EDGE('',*,*,#3861,.F.);
#5863=ORIENTED_EDGE('',*,*,#3859,.F.);
#5864=ORIENTED_EDGE('',*,*,#3857,.F.);
#5865=ORIENTED_EDGE('',*,*,#3855,.F.);
#5866=ORIENTED_EDGE('',*,*,#3853,.F.);
#5867=ORIENTED_EDGE('',*,*,#3851,.F.);
#5868=ORIENTED_EDGE('',*,*,#3849,.F.);
#5869=ORIENTED_EDGE('',*,*,#3862,.F.);
#5870=ORIENTED_EDGE('',*,*,#3877,.F.);
#5871=ORIENTED_EDGE('',*,*,#3875,.F.);
#5872=ORIENTED_EDGE('',*,*,#3873,.F.);
#5873=ORIENTED_EDGE('',*,*,#3871,.F.);
#5874=ORIENTED_EDGE('',*,*,#3869,.F.);
#5875=ORIENTED_EDGE('',*,*,#3867,.F.);
#5876=ORIENTED_EDGE('',*,*,#3865,.F.);
#5877=ORIENTED_EDGE('',*,*,#3878,.F.);
#5878=ORIENTED_EDGE('',*,*,#3893,.F.);
#5879=ORIENTED_EDGE('',*,*,#3891,.F.);
#5880=ORIENTED_EDGE('',*,*,#3889,.F.);
#5881=ORIENTED_EDGE('',*,*,#3887,.F.);
#5882=ORIENTED_EDGE('',*,*,#3885,.F.);
#5883=ORIENTED_EDGE('',*,*,#3883,.F.);
#5884=ORIENTED_EDGE('',*,*,#3881,.F.);
#5885=ORIENTED_EDGE('',*,*,#3894,.F.);
#5886=ORIENTED_EDGE('',*,*,#3909,.F.);
#5887=ORIENTED_EDGE('',*,*,#3907,.F.);
#5888=ORIENTED_EDGE('',*,*,#3905,.F.);
#5889=ORIENTED_EDGE('',*,*,#3903,.F.);
#5890=ORIENTED_EDGE('',*,*,#3901,.F.);
#5891=ORIENTED_EDGE('',*,*,#3899,.F.);
#5892=ORIENTED_EDGE('',*,*,#3897,.F.);
#5893=ORIENTED_EDGE('',*,*,#3910,.F.);
#5894=ORIENTED_EDGE('',*,*,#3925,.F.);
#5895=ORIENTED_EDGE('',*,*,#3923,.F.);
#5896=ORIENTED_EDGE('',*,*,#3921,.F.);
#5897=ORIENTED_EDGE('',*,*,#3919,.F.);
#5898=ORIENTED_EDGE('',*,*,#3917,.F.);
#5899=ORIENTED_EDGE('',*,*,#3915,.F.);
#5900=ORIENTED_EDGE('',*,*,#3913,.F.);
#5901=ORIENTED_EDGE('',*,*,#3926,.F.);
#5902=ORIENTED_EDGE('',*,*,#3941,.F.);
#5903=ORIENTED_EDGE('',*,*,#3939,.F.);
#5904=ORIENTED_EDGE('',*,*,#3937,.F.);
#5905=ORIENTED_EDGE('',*,*,#3935,.F.);
#5906=ORIENTED_EDGE('',*,*,#3933,.F.);
#5907=ORIENTED_EDGE('',*,*,#3931,.F.);
#5908=ORIENTED_EDGE('',*,*,#3929,.F.);
#5909=ORIENTED_EDGE('',*,*,#3942,.F.);
#5910=ORIENTED_EDGE('',*,*,#3957,.F.);
#5911=ORIENTED_EDGE('',*,*,#3955,.F.);
#5912=ORIENTED_EDGE('',*,*,#3953,.F.);
#5913=ORIENTED_EDGE('',*,*,#3951,.F.);
#5914=ORIENTED_EDGE('',*,*,#3949,.F.);
#5915=ORIENTED_EDGE('',*,*,#3947,.F.);
#5916=ORIENTED_EDGE('',*,*,#3945,.F.);
#5917=ORIENTED_EDGE('',*,*,#3958,.F.);
#5918=ORIENTED_EDGE('',*,*,#3973,.F.);
#5919=ORIENTED_EDGE('',*,*,#3971,.F.);
#5920=ORIENTED_EDGE('',*,*,#3969,.F.);
#5921=ORIENTED_EDGE('',*,*,#3967,.F.);
#5922=ORIENTED_EDGE('',*,*,#3965,.F.);
#5923=ORIENTED_EDGE('',*,*,#3963,.F.);
#5924=ORIENTED_EDGE('',*,*,#3961,.F.);
#5925=ORIENTED_EDGE('',*,*,#3974,.F.);
#5926=ORIENTED_EDGE('',*,*,#3989,.F.);
#5927=ORIENTED_EDGE('',*,*,#3987,.F.);
#5928=ORIENTED_EDGE('',*,*,#3985,.F.);
#5929=ORIENTED_EDGE('',*,*,#3983,.F.);
#5930=ORIENTED_EDGE('',*,*,#3981,.F.);
#5931=ORIENTED_EDGE('',*,*,#3979,.F.);
#5932=ORIENTED_EDGE('',*,*,#3977,.F.);
#5933=ORIENTED_EDGE('',*,*,#3990,.F.);
#5934=ORIENTED_EDGE('',*,*,#4005,.F.);
#5935=ORIENTED_EDGE('',*,*,#4003,.F.);
#5936=ORIENTED_EDGE('',*,*,#4001,.F.);
#5937=ORIENTED_EDGE('',*,*,#3999,.F.);
#5938=ORIENTED_EDGE('',*,*,#3997,.F.);
#5939=ORIENTED_EDGE('',*,*,#3995,.F.);
#5940=ORIENTED_EDGE('',*,*,#3993,.F.);
#5941=ORIENTED_EDGE('',*,*,#4006,.F.);
#5942=ORIENTED_EDGE('',*,*,#4021,.F.);
#5943=ORIENTED_EDGE('',*,*,#4019,.F.);
#5944=ORIENTED_EDGE('',*,*,#4017,.F.);
#5945=ORIENTED_EDGE('',*,*,#4015,.F.);
#5946=ORIENTED_EDGE('',*,*,#4013,.F.);
#5947=ORIENTED_EDGE('',*,*,#4011,.F.);
#5948=ORIENTED_EDGE('',*,*,#4009,.F.);
#5949=ORIENTED_EDGE('',*,*,#4022,.F.);
#5950=ORIENTED_EDGE('',*,*,#4037,.F.);
#5951=ORIENTED_EDGE('',*,*,#4035,.F.);
#5952=ORIENTED_EDGE('',*,*,#4033,.F.);
#5953=ORIENTED_EDGE('',*,*,#4031,.F.);
#5954=ORIENTED_EDGE('',*,*,#4029,.F.);
#5955=ORIENTED_EDGE('',*,*,#4027,.F.);
#5956=ORIENTED_EDGE('',*,*,#4025,.F.);
#5957=ORIENTED_EDGE('',*,*,#4038,.F.);
#5958=ORIENTED_EDGE('',*,*,#4053,.F.);
#5959=ORIENTED_EDGE('',*,*,#4051,.F.);
#5960=ORIENTED_EDGE('',*,*,#4049,.F.);
#5961=ORIENTED_EDGE('',*,*,#4047,.F.);
#5962=ORIENTED_EDGE('',*,*,#4045,.F.);
#5963=ORIENTED_EDGE('',*,*,#4043,.F.);
#5964=ORIENTED_EDGE('',*,*,#4041,.F.);
#5965=ORIENTED_EDGE('',*,*,#4054,.F.);
#5966=ORIENTED_EDGE('',*,*,#4069,.F.);
#5967=ORIENTED_EDGE('',*,*,#4067,.F.);
#5968=ORIENTED_EDGE('',*,*,#4065,.F.);
#5969=ORIENTED_EDGE('',*,*,#4063,.F.);
#5970=ORIENTED_EDGE('',*,*,#4061,.F.);
#5971=ORIENTED_EDGE('',*,*,#4059,.F.);
#5972=ORIENTED_EDGE('',*,*,#4057,.F.);
#5973=ORIENTED_EDGE('',*,*,#4070,.F.);
#5974=ORIENTED_EDGE('',*,*,#4085,.F.);
#5975=ORIENTED_EDGE('',*,*,#4083,.F.);
#5976=ORIENTED_EDGE('',*,*,#4081,.F.);
#5977=ORIENTED_EDGE('',*,*,#4079,.F.);
#5978=ORIENTED_EDGE('',*,*,#4077,.F.);
#5979=ORIENTED_EDGE('',*,*,#4075,.F.);
#5980=ORIENTED_EDGE('',*,*,#4073,.F.);
#5981=ORIENTED_EDGE('',*,*,#4086,.F.);
#5982=ORIENTED_EDGE('',*,*,#4101,.F.);
#5983=ORIENTED_EDGE('',*,*,#4099,.F.);
#5984=ORIENTED_EDGE('',*,*,#4097,.F.);
#5985=ORIENTED_EDGE('',*,*,#4095,.F.);
#5986=ORIENTED_EDGE('',*,*,#4093,.F.);
#5987=ORIENTED_EDGE('',*,*,#4091,.F.);
#5988=ORIENTED_EDGE('',*,*,#4089,.F.);
#5989=ORIENTED_EDGE('',*,*,#4102,.F.);
#5990=ORIENTED_EDGE('',*,*,#4117,.F.);
#5991=ORIENTED_EDGE('',*,*,#4115,.F.);
#5992=ORIENTED_EDGE('',*,*,#4113,.F.);
#5993=ORIENTED_EDGE('',*,*,#4111,.F.);
#5994=ORIENTED_EDGE('',*,*,#4109,.F.);
#5995=ORIENTED_EDGE('',*,*,#4107,.F.);
#5996=ORIENTED_EDGE('',*,*,#4105,.F.);
#5997=ORIENTED_EDGE('',*,*,#3180,.T.);
#5998=ORIENTED_EDGE('',*,*,#3177,.T.);
#5999=ORIENTED_EDGE('',*,*,#3224,.F.);
#6000=ORIENTED_EDGE('',*,*,#3206,.F.);
#6001=ORIENTED_EDGE('',*,*,#4118,.F.);
#6002=ORIENTED_EDGE('',*,*,#3515,.T.);
#6003=CYLINDRICAL_SURFACE('',#6500,1.5);
#6004=CYLINDRICAL_SURFACE('',#6503,1.5);
#6005=CYLINDRICAL_SURFACE('',#6668,5.);
#6006=CYLINDRICAL_SURFACE('',#6670,0.499999999999989);
#6007=CYLINDRICAL_SURFACE('',#6673,0.499999999999998);
#6008=CYLINDRICAL_SURFACE('',#6676,0.499999999999998);
#6009=CYLINDRICAL_SURFACE('',#6679,0.499999999999998);
#6010=CYLINDRICAL_SURFACE('',#6682,0.499999999999998);
#6011=CYLINDRICAL_SURFACE('',#6685,0.499999999999972);
#6012=CYLINDRICAL_SURFACE('',#6688,0.500000000000007);
#6013=CYLINDRICAL_SURFACE('',#6691,0.500000000000007);
#6014=CYLINDRICAL_SURFACE('',#6694,0.499999999999989);
#6015=CYLINDRICAL_SURFACE('',#6697,0.500000000000007);
#6016=CYLINDRICAL_SURFACE('',#6700,0.499999999999998);
#6017=CYLINDRICAL_SURFACE('',#6703,0.500000000000007);
#6018=CYLINDRICAL_SURFACE('',#6706,0.499999999999998);
#6019=CYLINDRICAL_SURFACE('',#6709,0.500000000000007);
#6020=CYLINDRICAL_SURFACE('',#6712,0.500000000000007);
#6021=CYLINDRICAL_SURFACE('',#6715,0.499999999999998);
#6022=CYLINDRICAL_SURFACE('',#6718,0.500000000000007);
#6023=CYLINDRICAL_SURFACE('',#6721,0.500000000000007);
#6024=CYLINDRICAL_SURFACE('',#6724,0.500000000000007);
#6025=CYLINDRICAL_SURFACE('',#6727,0.500000000000007);
#6026=CYLINDRICAL_SURFACE('',#6730,0.499999999999998);
#6027=CYLINDRICAL_SURFACE('',#6733,0.500000000000007);
#6028=CYLINDRICAL_SURFACE('',#6736,0.500000000000007);
#6029=CYLINDRICAL_SURFACE('',#6739,0.500000000000007);
#6030=CYLINDRICAL_SURFACE('',#6742,0.500000000000007);
#6031=CYLINDRICAL_SURFACE('',#6745,0.500000000000007);
#6032=CYLINDRICAL_SURFACE('',#6748,0.500000000000007);
#6033=CYLINDRICAL_SURFACE('',#6751,0.500000000000007);
#6034=CYLINDRICAL_SURFACE('',#6754,0.500000000000007);
#6035=CYLINDRICAL_SURFACE('',#6757,0.500000000000007);
#6036=CYLINDRICAL_SURFACE('',#6760,0.500000000000007);
#6037=CYLINDRICAL_SURFACE('',#6763,0.500000000000007);
#6038=CYLINDRICAL_SURFACE('',#6766,0.500000000000007);
#6039=CYLINDRICAL_SURFACE('',#6769,0.499999999999998);
#6040=CYLINDRICAL_SURFACE('',#6772,0.499999999999989);
#6041=CYLINDRICAL_SURFACE('',#6775,0.500000000000007);
#6042=CYLINDRICAL_SURFACE('',#6778,0.499999999999998);
#6043=CYLINDRICAL_SURFACE('',#6781,0.499999999999998);
#6044=CYLINDRICAL_SURFACE('',#6784,0.500000000000007);
#6045=CYLINDRICAL_SURFACE('',#6787,0.499999999999998);
#6046=CYLINDRICAL_SURFACE('',#6790,0.499999999999998);
#6047=CYLINDRICAL_SURFACE('',#6793,0.499999999999998);
#6048=CYLINDRICAL_SURFACE('',#6796,0.500000000000007);
#6049=CYLINDRICAL_SURFACE('',#6799,0.499999999999998);
#6050=CYLINDRICAL_SURFACE('',#6802,0.500000000000007);
#6051=CYLINDRICAL_SURFACE('',#6805,0.499999999999998);
#6052=CYLINDRICAL_SURFACE('',#6808,0.500000000000007);
#6053=CYLINDRICAL_SURFACE('',#6811,0.499999999999998);
#6054=CYLINDRICAL_SURFACE('',#6814,0.499999999999998);
#6055=CYLINDRICAL_SURFACE('',#6818,0.499999999999972);
#6056=CYLINDRICAL_SURFACE('',#6821,0.499999999999998);
#6057=CYLINDRICAL_SURFACE('',#6824,0.499999999999972);
#6058=CYLINDRICAL_SURFACE('',#6827,0.499999999999998);
#6059=CYLINDRICAL_SURFACE('',#6830,0.500000000000007);
#6060=CYLINDRICAL_SURFACE('',#6833,0.499999999999998);
#6061=CYLINDRICAL_SURFACE('',#6836,0.500000000000007);
#6062=CYLINDRICAL_SURFACE('',#6839,0.499999999999998);
#6063=CYLINDRICAL_SURFACE('',#6842,0.500000000000007);
#6064=CYLINDRICAL_SURFACE('',#6845,0.499999999999998);
#6065=CYLINDRICAL_SURFACE('',#6848,0.499999999999998);
#6066=CYLINDRICAL_SURFACE('',#6851,0.499999999999998);
#6067=CYLINDRICAL_SURFACE('',#6854,0.499999999999998);
#6068=CYLINDRICAL_SURFACE('',#6857,0.499999999999998);
#6069=CYLINDRICAL_SURFACE('',#6860,0.499999999999998);
#6070=CYLINDRICAL_SURFACE('',#6863,0.499999999999998);
#6071=CYLINDRICAL_SURFACE('',#6866,0.500000000000007);
#6072=CYLINDRICAL_SURFACE('',#6869,0.499999999999998);
#6073=CYLINDRICAL_SURFACE('',#6872,0.500000000000003);
#6074=CYLINDRICAL_SURFACE('',#6875,0.499999999999998);
#6075=CYLINDRICAL_SURFACE('',#6878,0.499999999999998);
#6076=CYLINDRICAL_SURFACE('',#6881,0.500000000000007);
#6077=CYLINDRICAL_SURFACE('',#6884,0.500000000000007);
#6078=CYLINDRICAL_SURFACE('',#6887,0.500000000000007);
#6079=CYLINDRICAL_SURFACE('',#6890,0.499999999999972);
#6080=CYLINDRICAL_SURFACE('',#6893,0.500000000000007);
#6081=CYLINDRICAL_SURFACE('',#6896,0.499999999999998);
#6082=CYLINDRICAL_SURFACE('',#6899,0.500000000000007);
#6083=CYLINDRICAL_SURFACE('',#6902,0.499999999999998);
#6084=CYLINDRICAL_SURFACE('',#6905,0.500000000000007);
#6085=CYLINDRICAL_SURFACE('',#6908,0.500000000000007);
#6086=CYLINDRICAL_SURFACE('',#6911,0.500000000000007);
#6087=CYLINDRICAL_SURFACE('',#6914,0.500000000000003);
#6088=CYLINDRICAL_SURFACE('',#6917,0.500000000000007);
#6089=CYLINDRICAL_SURFACE('',#6920,0.500000000000007);
#6090=CYLINDRICAL_SURFACE('',#6923,0.500000000000007);
#6091=CYLINDRICAL_SURFACE('',#6926,0.499999999999998);
#6092=CYLINDRICAL_SURFACE('',#6929,0.499999999999998);
#6093=CYLINDRICAL_SURFACE('',#6932,0.500000000000007);
#6094=CYLINDRICAL_SURFACE('',#6935,0.499999999999998);
#6095=CYLINDRICAL_SURFACE('',#6938,0.499999999999989);
#6096=CYLINDRICAL_SURFACE('',#6941,0.499999999999998);
#6097=CYLINDRICAL_SURFACE('',#6944,0.499999999999972);
#6098=CYLINDRICAL_SURFACE('',#6947,0.499999999999998);
#6099=CYLINDRICAL_SURFACE('',#6950,0.500000000000007);
#6100=CYLINDRICAL_SURFACE('',#6953,0.499999999999998);
#6101=CYLINDRICAL_SURFACE('',#6956,0.500000000000007);
#6102=CYLINDRICAL_SURFACE('',#6959,0.499999999999998);
#6103=CYLINDRICAL_SURFACE('',#6962,0.500000000000007);
#6104=CYLINDRICAL_SURFACE('',#6965,0.500000000000007);
#6105=CYLINDRICAL_SURFACE('',#6968,0.500000000000007);
#6106=CYLINDRICAL_SURFACE('',#6971,0.499999999999989);
#6107=CYLINDRICAL_SURFACE('',#6974,0.500000000000007);
#6108=CYLINDRICAL_SURFACE('',#6977,0.500000000000007);
#6109=CYLINDRICAL_SURFACE('',#6980,0.499999999999998);
#6110=CYLINDRICAL_SURFACE('',#6983,0.500000000000007);
#6111=CYLINDRICAL_SURFACE('',#6986,0.499999999999998);
#6112=CYLINDRICAL_SURFACE('',#6989,0.499999999999989);
#6113=CYLINDRICAL_SURFACE('',#6992,0.499999999999972);
#6114=CYLINDRICAL_SURFACE('',#6995,0.499999999999998);
#6115=CYLINDRICAL_SURFACE('',#6998,0.500000000000007);
#6116=CYLINDRICAL_SURFACE('',#7001,0.499999999999998);
#6117=CYLINDRICAL_SURFACE('',#7004,0.500000000000007);
#6118=CYLINDRICAL_SURFACE('',#7007,0.500000000000007);
#6119=CYLINDRICAL_SURFACE('',#7010,0.500000000000007);
#6120=CYLINDRICAL_SURFACE('',#7013,0.499999999999989);
#6121=CYLINDRICAL_SURFACE('',#7016,0.500000000000007);
#6122=CYLINDRICAL_SURFACE('',#7019,0.499999999999998);
#6123=CYLINDRICAL_SURFACE('',#7022,0.499999999999998);
#6124=CYLINDRICAL_SURFACE('',#7025,0.499999999999989);
#6125=CYLINDRICAL_SURFACE('',#7028,0.500000000000007);
#6126=CYLINDRICAL_SURFACE('',#7031,0.499999999999998);
#6127=CYLINDRICAL_SURFACE('',#7034,0.500000000000007);
#6128=CYLINDRICAL_SURFACE('',#7037,0.500000000000007);
#6129=CYLINDRICAL_SURFACE('',#7040,0.500000000000003);
#6130=CYLINDRICAL_SURFACE('',#7043,0.500000000000007);
#6131=CYLINDRICAL_SURFACE('',#7046,0.499999999999998);
#6132=CYLINDRICAL_SURFACE('',#7049,0.499999999999989);
#6133=CYLINDRICAL_SURFACE('',#7052,0.499999999999972);
#6134=CYLINDRICAL_SURFACE('',#7055,0.499999999999998);
#6135=CYLINDRICAL_SURFACE('',#7058,0.500000000000007);
#6136=CYLINDRICAL_SURFACE('',#7061,0.499999999999989);
#6137=CYLINDRICAL_SURFACE('',#7064,0.499999999999998);
#6138=CYLINDRICAL_SURFACE('',#7067,0.499999999999998);
#6139=CYLINDRICAL_SURFACE('',#7070,0.499999999999998);
#6140=CYLINDRICAL_SURFACE('',#7073,0.500000000000007);
#6141=CYLINDRICAL_SURFACE('',#7076,0.500000000000007);
#6142=CYLINDRICAL_SURFACE('',#7079,0.500000000000007);
#6143=CYLINDRICAL_SURFACE('',#7082,0.499999999999989);
#6144=CYLINDRICAL_SURFACE('',#7085,0.500000000000007);
#6145=CYLINDRICAL_SURFACE('',#7088,0.499999999999972);
#6146=CYLINDRICAL_SURFACE('',#7091,0.500000000000007);
#6147=CYLINDRICAL_SURFACE('',#7094,0.500000000000007);
#6148=CYLINDRICAL_SURFACE('',#7097,0.499999999999998);
#6149=CYLINDRICAL_SURFACE('',#7100,0.500000000000007);
#6150=CYLINDRICAL_SURFACE('',#7103,0.500000000000007);
#6151=CYLINDRICAL_SURFACE('',#7106,0.500000000000007);
#6152=CYLINDRICAL_SURFACE('',#7109,0.499999999999998);
#6153=CYLINDRICAL_SURFACE('',#7112,0.500000000000007);
#6154=CYLINDRICAL_SURFACE('',#7115,0.500000000000007);
#6155=CYLINDRICAL_SURFACE('',#7118,0.500000000000007);
#6156=CYLINDRICAL_SURFACE('',#7123,5.);
#6157=ADVANCED_FACE('',(#265),#6003,.F.);
#6158=ADVANCED_FACE('',(#266),#6004,.F.);
#6159=ADVANCED_FACE('',(#267),#103,.F.);
#6160=ADVANCED_FACE('',(#268),#104,.F.);
#6161=ADVANCED_FACE('',(#269),#105,.F.);
#6162=ADVANCED_FACE('',(#270),#106,.F.);
#6163=ADVANCED_FACE('',(#271),#107,.T.);
#6164=ADVANCED_FACE('',(#272),#108,.T.);
#6165=ADVANCED_FACE('',(#273),#109,.T.);
#6166=ADVANCED_FACE('',(#274),#110,.T.);
#6167=ADVANCED_FACE('',(#275,#27,#28,#29,#30,#31,#32,#33,#34,#35,#36,#37,
#38,#39,#40,#41,#42,#43,#44,#45,#46,#47,#48,#49,#50,#51,#52,#53,#54,#55,
#56,#57,#58,#59,#60,#61,#62,#63,#64),#111,.T.);
#6168=ADVANCED_FACE('',(#276),#112,.T.);
#6169=ADVANCED_FACE('',(#277),#6005,.T.);
#6170=ADVANCED_FACE('',(#278),#6006,.F.);
#6171=ADVANCED_FACE('',(#279),#113,.T.);
#6172=ADVANCED_FACE('',(#280),#6007,.F.);
#6173=ADVANCED_FACE('',(#281),#114,.T.);
#6174=ADVANCED_FACE('',(#282),#6008,.F.);
#6175=ADVANCED_FACE('',(#283),#115,.T.);
#6176=ADVANCED_FACE('',(#284),#6009,.F.);
#6177=ADVANCED_FACE('',(#285),#116,.T.);
#6178=ADVANCED_FACE('',(#286),#6010,.F.);
#6179=ADVANCED_FACE('',(#287),#117,.T.);
#6180=ADVANCED_FACE('',(#288),#6011,.F.);
#6181=ADVANCED_FACE('',(#289),#118,.T.);
#6182=ADVANCED_FACE('',(#290),#6012,.F.);
#6183=ADVANCED_FACE('',(#291),#119,.T.);
#6184=ADVANCED_FACE('',(#292),#6013,.F.);
#6185=ADVANCED_FACE('',(#293),#120,.T.);
#6186=ADVANCED_FACE('',(#294),#6014,.F.);
#6187=ADVANCED_FACE('',(#295),#121,.T.);
#6188=ADVANCED_FACE('',(#296),#6015,.F.);
#6189=ADVANCED_FACE('',(#297),#122,.T.);
#6190=ADVANCED_FACE('',(#298),#6016,.F.);
#6191=ADVANCED_FACE('',(#299),#123,.T.);
#6192=ADVANCED_FACE('',(#300),#6017,.F.);
#6193=ADVANCED_FACE('',(#301),#124,.T.);
#6194=ADVANCED_FACE('',(#302),#6018,.F.);
#6195=ADVANCED_FACE('',(#303),#125,.T.);
#6196=ADVANCED_FACE('',(#304),#6019,.F.);
#6197=ADVANCED_FACE('',(#305),#126,.T.);
#6198=ADVANCED_FACE('',(#306),#6020,.F.);
#6199=ADVANCED_FACE('',(#307),#127,.T.);
#6200=ADVANCED_FACE('',(#308),#6021,.F.);
#6201=ADVANCED_FACE('',(#309),#128,.T.);
#6202=ADVANCED_FACE('',(#310),#6022,.F.);
#6203=ADVANCED_FACE('',(#311),#129,.T.);
#6204=ADVANCED_FACE('',(#312),#6023,.F.);
#6205=ADVANCED_FACE('',(#313),#130,.T.);
#6206=ADVANCED_FACE('',(#314),#6024,.F.);
#6207=ADVANCED_FACE('',(#315),#131,.T.);
#6208=ADVANCED_FACE('',(#316),#6025,.F.);
#6209=ADVANCED_FACE('',(#317),#132,.T.);
#6210=ADVANCED_FACE('',(#318),#6026,.F.);
#6211=ADVANCED_FACE('',(#319),#133,.T.);
#6212=ADVANCED_FACE('',(#320),#6027,.F.);
#6213=ADVANCED_FACE('',(#321),#134,.T.);
#6214=ADVANCED_FACE('',(#322),#6028,.F.);
#6215=ADVANCED_FACE('',(#323),#135,.T.);
#6216=ADVANCED_FACE('',(#324),#6029,.F.);
#6217=ADVANCED_FACE('',(#325),#136,.T.);
#6218=ADVANCED_FACE('',(#326),#6030,.F.);
#6219=ADVANCED_FACE('',(#327),#137,.T.);
#6220=ADVANCED_FACE('',(#328),#6031,.F.);
#6221=ADVANCED_FACE('',(#329),#138,.T.);
#6222=ADVANCED_FACE('',(#330),#6032,.F.);
#6223=ADVANCED_FACE('',(#331),#139,.T.);
#6224=ADVANCED_FACE('',(#332),#6033,.F.);
#6225=ADVANCED_FACE('',(#333),#140,.T.);
#6226=ADVANCED_FACE('',(#334),#6034,.F.);
#6227=ADVANCED_FACE('',(#335),#141,.T.);
#6228=ADVANCED_FACE('',(#336),#6035,.F.);
#6229=ADVANCED_FACE('',(#337),#142,.T.);
#6230=ADVANCED_FACE('',(#338),#6036,.F.);
#6231=ADVANCED_FACE('',(#339),#143,.T.);
#6232=ADVANCED_FACE('',(#340),#6037,.F.);
#6233=ADVANCED_FACE('',(#341),#144,.T.);
#6234=ADVANCED_FACE('',(#342),#6038,.F.);
#6235=ADVANCED_FACE('',(#343),#145,.T.);
#6236=ADVANCED_FACE('',(#344),#6039,.F.);
#6237=ADVANCED_FACE('',(#345),#146,.T.);
#6238=ADVANCED_FACE('',(#346),#6040,.F.);
#6239=ADVANCED_FACE('',(#347),#147,.T.);
#6240=ADVANCED_FACE('',(#348),#6041,.F.);
#6241=ADVANCED_FACE('',(#349),#148,.T.);
#6242=ADVANCED_FACE('',(#350),#6042,.F.);
#6243=ADVANCED_FACE('',(#351),#149,.T.);
#6244=ADVANCED_FACE('',(#352),#6043,.F.);
#6245=ADVANCED_FACE('',(#353),#150,.T.);
#6246=ADVANCED_FACE('',(#354),#6044,.F.);
#6247=ADVANCED_FACE('',(#355),#151,.T.);
#6248=ADVANCED_FACE('',(#356),#6045,.F.);
#6249=ADVANCED_FACE('',(#357),#152,.T.);
#6250=ADVANCED_FACE('',(#358),#6046,.F.);
#6251=ADVANCED_FACE('',(#359),#153,.T.);
#6252=ADVANCED_FACE('',(#360),#6047,.F.);
#6253=ADVANCED_FACE('',(#361),#154,.T.);
#6254=ADVANCED_FACE('',(#362),#6048,.F.);
#6255=ADVANCED_FACE('',(#363),#155,.T.);
#6256=ADVANCED_FACE('',(#364),#6049,.F.);
#6257=ADVANCED_FACE('',(#365),#156,.T.);
#6258=ADVANCED_FACE('',(#366),#6050,.F.);
#6259=ADVANCED_FACE('',(#367),#157,.T.);
#6260=ADVANCED_FACE('',(#368),#6051,.F.);
#6261=ADVANCED_FACE('',(#369),#158,.T.);
#6262=ADVANCED_FACE('',(#370),#6052,.F.);
#6263=ADVANCED_FACE('',(#371),#159,.T.);
#6264=ADVANCED_FACE('',(#372),#6053,.F.);
#6265=ADVANCED_FACE('',(#373),#160,.T.);
#6266=ADVANCED_FACE('',(#374),#6054,.F.);
#6267=ADVANCED_FACE('',(#375),#161,.T.);
#6268=ADVANCED_FACE('',(#376),#162,.T.);
#6269=ADVANCED_FACE('',(#377),#6055,.F.);
#6270=ADVANCED_FACE('',(#378),#163,.T.);
#6271=ADVANCED_FACE('',(#379),#6056,.F.);
#6272=ADVANCED_FACE('',(#380),#164,.T.);
#6273=ADVANCED_FACE('',(#381),#6057,.F.);
#6274=ADVANCED_FACE('',(#382),#165,.T.);
#6275=ADVANCED_FACE('',(#383),#6058,.F.);
#6276=ADVANCED_FACE('',(#384),#166,.T.);
#6277=ADVANCED_FACE('',(#385),#6059,.F.);
#6278=ADVANCED_FACE('',(#386),#167,.T.);
#6279=ADVANCED_FACE('',(#387),#6060,.F.);
#6280=ADVANCED_FACE('',(#388),#168,.T.);
#6281=ADVANCED_FACE('',(#389),#6061,.F.);
#6282=ADVANCED_FACE('',(#390),#169,.T.);
#6283=ADVANCED_FACE('',(#391),#6062,.F.);
#6284=ADVANCED_FACE('',(#392),#170,.T.);
#6285=ADVANCED_FACE('',(#393),#6063,.F.);
#6286=ADVANCED_FACE('',(#394),#171,.T.);
#6287=ADVANCED_FACE('',(#395),#6064,.F.);
#6288=ADVANCED_FACE('',(#396),#172,.T.);
#6289=ADVANCED_FACE('',(#397),#6065,.F.);
#6290=ADVANCED_FACE('',(#398),#173,.T.);
#6291=ADVANCED_FACE('',(#399),#6066,.F.);
#6292=ADVANCED_FACE('',(#400),#174,.T.);
#6293=ADVANCED_FACE('',(#401),#6067,.F.);
#6294=ADVANCED_FACE('',(#402),#175,.T.);
#6295=ADVANCED_FACE('',(#403),#6068,.F.);
#6296=ADVANCED_FACE('',(#404),#176,.T.);
#6297=ADVANCED_FACE('',(#405),#6069,.F.);
#6298=ADVANCED_FACE('',(#406),#177,.T.);
#6299=ADVANCED_FACE('',(#407),#6070,.F.);
#6300=ADVANCED_FACE('',(#408),#178,.T.);
#6301=ADVANCED_FACE('',(#409),#6071,.F.);
#6302=ADVANCED_FACE('',(#410),#179,.T.);
#6303=ADVANCED_FACE('',(#411),#6072,.F.);
#6304=ADVANCED_FACE('',(#412),#180,.T.);
#6305=ADVANCED_FACE('',(#413),#6073,.F.);
#6306=ADVANCED_FACE('',(#414),#181,.T.);
#6307=ADVANCED_FACE('',(#415),#6074,.F.);
#6308=ADVANCED_FACE('',(#416),#182,.T.);
#6309=ADVANCED_FACE('',(#417),#6075,.F.);
#6310=ADVANCED_FACE('',(#418),#183,.T.);
#6311=ADVANCED_FACE('',(#419),#6076,.F.);
#6312=ADVANCED_FACE('',(#420),#184,.T.);
#6313=ADVANCED_FACE('',(#421),#6077,.F.);
#6314=ADVANCED_FACE('',(#422),#185,.T.);
#6315=ADVANCED_FACE('',(#423),#6078,.F.);
#6316=ADVANCED_FACE('',(#424),#186,.T.);
#6317=ADVANCED_FACE('',(#425),#6079,.F.);
#6318=ADVANCED_FACE('',(#426),#187,.T.);
#6319=ADVANCED_FACE('',(#427),#6080,.F.);
#6320=ADVANCED_FACE('',(#428),#188,.T.);
#6321=ADVANCED_FACE('',(#429),#6081,.F.);
#6322=ADVANCED_FACE('',(#430),#189,.T.);
#6323=ADVANCED_FACE('',(#431),#6082,.F.);
#6324=ADVANCED_FACE('',(#432),#190,.T.);
#6325=ADVANCED_FACE('',(#433),#6083,.F.);
#6326=ADVANCED_FACE('',(#434),#191,.T.);
#6327=ADVANCED_FACE('',(#435),#6084,.F.);
#6328=ADVANCED_FACE('',(#436),#192,.T.);
#6329=ADVANCED_FACE('',(#437),#6085,.F.);
#6330=ADVANCED_FACE('',(#438),#193,.T.);
#6331=ADVANCED_FACE('',(#439),#6086,.F.);
#6332=ADVANCED_FACE('',(#440),#194,.T.);
#6333=ADVANCED_FACE('',(#441),#6087,.F.);
#6334=ADVANCED_FACE('',(#442),#195,.T.);
#6335=ADVANCED_FACE('',(#443),#6088,.F.);
#6336=ADVANCED_FACE('',(#444),#196,.T.);
#6337=ADVANCED_FACE('',(#445),#6089,.F.);
#6338=ADVANCED_FACE('',(#446),#197,.T.);
#6339=ADVANCED_FACE('',(#447),#6090,.F.);
#6340=ADVANCED_FACE('',(#448),#198,.T.);
#6341=ADVANCED_FACE('',(#449),#6091,.F.);
#6342=ADVANCED_FACE('',(#450),#199,.T.);
#6343=ADVANCED_FACE('',(#451),#6092,.F.);
#6344=ADVANCED_FACE('',(#452),#200,.T.);
#6345=ADVANCED_FACE('',(#453),#6093,.F.);
#6346=ADVANCED_FACE('',(#454),#201,.T.);
#6347=ADVANCED_FACE('',(#455),#6094,.F.);
#6348=ADVANCED_FACE('',(#456),#202,.T.);
#6349=ADVANCED_FACE('',(#457),#6095,.F.);
#6350=ADVANCED_FACE('',(#458),#203,.T.);
#6351=ADVANCED_FACE('',(#459),#6096,.F.);
#6352=ADVANCED_FACE('',(#460),#204,.T.);
#6353=ADVANCED_FACE('',(#461),#6097,.F.);
#6354=ADVANCED_FACE('',(#462),#205,.T.);
#6355=ADVANCED_FACE('',(#463),#6098,.F.);
#6356=ADVANCED_FACE('',(#464),#206,.T.);
#6357=ADVANCED_FACE('',(#465),#6099,.F.);
#6358=ADVANCED_FACE('',(#466),#207,.T.);
#6359=ADVANCED_FACE('',(#467),#6100,.F.);
#6360=ADVANCED_FACE('',(#468),#208,.T.);
#6361=ADVANCED_FACE('',(#469),#6101,.F.);
#6362=ADVANCED_FACE('',(#470),#209,.T.);
#6363=ADVANCED_FACE('',(#471),#6102,.F.);
#6364=ADVANCED_FACE('',(#472),#210,.T.);
#6365=ADVANCED_FACE('',(#473),#6103,.F.);
#6366=ADVANCED_FACE('',(#474),#211,.T.);
#6367=ADVANCED_FACE('',(#475),#6104,.F.);
#6368=ADVANCED_FACE('',(#476),#212,.T.);
#6369=ADVANCED_FACE('',(#477),#6105,.F.);
#6370=ADVANCED_FACE('',(#478),#213,.T.);
#6371=ADVANCED_FACE('',(#479),#6106,.F.);
#6372=ADVANCED_FACE('',(#480),#214,.T.);
#6373=ADVANCED_FACE('',(#481),#6107,.F.);
#6374=ADVANCED_FACE('',(#482),#215,.T.);
#6375=ADVANCED_FACE('',(#483),#6108,.F.);
#6376=ADVANCED_FACE('',(#484),#216,.T.);
#6377=ADVANCED_FACE('',(#485),#6109,.F.);
#6378=ADVANCED_FACE('',(#486),#217,.T.);
#6379=ADVANCED_FACE('',(#487),#6110,.F.);
#6380=ADVANCED_FACE('',(#488),#218,.T.);
#6381=ADVANCED_FACE('',(#489),#6111,.F.);
#6382=ADVANCED_FACE('',(#490),#219,.T.);
#6383=ADVANCED_FACE('',(#491),#6112,.F.);
#6384=ADVANCED_FACE('',(#492),#220,.T.);
#6385=ADVANCED_FACE('',(#493),#6113,.F.);
#6386=ADVANCED_FACE('',(#494),#221,.T.);
#6387=ADVANCED_FACE('',(#495),#6114,.F.);
#6388=ADVANCED_FACE('',(#496),#222,.T.);
#6389=ADVANCED_FACE('',(#497),#6115,.F.);
#6390=ADVANCED_FACE('',(#498),#223,.T.);
#6391=ADVANCED_FACE('',(#499),#6116,.F.);
#6392=ADVANCED_FACE('',(#500),#224,.T.);
#6393=ADVANCED_FACE('',(#501),#6117,.F.);
#6394=ADVANCED_FACE('',(#502),#225,.T.);
#6395=ADVANCED_FACE('',(#503),#6118,.F.);
#6396=ADVANCED_FACE('',(#504),#226,.T.);
#6397=ADVANCED_FACE('',(#505),#6119,.F.);
#6398=ADVANCED_FACE('',(#506),#227,.T.);
#6399=ADVANCED_FACE('',(#507),#6120,.F.);
#6400=ADVANCED_FACE('',(#508),#228,.T.);
#6401=ADVANCED_FACE('',(#509),#6121,.F.);
#6402=ADVANCED_FACE('',(#510),#229,.T.);
#6403=ADVANCED_FACE('',(#511),#6122,.F.);
#6404=ADVANCED_FACE('',(#512),#230,.T.);
#6405=ADVANCED_FACE('',(#513),#6123,.F.);
#6406=ADVANCED_FACE('',(#514),#231,.T.);
#6407=ADVANCED_FACE('',(#515),#6124,.F.);
#6408=ADVANCED_FACE('',(#516),#232,.T.);
#6409=ADVANCED_FACE('',(#517),#6125,.F.);
#6410=ADVANCED_FACE('',(#518),#233,.T.);
#6411=ADVANCED_FACE('',(#519),#6126,.F.);
#6412=ADVANCED_FACE('',(#520),#234,.T.);
#6413=ADVANCED_FACE('',(#521),#6127,.F.);
#6414=ADVANCED_FACE('',(#522),#235,.T.);
#6415=ADVANCED_FACE('',(#523),#6128,.F.);
#6416=ADVANCED_FACE('',(#524),#236,.T.);
#6417=ADVANCED_FACE('',(#525),#6129,.F.);
#6418=ADVANCED_FACE('',(#526),#237,.T.);
#6419=ADVANCED_FACE('',(#527),#6130,.F.);
#6420=ADVANCED_FACE('',(#528),#238,.T.);
#6421=ADVANCED_FACE('',(#529),#6131,.F.);
#6422=ADVANCED_FACE('',(#530),#239,.T.);
#6423=ADVANCED_FACE('',(#531),#6132,.F.);
#6424=ADVANCED_FACE('',(#532),#240,.T.);
#6425=ADVANCED_FACE('',(#533),#6133,.F.);
#6426=ADVANCED_FACE('',(#534),#241,.T.);
#6427=ADVANCED_FACE('',(#535),#6134,.F.);
#6428=ADVANCED_FACE('',(#536),#242,.T.);
#6429=ADVANCED_FACE('',(#537),#6135,.F.);
#6430=ADVANCED_FACE('',(#538),#243,.T.);
#6431=ADVANCED_FACE('',(#539),#6136,.F.);
#6432=ADVANCED_FACE('',(#540),#244,.T.);
#6433=ADVANCED_FACE('',(#541),#6137,.F.);
#6434=ADVANCED_FACE('',(#542),#245,.T.);
#6435=ADVANCED_FACE('',(#543),#6138,.F.);
#6436=ADVANCED_FACE('',(#544),#246,.T.);
#6437=ADVANCED_FACE('',(#545),#6139,.F.);
#6438=ADVANCED_FACE('',(#546),#247,.T.);
#6439=ADVANCED_FACE('',(#547),#6140,.F.);
#6440=ADVANCED_FACE('',(#548),#248,.T.);
#6441=ADVANCED_FACE('',(#549),#6141,.F.);
#6442=ADVANCED_FACE('',(#550),#249,.T.);
#6443=ADVANCED_FACE('',(#551),#6142,.F.);
#6444=ADVANCED_FACE('',(#552),#250,.T.);
#6445=ADVANCED_FACE('',(#553),#6143,.F.);
#6446=ADVANCED_FACE('',(#554),#251,.T.);
#6447=ADVANCED_FACE('',(#555),#6144,.F.);
#6448=ADVANCED_FACE('',(#556),#252,.T.);
#6449=ADVANCED_FACE('',(#557),#6145,.F.);
#6450=ADVANCED_FACE('',(#558),#253,.T.);
#6451=ADVANCED_FACE('',(#559),#6146,.F.);
#6452=ADVANCED_FACE('',(#560),#254,.T.);
#6453=ADVANCED_FACE('',(#561),#6147,.F.);
#6454=ADVANCED_FACE('',(#562),#255,.T.);
#6455=ADVANCED_FACE('',(#563),#6148,.F.);
#6456=ADVANCED_FACE('',(#564),#256,.T.);
#6457=ADVANCED_FACE('',(#565),#6149,.F.);
#6458=ADVANCED_FACE('',(#566),#257,.T.);
#6459=ADVANCED_FACE('',(#567),#6150,.F.);
#6460=ADVANCED_FACE('',(#568),#258,.T.);
#6461=ADVANCED_FACE('',(#569),#6151,.F.);
#6462=ADVANCED_FACE('',(#570),#259,.T.);
#6463=ADVANCED_FACE('',(#571),#6152,.F.);
#6464=ADVANCED_FACE('',(#572),#260,.T.);
#6465=ADVANCED_FACE('',(#573),#6153,.F.);
#6466=ADVANCED_FACE('',(#574),#261,.T.);
#6467=ADVANCED_FACE('',(#575),#6154,.F.);
#6468=ADVANCED_FACE('',(#576),#262,.T.);
#6469=ADVANCED_FACE('',(#577),#6155,.F.);
#6470=ADVANCED_FACE('',(#578),#263,.T.);
#6471=ADVANCED_FACE('',(#579,#65,#66,#67,#68,#69,#70,#71,#72,#73,#74,#75,
#76,#77,#78,#79,#80,#81,#82,#83,#84,#85,#86,#87,#88,#89,#90,#91,#92,#93,
#94,#95,#96,#97,#98,#99,#100,#101,#102),#264,.F.);
#6472=ADVANCED_FACE('',(#580),#6156,.T.);
#6473=CLOSED_SHELL('',(#6157,#6158,#6159,#6160,#6161,#6162,#6163,#6164,
#6165,#6166,#6167,#6168,#6169,#6170,#6171,#6172,#6173,#6174,#6175,#6176,
#6177,#6178,#6179,#6180,#6181,#6182,#6183,#6184,#6185,#6186,#6187,#6188,
#6189,#6190,#6191,#6192,#6193,#6194,#6195,#6196,#6197,#6198,#6199,#6200,
#6201,#6202,#6203,#6204,#6205,#6206,#6207,#6208,#6209,#6210,#6211,#6212,
#6213,#6214,#6215,#6216,#6217,#6218,#6219,#6220,#6221,#6222,#6223,#6224,
#6225,#6226,#6227,#6228,#6229,#6230,#6231,#6232,#6233,#6234,#6235,#6236,
#6237,#6238,#6239,#6240,#6241,#6242,#6243,#6244,#6245,#6246,#6247,#6248,
#6249,#6250,#6251,#6252,#6253,#6254,#6255,#6256,#6257,#6258,#6259,#6260,
#6261,#6262,#6263,#6264,#6265,#6266,#6267,#6268,#6269,#6270,#6271,#6272,
#6273,#6274,#6275,#6276,#6277,#6278,#6279,#6280,#6281,#6282,#6283,#6284,
#6285,#6286,#6287,#6288,#6289,#6290,#6291,#6292,#6293,#6294,#6295,#6296,
#6297,#6298,#6299,#6300,#6301,#6302,#6303,#6304,#6305,#6306,#6307,#6308,
#6309,#6310,#6311,#6312,#6313,#6314,#6315,#6316,#6317,#6318,#6319,#6320,
#6321,#6322,#6323,#6324,#6325,#6326,#6327,#6328,#6329,#6330,#6331,#6332,
#6333,#6334,#6335,#6336,#6337,#6338,#6339,#6340,#6341,#6342,#6343,#6344,
#6345,#6346,#6347,#6348,#6349,#6350,#6351,#6352,#6353,#6354,#6355,#6356,
#6357,#6358,#6359,#6360,#6361,#6362,#6363,#6364,#6365,#6366,#6367,#6368,
#6369,#6370,#6371,#6372,#6373,#6374,#6375,#6376,#6377,#6378,#6379,#6380,
#6381,#6382,#6383,#6384,#6385,#6386,#6387,#6388,#6389,#6390,#6391,#6392,
#6393,#6394,#6395,#6396,#6397,#6398,#6399,#6400,#6401,#6402,#6403,#6404,
#6405,#6406,#6407,#6408,#6409,#6410,#6411,#6412,#6413,#6414,#6415,#6416,
#6417,#6418,#6419,#6420,#6421,#6422,#6423,#6424,#6425,#6426,#6427,#6428,
#6429,#6430,#6431,#6432,#6433,#6434,#6435,#6436,#6437,#6438,#6439,#6440,
#6441,#6442,#6443,#6444,#6445,#6446,#6447,#6448,#6449,#6450,#6451,#6452,
#6453,#6454,#6455,#6456,#6457,#6458,#6459,#6460,#6461,#6462,#6463,#6464,
#6465,#6466,#6467,#6468,#6469,#6470,#6471,#6472));
#6474=DERIVED_UNIT_ELEMENT(#6478,1.);
#6475=DERIVED_UNIT_ELEMENT(#10928,-3.);
#6476=DERIVED_UNIT_ELEMENT(#6478,1.);
#6477=DERIVED_UNIT_ELEMENT(#10928,-3.);
#6478=(
MASS_UNIT()
NAMED_UNIT(*)
SI_UNIT(.KILO.,.GRAM.)
);
#6479=DERIVED_UNIT((#6474,#6475));
#6480=DERIVED_UNIT((#6476,#6477));
#6481=MEASURE_REPRESENTATION_ITEM('density measure',
POSITIVE_RATIO_MEASURE(7850.),#6479);
#6482=MEASURE_REPRESENTATION_ITEM('density measure',
POSITIVE_RATIO_MEASURE(7850.),#6480);
#6483=PROPERTY_DEFINITION_REPRESENTATION(#6493,#6487);
#6484=PROPERTY_DEFINITION_REPRESENTATION(#6494,#6488);
#6485=PROPERTY_DEFINITION_REPRESENTATION(#6495,#6489);
#6486=PROPERTY_DEFINITION_REPRESENTATION(#6496,#6490);
#6487=REPRESENTATION('material name',(#6491),#10924);
#6488=REPRESENTATION('density',(#6481),#10924);
#6489=REPRESENTATION('material name',(#6492),#10925);
#6490=REPRESENTATION('density',(#6482),#10925);
#6491=DESCRIPTIVE_REPRESENTATION_ITEM('Steel','Steel');
#6492=DESCRIPTIVE_REPRESENTATION_ITEM('Steel','Steel');
#6493=PROPERTY_DEFINITION('material property','material name',#10949);
#6494=PROPERTY_DEFINITION('material property','density of part',#10949);
#6495=PROPERTY_DEFINITION('material property','material name',#10950);
#6496=PROPERTY_DEFINITION('material property','density of part',#10950);
#6497=AXIS2_PLACEMENT_3D('',#9024,#7128,#7129);
#6498=AXIS2_PLACEMENT_3D('',#9025,#7130,#7131);
#6499=AXIS2_PLACEMENT_3D('',#9026,#7132,#7133);
#6500=AXIS2_PLACEMENT_3D('',#9027,#7134,#7135);
#6501=AXIS2_PLACEMENT_3D('',#9029,#7136,#7137);
#6502=AXIS2_PLACEMENT_3D('',#9032,#7139,#7140);
#6503=AXIS2_PLACEMENT_3D('',#9033,#7141,#7142);
#6504=AXIS2_PLACEMENT_3D('',#9035,#7143,#7144);
#6505=AXIS2_PLACEMENT_3D('',#9038,#7146,#7147);
#6506=AXIS2_PLACEMENT_3D('',#9039,#7148,#7149);
#6507=AXIS2_PLACEMENT_3D('',#9048,#7154,#7155);
#6508=AXIS2_PLACEMENT_3D('',#9057,#7160,#7161);
#6509=AXIS2_PLACEMENT_3D('',#9066,#7166,#7167);
#6510=AXIS2_PLACEMENT_3D('',#9075,#7172,#7173);
#6511=AXIS2_PLACEMENT_3D('',#9081,#7177,#7178);
#6512=AXIS2_PLACEMENT_3D('',#9087,#7182,#7183);
#6513=AXIS2_PLACEMENT_3D('',#9093,#7187,#7188);
#6514=AXIS2_PLACEMENT_3D('',#9099,#7192,#7193);
#6515=AXIS2_PLACEMENT_3D('',#9103,#7195,#7196);
#6516=AXIS2_PLACEMENT_3D('',#9106,#7198,#7199);
#6517=AXIS2_PLACEMENT_3D('',#9110,#7201,#7202);
#6518=AXIS2_PLACEMENT_3D('',#9113,#7204,#7205);
#6519=AXIS2_PLACEMENT_3D('',#9117,#7207,#7208);
#6520=AXIS2_PLACEMENT_3D('',#9121,#7210,#7211);
#6521=AXIS2_PLACEMENT_3D('',#9124,#7213,#7214);
#6522=AXIS2_PLACEMENT_3D('',#9127,#7216,#7217);
#6523=AXIS2_PLACEMENT_3D('',#9130,#7218,#7219);
#6524=AXIS2_PLACEMENT_3D('',#9134,#7221,#7222);
#6525=AXIS2_PLACEMENT_3D('',#9138,#7224,#7225);
#6526=AXIS2_PLACEMENT_3D('',#9142,#7227,#7228);
#6527=AXIS2_PLACEMENT_3D('',#9146,#7230,#7231);
#6528=AXIS2_PLACEMENT_3D('',#9150,#7233,#7234);
#6529=AXIS2_PLACEMENT_3D('',#9154,#7236,#7237);
#6530=AXIS2_PLACEMENT_3D('',#9158,#7239,#7240);
#6531=AXIS2_PLACEMENT_3D('',#9162,#7242,#7243);
#6532=AXIS2_PLACEMENT_3D('',#9166,#7245,#7246);
#6533=AXIS2_PLACEMENT_3D('',#9170,#7248,#7249);
#6534=AXIS2_PLACEMENT_3D('',#9174,#7251,#7252);
#6535=AXIS2_PLACEMENT_3D('',#9178,#7254,#7255);
#6536=AXIS2_PLACEMENT_3D('',#9182,#7257,#7258);
#6537=AXIS2_PLACEMENT_3D('',#9186,#7260,#7261);
#6538=AXIS2_PLACEMENT_3D('',#9190,#7263,#7264);
#6539=AXIS2_PLACEMENT_3D('',#9194,#7266,#7267);
#6540=AXIS2_PLACEMENT_3D('',#9198,#7269,#7270);
#6541=AXIS2_PLACEMENT_3D('',#9202,#7272,#7273);
#6542=AXIS2_PLACEMENT_3D('',#9206,#7275,#7276);
#6543=AXIS2_PLACEMENT_3D('',#9210,#7278,#7279);
#6544=AXIS2_PLACEMENT_3D('',#9214,#7281,#7282);
#6545=AXIS2_PLACEMENT_3D('',#9218,#7284,#7285);
#6546=AXIS2_PLACEMENT_3D('',#9222,#7287,#7288);
#6547=AXIS2_PLACEMENT_3D('',#9226,#7290,#7291);
#6548=AXIS2_PLACEMENT_3D('',#9230,#7293,#7294);
#6549=AXIS2_PLACEMENT_3D('',#9234,#7296,#7297);
#6550=AXIS2_PLACEMENT_3D('',#9238,#7299,#7300);
#6551=AXIS2_PLACEMENT_3D('',#9242,#7302,#7303);
#6552=AXIS2_PLACEMENT_3D('',#9246,#7305,#7306);
#6553=AXIS2_PLACEMENT_3D('',#9250,#7308,#7309);
#6554=AXIS2_PLACEMENT_3D('',#9254,#7311,#7312);
#6555=AXIS2_PLACEMENT_3D('',#9258,#7314,#7315);
#6556=AXIS2_PLACEMENT_3D('',#9262,#7317,#7318);
#6557=AXIS2_PLACEMENT_3D('',#9266,#7320,#7321);
#6558=AXIS2_PLACEMENT_3D('',#9270,#7323,#7324);
#6559=AXIS2_PLACEMENT_3D('',#9274,#7326,#7327);
#6560=AXIS2_PLACEMENT_3D('',#9278,#7329,#7330);
#6561=AXIS2_PLACEMENT_3D('',#9282,#7332,#7333);
#6562=AXIS2_PLACEMENT_3D('',#9286,#7335,#7336);
#6563=AXIS2_PLACEMENT_3D('',#9290,#7338,#7339);
#6564=AXIS2_PLACEMENT_3D('',#9294,#7341,#7342);
#6565=AXIS2_PLACEMENT_3D('',#9298,#7344,#7345);
#6566=AXIS2_PLACEMENT_3D('',#9302,#7347,#7348);
#6567=AXIS2_PLACEMENT_3D('',#9306,#7350,#7351);
#6568=AXIS2_PLACEMENT_3D('',#9310,#7353,#7354);
#6569=AXIS2_PLACEMENT_3D('',#9314,#7356,#7357);
#6570=AXIS2_PLACEMENT_3D('',#9318,#7359,#7360);
#6571=AXIS2_PLACEMENT_3D('',#9322,#7362,#7363);
#6572=AXIS2_PLACEMENT_3D('',#9326,#7365,#7366);
#6573=AXIS2_PLACEMENT_3D('',#9330,#7368,#7369);
#6574=AXIS2_PLACEMENT_3D('',#9334,#7371,#7372);
#6575=AXIS2_PLACEMENT_3D('',#9338,#7374,#7375);
#6576=AXIS2_PLACEMENT_3D('',#9342,#7377,#7378);
#6577=AXIS2_PLACEMENT_3D('',#9346,#7380,#7381);
#6578=AXIS2_PLACEMENT_3D('',#9350,#7383,#7384);
#6579=AXIS2_PLACEMENT_3D('',#9354,#7386,#7387);
#6580=AXIS2_PLACEMENT_3D('',#9358,#7389,#7390);
#6581=AXIS2_PLACEMENT_3D('',#9362,#7392,#7393);
#6582=AXIS2_PLACEMENT_3D('',#9366,#7395,#7396);
#6583=AXIS2_PLACEMENT_3D('',#9370,#7398,#7399);
#6584=AXIS2_PLACEMENT_3D('',#9374,#7401,#7402);
#6585=AXIS2_PLACEMENT_3D('',#9378,#7404,#7405);
#6586=AXIS2_PLACEMENT_3D('',#9382,#7407,#7408);
#6587=AXIS2_PLACEMENT_3D('',#9386,#7410,#7411);
#6588=AXIS2_PLACEMENT_3D('',#9390,#7413,#7414);
#6589=AXIS2_PLACEMENT_3D('',#9394,#7416,#7417);
#6590=AXIS2_PLACEMENT_3D('',#9398,#7419,#7420);
#6591=AXIS2_PLACEMENT_3D('',#9402,#7422,#7423);
#6592=AXIS2_PLACEMENT_3D('',#9406,#7425,#7426);
#6593=AXIS2_PLACEMENT_3D('',#9410,#7428,#7429);
#6594=AXIS2_PLACEMENT_3D('',#9414,#7431,#7432);
#6595=AXIS2_PLACEMENT_3D('',#9418,#7434,#7435);
#6596=AXIS2_PLACEMENT_3D('',#9422,#7437,#7438);
#6597=AXIS2_PLACEMENT_3D('',#9426,#7440,#7441);
#6598=AXIS2_PLACEMENT_3D('',#9430,#7443,#7444);
#6599=AXIS2_PLACEMENT_3D('',#9434,#7446,#7447);
#6600=AXIS2_PLACEMENT_3D('',#9438,#7449,#7450);
#6601=AXIS2_PLACEMENT_3D('',#9442,#7452,#7453);
#6602=AXIS2_PLACEMENT_3D('',#9446,#7455,#7456);
#6603=AXIS2_PLACEMENT_3D('',#9450,#7458,#7459);
#6604=AXIS2_PLACEMENT_3D('',#9454,#7461,#7462);
#6605=AXIS2_PLACEMENT_3D('',#9458,#7464,#7465);
#6606=AXIS2_PLACEMENT_3D('',#9462,#7467,#7468);
#6607=AXIS2_PLACEMENT_3D('',#9466,#7470,#7471);
#6608=AXIS2_PLACEMENT_3D('',#9470,#7473,#7474);
#6609=AXIS2_PLACEMENT_3D('',#9474,#7476,#7477);
#6610=AXIS2_PLACEMENT_3D('',#9478,#7479,#7480);
#6611=AXIS2_PLACEMENT_3D('',#9482,#7482,#7483);
#6612=AXIS2_PLACEMENT_3D('',#9486,#7485,#7486);
#6613=AXIS2_PLACEMENT_3D('',#9490,#7488,#7489);
#6614=AXIS2_PLACEMENT_3D('',#9494,#7491,#7492);
#6615=AXIS2_PLACEMENT_3D('',#9498,#7494,#7495);
#6616=AXIS2_PLACEMENT_3D('',#9502,#7497,#7498);
#6617=AXIS2_PLACEMENT_3D('',#9506,#7500,#7501);
#6618=AXIS2_PLACEMENT_3D('',#9510,#7503,#7504);
#6619=AXIS2_PLACEMENT_3D('',#9514,#7506,#7507);
#6620=AXIS2_PLACEMENT_3D('',#9518,#7509,#7510);
#6621=AXIS2_PLACEMENT_3D('',#9522,#7512,#7513);
#6622=AXIS2_PLACEMENT_3D('',#9526,#7515,#7516);
#6623=AXIS2_PLACEMENT_3D('',#9530,#7518,#7519);
#6624=AXIS2_PLACEMENT_3D('',#9534,#7521,#7522);
#6625=AXIS2_PLACEMENT_3D('',#9538,#7524,#7525);
#6626=AXIS2_PLACEMENT_3D('',#9542,#7527,#7528);
#6627=AXIS2_PLACEMENT_3D('',#9546,#7530,#7531);
#6628=AXIS2_PLACEMENT_3D('',#9550,#7533,#7534);
#6629=AXIS2_PLACEMENT_3D('',#9554,#7536,#7537);
#6630=AXIS2_PLACEMENT_3D('',#9558,#7539,#7540);
#6631=AXIS2_PLACEMENT_3D('',#9562,#7542,#7543);
#6632=AXIS2_PLACEMENT_3D('',#9566,#7545,#7546);
#6633=AXIS2_PLACEMENT_3D('',#9570,#7548,#7549);
#6634=AXIS2_PLACEMENT_3D('',#9574,#7551,#7552);
#6635=AXIS2_PLACEMENT_3D('',#9578,#7554,#7555);
#6636=AXIS2_PLACEMENT_3D('',#9582,#7557,#7558);
#6637=AXIS2_PLACEMENT_3D('',#9586,#7560,#7561);
#6638=AXIS2_PLACEMENT_3D('',#9590,#7563,#7564);
#6639=AXIS2_PLACEMENT_3D('',#9594,#7566,#7567);
#6640=AXIS2_PLACEMENT_3D('',#9598,#7569,#7570);
#6641=AXIS2_PLACEMENT_3D('',#9602,#7572,#7573);
#6642=AXIS2_PLACEMENT_3D('',#9606,#7575,#7576);
#6643=AXIS2_PLACEMENT_3D('',#9610,#7578,#7579);
#6644=AXIS2_PLACEMENT_3D('',#9614,#7581,#7582);
#6645=AXIS2_PLACEMENT_3D('',#9618,#7584,#7585);
#6646=AXIS2_PLACEMENT_3D('',#9622,#7587,#7588);
#6647=AXIS2_PLACEMENT_3D('',#9626,#7590,#7591);
#6648=AXIS2_PLACEMENT_3D('',#9630,#7593,#7594);
#6649=AXIS2_PLACEMENT_3D('',#9634,#7596,#7597);
#6650=AXIS2_PLACEMENT_3D('',#9638,#7599,#7600);
#6651=AXIS2_PLACEMENT_3D('',#9642,#7602,#7603);
#6652=AXIS2_PLACEMENT_3D('',#9646,#7605,#7606);
#6653=AXIS2_PLACEMENT_3D('',#9650,#7608,#7609);
#6654=AXIS2_PLACEMENT_3D('',#9654,#7611,#7612);
#6655=AXIS2_PLACEMENT_3D('',#9658,#7614,#7615);
#6656=AXIS2_PLACEMENT_3D('',#9662,#7617,#7618);
#6657=AXIS2_PLACEMENT_3D('',#9666,#7620,#7621);
#6658=AXIS2_PLACEMENT_3D('',#9670,#7623,#7624);
#6659=AXIS2_PLACEMENT_3D('',#9674,#7626,#7627);
#6660=AXIS2_PLACEMENT_3D('',#9678,#7629,#7630);
#6661=AXIS2_PLACEMENT_3D('',#9682,#7632,#7633);
#6662=AXIS2_PLACEMENT_3D('',#9686,#7635,#7636);
#6663=AXIS2_PLACEMENT_3D('',#9690,#7638,#7639);
#6664=AXIS2_PLACEMENT_3D('',#9694,#7641,#7642);
#6665=AXIS2_PLACEMENT_3D('',#9698,#7644,#7645);
#6666=AXIS2_PLACEMENT_3D('',#9702,#7647,#7648);
#6667=AXIS2_PLACEMENT_3D('',#9704,#7650,#7651);
#6668=AXIS2_PLACEMENT_3D('',#9710,#7655,#7656);
#6669=AXIS2_PLACEMENT_3D('',#9711,#7657,#7658);
#6670=AXIS2_PLACEMENT_3D('',#9712,#7659,#7660);
#6671=AXIS2_PLACEMENT_3D('',#9715,#7661,#7662);
#6672=AXIS2_PLACEMENT_3D('',#9718,#7665,#7666);
#6673=AXIS2_PLACEMENT_3D('',#9722,#7669,#7670);
#6674=AXIS2_PLACEMENT_3D('',#9724,#7671,#7672);
#6675=AXIS2_PLACEMENT_3D('',#9726,#7674,#7675);
#6676=AXIS2_PLACEMENT_3D('',#9730,#7678,#7679);
#6677=AXIS2_PLACEMENT_3D('',#9732,#7680,#7681);
#6678=AXIS2_PLACEMENT_3D('',#9734,#7683,#7684);
#6679=AXIS2_PLACEMENT_3D('',#9738,#7687,#7688);
#6680=AXIS2_PLACEMENT_3D('',#9740,#7689,#7690);
#6681=AXIS2_PLACEMENT_3D('',#9742,#7692,#7693);
#6682=AXIS2_PLACEMENT_3D('',#9744,#7695,#7696);
#6683=AXIS2_PLACEMENT_3D('',#9747,#7697,#7698);
#6684=AXIS2_PLACEMENT_3D('',#9750,#7701,#7702);
#6685=AXIS2_PLACEMENT_3D('',#9754,#7705,#7706);
#6686=AXIS2_PLACEMENT_3D('',#9756,#7707,#7708);
#6687=AXIS2_PLACEMENT_3D('',#9758,#7710,#7711);
#6688=AXIS2_PLACEMENT_3D('',#9762,#7714,#7715);
#6689=AXIS2_PLACEMENT_3D('',#9764,#7716,#7717);
#6690=AXIS2_PLACEMENT_3D('',#9766,#7719,#7720);
#6691=AXIS2_PLACEMENT_3D('',#9770,#7723,#7724);
#6692=AXIS2_PLACEMENT_3D('',#9772,#7725,#7726);
#6693=AXIS2_PLACEMENT_3D('',#9774,#7728,#7729);
#6694=AXIS2_PLACEMENT_3D('',#9776,#7731,#7732);
#6695=AXIS2_PLACEMENT_3D('',#9779,#7733,#7734);
#6696=AXIS2_PLACEMENT_3D('',#9782,#7737,#7738);
#6697=AXIS2_PLACEMENT_3D('',#9786,#7741,#7742);
#6698=AXIS2_PLACEMENT_3D('',#9788,#7743,#7744);
#6699=AXIS2_PLACEMENT_3D('',#9790,#7746,#7747);
#6700=AXIS2_PLACEMENT_3D('',#9794,#7750,#7751);
#6701=AXIS2_PLACEMENT_3D('',#9796,#7752,#7753);
#6702=AXIS2_PLACEMENT_3D('',#9798,#7755,#7756);
#6703=AXIS2_PLACEMENT_3D('',#9802,#7759,#7760);
#6704=AXIS2_PLACEMENT_3D('',#9804,#7761,#7762);
#6705=AXIS2_PLACEMENT_3D('',#9806,#7764,#7765);
#6706=AXIS2_PLACEMENT_3D('',#9808,#7767,#7768);
#6707=AXIS2_PLACEMENT_3D('',#9811,#7769,#7770);
#6708=AXIS2_PLACEMENT_3D('',#9814,#7773,#7774);
#6709=AXIS2_PLACEMENT_3D('',#9818,#7777,#7778);
#6710=AXIS2_PLACEMENT_3D('',#9820,#7779,#7780);
#6711=AXIS2_PLACEMENT_3D('',#9822,#7782,#7783);
#6712=AXIS2_PLACEMENT_3D('',#9826,#7786,#7787);
#6713=AXIS2_PLACEMENT_3D('',#9828,#7788,#7789);
#6714=AXIS2_PLACEMENT_3D('',#9830,#7791,#7792);
#6715=AXIS2_PLACEMENT_3D('',#9834,#7795,#7796);
#6716=AXIS2_PLACEMENT_3D('',#9836,#7797,#7798);
#6717=AXIS2_PLACEMENT_3D('',#9838,#7800,#7801);
#6718=AXIS2_PLACEMENT_3D('',#9840,#7803,#7804);
#6719=AXIS2_PLACEMENT_3D('',#9843,#7805,#7806);
#6720=AXIS2_PLACEMENT_3D('',#9846,#7809,#7810);
#6721=AXIS2_PLACEMENT_3D('',#9850,#7813,#7814);
#6722=AXIS2_PLACEMENT_3D('',#9852,#7815,#7816);
#6723=AXIS2_PLACEMENT_3D('',#9854,#7818,#7819);
#6724=AXIS2_PLACEMENT_3D('',#9858,#7822,#7823);
#6725=AXIS2_PLACEMENT_3D('',#9860,#7824,#7825);
#6726=AXIS2_PLACEMENT_3D('',#9862,#7827,#7828);
#6727=AXIS2_PLACEMENT_3D('',#9866,#7831,#7832);
#6728=AXIS2_PLACEMENT_3D('',#9868,#7833,#7834);
#6729=AXIS2_PLACEMENT_3D('',#9870,#7836,#7837);
#6730=AXIS2_PLACEMENT_3D('',#9872,#7839,#7840);
#6731=AXIS2_PLACEMENT_3D('',#9874,#7841,#7842);
#6732=AXIS2_PLACEMENT_3D('',#9876,#7844,#7845);
#6733=AXIS2_PLACEMENT_3D('',#9880,#7848,#7849);
#6734=AXIS2_PLACEMENT_3D('',#9882,#7850,#7851);
#6735=AXIS2_PLACEMENT_3D('',#9884,#7853,#7854);
#6736=AXIS2_PLACEMENT_3D('',#9886,#7856,#7857);
#6737=AXIS2_PLACEMENT_3D('',#9889,#7858,#7859);
#6738=AXIS2_PLACEMENT_3D('',#9892,#7862,#7863);
#6739=AXIS2_PLACEMENT_3D('',#9896,#7866,#7867);
#6740=AXIS2_PLACEMENT_3D('',#9898,#7868,#7869);
#6741=AXIS2_PLACEMENT_3D('',#9900,#7871,#7872);
#6742=AXIS2_PLACEMENT_3D('',#9904,#7875,#7876);
#6743=AXIS2_PLACEMENT_3D('',#9906,#7877,#7878);
#6744=AXIS2_PLACEMENT_3D('',#9908,#7880,#7881);
#6745=AXIS2_PLACEMENT_3D('',#9912,#7884,#7885);
#6746=AXIS2_PLACEMENT_3D('',#9914,#7886,#7887);
#6747=AXIS2_PLACEMENT_3D('',#9916,#7889,#7890);
#6748=AXIS2_PLACEMENT_3D('',#9918,#7892,#7893);
#6749=AXIS2_PLACEMENT_3D('',#9921,#7894,#7895);
#6750=AXIS2_PLACEMENT_3D('',#9924,#7898,#7899);
#6751=AXIS2_PLACEMENT_3D('',#9928,#7902,#7903);
#6752=AXIS2_PLACEMENT_3D('',#9930,#7904,#7905);
#6753=AXIS2_PLACEMENT_3D('',#9932,#7907,#7908);
#6754=AXIS2_PLACEMENT_3D('',#9936,#7911,#7912);
#6755=AXIS2_PLACEMENT_3D('',#9938,#7913,#7914);
#6756=AXIS2_PLACEMENT_3D('',#9940,#7916,#7917);
#6757=AXIS2_PLACEMENT_3D('',#9944,#7920,#7921);
#6758=AXIS2_PLACEMENT_3D('',#9946,#7922,#7923);
#6759=AXIS2_PLACEMENT_3D('',#9948,#7925,#7926);
#6760=AXIS2_PLACEMENT_3D('',#9950,#7928,#7929);
#6761=AXIS2_PLACEMENT_3D('',#9953,#7930,#7931);
#6762=AXIS2_PLACEMENT_3D('',#9956,#7934,#7935);
#6763=AXIS2_PLACEMENT_3D('',#9960,#7938,#7939);
#6764=AXIS2_PLACEMENT_3D('',#9962,#7940,#7941);
#6765=AXIS2_PLACEMENT_3D('',#9964,#7943,#7944);
#6766=AXIS2_PLACEMENT_3D('',#9968,#7947,#7948);
#6767=AXIS2_PLACEMENT_3D('',#9970,#7949,#7950);
#6768=AXIS2_PLACEMENT_3D('',#9972,#7952,#7953);
#6769=AXIS2_PLACEMENT_3D('',#9976,#7956,#7957);
#6770=AXIS2_PLACEMENT_3D('',#9978,#7958,#7959);
#6771=AXIS2_PLACEMENT_3D('',#9980,#7961,#7962);
#6772=AXIS2_PLACEMENT_3D('',#9982,#7964,#7965);
#6773=AXIS2_PLACEMENT_3D('',#9984,#7966,#7967);
#6774=AXIS2_PLACEMENT_3D('',#9986,#7969,#7970);
#6775=AXIS2_PLACEMENT_3D('',#9990,#7973,#7974);
#6776=AXIS2_PLACEMENT_3D('',#9992,#7975,#7976);
#6777=AXIS2_PLACEMENT_3D('',#9994,#7978,#7979);
#6778=AXIS2_PLACEMENT_3D('',#9996,#7981,#7982);
#6779=AXIS2_PLACEMENT_3D('',#9999,#7983,#7984);
#6780=AXIS2_PLACEMENT_3D('',#10002,#7987,#7988);
#6781=AXIS2_PLACEMENT_3D('',#10006,#7991,#7992);
#6782=AXIS2_PLACEMENT_3D('',#10008,#7993,#7994);
#6783=AXIS2_PLACEMENT_3D('',#10010,#7996,#7997);
#6784=AXIS2_PLACEMENT_3D('',#10014,#8000,#8001);
#6785=AXIS2_PLACEMENT_3D('',#10016,#8002,#8003);
#6786=AXIS2_PLACEMENT_3D('',#10018,#8005,#8006);
#6787=AXIS2_PLACEMENT_3D('',#10022,#8009,#8010);
#6788=AXIS2_PLACEMENT_3D('',#10024,#8011,#8012);
#6789=AXIS2_PLACEMENT_3D('',#10026,#8014,#8015);
#6790=AXIS2_PLACEMENT_3D('',#10028,#8017,#8018);
#6791=AXIS2_PLACEMENT_3D('',#10031,#8019,#8020);
#6792=AXIS2_PLACEMENT_3D('',#10034,#8023,#8024);
#6793=AXIS2_PLACEMENT_3D('',#10038,#8027,#8028);
#6794=AXIS2_PLACEMENT_3D('',#10040,#8029,#8030);
#6795=AXIS2_PLACEMENT_3D('',#10042,#8032,#8033);
#6796=AXIS2_PLACEMENT_3D('',#10046,#8036,#8037);
#6797=AXIS2_PLACEMENT_3D('',#10048,#8038,#8039);
#6798=AXIS2_PLACEMENT_3D('',#10050,#8041,#8042);
#6799=AXIS2_PLACEMENT_3D('',#10054,#8045,#8046);
#6800=AXIS2_PLACEMENT_3D('',#10056,#8047,#8048);
#6801=AXIS2_PLACEMENT_3D('',#10058,#8050,#8051);
#6802=AXIS2_PLACEMENT_3D('',#10060,#8053,#8054);
#6803=AXIS2_PLACEMENT_3D('',#10063,#8055,#8056);
#6804=AXIS2_PLACEMENT_3D('',#10066,#8059,#8060);
#6805=AXIS2_PLACEMENT_3D('',#10070,#8063,#8064);
#6806=AXIS2_PLACEMENT_3D('',#10072,#8065,#8066);
#6807=AXIS2_PLACEMENT_3D('',#10074,#8068,#8069);
#6808=AXIS2_PLACEMENT_3D('',#10078,#8072,#8073);
#6809=AXIS2_PLACEMENT_3D('',#10080,#8074,#8075);
#6810=AXIS2_PLACEMENT_3D('',#10082,#8077,#8078);
#6811=AXIS2_PLACEMENT_3D('',#10086,#8081,#8082);
#6812=AXIS2_PLACEMENT_3D('',#10088,#8083,#8084);
#6813=AXIS2_PLACEMENT_3D('',#10090,#8086,#8087);
#6814=AXIS2_PLACEMENT_3D('',#10092,#8089,#8090);
#6815=AXIS2_PLACEMENT_3D('',#10095,#8091,#8092);
#6816=AXIS2_PLACEMENT_3D('',#10098,#8095,#8096);
#6817=AXIS2_PLACEMENT_3D('',#10100,#8098,#8099);
#6818=AXIS2_PLACEMENT_3D('',#10104,#8102,#8103);
#6819=AXIS2_PLACEMENT_3D('',#10106,#8104,#8105);
#6820=AXIS2_PLACEMENT_3D('',#10108,#8107,#8108);
#6821=AXIS2_PLACEMENT_3D('',#10110,#8110,#8111);
#6822=AXIS2_PLACEMENT_3D('',#10113,#8112,#8113);
#6823=AXIS2_PLACEMENT_3D('',#10116,#8116,#8117);
#6824=AXIS2_PLACEMENT_3D('',#10120,#8120,#8121);
#6825=AXIS2_PLACEMENT_3D('',#10122,#8122,#8123);
#6826=AXIS2_PLACEMENT_3D('',#10124,#8125,#8126);
#6827=AXIS2_PLACEMENT_3D('',#10128,#8129,#8130);
#6828=AXIS2_PLACEMENT_3D('',#10130,#8131,#8132);
#6829=AXIS2_PLACEMENT_3D('',#10132,#8134,#8135);
#6830=AXIS2_PLACEMENT_3D('',#10136,#8138,#8139);
#6831=AXIS2_PLACEMENT_3D('',#10138,#8140,#8141);
#6832=AXIS2_PLACEMENT_3D('',#10140,#8143,#8144);
#6833=AXIS2_PLACEMENT_3D('',#10142,#8146,#8147);
#6834=AXIS2_PLACEMENT_3D('',#10145,#8148,#8149);
#6835=AXIS2_PLACEMENT_3D('',#10148,#8152,#8153);
#6836=AXIS2_PLACEMENT_3D('',#10152,#8156,#8157);
#6837=AXIS2_PLACEMENT_3D('',#10154,#8158,#8159);
#6838=AXIS2_PLACEMENT_3D('',#10156,#8161,#8162);
#6839=AXIS2_PLACEMENT_3D('',#10160,#8165,#8166);
#6840=AXIS2_PLACEMENT_3D('',#10162,#8167,#8168);
#6841=AXIS2_PLACEMENT_3D('',#10164,#8170,#8171);
#6842=AXIS2_PLACEMENT_3D('',#10168,#8174,#8175);
#6843=AXIS2_PLACEMENT_3D('',#10170,#8176,#8177);
#6844=AXIS2_PLACEMENT_3D('',#10172,#8179,#8180);
#6845=AXIS2_PLACEMENT_3D('',#10174,#8182,#8183);
#6846=AXIS2_PLACEMENT_3D('',#10177,#8184,#8185);
#6847=AXIS2_PLACEMENT_3D('',#10180,#8188,#8189);
#6848=AXIS2_PLACEMENT_3D('',#10184,#8192,#8193);
#6849=AXIS2_PLACEMENT_3D('',#10186,#8194,#8195);
#6850=AXIS2_PLACEMENT_3D('',#10188,#8197,#8198);
#6851=AXIS2_PLACEMENT_3D('',#10192,#8201,#8202);
#6852=AXIS2_PLACEMENT_3D('',#10194,#8203,#8204);
#6853=AXIS2_PLACEMENT_3D('',#10196,#8206,#8207);
#6854=AXIS2_PLACEMENT_3D('',#10200,#8210,#8211);
#6855=AXIS2_PLACEMENT_3D('',#10202,#8212,#8213);
#6856=AXIS2_PLACEMENT_3D('',#10204,#8215,#8216);
#6857=AXIS2_PLACEMENT_3D('',#10206,#8218,#8219);
#6858=AXIS2_PLACEMENT_3D('',#10209,#8220,#8221);
#6859=AXIS2_PLACEMENT_3D('',#10212,#8224,#8225);
#6860=AXIS2_PLACEMENT_3D('',#10216,#8228,#8229);
#6861=AXIS2_PLACEMENT_3D('',#10218,#8230,#8231);
#6862=AXIS2_PLACEMENT_3D('',#10220,#8233,#8234);
#6863=AXIS2_PLACEMENT_3D('',#10224,#8237,#8238);
#6864=AXIS2_PLACEMENT_3D('',#10226,#8239,#8240);
#6865=AXIS2_PLACEMENT_3D('',#10228,#8242,#8243);
#6866=AXIS2_PLACEMENT_3D('',#10232,#8246,#8247);
#6867=AXIS2_PLACEMENT_3D('',#10234,#8248,#8249);
#6868=AXIS2_PLACEMENT_3D('',#10236,#8251,#8252);
#6869=AXIS2_PLACEMENT_3D('',#10238,#8254,#8255);
#6870=AXIS2_PLACEMENT_3D('',#10241,#8256,#8257);
#6871=AXIS2_PLACEMENT_3D('',#10244,#8260,#8261);
#6872=AXIS2_PLACEMENT_3D('',#10248,#8264,#8265);
#6873=AXIS2_PLACEMENT_3D('',#10250,#8266,#8267);
#6874=AXIS2_PLACEMENT_3D('',#10252,#8269,#8270);
#6875=AXIS2_PLACEMENT_3D('',#10256,#8273,#8274);
#6876=AXIS2_PLACEMENT_3D('',#10258,#8275,#8276);
#6877=AXIS2_PLACEMENT_3D('',#10260,#8278,#8279);
#6878=AXIS2_PLACEMENT_3D('',#10264,#8282,#8283);
#6879=AXIS2_PLACEMENT_3D('',#10266,#8284,#8285);
#6880=AXIS2_PLACEMENT_3D('',#10268,#8287,#8288);
#6881=AXIS2_PLACEMENT_3D('',#10270,#8290,#8291);
#6882=AXIS2_PLACEMENT_3D('',#10273,#8292,#8293);
#6883=AXIS2_PLACEMENT_3D('',#10276,#8296,#8297);
#6884=AXIS2_PLACEMENT_3D('',#10280,#8300,#8301);
#6885=AXIS2_PLACEMENT_3D('',#10282,#8302,#8303);
#6886=AXIS2_PLACEMENT_3D('',#10284,#8305,#8306);
#6887=AXIS2_PLACEMENT_3D('',#10288,#8309,#8310);
#6888=AXIS2_PLACEMENT_3D('',#10290,#8311,#8312);
#6889=AXIS2_PLACEMENT_3D('',#10292,#8314,#8315);
#6890=AXIS2_PLACEMENT_3D('',#10296,#8318,#8319);
#6891=AXIS2_PLACEMENT_3D('',#10298,#8320,#8321);
#6892=AXIS2_PLACEMENT_3D('',#10300,#8323,#8324);
#6893=AXIS2_PLACEMENT_3D('',#10302,#8326,#8327);
#6894=AXIS2_PLACEMENT_3D('',#10305,#8328,#8329);
#6895=AXIS2_PLACEMENT_3D('',#10308,#8332,#8333);
#6896=AXIS2_PLACEMENT_3D('',#10312,#8336,#8337);
#6897=AXIS2_PLACEMENT_3D('',#10314,#8338,#8339);
#6898=AXIS2_PLACEMENT_3D('',#10316,#8341,#8342);
#6899=AXIS2_PLACEMENT_3D('',#10320,#8345,#8346);
#6900=AXIS2_PLACEMENT_3D('',#10322,#8347,#8348);
#6901=AXIS2_PLACEMENT_3D('',#10324,#8350,#8351);
#6902=AXIS2_PLACEMENT_3D('',#10328,#8354,#8355);
#6903=AXIS2_PLACEMENT_3D('',#10330,#8356,#8357);
#6904=AXIS2_PLACEMENT_3D('',#10332,#8359,#8360);
#6905=AXIS2_PLACEMENT_3D('',#10334,#8362,#8363);
#6906=AXIS2_PLACEMENT_3D('',#10337,#8364,#8365);
#6907=AXIS2_PLACEMENT_3D('',#10340,#8368,#8369);
#6908=AXIS2_PLACEMENT_3D('',#10344,#8372,#8373);
#6909=AXIS2_PLACEMENT_3D('',#10346,#8374,#8375);
#6910=AXIS2_PLACEMENT_3D('',#10348,#8377,#8378);
#6911=AXIS2_PLACEMENT_3D('',#10352,#8381,#8382);
#6912=AXIS2_PLACEMENT_3D('',#10354,#8383,#8384);
#6913=AXIS2_PLACEMENT_3D('',#10356,#8386,#8387);
#6914=AXIS2_PLACEMENT_3D('',#10360,#8390,#8391);
#6915=AXIS2_PLACEMENT_3D('',#10362,#8392,#8393);
#6916=AXIS2_PLACEMENT_3D('',#10364,#8395,#8396);
#6917=AXIS2_PLACEMENT_3D('',#10366,#8398,#8399);
#6918=AXIS2_PLACEMENT_3D('',#10369,#8400,#8401);
#6919=AXIS2_PLACEMENT_3D('',#10372,#8404,#8405);
#6920=AXIS2_PLACEMENT_3D('',#10376,#8408,#8409);
#6921=AXIS2_PLACEMENT_3D('',#10378,#8410,#8411);
#6922=AXIS2_PLACEMENT_3D('',#10380,#8413,#8414);
#6923=AXIS2_PLACEMENT_3D('',#10384,#8417,#8418);
#6924=AXIS2_PLACEMENT_3D('',#10386,#8419,#8420);
#6925=AXIS2_PLACEMENT_3D('',#10388,#8422,#8423);
#6926=AXIS2_PLACEMENT_3D('',#10392,#8426,#8427);
#6927=AXIS2_PLACEMENT_3D('',#10394,#8428,#8429);
#6928=AXIS2_PLACEMENT_3D('',#10396,#8431,#8432);
#6929=AXIS2_PLACEMENT_3D('',#10398,#8434,#8435);
#6930=AXIS2_PLACEMENT_3D('',#10401,#8436,#8437);
#6931=AXIS2_PLACEMENT_3D('',#10404,#8440,#8441);
#6932=AXIS2_PLACEMENT_3D('',#10408,#8444,#8445);
#6933=AXIS2_PLACEMENT_3D('',#10410,#8446,#8447);
#6934=AXIS2_PLACEMENT_3D('',#10412,#8449,#8450);
#6935=AXIS2_PLACEMENT_3D('',#10416,#8453,#8454);
#6936=AXIS2_PLACEMENT_3D('',#10418,#8455,#8456);
#6937=AXIS2_PLACEMENT_3D('',#10420,#8458,#8459);
#6938=AXIS2_PLACEMENT_3D('',#10424,#8462,#8463);
#6939=AXIS2_PLACEMENT_3D('',#10426,#8464,#8465);
#6940=AXIS2_PLACEMENT_3D('',#10428,#8467,#8468);
#6941=AXIS2_PLACEMENT_3D('',#10430,#8470,#8471);
#6942=AXIS2_PLACEMENT_3D('',#10433,#8472,#8473);
#6943=AXIS2_PLACEMENT_3D('',#10436,#8476,#8477);
#6944=AXIS2_PLACEMENT_3D('',#10440,#8480,#8481);
#6945=AXIS2_PLACEMENT_3D('',#10442,#8482,#8483);
#6946=AXIS2_PLACEMENT_3D('',#10444,#8485,#8486);
#6947=AXIS2_PLACEMENT_3D('',#10448,#8489,#8490);
#6948=AXIS2_PLACEMENT_3D('',#10450,#8491,#8492);
#6949=AXIS2_PLACEMENT_3D('',#10452,#8494,#8495);
#6950=AXIS2_PLACEMENT_3D('',#10456,#8498,#8499);
#6951=AXIS2_PLACEMENT_3D('',#10458,#8500,#8501);
#6952=AXIS2_PLACEMENT_3D('',#10460,#8503,#8504);
#6953=AXIS2_PLACEMENT_3D('',#10462,#8506,#8507);
#6954=AXIS2_PLACEMENT_3D('',#10465,#8508,#8509);
#6955=AXIS2_PLACEMENT_3D('',#10468,#8512,#8513);
#6956=AXIS2_PLACEMENT_3D('',#10472,#8516,#8517);
#6957=AXIS2_PLACEMENT_3D('',#10474,#8518,#8519);
#6958=AXIS2_PLACEMENT_3D('',#10476,#8521,#8522);
#6959=AXIS2_PLACEMENT_3D('',#10480,#8525,#8526);
#6960=AXIS2_PLACEMENT_3D('',#10482,#8527,#8528);
#6961=AXIS2_PLACEMENT_3D('',#10484,#8530,#8531);
#6962=AXIS2_PLACEMENT_3D('',#10488,#8534,#8535);
#6963=AXIS2_PLACEMENT_3D('',#10490,#8536,#8537);
#6964=AXIS2_PLACEMENT_3D('',#10492,#8539,#8540);
#6965=AXIS2_PLACEMENT_3D('',#10494,#8542,#8543);
#6966=AXIS2_PLACEMENT_3D('',#10497,#8544,#8545);
#6967=AXIS2_PLACEMENT_3D('',#10500,#8548,#8549);
#6968=AXIS2_PLACEMENT_3D('',#10504,#8552,#8553);
#6969=AXIS2_PLACEMENT_3D('',#10506,#8554,#8555);
#6970=AXIS2_PLACEMENT_3D('',#10508,#8557,#8558);
#6971=AXIS2_PLACEMENT_3D('',#10512,#8561,#8562);
#6972=AXIS2_PLACEMENT_3D('',#10514,#8563,#8564);
#6973=AXIS2_PLACEMENT_3D('',#10516,#8566,#8567);
#6974=AXIS2_PLACEMENT_3D('',#10520,#8570,#8571);
#6975=AXIS2_PLACEMENT_3D('',#10522,#8572,#8573);
#6976=AXIS2_PLACEMENT_3D('',#10524,#8575,#8576);
#6977=AXIS2_PLACEMENT_3D('',#10526,#8578,#8579);
#6978=AXIS2_PLACEMENT_3D('',#10529,#8580,#8581);
#6979=AXIS2_PLACEMENT_3D('',#10532,#8584,#8585);
#6980=AXIS2_PLACEMENT_3D('',#10536,#8588,#8589);
#6981=AXIS2_PLACEMENT_3D('',#10538,#8590,#8591);
#6982=AXIS2_PLACEMENT_3D('',#10540,#8593,#8594);
#6983=AXIS2_PLACEMENT_3D('',#10544,#8597,#8598);
#6984=AXIS2_PLACEMENT_3D('',#10546,#8599,#8600);
#6985=AXIS2_PLACEMENT_3D('',#10548,#8602,#8603);
#6986=AXIS2_PLACEMENT_3D('',#10552,#8606,#8607);
#6987=AXIS2_PLACEMENT_3D('',#10554,#8608,#8609);
#6988=AXIS2_PLACEMENT_3D('',#10556,#8611,#8612);
#6989=AXIS2_PLACEMENT_3D('',#10558,#8614,#8615);
#6990=AXIS2_PLACEMENT_3D('',#10561,#8616,#8617);
#6991=AXIS2_PLACEMENT_3D('',#10564,#8620,#8621);
#6992=AXIS2_PLACEMENT_3D('',#10568,#8624,#8625);
#6993=AXIS2_PLACEMENT_3D('',#10570,#8626,#8627);
#6994=AXIS2_PLACEMENT_3D('',#10572,#8629,#8630);
#6995=AXIS2_PLACEMENT_3D('',#10576,#8633,#8634);
#6996=AXIS2_PLACEMENT_3D('',#10578,#8635,#8636);
#6997=AXIS2_PLACEMENT_3D('',#10580,#8638,#8639);
#6998=AXIS2_PLACEMENT_3D('',#10584,#8642,#8643);
#6999=AXIS2_PLACEMENT_3D('',#10586,#8644,#8645);
#7000=AXIS2_PLACEMENT_3D('',#10588,#8647,#8648);
#7001=AXIS2_PLACEMENT_3D('',#10590,#8650,#8651);
#7002=AXIS2_PLACEMENT_3D('',#10593,#8652,#8653);
#7003=AXIS2_PLACEMENT_3D('',#10596,#8656,#8657);
#7004=AXIS2_PLACEMENT_3D('',#10600,#8660,#8661);
#7005=AXIS2_PLACEMENT_3D('',#10602,#8662,#8663);
#7006=AXIS2_PLACEMENT_3D('',#10604,#8665,#8666);
#7007=AXIS2_PLACEMENT_3D('',#10608,#8669,#8670);
#7008=AXIS2_PLACEMENT_3D('',#10610,#8671,#8672);
#7009=AXIS2_PLACEMENT_3D('',#10612,#8674,#8675);
#7010=AXIS2_PLACEMENT_3D('',#10616,#8678,#8679);
#7011=AXIS2_PLACEMENT_3D('',#10618,#8680,#8681);
#7012=AXIS2_PLACEMENT_3D('',#10620,#8683,#8684);
#7013=AXIS2_PLACEMENT_3D('',#10622,#8686,#8687);
#7014=AXIS2_PLACEMENT_3D('',#10625,#8688,#8689);
#7015=AXIS2_PLACEMENT_3D('',#10628,#8692,#8693);
#7016=AXIS2_PLACEMENT_3D('',#10632,#8696,#8697);
#7017=AXIS2_PLACEMENT_3D('',#10634,#8698,#8699);
#7018=AXIS2_PLACEMENT_3D('',#10636,#8701,#8702);
#7019=AXIS2_PLACEMENT_3D('',#10640,#8705,#8706);
#7020=AXIS2_PLACEMENT_3D('',#10642,#8707,#8708);
#7021=AXIS2_PLACEMENT_3D('',#10644,#8710,#8711);
#7022=AXIS2_PLACEMENT_3D('',#10648,#8714,#8715);
#7023=AXIS2_PLACEMENT_3D('',#10650,#8716,#8717);
#7024=AXIS2_PLACEMENT_3D('',#10652,#8719,#8720);
#7025=AXIS2_PLACEMENT_3D('',#10654,#8722,#8723);
#7026=AXIS2_PLACEMENT_3D('',#10657,#8724,#8725);
#7027=AXIS2_PLACEMENT_3D('',#10660,#8728,#8729);
#7028=AXIS2_PLACEMENT_3D('',#10664,#8732,#8733);
#7029=AXIS2_PLACEMENT_3D('',#10666,#8734,#8735);
#7030=AXIS2_PLACEMENT_3D('',#10668,#8737,#8738);
#7031=AXIS2_PLACEMENT_3D('',#10672,#8741,#8742);
#7032=AXIS2_PLACEMENT_3D('',#10674,#8743,#8744);
#7033=AXIS2_PLACEMENT_3D('',#10676,#8746,#8747);
#7034=AXIS2_PLACEMENT_3D('',#10680,#8750,#8751);
#7035=AXIS2_PLACEMENT_3D('',#10682,#8752,#8753);
#7036=AXIS2_PLACEMENT_3D('',#10684,#8755,#8756);
#7037=AXIS2_PLACEMENT_3D('',#10686,#8758,#8759);
#7038=AXIS2_PLACEMENT_3D('',#10689,#8760,#8761);
#7039=AXIS2_PLACEMENT_3D('',#10692,#8764,#8765);
#7040=AXIS2_PLACEMENT_3D('',#10696,#8768,#8769);
#7041=AXIS2_PLACEMENT_3D('',#10698,#8770,#8771);
#7042=AXIS2_PLACEMENT_3D('',#10700,#8773,#8774);
#7043=AXIS2_PLACEMENT_3D('',#10704,#8777,#8778);
#7044=AXIS2_PLACEMENT_3D('',#10706,#8779,#8780);
#7045=AXIS2_PLACEMENT_3D('',#10708,#8782,#8783);
#7046=AXIS2_PLACEMENT_3D('',#10712,#8786,#8787);
#7047=AXIS2_PLACEMENT_3D('',#10714,#8788,#8789);
#7048=AXIS2_PLACEMENT_3D('',#10716,#8791,#8792);
#7049=AXIS2_PLACEMENT_3D('',#10718,#8794,#8795);
#7050=AXIS2_PLACEMENT_3D('',#10721,#8796,#8797);
#7051=AXIS2_PLACEMENT_3D('',#10724,#8800,#8801);
#7052=AXIS2_PLACEMENT_3D('',#10728,#8804,#8805);
#7053=AXIS2_PLACEMENT_3D('',#10730,#8806,#8807);
#7054=AXIS2_PLACEMENT_3D('',#10732,#8809,#8810);
#7055=AXIS2_PLACEMENT_3D('',#10736,#8813,#8814);
#7056=AXIS2_PLACEMENT_3D('',#10738,#8815,#8816);
#7057=AXIS2_PLACEMENT_3D('',#10740,#8818,#8819);
#7058=AXIS2_PLACEMENT_3D('',#10744,#8822,#8823);
#7059=AXIS2_PLACEMENT_3D('',#10746,#8824,#8825);
#7060=AXIS2_PLACEMENT_3D('',#10748,#8827,#8828);
#7061=AXIS2_PLACEMENT_3D('',#10750,#8830,#8831);
#7062=AXIS2_PLACEMENT_3D('',#10753,#8832,#8833);
#7063=AXIS2_PLACEMENT_3D('',#10756,#8836,#8837);
#7064=AXIS2_PLACEMENT_3D('',#10760,#8840,#8841);
#7065=AXIS2_PLACEMENT_3D('',#10762,#8842,#8843);
#7066=AXIS2_PLACEMENT_3D('',#10764,#8845,#8846);
#7067=AXIS2_PLACEMENT_3D('',#10768,#8849,#8850);
#7068=AXIS2_PLACEMENT_3D('',#10770,#8851,#8852);
#7069=AXIS2_PLACEMENT_3D('',#10772,#8854,#8855);
#7070=AXIS2_PLACEMENT_3D('',#10776,#8858,#8859);
#7071=AXIS2_PLACEMENT_3D('',#10778,#8860,#8861);
#7072=AXIS2_PLACEMENT_3D('',#10780,#8863,#8864);
#7073=AXIS2_PLACEMENT_3D('',#10782,#8866,#8867);
#7074=AXIS2_PLACEMENT_3D('',#10785,#8868,#8869);
#7075=AXIS2_PLACEMENT_3D('',#10788,#8872,#8873);
#7076=AXIS2_PLACEMENT_3D('',#10792,#8876,#8877);
#7077=AXIS2_PLACEMENT_3D('',#10794,#8878,#8879);
#7078=AXIS2_PLACEMENT_3D('',#10796,#8881,#8882);
#7079=AXIS2_PLACEMENT_3D('',#10800,#8885,#8886);
#7080=AXIS2_PLACEMENT_3D('',#10802,#8887,#8888);
#7081=AXIS2_PLACEMENT_3D('',#10804,#8890,#8891);
#7082=AXIS2_PLACEMENT_3D('',#10808,#8894,#8895);
#7083=AXIS2_PLACEMENT_3D('',#10810,#8896,#8897);
#7084=AXIS2_PLACEMENT_3D('',#10812,#8899,#8900);
#7085=AXIS2_PLACEMENT_3D('',#10814,#8902,#8903);
#7086=AXIS2_PLACEMENT_3D('',#10817,#8904,#8905);
#7087=AXIS2_PLACEMENT_3D('',#10820,#8908,#8909);
#7088=AXIS2_PLACEMENT_3D('',#10824,#8912,#8913);
#7089=AXIS2_PLACEMENT_3D('',#10826,#8914,#8915);
#7090=AXIS2_PLACEMENT_3D('',#10828,#8917,#8918);
#7091=AXIS2_PLACEMENT_3D('',#10832,#8921,#8922);
#7092=AXIS2_PLACEMENT_3D('',#10834,#8923,#8924);
#7093=AXIS2_PLACEMENT_3D('',#10836,#8926,#8927);
#7094=AXIS2_PLACEMENT_3D('',#10840,#8930,#8931);
#7095=AXIS2_PLACEMENT_3D('',#10842,#8932,#8933);
#7096=AXIS2_PLACEMENT_3D('',#10844,#8935,#8936);
#7097=AXIS2_PLACEMENT_3D('',#10846,#8938,#8939);
#7098=AXIS2_PLACEMENT_3D('',#10849,#8940,#8941);
#7099=AXIS2_PLACEMENT_3D('',#10852,#8944,#8945);
#7100=AXIS2_PLACEMENT_3D('',#10856,#8948,#8949);
#7101=AXIS2_PLACEMENT_3D('',#10858,#8950,#8951);
#7102=AXIS2_PLACEMENT_3D('',#10860,#8953,#8954);
#7103=AXIS2_PLACEMENT_3D('',#10864,#8957,#8958);
#7104=AXIS2_PLACEMENT_3D('',#10866,#8959,#8960);
#7105=AXIS2_PLACEMENT_3D('',#10868,#8962,#8963);
#7106=AXIS2_PLACEMENT_3D('',#10872,#8966,#8967);
#7107=AXIS2_PLACEMENT_3D('',#10874,#8968,#8969);
#7108=AXIS2_PLACEMENT_3D('',#10876,#8971,#8972);
#7109=AXIS2_PLACEMENT_3D('',#10878,#8974,#8975);
#7110=AXIS2_PLACEMENT_3D('',#10881,#8976,#8977);
#7111=AXIS2_PLACEMENT_3D('',#10884,#8980,#8981);
#7112=AXIS2_PLACEMENT_3D('',#10888,#8984,#8985);
#7113=AXIS2_PLACEMENT_3D('',#10890,#8986,#8987);
#7114=AXIS2_PLACEMENT_3D('',#10892,#8989,#8990);
#7115=AXIS2_PLACEMENT_3D('',#10896,#8993,#8994);
#7116=AXIS2_PLACEMENT_3D('',#10898,#8995,#8996);
#7117=AXIS2_PLACEMENT_3D('',#10900,#8998,#8999);
#7118=AXIS2_PLACEMENT_3D('',#10904,#9002,#9003);
#7119=AXIS2_PLACEMENT_3D('',#10906,#9004,#9005);
#7120=AXIS2_PLACEMENT_3D('',#10908,#9007,#9008);
#7121=AXIS2_PLACEMENT_3D('',#10910,#9010,#9011);
#7122=AXIS2_PLACEMENT_3D('',#10911,#9012,#9013);
#7123=AXIS2_PLACEMENT_3D('',#10912,#9014,#9015);
#7124=AXIS2_PLACEMENT_3D('',#10913,#9016,#9017);
#7125=AXIS2_PLACEMENT_3D('',#10914,#9018,#9019);
#7126=AXIS2_PLACEMENT_3D('',#10915,#9020,#9021);
#7127=AXIS2_PLACEMENT_3D('',#10916,#9022,#9023);
#7128=DIRECTION('axis',(0.,0.,1.));
#7129=DIRECTION('refdir',(1.,0.,0.));
#7130=DIRECTION('axis',(0.,0.,1.));
#7131=DIRECTION('refdir',(1.,0.,0.));
#7132=DIRECTION('axis',(0.,0.,1.));
#7133=DIRECTION('refdir',(1.,0.,0.));
#7134=DIRECTION('center_axis',(0.,0.,1.));
#7135=DIRECTION('ref_axis',(1.,0.,0.));
#7136=DIRECTION('center_axis',(-1.22464679914735E-16,-1.224646799147E-16,
1.));
#7137=DIRECTION('ref_axis',(1.,0.,0.));
#7138=DIRECTION('',(0.,0.,1.));
#7139=DIRECTION('center_axis',(1.22464679914735E-16,1.224646799147E-16,
-1.));
#7140=DIRECTION('ref_axis',(1.,0.,0.));
#7141=DIRECTION('center_axis',(0.,0.,1.));
#7142=DIRECTION('ref_axis',(1.,0.,0.));
#7143=DIRECTION('center_axis',(-1.22464679914735E-16,-1.224646799147E-16,
1.));
#7144=DIRECTION('ref_axis',(1.,0.,0.));
#7145=DIRECTION('',(0.,0.,1.));
#7146=DIRECTION('center_axis',(1.22464679914735E-16,1.224646799147E-16,
-1.));
#7147=DIRECTION('ref_axis',(1.,0.,0.));
#7148=DIRECTION('center_axis',(-1.,2.01858731750028E-17,0.));
#7149=DIRECTION('ref_axis',(0.,0.,1.));
#7150=DIRECTION('',(4.94411299435091E-33,2.449293598294E-16,-1.));
#7151=DIRECTION('',(2.01858731750028E-17,1.,1.224646799147E-16));
#7152=DIRECTION('',(0.,0.,1.));
#7153=DIRECTION('',(-2.01858731750028E-17,-1.,-1.224646799147E-16));
#7154=DIRECTION('center_axis',(-1.,2.01858731750028E-17,0.));
#7155=DIRECTION('ref_axis',(0.,0.,1.));
#7156=DIRECTION('',(4.94411299435091E-33,2.449293598294E-16,-1.));
#7157=DIRECTION('',(2.01858731750028E-17,1.,1.224646799147E-16));
#7158=DIRECTION('',(-4.94411299435091E-33,-2.449293598294E-16,1.));
#7159=DIRECTION('',(-2.01858731750028E-17,-1.,-1.224646799147E-16));
#7160=DIRECTION('center_axis',(-1.,2.01858731750028E-17,0.));
#7161=DIRECTION('ref_axis',(0.,0.,1.));
#7162=DIRECTION('',(-4.94411299435091E-33,-2.449293598294E-16,1.));
#7163=DIRECTION('',(-2.01858731750028E-17,-1.,-1.224646799147E-16));
#7164=DIRECTION('',(0.,0.,-1.));
#7165=DIRECTION('',(2.01858731750028E-17,1.,1.224646799147E-16));
#7166=DIRECTION('center_axis',(-1.,2.01858731750028E-17,0.));
#7167=DIRECTION('ref_axis',(0.,0.,1.));
#7168=DIRECTION('',(4.94411299435091E-33,2.449293598294E-16,-1.));
#7169=DIRECTION('',(2.01858731750028E-17,1.,1.224646799147E-16));
#7170=DIRECTION('',(-4.94411299435091E-33,-2.449293598294E-16,1.));
#7171=DIRECTION('',(-2.01858731750028E-17,-1.,-1.224646799147E-16));
#7172=DIRECTION('center_axis',(5.51663614720574E-17,-1.,0.));
#7173=DIRECTION('ref_axis',(1.,5.51663614720575E-17,0.));
#7174=DIRECTION('',(1.,5.51663614720575E-17,1.22464679914735E-16));
#7175=DIRECTION('',(0.,0.,1.));
#7176=DIRECTION('',(-1.,-5.51663614720575E-17,0.));
#7177=DIRECTION('center_axis',(1.49975978266143E-32,-1.,-2.449293598294E-16));
#7178=DIRECTION('ref_axis',(1.,-1.49975978266142E-32,1.22464679914735E-16));
#7179=DIRECTION('',(1.,-1.49975978266142E-32,1.22464679914735E-16));
#7180=DIRECTION('',(-1.22464679914735E-16,-2.449293598294E-16,1.));
#7181=DIRECTION('',(1.,-1.49975978266142E-32,1.22464679914735E-16));
#7182=DIRECTION('center_axis',(0.,1.,0.));
#7183=DIRECTION('ref_axis',(-1.,0.,-1.69994475971103E-49));
#7184=DIRECTION('',(1.,0.,-3.44789759200359E-18));
#7185=DIRECTION('',(0.,0.,1.));
#7186=DIRECTION('',(-1.,0.,-1.22464679914735E-16));
#7187=DIRECTION('center_axis',(1.49975978266143E-32,-1.,-2.449293598294E-16));
#7188=DIRECTION('ref_axis',(1.,-1.49975978266142E-32,1.22464679914735E-16));
#7189=DIRECTION('',(1.,-1.49975978266142E-32,1.22464679914735E-16));
#7190=DIRECTION('',(-1.22464679914735E-16,-2.449293598294E-16,1.));
#7191=DIRECTION('',(1.,-1.49975978266142E-32,1.22464679914735E-16));
#7192=DIRECTION('center_axis',(-1.22464679914735E-16,-1.224646799147E-16,
1.));
#7193=DIRECTION('ref_axis',(1.,-1.49975978266142E-32,1.22464679914735E-16));
#7194=DIRECTION('',(-1.,1.49975978266142E-32,-1.22464679914735E-16));
#7195=DIRECTION('center_axis',(1.22464679914735E-16,1.224646799147E-16,
-1.));
#7196=DIRECTION('ref_axis',(-1.,1.49975978266142E-32,-1.22464679914735E-16));
#7197=DIRECTION('',(0.,1.,1.224646799147E-16));
#7198=DIRECTION('center_axis',(1.22464679914735E-16,1.224646799147E-16,
-1.));
#7199=DIRECTION('ref_axis',(0.,1.,1.224646799147E-16));
#7200=DIRECTION('',(-1.,1.49975978266142E-32,-1.22464679914735E-16));
#7201=DIRECTION('center_axis',(1.22464679914735E-16,1.224646799147E-16,
-1.));
#7202=DIRECTION('ref_axis',(-1.,1.49975978266142E-32,-1.22464679914735E-16));
#7203=DIRECTION('',(0.,1.,1.224646799147E-16));
#7204=DIRECTION('center_axis',(1.22464679914735E-16,1.224646799147E-16,
-1.));
#7205=DIRECTION('ref_axis',(-3.42113882891808E-48,1.,1.224646799147E-16));
#7206=DIRECTION('',(-1.,1.49975978266142E-32,-1.22464679914735E-16));
#7207=DIRECTION('center_axis',(1.22464679914735E-16,1.224646799147E-16,
-1.));
#7208=DIRECTION('ref_axis',(-1.,1.49975978266142E-32,-1.22464679914735E-16));
#7209=DIRECTION('',(0.,1.,1.224646799147E-16));
#7210=DIRECTION('center_axis',(1.22464679914735E-16,1.224646799147E-16,
-1.));
#7211=DIRECTION('ref_axis',(0.,1.,1.224646799147E-16));
#7212=DIRECTION('',(1.,-1.49975978266142E-32,1.22464679914735E-16));
#7213=DIRECTION('center_axis',(-1.22464679914735E-16,-1.224646799147E-16,
1.));
#7214=DIRECTION('ref_axis',(0.,1.,0.));
#7215=DIRECTION('',(4.03717463500057E-17,-1.,-1.224646799147E-16));
#7216=DIRECTION('center_axis',(-1.22464679914735E-16,-1.224646799147E-16,
1.));
#7217=DIRECTION('ref_axis',(-1.,0.,0.));
#7218=DIRECTION('center_axis',(1.22464679914735E-16,1.224646799147E-16,
-1.));
#7219=DIRECTION('ref_axis',(0.,1.,1.224646799147E-16));
#7220=DIRECTION('',(1.,-1.49975978266142E-32,1.22464679914735E-16));
#7221=DIRECTION('center_axis',(1.22464679914735E-16,1.224646799147E-16,
-1.));
#7222=DIRECTION('ref_axis',(1.,-1.49975978266142E-32,1.22464679914735E-16));
#7223=DIRECTION('',(0.,-1.,-1.224646799147E-16));
#7224=DIRECTION('center_axis',(1.22464679914735E-16,1.224646799147E-16,
-1.));
#7225=DIRECTION('ref_axis',(3.55271367880045E-14,-1.,-1.22464679914696E-16));
#7226=DIRECTION('',(-1.,1.49975978266142E-32,-1.22464679914735E-16));
#7227=DIRECTION('center_axis',(1.22464679914735E-16,1.224646799147E-16,
-1.));
#7228=DIRECTION('ref_axis',(-1.,1.49975978266142E-32,-1.22464679914735E-16));
#7229=DIRECTION('',(0.,1.,1.224646799147E-16));
#7230=DIRECTION('center_axis',(1.22464679914735E-16,1.224646799147E-16,
-1.));
#7231=DIRECTION('ref_axis',(0.,1.,1.224646799147E-16));
#7232=DIRECTION('',(1.,-1.49975978266142E-32,1.22464679914735E-16));
#7233=DIRECTION('center_axis',(1.22464679914735E-16,1.224646799147E-16,
-1.));
#7234=DIRECTION('ref_axis',(1.,-1.49975978266142E-32,1.22464679914735E-16));
#7235=DIRECTION('',(0.,-1.,-1.224646799147E-16));
#7236=DIRECTION('center_axis',(1.22464679914735E-16,1.224646799147E-16,
-1.));
#7237=DIRECTION('ref_axis',(7.1054273576009E-14,-1.,-1.22464679914691E-16));
#7238=DIRECTION('',(-1.,1.49975978266142E-32,-1.22464679914735E-16));
#7239=DIRECTION('center_axis',(1.22464679914735E-16,1.224646799147E-16,
-1.));
#7240=DIRECTION('ref_axis',(-1.,1.49975978266142E-32,-1.22464679914735E-16));
#7241=DIRECTION('',(0.,1.,1.224646799147E-16));
#7242=DIRECTION('center_axis',(1.22464679914735E-16,1.224646799147E-16,
-1.));
#7243=DIRECTION('ref_axis',(-1.71056941445898E-48,1.,1.224646799147E-16));
#7244=DIRECTION('',(1.,-1.49975978266142E-32,1.22464679914735E-16));
#7245=DIRECTION('center_axis',(1.22464679914735E-16,1.224646799147E-16,
-1.));
#7246=DIRECTION('ref_axis',(1.,-1.49975978266142E-32,1.22464679914735E-16));
#7247=DIRECTION('',(0.,-1.,-1.224646799147E-16));
#7248=DIRECTION('center_axis',(1.22464679914735E-16,1.224646799147E-16,
-1.));
#7249=DIRECTION('ref_axis',(1.71056941445898E-48,-1.,-1.224646799147E-16));
#7250=DIRECTION('',(-1.,1.49975978266142E-32,-1.22464679914735E-16));
#7251=DIRECTION('center_axis',(1.22464679914735E-16,1.224646799147E-16,
-1.));
#7252=DIRECTION('ref_axis',(-1.,1.49975978266142E-32,-1.22464679914735E-16));
#7253=DIRECTION('',(0.,1.,1.224646799147E-16));
#7254=DIRECTION('center_axis',(1.22464679914735E-16,1.224646799147E-16,
-1.));
#7255=DIRECTION('ref_axis',(-1.71056941445898E-48,1.,1.224646799147E-16));
#7256=DIRECTION('',(1.,-1.49975978266142E-32,1.22464679914735E-16));
#7257=DIRECTION('center_axis',(1.22464679914735E-16,1.224646799147E-16,
-1.));
#7258=DIRECTION('ref_axis',(1.,-1.49975978266142E-32,1.22464679914735E-16));
#7259=DIRECTION('',(0.,-1.,-1.224646799147E-16));
#7260=DIRECTION('center_axis',(1.22464679914735E-16,1.224646799147E-16,
-1.));
#7261=DIRECTION('ref_axis',(1.71056941445898E-48,-1.,-1.224646799147E-16));
#7262=DIRECTION('',(-1.,1.49975978266142E-32,-1.22464679914735E-16));
#7263=DIRECTION('center_axis',(1.22464679914735E-16,1.224646799147E-16,
-1.));
#7264=DIRECTION('ref_axis',(-1.,1.49975978266142E-32,-1.22464679914735E-16));
#7265=DIRECTION('',(0.,1.,1.224646799147E-16));
#7266=DIRECTION('center_axis',(1.22464679914735E-16,1.224646799147E-16,
-1.));
#7267=DIRECTION('ref_axis',(-3.42113882891808E-48,1.,1.224646799147E-16));
#7268=DIRECTION('',(1.,-1.49975978266142E-32,1.22464679914735E-16));
#7269=DIRECTION('center_axis',(1.22464679914735E-16,1.224646799147E-16,
-1.));
#7270=DIRECTION('ref_axis',(1.,-1.49975978266142E-32,1.22464679914735E-16));
#7271=DIRECTION('',(0.,-1.,-1.224646799147E-16));
#7272=DIRECTION('center_axis',(1.22464679914735E-16,1.224646799147E-16,
-1.));
#7273=DIRECTION('ref_axis',(0.,-1.,-1.224646799147E-16));
#7274=DIRECTION('',(-1.,1.49975978266142E-32,-1.22464679914735E-16));
#7275=DIRECTION('center_axis',(1.22464679914735E-16,1.224646799147E-16,
-1.));
#7276=DIRECTION('ref_axis',(-1.,1.49975978266142E-32,-1.22464679914735E-16));
#7277=DIRECTION('',(0.,1.,1.224646799147E-16));
#7278=DIRECTION('center_axis',(1.22464679914735E-16,1.224646799147E-16,
-1.));
#7279=DIRECTION('ref_axis',(-3.42113882891808E-48,1.,1.224646799147E-16));
#7280=DIRECTION('',(1.,-1.49975978266142E-32,1.22464679914735E-16));
#7281=DIRECTION('center_axis',(1.22464679914735E-16,1.224646799147E-16,
-1.));
#7282=DIRECTION('ref_axis',(1.,-1.49975978266142E-32,1.22464679914735E-16));
#7283=DIRECTION('',(0.,-1.,-1.224646799147E-16));
#7284=DIRECTION('center_axis',(1.22464679914735E-16,1.224646799147E-16,
-1.));
#7285=DIRECTION('ref_axis',(0.,-1.,-1.224646799147E-16));
#7286=DIRECTION('',(-1.,1.49975978266142E-32,-1.22464679914735E-16));
#7287=DIRECTION('center_axis',(1.22464679914735E-16,1.224646799147E-16,
-1.));
#7288=DIRECTION('ref_axis',(-1.,1.49975978266142E-32,-1.22464679914735E-16));
#7289=DIRECTION('',(0.,1.,1.224646799147E-16));
#7290=DIRECTION('center_axis',(1.22464679914735E-16,1.224646799147E-16,
-1.));
#7291=DIRECTION('ref_axis',(-1.71056941445898E-48,1.,1.224646799147E-16));
#7292=DIRECTION('',(1.,-1.49975978266142E-32,1.22464679914735E-16));
#7293=DIRECTION('center_axis',(1.22464679914735E-16,1.224646799147E-16,
-1.));
#7294=DIRECTION('ref_axis',(1.,-1.49975978266143E-32,1.22464679914735E-16));
#7295=DIRECTION('',(0.,-1.,-1.224646799147E-16));
#7296=DIRECTION('center_axis',(1.22464679914735E-16,1.224646799147E-16,
-1.));
#7297=DIRECTION('ref_axis',(1.71056941445898E-48,-1.,-1.224646799147E-16));
#7298=DIRECTION('',(-1.,1.49975978266142E-32,-1.22464679914735E-16));
#7299=DIRECTION('center_axis',(1.22464679914735E-16,1.224646799147E-16,
-1.));
#7300=DIRECTION('ref_axis',(-1.,-3.55271367880051E-14,-1.2246467991474E-16));
#7301=DIRECTION('',(0.,1.,1.224646799147E-16));
#7302=DIRECTION('center_axis',(1.22464679914735E-16,1.224646799147E-16,
-1.));
#7303=DIRECTION('ref_axis',(-3.42113882891808E-48,1.,1.224646799147E-16));
#7304=DIRECTION('',(1.,-1.49975978266142E-32,1.22464679914735E-16));
#7305=DIRECTION('center_axis',(1.22464679914735E-16,1.224646799147E-16,
-1.));
#7306=DIRECTION('ref_axis',(1.,-1.49975978266142E-32,1.22464679914735E-16));
#7307=DIRECTION('',(0.,-1.,-1.224646799147E-16));
#7308=DIRECTION('center_axis',(1.22464679914735E-16,1.224646799147E-16,
-1.));
#7309=DIRECTION('ref_axis',(-7.10542735760103E-14,-1.,-1.22464679914709E-16));
#7310=DIRECTION('',(-1.,1.49975978266142E-32,-1.22464679914735E-16));
#7311=DIRECTION('center_axis',(1.22464679914735E-16,1.224646799147E-16,
-1.));
#7312=DIRECTION('ref_axis',(-1.,1.49975978266142E-32,-1.22464679914735E-16));
#7313=DIRECTION('',(0.,1.,1.224646799147E-16));
#7314=DIRECTION('center_axis',(1.22464679914735E-16,1.224646799147E-16,
-1.));
#7315=DIRECTION('ref_axis',(-3.42113882891808E-48,1.,1.224646799147E-16));
#7316=DIRECTION('',(1.,-1.49975978266142E-32,1.22464679914735E-16));
#7317=DIRECTION('center_axis',(1.22464679914735E-16,1.224646799147E-16,
-1.));
#7318=DIRECTION('ref_axis',(1.,-1.49975978266142E-32,1.22464679914735E-16));
#7319=DIRECTION('',(0.,-1.,-1.224646799147E-16));
#7320=DIRECTION('center_axis',(1.22464679914735E-16,1.224646799147E-16,
-1.));
#7321=DIRECTION('ref_axis',(0.,-1.,-1.224646799147E-16));
#7322=DIRECTION('',(-1.,1.49975978266142E-32,-1.22464679914735E-16));
#7323=DIRECTION('center_axis',(1.22464679914735E-16,1.224646799147E-16,
-1.));
#7324=DIRECTION('ref_axis',(-1.,1.49975978266142E-32,-1.22464679914735E-16));
#7325=DIRECTION('',(0.,1.,1.224646799147E-16));
#7326=DIRECTION('center_axis',(1.22464679914735E-16,1.224646799147E-16,
-1.));
#7327=DIRECTION('ref_axis',(0.,1.,1.224646799147E-16));
#7328=DIRECTION('',(1.,-1.49975978266142E-32,1.22464679914735E-16));
#7329=DIRECTION('center_axis',(1.22464679914735E-16,1.224646799147E-16,
-1.));
#7330=DIRECTION('ref_axis',(1.,-1.49975978266142E-32,1.22464679914735E-16));
#7331=DIRECTION('',(0.,-1.,-1.224646799147E-16));
#7332=DIRECTION('center_axis',(1.22464679914735E-16,1.224646799147E-16,
-1.));
#7333=DIRECTION('ref_axis',(1.71056941445898E-48,-1.,-1.224646799147E-16));
#7334=DIRECTION('',(-1.,1.49975978266142E-32,-1.22464679914735E-16));
#7335=DIRECTION('center_axis',(1.22464679914735E-16,1.224646799147E-16,
-1.));
#7336=DIRECTION('ref_axis',(-1.,1.49975978266142E-32,-1.22464679914735E-16));
#7337=DIRECTION('',(0.,1.,1.224646799147E-16));
#7338=DIRECTION('center_axis',(1.22464679914735E-16,1.224646799147E-16,
-1.));
#7339=DIRECTION('ref_axis',(-3.42113882891808E-48,1.,1.224646799147E-16));
#7340=DIRECTION('',(1.,-1.49975978266142E-32,1.22464679914735E-16));
#7341=DIRECTION('center_axis',(1.22464679914735E-16,1.224646799147E-16,
-1.));
#7342=DIRECTION('ref_axis',(1.,-1.49975978266142E-32,1.22464679914735E-16));
#7343=DIRECTION('',(0.,-1.,-1.224646799147E-16));
#7344=DIRECTION('center_axis',(1.22464679914735E-16,1.224646799147E-16,
-1.));
#7345=DIRECTION('ref_axis',(0.,-1.,-1.224646799147E-16));
#7346=DIRECTION('',(-1.,1.49975978266142E-32,-1.22464679914735E-16));
#7347=DIRECTION('center_axis',(1.22464679914735E-16,1.224646799147E-16,
-1.));
#7348=DIRECTION('ref_axis',(-1.,1.49975978266142E-32,-1.22464679914735E-16));
#7349=DIRECTION('',(0.,1.,1.224646799147E-16));
#7350=DIRECTION('center_axis',(1.22464679914735E-16,1.224646799147E-16,
-1.));
#7351=DIRECTION('ref_axis',(-1.71056941445898E-48,1.,1.224646799147E-16));
#7352=DIRECTION('',(1.,-1.49975978266142E-32,1.22464679914735E-16));
#7353=DIRECTION('center_axis',(1.22464679914735E-16,1.224646799147E-16,
-1.));
#7354=DIRECTION('ref_axis',(1.,-1.49975978266142E-32,1.22464679914735E-16));
#7355=DIRECTION('',(0.,-1.,-1.224646799147E-16));
#7356=DIRECTION('center_axis',(1.22464679914735E-16,1.224646799147E-16,
-1.));
#7357=DIRECTION('ref_axis',(1.71056941445898E-48,-1.,-1.224646799147E-16));
#7358=DIRECTION('',(-1.,1.49975978266142E-32,-1.22464679914735E-16));
#7359=DIRECTION('center_axis',(1.22464679914735E-16,1.224646799147E-16,
-1.));
#7360=DIRECTION('ref_axis',(-1.,-3.55271367880051E-14,-1.2246467991474E-16));
#7361=DIRECTION('',(0.,1.,1.224646799147E-16));
#7362=DIRECTION('center_axis',(1.22464679914735E-16,1.224646799147E-16,
-1.));
#7363=DIRECTION('ref_axis',(-1.71056941445898E-48,1.,1.224646799147E-16));
#7364=DIRECTION('',(1.,-1.49975978266142E-32,1.22464679914735E-16));
#7365=DIRECTION('center_axis',(1.22464679914735E-16,1.224646799147E-16,
-1.));
#7366=DIRECTION('ref_axis',(1.,-1.49975978266142E-32,1.22464679914735E-16));
#7367=DIRECTION('',(0.,-1.,-1.224646799147E-16));
#7368=DIRECTION('center_axis',(1.22464679914735E-16,1.224646799147E-16,
-1.));
#7369=DIRECTION('ref_axis',(3.42113882891808E-48,-1.,-1.224646799147E-16));
#7370=DIRECTION('',(-1.,1.49975978266142E-32,-1.22464679914735E-16));
#7371=DIRECTION('center_axis',(1.22464679914735E-16,1.224646799147E-16,
-1.));
#7372=DIRECTION('ref_axis',(-1.,1.49975978266142E-32,-1.22464679914735E-16));
#7373=DIRECTION('',(0.,1.,1.224646799147E-16));
#7374=DIRECTION('center_axis',(1.22464679914735E-16,1.224646799147E-16,
-1.));
#7375=DIRECTION('ref_axis',(0.,1.,1.224646799147E-16));
#7376=DIRECTION('',(1.,-1.49975978266142E-32,1.22464679914735E-16));
#7377=DIRECTION('center_axis',(1.22464679914735E-16,1.224646799147E-16,
-1.));
#7378=DIRECTION('ref_axis',(1.,-1.49975978266142E-32,1.22464679914735E-16));
#7379=DIRECTION('',(0.,-1.,-1.224646799147E-16));
#7380=DIRECTION('center_axis',(1.22464679914735E-16,1.224646799147E-16,
-1.));
#7381=DIRECTION('ref_axis',(-7.10542735760103E-14,-1.,-1.22464679914709E-16));
#7382=DIRECTION('',(-1.,1.49975978266142E-32,-1.22464679914735E-16));
#7383=DIRECTION('center_axis',(1.22464679914735E-16,1.224646799147E-16,
-1.));
#7384=DIRECTION('ref_axis',(-1.,1.49975978266142E-32,-1.22464679914735E-16));
#7385=DIRECTION('',(0.,1.,1.224646799147E-16));
#7386=DIRECTION('center_axis',(1.22464679914735E-16,1.224646799147E-16,
-1.));
#7387=DIRECTION('ref_axis',(0.,1.,1.224646799147E-16));
#7388=DIRECTION('',(1.,-1.49975978266142E-32,1.22464679914735E-16));
#7389=DIRECTION('center_axis',(1.22464679914735E-16,1.224646799147E-16,
-1.));
#7390=DIRECTION('ref_axis',(1.,-1.49975978266142E-32,1.22464679914735E-16));
#7391=DIRECTION('',(0.,-1.,-1.224646799147E-16));
#7392=DIRECTION('center_axis',(1.22464679914735E-16,1.224646799147E-16,
-1.));
#7393=DIRECTION('ref_axis',(0.,-1.,-1.224646799147E-16));
#7394=DIRECTION('',(-1.,1.49975978266142E-32,-1.22464679914735E-16));
#7395=DIRECTION('center_axis',(1.22464679914735E-16,1.224646799147E-16,
-1.));
#7396=DIRECTION('ref_axis',(-1.,1.49975978266142E-32,-1.22464679914735E-16));
#7397=DIRECTION('',(0.,1.,1.224646799147E-16));
#7398=DIRECTION('center_axis',(1.22464679914735E-16,1.224646799147E-16,
-1.));
#7399=DIRECTION('ref_axis',(0.,1.,1.224646799147E-16));
#7400=DIRECTION('',(1.,-1.49975978266142E-32,1.22464679914735E-16));
#7401=DIRECTION('center_axis',(1.22464679914735E-16,1.224646799147E-16,
-1.));
#7402=DIRECTION('ref_axis',(1.,-1.49975978266142E-32,1.22464679914735E-16));
#7403=DIRECTION('',(0.,-1.,-1.224646799147E-16));
#7404=DIRECTION('center_axis',(1.22464679914735E-16,1.224646799147E-16,
-1.));
#7405=DIRECTION('ref_axis',(0.,-1.,-1.224646799147E-16));
#7406=DIRECTION('',(-1.,1.49975978266142E-32,-1.22464679914735E-16));
#7407=DIRECTION('center_axis',(1.22464679914735E-16,1.224646799147E-16,
-1.));
#7408=DIRECTION('ref_axis',(-1.,1.49975978266142E-32,-1.22464679914735E-16));
#7409=DIRECTION('',(0.,1.,1.224646799147E-16));
#7410=DIRECTION('center_axis',(1.22464679914735E-16,1.224646799147E-16,
-1.));
#7411=DIRECTION('ref_axis',(-1.71056941445898E-48,1.,1.224646799147E-16));
#7412=DIRECTION('',(1.,-1.49975978266142E-32,1.22464679914735E-16));
#7413=DIRECTION('center_axis',(1.22464679914735E-16,1.224646799147E-16,
-1.));
#7414=DIRECTION('ref_axis',(1.,-1.49975978266142E-32,1.22464679914735E-16));
#7415=DIRECTION('',(0.,-1.,-1.224646799147E-16));
#7416=DIRECTION('center_axis',(1.22464679914735E-16,1.224646799147E-16,
-1.));
#7417=DIRECTION('ref_axis',(1.71056941445898E-48,-1.,-1.224646799147E-16));
#7418=DIRECTION('',(-1.,1.49975978266142E-32,-1.22464679914735E-16));
#7419=DIRECTION('center_axis',(1.22464679914735E-16,1.224646799147E-16,
-1.));
#7420=DIRECTION('ref_axis',(-1.,-3.55271367880051E-14,-1.2246467991474E-16));
#7421=DIRECTION('',(0.,1.,1.224646799147E-16));
#7422=DIRECTION('center_axis',(1.22464679914735E-16,1.224646799147E-16,
-1.));
#7423=DIRECTION('ref_axis',(-1.71056941445898E-48,1.,1.224646799147E-16));
#7424=DIRECTION('',(1.,-1.49975978266142E-32,1.22464679914735E-16));
#7425=DIRECTION('center_axis',(1.22464679914735E-16,1.224646799147E-16,
-1.));
#7426=DIRECTION('ref_axis',(1.,-1.49975978266142E-32,1.22464679914735E-16));
#7427=DIRECTION('',(0.,-1.,-1.224646799147E-16));
#7428=DIRECTION('center_axis',(1.22464679914735E-16,1.224646799147E-16,
-1.));
#7429=DIRECTION('ref_axis',(8.88178419700113E-15,-1.,-1.22464679914699E-16));
#7430=DIRECTION('',(-1.,1.49975978266142E-32,-1.22464679914735E-16));
#7431=DIRECTION('center_axis',(1.22464679914735E-16,1.224646799147E-16,
-1.));
#7432=DIRECTION('ref_axis',(-1.,-3.55271367880048E-14,-1.2246467991474E-16));
#7433=DIRECTION('',(0.,1.,1.224646799147E-16));
#7434=DIRECTION('center_axis',(1.22464679914735E-16,1.224646799147E-16,
-1.));
#7435=DIRECTION('ref_axis',(-1.71056941445898E-48,1.,1.224646799147E-16));
#7436=DIRECTION('',(1.,-1.49975978266142E-32,1.22464679914735E-16));
#7437=DIRECTION('center_axis',(1.22464679914735E-16,1.224646799147E-16,
-1.));
#7438=DIRECTION('ref_axis',(1.,-1.49975978266142E-32,1.22464679914735E-16));
#7439=DIRECTION('',(0.,-1.,-1.224646799147E-16));
#7440=DIRECTION('center_axis',(1.22464679914735E-16,1.224646799147E-16,
-1.));
#7441=DIRECTION('ref_axis',(1.71056941445898E-48,-1.,-1.224646799147E-16));
#7442=DIRECTION('',(-1.,1.49975978266142E-32,-1.22464679914735E-16));
#7443=DIRECTION('center_axis',(1.22464679914735E-16,1.224646799147E-16,
-1.));
#7444=DIRECTION('ref_axis',(-1.,-3.55271367880051E-14,-1.2246467991474E-16));
#7445=DIRECTION('',(0.,1.,1.224646799147E-16));
#7446=DIRECTION('center_axis',(1.22464679914735E-16,1.224646799147E-16,
-1.));
#7447=DIRECTION('ref_axis',(-1.71056941445898E-48,1.,1.224646799147E-16));
#7448=DIRECTION('',(1.,-1.49975978266142E-32,1.22464679914735E-16));
#7449=DIRECTION('center_axis',(1.22464679914735E-16,1.224646799147E-16,
-1.));
#7450=DIRECTION('ref_axis',(1.,-1.49975978266142E-32,1.22464679914735E-16));
#7451=DIRECTION('',(0.,-1.,-1.224646799147E-16));
#7452=DIRECTION('center_axis',(1.22464679914735E-16,1.224646799147E-16,
-1.));
#7453=DIRECTION('ref_axis',(1.71056941445898E-48,-1.,-1.224646799147E-16));
#7454=DIRECTION('',(-1.,1.49975978266142E-32,-1.22464679914735E-16));
#7455=DIRECTION('center_axis',(1.22464679914735E-16,1.224646799147E-16,
-1.));
#7456=DIRECTION('ref_axis',(-1.,-3.5527136788007E-14,-1.2246467991474E-16));
#7457=DIRECTION('',(0.,1.,1.224646799147E-16));
#7458=DIRECTION('center_axis',(1.22464679914735E-16,1.224646799147E-16,
-1.));
#7459=DIRECTION('ref_axis',(0.,1.,1.224646799147E-16));
#7460=DIRECTION('',(1.,-1.49975978266142E-32,1.22464679914735E-16));
#7461=DIRECTION('center_axis',(1.22464679914735E-16,1.224646799147E-16,
-1.));
#7462=DIRECTION('ref_axis',(1.,-1.49975978266143E-32,1.22464679914735E-16));
#7463=DIRECTION('',(0.,-1.,-1.224646799147E-16));
#7464=DIRECTION('center_axis',(1.22464679914735E-16,1.224646799147E-16,
-1.));
#7465=DIRECTION('ref_axis',(0.,-1.,-1.224646799147E-16));
#7466=DIRECTION('',(-1.,1.49975978266142E-32,-1.22464679914735E-16));
#7467=DIRECTION('center_axis',(1.22464679914735E-16,1.224646799147E-16,
-1.));
#7468=DIRECTION('ref_axis',(-1.,1.49975978266142E-32,-1.22464679914735E-16));
#7469=DIRECTION('',(0.,1.,1.224646799147E-16));
#7470=DIRECTION('center_axis',(1.22464679914735E-16,1.224646799147E-16,
-1.));
#7471=DIRECTION('ref_axis',(0.,1.,1.224646799147E-16));
#7472=DIRECTION('',(1.,-1.49975978266142E-32,1.22464679914735E-16));
#7473=DIRECTION('center_axis',(1.22464679914735E-16,1.224646799147E-16,
-1.));
#7474=DIRECTION('ref_axis',(1.,-1.49975978266142E-32,1.22464679914735E-16));
#7475=DIRECTION('',(0.,-1.,-1.224646799147E-16));
#7476=DIRECTION('center_axis',(1.22464679914735E-16,1.224646799147E-16,
-1.));
#7477=DIRECTION('ref_axis',(1.77635683940026E-14,-1.,-1.22464679914698E-16));
#7478=DIRECTION('',(-1.,1.49975978266142E-32,-1.22464679914735E-16));
#7479=DIRECTION('center_axis',(1.22464679914735E-16,1.224646799147E-16,
-1.));
#7480=DIRECTION('ref_axis',(-1.,1.49975978266142E-32,-1.22464679914735E-16));
#7481=DIRECTION('',(0.,1.,1.224646799147E-16));
#7482=DIRECTION('center_axis',(1.22464679914735E-16,1.224646799147E-16,
-1.));
#7483=DIRECTION('ref_axis',(0.,1.,1.224646799147E-16));
#7484=DIRECTION('',(1.,-1.49975978266142E-32,1.22464679914735E-16));
#7485=DIRECTION('center_axis',(1.22464679914735E-16,1.224646799147E-16,
-1.));
#7486=DIRECTION('ref_axis',(1.,-1.49975978266142E-32,1.22464679914735E-16));
#7487=DIRECTION('',(0.,-1.,-1.224646799147E-16));
#7488=DIRECTION('center_axis',(1.22464679914735E-16,1.224646799147E-16,
-1.));
#7489=DIRECTION('ref_axis',(0.,-1.,-1.224646799147E-16));
#7490=DIRECTION('',(-1.,1.49975978266142E-32,-1.22464679914735E-16));
#7491=DIRECTION('center_axis',(1.22464679914735E-16,1.224646799147E-16,
-1.));
#7492=DIRECTION('ref_axis',(-1.,1.49975978266142E-32,-1.22464679914735E-16));
#7493=DIRECTION('',(0.,1.,1.224646799147E-16));
#7494=DIRECTION('center_axis',(1.22464679914735E-16,1.224646799147E-16,
-1.));
#7495=DIRECTION('ref_axis',(0.,1.,1.224646799147E-16));
#7496=DIRECTION('',(1.,-1.49975978266142E-32,1.22464679914735E-16));
#7497=DIRECTION('center_axis',(1.22464679914735E-16,1.224646799147E-16,
-1.));
#7498=DIRECTION('ref_axis',(1.,-1.49975978266142E-32,1.22464679914735E-16));
#7499=DIRECTION('',(0.,-1.,-1.224646799147E-16));
#7500=DIRECTION('center_axis',(1.22464679914735E-16,1.224646799147E-16,
-1.));
#7501=DIRECTION('ref_axis',(0.,-1.,-1.224646799147E-16));
#7502=DIRECTION('',(-1.,1.49975978266142E-32,-1.22464679914735E-16));
#7503=DIRECTION('center_axis',(1.22464679914735E-16,1.224646799147E-16,
-1.));
#7504=DIRECTION('ref_axis',(-1.,1.49975978266142E-32,-1.22464679914735E-16));
#7505=DIRECTION('',(0.,1.,1.224646799147E-16));
#7506=DIRECTION('center_axis',(1.22464679914735E-16,1.224646799147E-16,
-1.));
#7507=DIRECTION('ref_axis',(0.,1.,1.224646799147E-16));
#7508=DIRECTION('',(1.,-1.49975978266142E-32,1.22464679914735E-16));
#7509=DIRECTION('center_axis',(1.22464679914735E-16,1.224646799147E-16,
-1.));
#7510=DIRECTION('ref_axis',(1.,-1.49975978266142E-32,1.22464679914735E-16));
#7511=DIRECTION('',(0.,-1.,-1.224646799147E-16));
#7512=DIRECTION('center_axis',(1.22464679914735E-16,1.224646799147E-16,
-1.));
#7513=DIRECTION('ref_axis',(-3.55271367880051E-14,-1.,-1.22464679914704E-16));
#7514=DIRECTION('',(-1.,1.49975978266142E-32,-1.22464679914735E-16));
#7515=DIRECTION('center_axis',(1.22464679914735E-16,1.224646799147E-16,
-1.));
#7516=DIRECTION('ref_axis',(-1.,1.49975978266142E-32,-1.22464679914735E-16));
#7517=DIRECTION('',(0.,1.,1.224646799147E-16));
#7518=DIRECTION('center_axis',(1.22464679914735E-16,1.224646799147E-16,
-1.));
#7519=DIRECTION('ref_axis',(-1.71056941445898E-48,1.,1.224646799147E-16));
#7520=DIRECTION('',(1.,-1.49975978266142E-32,1.22464679914735E-16));
#7521=DIRECTION('center_axis',(1.22464679914735E-16,1.224646799147E-16,
-1.));
#7522=DIRECTION('ref_axis',(1.,-1.49975978266142E-32,1.22464679914735E-16));
#7523=DIRECTION('',(0.,-1.,-1.224646799147E-16));
#7524=DIRECTION('center_axis',(1.22464679914735E-16,1.224646799147E-16,
-1.));
#7525=DIRECTION('ref_axis',(1.71056941445898E-48,-1.,-1.224646799147E-16));
#7526=DIRECTION('',(-1.,1.49975978266142E-32,-1.22464679914735E-16));
#7527=DIRECTION('center_axis',(1.22464679914735E-16,1.224646799147E-16,
-1.));
#7528=DIRECTION('ref_axis',(-1.,1.49975978266142E-32,-1.22464679914735E-16));
#7529=DIRECTION('',(0.,1.,1.224646799147E-16));
#7530=DIRECTION('center_axis',(1.22464679914735E-16,1.224646799147E-16,
-1.));
#7531=DIRECTION('ref_axis',(0.,1.,1.224646799147E-16));
#7532=DIRECTION('',(1.,-1.49975978266142E-32,1.22464679914735E-16));
#7533=DIRECTION('center_axis',(1.22464679914735E-16,1.224646799147E-16,
-1.));
#7534=DIRECTION('ref_axis',(1.,-1.49975978266142E-32,1.22464679914735E-16));
#7535=DIRECTION('',(0.,-1.,-1.224646799147E-16));
#7536=DIRECTION('center_axis',(1.22464679914735E-16,1.224646799147E-16,
-1.));
#7537=DIRECTION('ref_axis',(1.71056941445898E-48,-1.,-1.224646799147E-16));
#7538=DIRECTION('',(-1.,1.49975978266142E-32,-1.22464679914735E-16));
#7539=DIRECTION('center_axis',(1.22464679914735E-16,1.224646799147E-16,
-1.));
#7540=DIRECTION('ref_axis',(-1.,1.49975978266142E-32,-1.22464679914735E-16));
#7541=DIRECTION('',(0.,1.,1.224646799147E-16));
#7542=DIRECTION('center_axis',(1.22464679914735E-16,1.224646799147E-16,
-1.));
#7543=DIRECTION('ref_axis',(0.,1.,1.224646799147E-16));
#7544=DIRECTION('',(1.,-1.49975978266142E-32,1.22464679914735E-16));
#7545=DIRECTION('center_axis',(1.22464679914735E-16,1.224646799147E-16,
-1.));
#7546=DIRECTION('ref_axis',(1.,-1.49975978266142E-32,1.22464679914735E-16));
#7547=DIRECTION('',(0.,-1.,-1.224646799147E-16));
#7548=DIRECTION('center_axis',(1.22464679914735E-16,1.224646799147E-16,
-1.));
#7549=DIRECTION('ref_axis',(1.71056941445898E-48,-1.,-1.224646799147E-16));
#7550=DIRECTION('',(-1.,1.49975978266142E-32,-1.22464679914735E-16));
#7551=DIRECTION('center_axis',(1.22464679914735E-16,1.224646799147E-16,
-1.));
#7552=DIRECTION('ref_axis',(-1.,1.49975978266142E-32,-1.22464679914735E-16));
#7553=DIRECTION('',(0.,1.,1.224646799147E-16));
#7554=DIRECTION('center_axis',(1.22464679914735E-16,1.224646799147E-16,
-1.));
#7555=DIRECTION('ref_axis',(-1.71056941445898E-48,1.,1.224646799147E-16));
#7556=DIRECTION('',(1.,-1.49975978266142E-32,1.22464679914735E-16));
#7557=DIRECTION('center_axis',(1.22464679914735E-16,1.224646799147E-16,
-1.));
#7558=DIRECTION('ref_axis',(1.,-1.49975978266142E-32,1.22464679914735E-16));
#7559=DIRECTION('',(0.,-1.,-1.224646799147E-16));
#7560=DIRECTION('center_axis',(1.22464679914735E-16,1.224646799147E-16,
-1.));
#7561=DIRECTION('ref_axis',(1.71056941445898E-48,-1.,-1.224646799147E-16));
#7562=DIRECTION('',(-1.,1.49975978266142E-32,-1.22464679914735E-16));
#7563=DIRECTION('center_axis',(1.22464679914735E-16,1.224646799147E-16,
-1.));
#7564=DIRECTION('ref_axis',(-1.,1.49975978266142E-32,-1.22464679914735E-16));
#7565=DIRECTION('',(0.,1.,1.224646799147E-16));
#7566=DIRECTION('center_axis',(1.22464679914735E-16,1.224646799147E-16,
-1.));
#7567=DIRECTION('ref_axis',(-1.71056941445898E-48,1.,1.224646799147E-16));
#7568=DIRECTION('',(1.,-1.49975978266142E-32,1.22464679914735E-16));
#7569=DIRECTION('center_axis',(1.22464679914735E-16,1.224646799147E-16,
-1.));
#7570=DIRECTION('ref_axis',(1.,-1.49975978266142E-32,1.22464679914735E-16));
#7571=DIRECTION('',(0.,-1.,-1.224646799147E-16));
#7572=DIRECTION('center_axis',(1.22464679914735E-16,1.224646799147E-16,
-1.));
#7573=DIRECTION('ref_axis',(3.55271367880045E-14,-1.,-1.22464679914696E-16));
#7574=DIRECTION('',(-1.,1.49975978266142E-32,-1.22464679914735E-16));
#7575=DIRECTION('center_axis',(1.22464679914735E-16,1.224646799147E-16,
-1.));
#7576=DIRECTION('ref_axis',(-1.,1.49975978266142E-32,-1.22464679914735E-16));
#7577=DIRECTION('',(0.,1.,1.224646799147E-16));
#7578=DIRECTION('center_axis',(1.22464679914735E-16,1.224646799147E-16,
-1.));
#7579=DIRECTION('ref_axis',(-1.71056941445898E-48,1.,1.224646799147E-16));
#7580=DIRECTION('',(1.,-1.49975978266142E-32,1.22464679914735E-16));
#7581=DIRECTION('center_axis',(1.22464679914735E-16,1.224646799147E-16,
-1.));
#7582=DIRECTION('ref_axis',(1.,-1.49975978266142E-32,1.22464679914735E-16));
#7583=DIRECTION('',(0.,-1.,-1.224646799147E-16));
#7584=DIRECTION('center_axis',(1.22464679914735E-16,1.224646799147E-16,
-1.));
#7585=DIRECTION('ref_axis',(1.71056941445898E-48,-1.,-1.224646799147E-16));
#7586=DIRECTION('',(-1.,1.49975978266142E-32,-1.22464679914735E-16));
#7587=DIRECTION('center_axis',(1.22464679914735E-16,1.224646799147E-16,
-1.));
#7588=DIRECTION('ref_axis',(-1.,1.49975978266142E-32,-1.22464679914735E-16));
#7589=DIRECTION('',(0.,1.,1.224646799147E-16));
#7590=DIRECTION('center_axis',(1.22464679914735E-16,1.224646799147E-16,
-1.));
#7591=DIRECTION('ref_axis',(-1.71056941445898E-48,1.,1.224646799147E-16));
#7592=DIRECTION('',(1.,-1.49975978266142E-32,1.22464679914735E-16));
#7593=DIRECTION('center_axis',(1.22464679914735E-16,1.224646799147E-16,
-1.));
#7594=DIRECTION('ref_axis',(1.,-1.49975978266142E-32,1.22464679914735E-16));
#7595=DIRECTION('',(0.,-1.,-1.224646799147E-16));
#7596=DIRECTION('center_axis',(1.22464679914735E-16,1.224646799147E-16,
-1.));
#7597=DIRECTION('ref_axis',(7.1054273576009E-14,-1.,-1.22464679914691E-16));
#7598=DIRECTION('',(-1.,1.49975978266142E-32,-1.22464679914735E-16));
#7599=DIRECTION('center_axis',(1.22464679914735E-16,1.224646799147E-16,
-1.));
#7600=DIRECTION('ref_axis',(-1.,1.49975978266142E-32,-1.22464679914735E-16));
#7601=DIRECTION('',(0.,1.,1.224646799147E-16));
#7602=DIRECTION('center_axis',(1.22464679914735E-16,1.224646799147E-16,
-1.));
#7603=DIRECTION('ref_axis',(0.,1.,1.224646799147E-16));
#7604=DIRECTION('',(1.,-1.49975978266142E-32,1.22464679914735E-16));
#7605=DIRECTION('center_axis',(1.22464679914735E-16,1.224646799147E-16,
-1.));
#7606=DIRECTION('ref_axis',(1.,-1.49975978266142E-32,1.22464679914735E-16));
#7607=DIRECTION('',(0.,-1.,-1.224646799147E-16));
#7608=DIRECTION('center_axis',(1.22464679914735E-16,1.224646799147E-16,
-1.));
#7609=DIRECTION('ref_axis',(1.71056941445898E-48,-1.,-1.224646799147E-16));
#7610=DIRECTION('',(-1.,1.49975978266142E-32,-1.22464679914735E-16));
#7611=DIRECTION('center_axis',(1.22464679914735E-16,1.224646799147E-16,
-1.));
#7612=DIRECTION('ref_axis',(-1.,1.49975978266142E-32,-1.22464679914735E-16));
#7613=DIRECTION('',(0.,1.,1.224646799147E-16));
#7614=DIRECTION('center_axis',(1.22464679914735E-16,1.224646799147E-16,
-1.));
#7615=DIRECTION('ref_axis',(-3.42113882891808E-48,1.,1.224646799147E-16));
#7616=DIRECTION('',(1.,-1.49975978266142E-32,1.22464679914735E-16));
#7617=DIRECTION('center_axis',(1.22464679914735E-16,1.224646799147E-16,
-1.));
#7618=DIRECTION('ref_axis',(1.,-1.49975978266142E-32,1.22464679914735E-16));
#7619=DIRECTION('',(0.,-1.,-1.224646799147E-16));
#7620=DIRECTION('center_axis',(1.22464679914735E-16,1.224646799147E-16,
-1.));
#7621=DIRECTION('ref_axis',(0.,-1.,-1.224646799147E-16));
#7622=DIRECTION('',(-1.,1.49975978266142E-32,-1.22464679914735E-16));
#7623=DIRECTION('center_axis',(1.22464679914735E-16,1.224646799147E-16,
-1.));
#7624=DIRECTION('ref_axis',(-1.,1.49975978266142E-32,-1.22464679914735E-16));
#7625=DIRECTION('',(0.,1.,1.224646799147E-16));
#7626=DIRECTION('center_axis',(1.22464679914735E-16,1.224646799147E-16,
-1.));
#7627=DIRECTION('ref_axis',(0.,1.,1.224646799147E-16));
#7628=DIRECTION('',(1.,-1.49975978266142E-32,1.22464679914735E-16));
#7629=DIRECTION('center_axis',(1.22464679914735E-16,1.224646799147E-16,
-1.));
#7630=DIRECTION('ref_axis',(1.,-1.49975978266142E-32,1.22464679914735E-16));
#7631=DIRECTION('',(0.,-1.,-1.224646799147E-16));
#7632=DIRECTION('center_axis',(1.22464679914735E-16,1.224646799147E-16,
-1.));
#7633=DIRECTION('ref_axis',(1.71056941445898E-48,-1.,-1.224646799147E-16));
#7634=DIRECTION('',(-1.,1.49975978266142E-32,-1.22464679914735E-16));
#7635=DIRECTION('center_axis',(1.22464679914735E-16,1.224646799147E-16,
-1.));
#7636=DIRECTION('ref_axis',(-1.,1.49975978266142E-32,-1.22464679914735E-16));
#7637=DIRECTION('',(0.,1.,1.224646799147E-16));
#7638=DIRECTION('center_axis',(1.22464679914735E-16,1.224646799147E-16,
-1.));
#7639=DIRECTION('ref_axis',(-3.42113882891808E-48,1.,1.224646799147E-16));
#7640=DIRECTION('',(1.,-1.49975978266142E-32,1.22464679914735E-16));
#7641=DIRECTION('center_axis',(1.22464679914735E-16,1.224646799147E-16,
-1.));
#7642=DIRECTION('ref_axis',(1.,-1.49975978266142E-32,1.22464679914735E-16));
#7643=DIRECTION('',(0.,-1.,-1.224646799147E-16));
#7644=DIRECTION('center_axis',(1.22464679914735E-16,1.224646799147E-16,
-1.));
#7645=DIRECTION('ref_axis',(0.,-1.,-1.224646799147E-16));
#7646=DIRECTION('',(-1.,1.49975978266142E-32,-1.22464679914735E-16));
#7647=DIRECTION('center_axis',(1.22464679914735E-16,1.224646799147E-16,
-1.));
#7648=DIRECTION('ref_axis',(-1.,1.49975978266142E-32,-1.22464679914735E-16));
#7649=DIRECTION('',(0.,1.,1.224646799147E-16));
#7650=DIRECTION('center_axis',(-1.,-4.03717463500057E-17,0.));
#7651=DIRECTION('ref_axis',(4.03717463500057E-17,-1.,0.));
#7652=DIRECTION('',(0.,0.,1.));
#7653=DIRECTION('',(1.21115239050017E-16,1.,0.));
#7654=DIRECTION('',(0.,0.,-1.));
#7655=DIRECTION('center_axis',(0.,0.,1.));
#7656=DIRECTION('ref_axis',(-1.,0.,0.));
#7657=DIRECTION('center_axis',(0.,0.,-1.));
#7658=DIRECTION('ref_axis',(-1.,0.,0.));
#7659=DIRECTION('center_axis',(-1.22464679914735E-16,-2.449293598294E-16,
1.));
#7660=DIRECTION('ref_axis',(-1.49975978266143E-32,1.,2.449293598294E-16));
#7661=DIRECTION('center_axis',(1.22464679914735E-16,1.224646799147E-16,
-1.));
#7662=DIRECTION('ref_axis',(-3.42113882891808E-48,1.,1.224646799147E-16));
#7663=DIRECTION('',(-1.22464679914735E-16,-2.449293598294E-16,1.));
#7664=DIRECTION('',(-1.22464679914735E-16,-2.449293598294E-16,1.));
#7665=DIRECTION('center_axis',(1.49975978266143E-32,-1.,-2.449293598294E-16));
#7666=DIRECTION('ref_axis',(1.,-1.49975978266142E-32,1.22464679914735E-16));
#7667=DIRECTION('',(1.,-1.49975978266142E-32,1.22464679914735E-16));
#7668=DIRECTION('',(-1.22464679914735E-16,-2.449293598294E-16,1.));
#7669=DIRECTION('center_axis',(-1.22464679914735E-16,-2.449293598294E-16,
1.));
#7670=DIRECTION('ref_axis',(1.,-1.49975978266142E-32,1.22464679914735E-16));
#7671=DIRECTION('center_axis',(1.22464679914735E-16,1.224646799147E-16,
-1.));
#7672=DIRECTION('ref_axis',(1.,-1.49975978266142E-32,1.22464679914735E-16));
#7673=DIRECTION('',(-1.22464679914735E-16,-2.449293598294E-16,1.));
#7674=DIRECTION('center_axis',(-1.,1.49975978266142E-32,-1.22464679914735E-16));
#7675=DIRECTION('ref_axis',(0.,-1.,-1.224646799147E-16));
#7676=DIRECTION('',(0.,-1.,-1.224646799147E-16));
#7677=DIRECTION('',(-1.22464679914735E-16,-2.449293598294E-16,1.));
#7678=DIRECTION('center_axis',(-1.22464679914735E-16,-2.449293598294E-16,
1.));
#7679=DIRECTION('ref_axis',(1.49975978266143E-32,-1.,-2.449293598294E-16));
#7680=DIRECTION('center_axis',(1.22464679914735E-16,1.224646799147E-16,
-1.));
#7681=DIRECTION('ref_axis',(0.,-1.,-1.224646799147E-16));
#7682=DIRECTION('',(-1.22464679914735E-16,-2.449293598294E-16,1.));
#7683=DIRECTION('center_axis',(-1.49975978266143E-32,1.,2.449293598294E-16));
#7684=DIRECTION('ref_axis',(-1.,1.49975978266142E-32,-1.22464679914735E-16));
#7685=DIRECTION('',(-1.,1.49975978266142E-32,-1.22464679914735E-16));
#7686=DIRECTION('',(-1.22464679914735E-16,-2.449293598294E-16,1.));
#7687=DIRECTION('center_axis',(-1.22464679914735E-16,-2.449293598294E-16,
1.));
#7688=DIRECTION('ref_axis',(-1.,1.49975978266142E-32,-1.22464679914735E-16));
#7689=DIRECTION('center_axis',(1.22464679914735E-16,1.224646799147E-16,
-1.));
#7690=DIRECTION('ref_axis',(-1.,1.49975978266142E-32,-1.22464679914735E-16));
#7691=DIRECTION('',(-1.22464679914735E-16,-2.449293598294E-16,1.));
#7692=DIRECTION('center_axis',(1.,-1.49975978266142E-32,1.22464679914735E-16));
#7693=DIRECTION('ref_axis',(0.,1.,1.224646799147E-16));
#7694=DIRECTION('',(0.,1.,1.224646799147E-16));
#7695=DIRECTION('center_axis',(-1.22464679914735E-16,-2.449293598294E-16,
1.));
#7696=DIRECTION('ref_axis',(-1.49975978266143E-32,1.,2.449293598294E-16));
#7697=DIRECTION('center_axis',(1.22464679914735E-16,1.224646799147E-16,
-1.));
#7698=DIRECTION('ref_axis',(0.,1.,1.224646799147E-16));
#7699=DIRECTION('',(-1.22464679914735E-16,-2.449293598294E-16,1.));
#7700=DIRECTION('',(-1.22464679914735E-16,-2.449293598294E-16,1.));
#7701=DIRECTION('center_axis',(1.49975978266143E-32,-1.,-2.449293598294E-16));
#7702=DIRECTION('ref_axis',(1.,-1.49975978266142E-32,1.22464679914735E-16));
#7703=DIRECTION('',(1.,-1.49975978266142E-32,1.22464679914735E-16));
#7704=DIRECTION('',(-1.22464679914735E-16,-2.449293598294E-16,1.));
#7705=DIRECTION('center_axis',(-1.22464679914735E-16,-2.449293598294E-16,
1.));
#7706=DIRECTION('ref_axis',(1.,-1.49975978266142E-32,1.22464679914735E-16));
#7707=DIRECTION('center_axis',(1.22464679914735E-16,1.224646799147E-16,
-1.));
#7708=DIRECTION('ref_axis',(1.,-1.49975978266142E-32,1.22464679914735E-16));
#7709=DIRECTION('',(-1.22464679914735E-16,-2.449293598294E-16,1.));
#7710=DIRECTION('center_axis',(-1.,1.49975978266142E-32,-1.22464679914735E-16));
#7711=DIRECTION('ref_axis',(0.,-1.,-1.224646799147E-16));
#7712=DIRECTION('',(0.,-1.,-1.224646799147E-16));
#7713=DIRECTION('',(-1.22464679914735E-16,-2.449293598294E-16,1.));
#7714=DIRECTION('center_axis',(-1.22464679914735E-16,-2.449293598294E-16,
1.));
#7715=DIRECTION('ref_axis',(1.49975978266143E-32,-1.,-2.449293598294E-16));
#7716=DIRECTION('center_axis',(1.22464679914735E-16,1.224646799147E-16,
-1.));
#7717=DIRECTION('ref_axis',(1.71056941445898E-48,-1.,-1.224646799147E-16));
#7718=DIRECTION('',(-1.22464679914735E-16,-2.449293598294E-16,1.));
#7719=DIRECTION('center_axis',(-1.49975978266143E-32,1.,2.449293598294E-16));
#7720=DIRECTION('ref_axis',(-1.,1.49975978266142E-32,-1.22464679914735E-16));
#7721=DIRECTION('',(-1.,1.49975978266142E-32,-1.22464679914735E-16));
#7722=DIRECTION('',(-1.22464679914735E-16,-2.449293598294E-16,1.));
#7723=DIRECTION('center_axis',(-1.22464679914735E-16,-2.449293598294E-16,
1.));
#7724=DIRECTION('ref_axis',(-1.,1.49975978266142E-32,-1.22464679914735E-16));
#7725=DIRECTION('center_axis',(1.22464679914735E-16,1.224646799147E-16,
-1.));
#7726=DIRECTION('ref_axis',(-1.,1.49975978266142E-32,-1.22464679914735E-16));
#7727=DIRECTION('',(-1.22464679914735E-16,-2.449293598294E-16,1.));
#7728=DIRECTION('center_axis',(1.,-1.49975978266142E-32,1.22464679914735E-16));
#7729=DIRECTION('ref_axis',(0.,1.,1.224646799147E-16));
#7730=DIRECTION('',(0.,1.,1.224646799147E-16));
#7731=DIRECTION('center_axis',(-1.22464679914735E-16,-2.449293598294E-16,
1.));
#7732=DIRECTION('ref_axis',(-1.49975978266143E-32,1.,2.449293598294E-16));
#7733=DIRECTION('center_axis',(1.22464679914735E-16,1.224646799147E-16,
-1.));
#7734=DIRECTION('ref_axis',(-3.42113882891808E-48,1.,1.224646799147E-16));
#7735=DIRECTION('',(-1.22464679914735E-16,-2.449293598294E-16,1.));
#7736=DIRECTION('',(-1.22464679914735E-16,-2.449293598294E-16,1.));
#7737=DIRECTION('center_axis',(1.49975978266143E-32,-1.,-2.449293598294E-16));
#7738=DIRECTION('ref_axis',(1.,-1.49975978266142E-32,1.22464679914735E-16));
#7739=DIRECTION('',(1.,-1.49975978266142E-32,1.22464679914735E-16));
#7740=DIRECTION('',(-1.22464679914735E-16,-2.449293598294E-16,1.));
#7741=DIRECTION('center_axis',(-1.22464679914735E-16,-2.449293598294E-16,
1.));
#7742=DIRECTION('ref_axis',(1.,-1.49975978266142E-32,1.22464679914735E-16));
#7743=DIRECTION('center_axis',(1.22464679914735E-16,1.224646799147E-16,
-1.));
#7744=DIRECTION('ref_axis',(1.,-1.49975978266142E-32,1.22464679914735E-16));
#7745=DIRECTION('',(-1.22464679914735E-16,-2.449293598294E-16,1.));
#7746=DIRECTION('center_axis',(-1.,1.49975978266142E-32,-1.22464679914735E-16));
#7747=DIRECTION('ref_axis',(0.,-1.,-1.224646799147E-16));
#7748=DIRECTION('',(0.,-1.,-1.224646799147E-16));
#7749=DIRECTION('',(-1.22464679914735E-16,-2.449293598294E-16,1.));
#7750=DIRECTION('center_axis',(-1.22464679914735E-16,-2.449293598294E-16,
1.));
#7751=DIRECTION('ref_axis',(1.49975978266143E-32,-1.,-2.449293598294E-16));
#7752=DIRECTION('center_axis',(1.22464679914735E-16,1.224646799147E-16,
-1.));
#7753=DIRECTION('ref_axis',(0.,-1.,-1.224646799147E-16));
#7754=DIRECTION('',(-1.22464679914735E-16,-2.449293598294E-16,1.));
#7755=DIRECTION('center_axis',(-1.49975978266143E-32,1.,2.449293598294E-16));
#7756=DIRECTION('ref_axis',(-1.,1.49975978266142E-32,-1.22464679914735E-16));
#7757=DIRECTION('',(-1.,1.49975978266142E-32,-1.22464679914735E-16));
#7758=DIRECTION('',(-1.22464679914735E-16,-2.449293598294E-16,1.));
#7759=DIRECTION('center_axis',(-1.22464679914735E-16,-2.449293598294E-16,
1.));
#7760=DIRECTION('ref_axis',(-1.,1.49975978266142E-32,-1.22464679914735E-16));
#7761=DIRECTION('center_axis',(1.22464679914735E-16,1.224646799147E-16,
-1.));
#7762=DIRECTION('ref_axis',(-1.,1.49975978266142E-32,-1.22464679914735E-16));
#7763=DIRECTION('',(-1.22464679914735E-16,-2.449293598294E-16,1.));
#7764=DIRECTION('center_axis',(1.,-1.49975978266142E-32,1.22464679914735E-16));
#7765=DIRECTION('ref_axis',(0.,1.,1.224646799147E-16));
#7766=DIRECTION('',(0.,1.,1.224646799147E-16));
#7767=DIRECTION('center_axis',(-1.22464679914735E-16,-2.449293598294E-16,
1.));
#7768=DIRECTION('ref_axis',(-1.49975978266143E-32,1.,2.449293598294E-16));
#7769=DIRECTION('center_axis',(1.22464679914735E-16,1.224646799147E-16,
-1.));
#7770=DIRECTION('ref_axis',(0.,1.,1.224646799147E-16));
#7771=DIRECTION('',(-1.22464679914735E-16,-2.449293598294E-16,1.));
#7772=DIRECTION('',(-1.22464679914735E-16,-2.449293598294E-16,1.));
#7773=DIRECTION('center_axis',(1.49975978266143E-32,-1.,-2.449293598294E-16));
#7774=DIRECTION('ref_axis',(1.,-1.49975978266142E-32,1.22464679914735E-16));
#7775=DIRECTION('',(1.,-1.49975978266142E-32,1.22464679914735E-16));
#7776=DIRECTION('',(-1.22464679914735E-16,-2.449293598294E-16,1.));
#7777=DIRECTION('center_axis',(-1.22464679914735E-16,-2.449293598294E-16,
1.));
#7778=DIRECTION('ref_axis',(1.,-1.49975978266142E-32,1.22464679914735E-16));
#7779=DIRECTION('center_axis',(1.22464679914735E-16,1.224646799147E-16,
-1.));
#7780=DIRECTION('ref_axis',(1.,-1.49975978266142E-32,1.22464679914735E-16));
#7781=DIRECTION('',(-1.22464679914735E-16,-2.449293598294E-16,1.));
#7782=DIRECTION('center_axis',(-1.,1.49975978266142E-32,-1.22464679914735E-16));
#7783=DIRECTION('ref_axis',(0.,-1.,-1.224646799147E-16));
#7784=DIRECTION('',(0.,-1.,-1.224646799147E-16));
#7785=DIRECTION('',(-1.22464679914735E-16,-2.449293598294E-16,1.));
#7786=DIRECTION('center_axis',(-1.22464679914735E-16,-2.449293598294E-16,
1.));
#7787=DIRECTION('ref_axis',(1.49975978266143E-32,-1.,-2.449293598294E-16));
#7788=DIRECTION('center_axis',(1.22464679914735E-16,1.224646799147E-16,
-1.));
#7789=DIRECTION('ref_axis',(1.71056941445898E-48,-1.,-1.224646799147E-16));
#7790=DIRECTION('',(-1.22464679914735E-16,-2.449293598294E-16,1.));
#7791=DIRECTION('center_axis',(-1.49975978266143E-32,1.,2.449293598294E-16));
#7792=DIRECTION('ref_axis',(-1.,1.49975978266142E-32,-1.22464679914735E-16));
#7793=DIRECTION('',(-1.,1.49975978266142E-32,-1.22464679914735E-16));
#7794=DIRECTION('',(-1.22464679914735E-16,-2.449293598294E-16,1.));
#7795=DIRECTION('center_axis',(-1.22464679914735E-16,-2.449293598294E-16,
1.));
#7796=DIRECTION('ref_axis',(-1.,1.49975978266142E-32,-1.22464679914735E-16));
#7797=DIRECTION('center_axis',(1.22464679914735E-16,1.224646799147E-16,
-1.));
#7798=DIRECTION('ref_axis',(-1.,1.49975978266142E-32,-1.22464679914735E-16));
#7799=DIRECTION('',(-1.22464679914735E-16,-2.449293598294E-16,1.));
#7800=DIRECTION('center_axis',(1.,-1.49975978266142E-32,1.22464679914735E-16));
#7801=DIRECTION('ref_axis',(0.,1.,1.224646799147E-16));
#7802=DIRECTION('',(0.,1.,1.224646799147E-16));
#7803=DIRECTION('center_axis',(-1.22464679914735E-16,-2.449293598294E-16,
1.));
#7804=DIRECTION('ref_axis',(-1.49975978266143E-32,1.,2.449293598294E-16));
#7805=DIRECTION('center_axis',(1.22464679914735E-16,1.224646799147E-16,
-1.));
#7806=DIRECTION('ref_axis',(-1.71056941445898E-48,1.,1.224646799147E-16));
#7807=DIRECTION('',(-1.22464679914735E-16,-2.449293598294E-16,1.));
#7808=DIRECTION('',(-1.22464679914735E-16,-2.449293598294E-16,1.));
#7809=DIRECTION('center_axis',(1.49975978266143E-32,-1.,-2.449293598294E-16));
#7810=DIRECTION('ref_axis',(1.,-1.49975978266142E-32,1.22464679914735E-16));
#7811=DIRECTION('',(1.,-1.49975978266142E-32,1.22464679914735E-16));
#7812=DIRECTION('',(-1.22464679914735E-16,-2.449293598294E-16,1.));
#7813=DIRECTION('center_axis',(-1.22464679914735E-16,-2.449293598294E-16,
1.));
#7814=DIRECTION('ref_axis',(1.,-1.49975978266142E-32,1.22464679914735E-16));
#7815=DIRECTION('center_axis',(1.22464679914735E-16,1.224646799147E-16,
-1.));
#7816=DIRECTION('ref_axis',(1.,-1.49975978266142E-32,1.22464679914735E-16));
#7817=DIRECTION('',(-1.22464679914735E-16,-2.449293598294E-16,1.));
#7818=DIRECTION('center_axis',(-1.,1.49975978266142E-32,-1.22464679914735E-16));
#7819=DIRECTION('ref_axis',(0.,-1.,-1.224646799147E-16));
#7820=DIRECTION('',(0.,-1.,-1.224646799147E-16));
#7821=DIRECTION('',(-1.22464679914735E-16,-2.449293598294E-16,1.));
#7822=DIRECTION('center_axis',(-1.22464679914735E-16,-2.449293598294E-16,
1.));
#7823=DIRECTION('ref_axis',(7.1054273576009E-14,-1.,-2.44929359829391E-16));
#7824=DIRECTION('center_axis',(1.22464679914735E-16,1.224646799147E-16,
-1.));
#7825=DIRECTION('ref_axis',(7.1054273576009E-14,-1.,-1.22464679914691E-16));
#7826=DIRECTION('',(-1.22464679914735E-16,-2.449293598294E-16,1.));
#7827=DIRECTION('center_axis',(-1.49975978266143E-32,1.,2.449293598294E-16));
#7828=DIRECTION('ref_axis',(-1.,1.49975978266142E-32,-1.22464679914735E-16));
#7829=DIRECTION('',(-1.,1.49975978266142E-32,-1.22464679914735E-16));
#7830=DIRECTION('',(-1.22464679914735E-16,-2.449293598294E-16,1.));
#7831=DIRECTION('center_axis',(-1.22464679914735E-16,-2.449293598294E-16,
1.));
#7832=DIRECTION('ref_axis',(-1.,1.49975978266142E-32,-1.22464679914735E-16));
#7833=DIRECTION('center_axis',(1.22464679914735E-16,1.224646799147E-16,
-1.));
#7834=DIRECTION('ref_axis',(-1.,1.49975978266142E-32,-1.22464679914735E-16));
#7835=DIRECTION('',(-1.22464679914735E-16,-2.449293598294E-16,1.));
#7836=DIRECTION('center_axis',(1.,-1.49975978266142E-32,1.22464679914735E-16));
#7837=DIRECTION('ref_axis',(0.,1.,1.224646799147E-16));
#7838=DIRECTION('',(0.,1.,1.224646799147E-16));
#7839=DIRECTION('center_axis',(-1.22464679914735E-16,-2.449293598294E-16,
1.));
#7840=DIRECTION('ref_axis',(-1.49975978266143E-32,1.,2.449293598294E-16));
#7841=DIRECTION('center_axis',(1.22464679914735E-16,1.224646799147E-16,
-1.));
#7842=DIRECTION('ref_axis',(0.,1.,1.224646799147E-16));
#7843=DIRECTION('',(-1.22464679914735E-16,-2.449293598294E-16,1.));
#7844=DIRECTION('center_axis',(-1.49975978266143E-32,1.,2.449293598294E-16));
#7845=DIRECTION('ref_axis',(-1.,1.49975978266142E-32,-1.22464679914735E-16));
#7846=DIRECTION('',(-1.,1.49975978266142E-32,-1.22464679914735E-16));
#7847=DIRECTION('',(-1.22464679914735E-16,-2.449293598294E-16,1.));
#7848=DIRECTION('center_axis',(-1.22464679914735E-16,-2.449293598294E-16,
1.));
#7849=DIRECTION('ref_axis',(-1.,1.49975978266142E-32,-1.22464679914735E-16));
#7850=DIRECTION('center_axis',(1.22464679914735E-16,1.224646799147E-16,
-1.));
#7851=DIRECTION('ref_axis',(-1.,1.49975978266142E-32,-1.22464679914735E-16));
#7852=DIRECTION('',(-1.22464679914735E-16,-2.449293598294E-16,1.));
#7853=DIRECTION('center_axis',(1.,-1.49975978266142E-32,1.22464679914735E-16));
#7854=DIRECTION('ref_axis',(0.,1.,1.224646799147E-16));
#7855=DIRECTION('',(0.,1.,1.224646799147E-16));
#7856=DIRECTION('center_axis',(-1.22464679914735E-16,-2.449293598294E-16,
1.));
#7857=DIRECTION('ref_axis',(-1.49975978266143E-32,1.,2.449293598294E-16));
#7858=DIRECTION('center_axis',(1.22464679914735E-16,1.224646799147E-16,
-1.));
#7859=DIRECTION('ref_axis',(-1.71056941445898E-48,1.,1.224646799147E-16));
#7860=DIRECTION('',(-1.22464679914735E-16,-2.449293598294E-16,1.));
#7861=DIRECTION('',(-1.22464679914735E-16,-2.449293598294E-16,1.));
#7862=DIRECTION('center_axis',(1.49975978266143E-32,-1.,-2.449293598294E-16));
#7863=DIRECTION('ref_axis',(1.,-1.49975978266142E-32,1.22464679914735E-16));
#7864=DIRECTION('',(1.,-1.49975978266142E-32,1.22464679914735E-16));
#7865=DIRECTION('',(-1.22464679914735E-16,-2.449293598294E-16,1.));
#7866=DIRECTION('center_axis',(-1.22464679914735E-16,-2.449293598294E-16,
1.));
#7867=DIRECTION('ref_axis',(1.,-1.49975978266142E-32,1.22464679914735E-16));
#7868=DIRECTION('center_axis',(1.22464679914735E-16,1.224646799147E-16,
-1.));
#7869=DIRECTION('ref_axis',(1.,-1.49975978266142E-32,1.22464679914735E-16));
#7870=DIRECTION('',(-1.22464679914735E-16,-2.449293598294E-16,1.));
#7871=DIRECTION('center_axis',(-1.,1.49975978266142E-32,-1.22464679914735E-16));
#7872=DIRECTION('ref_axis',(0.,-1.,-1.224646799147E-16));
#7873=DIRECTION('',(0.,-1.,-1.224646799147E-16));
#7874=DIRECTION('',(-1.22464679914735E-16,-2.449293598294E-16,1.));
#7875=DIRECTION('center_axis',(-1.22464679914735E-16,-2.449293598294E-16,
1.));
#7876=DIRECTION('ref_axis',(1.49975978266143E-32,-1.,-2.449293598294E-16));
#7877=DIRECTION('center_axis',(1.22464679914735E-16,1.224646799147E-16,
-1.));
#7878=DIRECTION('ref_axis',(1.71056941445898E-48,-1.,-1.224646799147E-16));
#7879=DIRECTION('',(-1.22464679914735E-16,-2.449293598294E-16,1.));
#7880=DIRECTION('center_axis',(-1.49975978266143E-32,1.,2.449293598294E-16));
#7881=DIRECTION('ref_axis',(-1.,1.49975978266142E-32,-1.22464679914735E-16));
#7882=DIRECTION('',(-1.,1.49975978266142E-32,-1.22464679914735E-16));
#7883=DIRECTION('',(-1.22464679914735E-16,-2.449293598294E-16,1.));
#7884=DIRECTION('center_axis',(-1.22464679914735E-16,-2.449293598294E-16,
1.));
#7885=DIRECTION('ref_axis',(-1.,1.49975978266142E-32,-1.22464679914735E-16));
#7886=DIRECTION('center_axis',(1.22464679914735E-16,1.224646799147E-16,
-1.));
#7887=DIRECTION('ref_axis',(-1.,1.49975978266142E-32,-1.22464679914735E-16));
#7888=DIRECTION('',(-1.22464679914735E-16,-2.449293598294E-16,1.));
#7889=DIRECTION('center_axis',(1.,-1.49975978266142E-32,1.22464679914735E-16));
#7890=DIRECTION('ref_axis',(0.,1.,1.224646799147E-16));
#7891=DIRECTION('',(0.,1.,1.224646799147E-16));
#7892=DIRECTION('center_axis',(-1.22464679914735E-16,-2.449293598294E-16,
1.));
#7893=DIRECTION('ref_axis',(-1.49975978266143E-32,1.,2.449293598294E-16));
#7894=DIRECTION('center_axis',(1.22464679914735E-16,1.224646799147E-16,
-1.));
#7895=DIRECTION('ref_axis',(-1.71056941445898E-48,1.,1.224646799147E-16));
#7896=DIRECTION('',(-1.22464679914735E-16,-2.449293598294E-16,1.));
#7897=DIRECTION('',(-1.22464679914735E-16,-2.449293598294E-16,1.));
#7898=DIRECTION('center_axis',(1.49975978266143E-32,-1.,-2.449293598294E-16));
#7899=DIRECTION('ref_axis',(1.,-1.49975978266142E-32,1.22464679914735E-16));
#7900=DIRECTION('',(1.,-1.49975978266142E-32,1.22464679914735E-16));
#7901=DIRECTION('',(-1.22464679914735E-16,-2.449293598294E-16,1.));
#7902=DIRECTION('center_axis',(-1.22464679914735E-16,-2.449293598294E-16,
1.));
#7903=DIRECTION('ref_axis',(1.,-1.49975978266142E-32,1.22464679914735E-16));
#7904=DIRECTION('center_axis',(1.22464679914735E-16,1.224646799147E-16,
-1.));
#7905=DIRECTION('ref_axis',(1.,-1.49975978266142E-32,1.22464679914735E-16));
#7906=DIRECTION('',(-1.22464679914735E-16,-2.449293598294E-16,1.));
#7907=DIRECTION('center_axis',(-1.,1.49975978266142E-32,-1.22464679914735E-16));
#7908=DIRECTION('ref_axis',(0.,-1.,-1.224646799147E-16));
#7909=DIRECTION('',(0.,-1.,-1.224646799147E-16));
#7910=DIRECTION('',(-1.22464679914735E-16,-2.449293598294E-16,1.));
#7911=DIRECTION('center_axis',(-1.22464679914735E-16,-2.449293598294E-16,
1.));
#7912=DIRECTION('ref_axis',(3.55271367880045E-14,-1.,-2.44929359829396E-16));
#7913=DIRECTION('center_axis',(1.22464679914735E-16,1.224646799147E-16,
-1.));
#7914=DIRECTION('ref_axis',(3.55271367880045E-14,-1.,-1.22464679914696E-16));
#7915=DIRECTION('',(-1.22464679914735E-16,-2.449293598294E-16,1.));
#7916=DIRECTION('center_axis',(-1.49975978266143E-32,1.,2.449293598294E-16));
#7917=DIRECTION('ref_axis',(-1.,1.49975978266142E-32,-1.22464679914735E-16));
#7918=DIRECTION('',(-1.,1.49975978266142E-32,-1.22464679914735E-16));
#7919=DIRECTION('',(-1.22464679914735E-16,-2.449293598294E-16,1.));
#7920=DIRECTION('center_axis',(-1.22464679914735E-16,-2.449293598294E-16,
1.));
#7921=DIRECTION('ref_axis',(-1.,1.49975978266142E-32,-1.22464679914735E-16));
#7922=DIRECTION('center_axis',(1.22464679914735E-16,1.224646799147E-16,
-1.));
#7923=DIRECTION('ref_axis',(-1.,1.49975978266142E-32,-1.22464679914735E-16));
#7924=DIRECTION('',(-1.22464679914735E-16,-2.449293598294E-16,1.));
#7925=DIRECTION('center_axis',(1.,-1.49975978266142E-32,1.22464679914735E-16));
#7926=DIRECTION('ref_axis',(0.,1.,1.224646799147E-16));
#7927=DIRECTION('',(0.,1.,1.224646799147E-16));
#7928=DIRECTION('center_axis',(-1.22464679914735E-16,-2.449293598294E-16,
1.));
#7929=DIRECTION('ref_axis',(-1.49975978266143E-32,1.,2.449293598294E-16));
#7930=DIRECTION('center_axis',(1.22464679914735E-16,1.224646799147E-16,
-1.));
#7931=DIRECTION('ref_axis',(-1.71056941445898E-48,1.,1.224646799147E-16));
#7932=DIRECTION('',(-1.22464679914735E-16,-2.449293598294E-16,1.));
#7933=DIRECTION('',(-1.22464679914735E-16,-2.449293598294E-16,1.));
#7934=DIRECTION('center_axis',(1.49975978266143E-32,-1.,-2.449293598294E-16));
#7935=DIRECTION('ref_axis',(1.,-1.49975978266142E-32,1.22464679914735E-16));
#7936=DIRECTION('',(1.,-1.49975978266142E-32,1.22464679914735E-16));
#7937=DIRECTION('',(-1.22464679914735E-16,-2.449293598294E-16,1.));
#7938=DIRECTION('center_axis',(-1.22464679914735E-16,-2.449293598294E-16,
1.));
#7939=DIRECTION('ref_axis',(1.,-1.49975978266142E-32,1.22464679914735E-16));
#7940=DIRECTION('center_axis',(1.22464679914735E-16,1.224646799147E-16,
-1.));
#7941=DIRECTION('ref_axis',(1.,-1.49975978266142E-32,1.22464679914735E-16));
#7942=DIRECTION('',(-1.22464679914735E-16,-2.449293598294E-16,1.));
#7943=DIRECTION('center_axis',(-1.,1.49975978266142E-32,-1.22464679914735E-16));
#7944=DIRECTION('ref_axis',(0.,-1.,-1.224646799147E-16));
#7945=DIRECTION('',(0.,-1.,-1.224646799147E-16));
#7946=DIRECTION('',(-1.22464679914735E-16,-2.449293598294E-16,1.));
#7947=DIRECTION('center_axis',(-1.22464679914735E-16,-2.449293598294E-16,
1.));
#7948=DIRECTION('ref_axis',(1.49975978266143E-32,-1.,-2.449293598294E-16));
#7949=DIRECTION('center_axis',(1.22464679914735E-16,1.224646799147E-16,
-1.));
#7950=DIRECTION('ref_axis',(1.71056941445898E-48,-1.,-1.224646799147E-16));
#7951=DIRECTION('',(-1.22464679914735E-16,-2.449293598294E-16,1.));
#7952=DIRECTION('center_axis',(-1.49975978266143E-32,1.,2.449293598294E-16));
#7953=DIRECTION('ref_axis',(-1.,1.49975978266142E-32,-1.22464679914735E-16));
#7954=DIRECTION('',(-1.,1.49975978266142E-32,-1.22464679914735E-16));
#7955=DIRECTION('',(-1.22464679914735E-16,-2.449293598294E-16,1.));
#7956=DIRECTION('center_axis',(-1.22464679914735E-16,-2.449293598294E-16,
1.));
#7957=DIRECTION('ref_axis',(-1.,1.49975978266142E-32,-1.22464679914735E-16));
#7958=DIRECTION('center_axis',(1.22464679914735E-16,1.224646799147E-16,
-1.));
#7959=DIRECTION('ref_axis',(-1.,1.49975978266142E-32,-1.22464679914735E-16));
#7960=DIRECTION('',(-1.22464679914735E-16,-2.449293598294E-16,1.));
#7961=DIRECTION('center_axis',(1.,-1.49975978266142E-32,1.22464679914735E-16));
#7962=DIRECTION('ref_axis',(0.,1.,1.224646799147E-16));
#7963=DIRECTION('',(0.,1.,1.224646799147E-16));
#7964=DIRECTION('center_axis',(-1.22464679914735E-16,-2.449293598294E-16,
1.));
#7965=DIRECTION('ref_axis',(-1.49975978266143E-32,1.,2.449293598294E-16));
#7966=DIRECTION('center_axis',(1.22464679914735E-16,1.224646799147E-16,
-1.));
#7967=DIRECTION('ref_axis',(-3.42113882891808E-48,1.,1.224646799147E-16));
#7968=DIRECTION('',(-1.22464679914735E-16,-2.449293598294E-16,1.));
#7969=DIRECTION('center_axis',(-1.49975978266143E-32,1.,2.449293598294E-16));
#7970=DIRECTION('ref_axis',(-1.,1.49975978266142E-32,-1.22464679914735E-16));
#7971=DIRECTION('',(-1.,1.49975978266142E-32,-1.22464679914735E-16));
#7972=DIRECTION('',(-1.22464679914735E-16,-2.449293598294E-16,1.));
#7973=DIRECTION('center_axis',(-1.22464679914735E-16,-2.449293598294E-16,
1.));
#7974=DIRECTION('ref_axis',(-1.,1.49975978266142E-32,-1.22464679914735E-16));
#7975=DIRECTION('center_axis',(1.22464679914735E-16,1.224646799147E-16,
-1.));
#7976=DIRECTION('ref_axis',(-1.,1.49975978266142E-32,-1.22464679914735E-16));
#7977=DIRECTION('',(-1.22464679914735E-16,-2.449293598294E-16,1.));
#7978=DIRECTION('center_axis',(1.,-1.49975978266142E-32,1.22464679914735E-16));
#7979=DIRECTION('ref_axis',(0.,1.,1.224646799147E-16));
#7980=DIRECTION('',(0.,1.,1.224646799147E-16));
#7981=DIRECTION('center_axis',(-1.22464679914735E-16,-2.449293598294E-16,
1.));
#7982=DIRECTION('ref_axis',(-1.49975978266143E-32,1.,2.449293598294E-16));
#7983=DIRECTION('center_axis',(1.22464679914735E-16,1.224646799147E-16,
-1.));
#7984=DIRECTION('ref_axis',(0.,1.,1.224646799147E-16));
#7985=DIRECTION('',(-1.22464679914735E-16,-2.449293598294E-16,1.));
#7986=DIRECTION('',(-1.22464679914735E-16,-2.449293598294E-16,1.));
#7987=DIRECTION('center_axis',(1.49975978266143E-32,-1.,-2.449293598294E-16));
#7988=DIRECTION('ref_axis',(1.,-1.49975978266142E-32,1.22464679914735E-16));
#7989=DIRECTION('',(1.,-1.49975978266142E-32,1.22464679914735E-16));
#7990=DIRECTION('',(-1.22464679914735E-16,-2.449293598294E-16,1.));
#7991=DIRECTION('center_axis',(-1.22464679914735E-16,-2.449293598294E-16,
1.));
#7992=DIRECTION('ref_axis',(1.,-1.49975978266142E-32,1.22464679914735E-16));
#7993=DIRECTION('center_axis',(1.22464679914735E-16,1.224646799147E-16,
-1.));
#7994=DIRECTION('ref_axis',(1.,-1.49975978266142E-32,1.22464679914735E-16));
#7995=DIRECTION('',(-1.22464679914735E-16,-2.449293598294E-16,1.));
#7996=DIRECTION('center_axis',(-1.,1.49975978266142E-32,-1.22464679914735E-16));
#7997=DIRECTION('ref_axis',(0.,-1.,-1.224646799147E-16));
#7998=DIRECTION('',(0.,-1.,-1.224646799147E-16));
#7999=DIRECTION('',(-1.22464679914735E-16,-2.449293598294E-16,1.));
#8000=DIRECTION('center_axis',(-1.22464679914735E-16,-2.449293598294E-16,
1.));
#8001=DIRECTION('ref_axis',(1.49975978266143E-32,-1.,-2.449293598294E-16));
#8002=DIRECTION('center_axis',(1.22464679914735E-16,1.224646799147E-16,
-1.));
#8003=DIRECTION('ref_axis',(1.71056941445898E-48,-1.,-1.224646799147E-16));
#8004=DIRECTION('',(-1.22464679914735E-16,-2.449293598294E-16,1.));
#8005=DIRECTION('center_axis',(-1.49975978266143E-32,1.,2.449293598294E-16));
#8006=DIRECTION('ref_axis',(-1.,1.49975978266142E-32,-1.22464679914735E-16));
#8007=DIRECTION('',(-1.,1.49975978266142E-32,-1.22464679914735E-16));
#8008=DIRECTION('',(-1.22464679914735E-16,-2.449293598294E-16,1.));
#8009=DIRECTION('center_axis',(-1.22464679914735E-16,-2.449293598294E-16,
1.));
#8010=DIRECTION('ref_axis',(-1.,1.49975978266142E-32,-1.22464679914735E-16));
#8011=DIRECTION('center_axis',(1.22464679914735E-16,1.224646799147E-16,
-1.));
#8012=DIRECTION('ref_axis',(-1.,1.49975978266142E-32,-1.22464679914735E-16));
#8013=DIRECTION('',(-1.22464679914735E-16,-2.449293598294E-16,1.));
#8014=DIRECTION('center_axis',(1.,-1.49975978266142E-32,1.22464679914735E-16));
#8015=DIRECTION('ref_axis',(0.,1.,1.224646799147E-16));
#8016=DIRECTION('',(0.,1.,1.224646799147E-16));
#8017=DIRECTION('center_axis',(-1.22464679914735E-16,-2.449293598294E-16,
1.));
#8018=DIRECTION('ref_axis',(-1.49975978266143E-32,1.,2.449293598294E-16));
#8019=DIRECTION('center_axis',(1.22464679914735E-16,1.224646799147E-16,
-1.));
#8020=DIRECTION('ref_axis',(0.,1.,1.224646799147E-16));
#8021=DIRECTION('',(-1.22464679914735E-16,-2.449293598294E-16,1.));
#8022=DIRECTION('',(-1.22464679914735E-16,-2.449293598294E-16,1.));
#8023=DIRECTION('center_axis',(1.49975978266143E-32,-1.,-2.449293598294E-16));
#8024=DIRECTION('ref_axis',(1.,-1.49975978266142E-32,1.22464679914735E-16));
#8025=DIRECTION('',(1.,-1.49975978266142E-32,1.22464679914735E-16));
#8026=DIRECTION('',(-1.22464679914735E-16,-2.449293598294E-16,1.));
#8027=DIRECTION('center_axis',(-1.22464679914735E-16,-2.449293598294E-16,
1.));
#8028=DIRECTION('ref_axis',(1.,-1.49975978266142E-32,1.22464679914735E-16));
#8029=DIRECTION('center_axis',(1.22464679914735E-16,1.224646799147E-16,
-1.));
#8030=DIRECTION('ref_axis',(1.,-1.49975978266142E-32,1.22464679914735E-16));
#8031=DIRECTION('',(-1.22464679914735E-16,-2.449293598294E-16,1.));
#8032=DIRECTION('center_axis',(-1.,1.49975978266142E-32,-1.22464679914735E-16));
#8033=DIRECTION('ref_axis',(0.,-1.,-1.224646799147E-16));
#8034=DIRECTION('',(0.,-1.,-1.224646799147E-16));
#8035=DIRECTION('',(-1.22464679914735E-16,-2.449293598294E-16,1.));
#8036=DIRECTION('center_axis',(-1.22464679914735E-16,-2.449293598294E-16,
1.));
#8037=DIRECTION('ref_axis',(1.49975978266143E-32,-1.,-2.449293598294E-16));
#8038=DIRECTION('center_axis',(1.22464679914735E-16,1.224646799147E-16,
-1.));
#8039=DIRECTION('ref_axis',(1.71056941445898E-48,-1.,-1.224646799147E-16));
#8040=DIRECTION('',(-1.22464679914735E-16,-2.449293598294E-16,1.));
#8041=DIRECTION('center_axis',(-1.49975978266143E-32,1.,2.449293598294E-16));
#8042=DIRECTION('ref_axis',(-1.,1.49975978266142E-32,-1.22464679914735E-16));
#8043=DIRECTION('',(-1.,1.49975978266142E-32,-1.22464679914735E-16));
#8044=DIRECTION('',(-1.22464679914735E-16,-2.449293598294E-16,1.));
#8045=DIRECTION('center_axis',(-1.22464679914735E-16,-2.449293598294E-16,
1.));
#8046=DIRECTION('ref_axis',(-1.,1.49975978266142E-32,-1.22464679914735E-16));
#8047=DIRECTION('center_axis',(1.22464679914735E-16,1.224646799147E-16,
-1.));
#8048=DIRECTION('ref_axis',(-1.,1.49975978266142E-32,-1.22464679914735E-16));
#8049=DIRECTION('',(-1.22464679914735E-16,-2.449293598294E-16,1.));
#8050=DIRECTION('center_axis',(1.,-1.49975978266142E-32,1.22464679914735E-16));
#8051=DIRECTION('ref_axis',(0.,1.,1.224646799147E-16));
#8052=DIRECTION('',(0.,1.,1.224646799147E-16));
#8053=DIRECTION('center_axis',(-1.22464679914735E-16,-2.449293598294E-16,
1.));
#8054=DIRECTION('ref_axis',(-1.49975978266143E-32,1.,2.449293598294E-16));
#8055=DIRECTION('center_axis',(1.22464679914735E-16,1.224646799147E-16,
-1.));
#8056=DIRECTION('ref_axis',(-1.71056941445898E-48,1.,1.224646799147E-16));
#8057=DIRECTION('',(-1.22464679914735E-16,-2.449293598294E-16,1.));
#8058=DIRECTION('',(-1.22464679914735E-16,-2.449293598294E-16,1.));
#8059=DIRECTION('center_axis',(1.49975978266143E-32,-1.,-2.449293598294E-16));
#8060=DIRECTION('ref_axis',(1.,-1.49975978266142E-32,1.22464679914735E-16));
#8061=DIRECTION('',(1.,-1.49975978266142E-32,1.22464679914735E-16));
#8062=DIRECTION('',(-1.22464679914735E-16,-2.449293598294E-16,1.));
#8063=DIRECTION('center_axis',(-1.22464679914735E-16,-2.449293598294E-16,
1.));
#8064=DIRECTION('ref_axis',(1.,-1.49975978266142E-32,1.22464679914735E-16));
#8065=DIRECTION('center_axis',(1.22464679914735E-16,1.224646799147E-16,
-1.));
#8066=DIRECTION('ref_axis',(1.,-1.49975978266142E-32,1.22464679914735E-16));
#8067=DIRECTION('',(-1.22464679914735E-16,-2.449293598294E-16,1.));
#8068=DIRECTION('center_axis',(-1.,1.49975978266142E-32,-1.22464679914735E-16));
#8069=DIRECTION('ref_axis',(0.,-1.,-1.224646799147E-16));
#8070=DIRECTION('',(0.,-1.,-1.224646799147E-16));
#8071=DIRECTION('',(-1.22464679914735E-16,-2.449293598294E-16,1.));
#8072=DIRECTION('center_axis',(-1.22464679914735E-16,-2.449293598294E-16,
1.));
#8073=DIRECTION('ref_axis',(1.49975978266143E-32,-1.,-2.449293598294E-16));
#8074=DIRECTION('center_axis',(1.22464679914735E-16,1.224646799147E-16,
-1.));
#8075=DIRECTION('ref_axis',(1.71056941445898E-48,-1.,-1.224646799147E-16));
#8076=DIRECTION('',(-1.22464679914735E-16,-2.449293598294E-16,1.));
#8077=DIRECTION('center_axis',(-1.49975978266143E-32,1.,2.449293598294E-16));
#8078=DIRECTION('ref_axis',(-1.,1.49975978266142E-32,-1.22464679914735E-16));
#8079=DIRECTION('',(-1.,1.49975978266142E-32,-1.22464679914735E-16));
#8080=DIRECTION('',(-1.22464679914735E-16,-2.449293598294E-16,1.));
#8081=DIRECTION('center_axis',(-1.22464679914735E-16,-2.449293598294E-16,
1.));
#8082=DIRECTION('ref_axis',(-1.,1.49975978266142E-32,-1.22464679914735E-16));
#8083=DIRECTION('center_axis',(1.22464679914735E-16,1.224646799147E-16,
-1.));
#8084=DIRECTION('ref_axis',(-1.,1.49975978266142E-32,-1.22464679914735E-16));
#8085=DIRECTION('',(-1.22464679914735E-16,-2.449293598294E-16,1.));
#8086=DIRECTION('center_axis',(1.,-1.49975978266142E-32,1.22464679914735E-16));
#8087=DIRECTION('ref_axis',(0.,1.,1.224646799147E-16));
#8088=DIRECTION('',(0.,1.,1.224646799147E-16));
#8089=DIRECTION('center_axis',(-1.22464679914735E-16,-2.449293598294E-16,
1.));
#8090=DIRECTION('ref_axis',(-1.49975978266143E-32,1.,2.449293598294E-16));
#8091=DIRECTION('center_axis',(1.22464679914735E-16,1.224646799147E-16,
-1.));
#8092=DIRECTION('ref_axis',(0.,1.,1.224646799147E-16));
#8093=DIRECTION('',(-1.22464679914735E-16,-2.449293598294E-16,1.));
#8094=DIRECTION('',(-1.22464679914735E-16,-2.449293598294E-16,1.));
#8095=DIRECTION('center_axis',(1.49975978266143E-32,-1.,-2.449293598294E-16));
#8096=DIRECTION('ref_axis',(1.,-1.49975978266142E-32,1.22464679914735E-16));
#8097=DIRECTION('',(1.,-1.49975978266142E-32,1.22464679914735E-16));
#8098=DIRECTION('center_axis',(-1.49975978266143E-32,1.,2.449293598294E-16));
#8099=DIRECTION('ref_axis',(-1.,1.49975978266142E-32,-1.22464679914735E-16));
#8100=DIRECTION('',(-1.,1.49975978266142E-32,-1.22464679914735E-16));
#8101=DIRECTION('',(-1.22464679914735E-16,-2.449293598294E-16,1.));
#8102=DIRECTION('center_axis',(-1.22464679914735E-16,-2.449293598294E-16,
1.));
#8103=DIRECTION('ref_axis',(-1.,1.49975978266142E-32,-1.22464679914735E-16));
#8104=DIRECTION('center_axis',(1.22464679914735E-16,1.224646799147E-16,
-1.));
#8105=DIRECTION('ref_axis',(-1.,1.49975978266142E-32,-1.22464679914735E-16));
#8106=DIRECTION('',(-1.22464679914735E-16,-2.449293598294E-16,1.));
#8107=DIRECTION('center_axis',(1.,-1.49975978266142E-32,1.22464679914735E-16));
#8108=DIRECTION('ref_axis',(0.,1.,1.224646799147E-16));
#8109=DIRECTION('',(0.,1.,1.224646799147E-16));
#8110=DIRECTION('center_axis',(-1.22464679914735E-16,-2.449293598294E-16,
1.));
#8111=DIRECTION('ref_axis',(-1.49975978266143E-32,1.,2.449293598294E-16));
#8112=DIRECTION('center_axis',(1.22464679914735E-16,1.224646799147E-16,
-1.));
#8113=DIRECTION('ref_axis',(0.,1.,1.224646799147E-16));
#8114=DIRECTION('',(-1.22464679914735E-16,-2.449293598294E-16,1.));
#8115=DIRECTION('',(-1.22464679914735E-16,-2.449293598294E-16,1.));
#8116=DIRECTION('center_axis',(1.49975978266143E-32,-1.,-2.449293598294E-16));
#8117=DIRECTION('ref_axis',(1.,-1.49975978266142E-32,1.22464679914735E-16));
#8118=DIRECTION('',(1.,-1.49975978266142E-32,1.22464679914735E-16));
#8119=DIRECTION('',(-1.22464679914735E-16,-2.449293598294E-16,1.));
#8120=DIRECTION('center_axis',(-1.22464679914735E-16,-2.449293598294E-16,
1.));
#8121=DIRECTION('ref_axis',(1.,-1.49975978266142E-32,1.22464679914735E-16));
#8122=DIRECTION('center_axis',(1.22464679914735E-16,1.224646799147E-16,
-1.));
#8123=DIRECTION('ref_axis',(1.,-1.49975978266142E-32,1.22464679914735E-16));
#8124=DIRECTION('',(-1.22464679914735E-16,-2.449293598294E-16,1.));
#8125=DIRECTION('center_axis',(-1.,1.49975978266142E-32,-1.22464679914735E-16));
#8126=DIRECTION('ref_axis',(0.,-1.,-1.224646799147E-16));
#8127=DIRECTION('',(0.,-1.,-1.224646799147E-16));
#8128=DIRECTION('',(-1.22464679914735E-16,-2.449293598294E-16,1.));
#8129=DIRECTION('center_axis',(-1.22464679914735E-16,-2.449293598294E-16,
1.));
#8130=DIRECTION('ref_axis',(-3.55271367880051E-14,-1.,-2.44929359829404E-16));
#8131=DIRECTION('center_axis',(1.22464679914735E-16,1.224646799147E-16,
-1.));
#8132=DIRECTION('ref_axis',(-3.55271367880051E-14,-1.,-1.22464679914704E-16));
#8133=DIRECTION('',(-1.22464679914735E-16,-2.449293598294E-16,1.));
#8134=DIRECTION('center_axis',(-1.49975978266143E-32,1.,2.449293598294E-16));
#8135=DIRECTION('ref_axis',(-1.,1.49975978266142E-32,-1.22464679914735E-16));
#8136=DIRECTION('',(-1.,1.49975978266142E-32,-1.22464679914735E-16));
#8137=DIRECTION('',(-1.22464679914735E-16,-2.449293598294E-16,1.));
#8138=DIRECTION('center_axis',(-1.22464679914735E-16,-2.449293598294E-16,
1.));
#8139=DIRECTION('ref_axis',(-1.,1.49975978266142E-32,-1.22464679914735E-16));
#8140=DIRECTION('center_axis',(1.22464679914735E-16,1.224646799147E-16,
-1.));
#8141=DIRECTION('ref_axis',(-1.,1.49975978266142E-32,-1.22464679914735E-16));
#8142=DIRECTION('',(-1.22464679914735E-16,-2.449293598294E-16,1.));
#8143=DIRECTION('center_axis',(1.,-1.49975978266142E-32,1.22464679914735E-16));
#8144=DIRECTION('ref_axis',(0.,1.,1.224646799147E-16));
#8145=DIRECTION('',(0.,1.,1.224646799147E-16));
#8146=DIRECTION('center_axis',(-1.22464679914735E-16,-2.449293598294E-16,
1.));
#8147=DIRECTION('ref_axis',(-1.49975978266143E-32,1.,2.449293598294E-16));
#8148=DIRECTION('center_axis',(1.22464679914735E-16,1.224646799147E-16,
-1.));
#8149=DIRECTION('ref_axis',(0.,1.,1.224646799147E-16));
#8150=DIRECTION('',(-1.22464679914735E-16,-2.449293598294E-16,1.));
#8151=DIRECTION('',(-1.22464679914735E-16,-2.449293598294E-16,1.));
#8152=DIRECTION('center_axis',(1.49975978266143E-32,-1.,-2.449293598294E-16));
#8153=DIRECTION('ref_axis',(1.,-1.49975978266142E-32,1.22464679914735E-16));
#8154=DIRECTION('',(1.,-1.49975978266142E-32,1.22464679914735E-16));
#8155=DIRECTION('',(-1.22464679914735E-16,-2.449293598294E-16,1.));
#8156=DIRECTION('center_axis',(-1.22464679914735E-16,-2.449293598294E-16,
1.));
#8157=DIRECTION('ref_axis',(1.,-1.49975978266142E-32,1.22464679914735E-16));
#8158=DIRECTION('center_axis',(1.22464679914735E-16,1.224646799147E-16,
-1.));
#8159=DIRECTION('ref_axis',(1.,-1.49975978266142E-32,1.22464679914735E-16));
#8160=DIRECTION('',(-1.22464679914735E-16,-2.449293598294E-16,1.));
#8161=DIRECTION('center_axis',(-1.,1.49975978266142E-32,-1.22464679914735E-16));
#8162=DIRECTION('ref_axis',(0.,-1.,-1.224646799147E-16));
#8163=DIRECTION('',(0.,-1.,-1.224646799147E-16));
#8164=DIRECTION('',(-1.22464679914735E-16,-2.449293598294E-16,1.));
#8165=DIRECTION('center_axis',(-1.22464679914735E-16,-2.449293598294E-16,
1.));
#8166=DIRECTION('ref_axis',(1.49975978266143E-32,-1.,-2.449293598294E-16));
#8167=DIRECTION('center_axis',(1.22464679914735E-16,1.224646799147E-16,
-1.));
#8168=DIRECTION('ref_axis',(0.,-1.,-1.224646799147E-16));
#8169=DIRECTION('',(-1.22464679914735E-16,-2.449293598294E-16,1.));
#8170=DIRECTION('center_axis',(-1.49975978266143E-32,1.,2.449293598294E-16));
#8171=DIRECTION('ref_axis',(-1.,1.49975978266142E-32,-1.22464679914735E-16));
#8172=DIRECTION('',(-1.,1.49975978266142E-32,-1.22464679914735E-16));
#8173=DIRECTION('',(-1.22464679914735E-16,-2.449293598294E-16,1.));
#8174=DIRECTION('center_axis',(-1.22464679914735E-16,-2.449293598294E-16,
1.));
#8175=DIRECTION('ref_axis',(-1.,1.49975978266142E-32,-1.22464679914735E-16));
#8176=DIRECTION('center_axis',(1.22464679914735E-16,1.224646799147E-16,
-1.));
#8177=DIRECTION('ref_axis',(-1.,1.49975978266142E-32,-1.22464679914735E-16));
#8178=DIRECTION('',(-1.22464679914735E-16,-2.449293598294E-16,1.));
#8179=DIRECTION('center_axis',(1.,-1.49975978266142E-32,1.22464679914735E-16));
#8180=DIRECTION('ref_axis',(0.,1.,1.224646799147E-16));
#8181=DIRECTION('',(0.,1.,1.224646799147E-16));
#8182=DIRECTION('center_axis',(-1.22464679914735E-16,-2.449293598294E-16,
1.));
#8183=DIRECTION('ref_axis',(-1.49975978266143E-32,1.,2.449293598294E-16));
#8184=DIRECTION('center_axis',(1.22464679914735E-16,1.224646799147E-16,
-1.));
#8185=DIRECTION('ref_axis',(0.,1.,1.224646799147E-16));
#8186=DIRECTION('',(-1.22464679914735E-16,-2.449293598294E-16,1.));
#8187=DIRECTION('',(-1.22464679914735E-16,-2.449293598294E-16,1.));
#8188=DIRECTION('center_axis',(1.49975978266143E-32,-1.,-2.449293598294E-16));
#8189=DIRECTION('ref_axis',(1.,-1.49975978266142E-32,1.22464679914735E-16));
#8190=DIRECTION('',(1.,-1.49975978266142E-32,1.22464679914735E-16));
#8191=DIRECTION('',(-1.22464679914735E-16,-2.449293598294E-16,1.));
#8192=DIRECTION('center_axis',(-1.22464679914735E-16,-2.449293598294E-16,
1.));
#8193=DIRECTION('ref_axis',(1.,-1.49975978266142E-32,1.22464679914735E-16));
#8194=DIRECTION('center_axis',(1.22464679914735E-16,1.224646799147E-16,
-1.));
#8195=DIRECTION('ref_axis',(1.,-1.49975978266142E-32,1.22464679914735E-16));
#8196=DIRECTION('',(-1.22464679914735E-16,-2.449293598294E-16,1.));
#8197=DIRECTION('center_axis',(-1.,1.49975978266142E-32,-1.22464679914735E-16));
#8198=DIRECTION('ref_axis',(0.,-1.,-1.224646799147E-16));
#8199=DIRECTION('',(0.,-1.,-1.224646799147E-16));
#8200=DIRECTION('',(-1.22464679914735E-16,-2.449293598294E-16,1.));
#8201=DIRECTION('center_axis',(-1.22464679914735E-16,-2.449293598294E-16,
1.));
#8202=DIRECTION('ref_axis',(1.49975978266143E-32,-1.,-2.449293598294E-16));
#8203=DIRECTION('center_axis',(1.22464679914735E-16,1.224646799147E-16,
-1.));
#8204=DIRECTION('ref_axis',(0.,-1.,-1.224646799147E-16));
#8205=DIRECTION('',(-1.22464679914735E-16,-2.449293598294E-16,1.));
#8206=DIRECTION('center_axis',(-1.49975978266143E-32,1.,2.449293598294E-16));
#8207=DIRECTION('ref_axis',(-1.,1.49975978266142E-32,-1.22464679914735E-16));
#8208=DIRECTION('',(-1.,1.49975978266142E-32,-1.22464679914735E-16));
#8209=DIRECTION('',(-1.22464679914735E-16,-2.449293598294E-16,1.));
#8210=DIRECTION('center_axis',(-1.22464679914735E-16,-2.449293598294E-16,
1.));
#8211=DIRECTION('ref_axis',(-1.,1.49975978266142E-32,-1.22464679914735E-16));
#8212=DIRECTION('center_axis',(1.22464679914735E-16,1.224646799147E-16,
-1.));
#8213=DIRECTION('ref_axis',(-1.,1.49975978266142E-32,-1.22464679914735E-16));
#8214=DIRECTION('',(-1.22464679914735E-16,-2.449293598294E-16,1.));
#8215=DIRECTION('center_axis',(1.,-1.49975978266142E-32,1.22464679914735E-16));
#8216=DIRECTION('ref_axis',(0.,1.,1.224646799147E-16));
#8217=DIRECTION('',(0.,1.,1.224646799147E-16));
#8218=DIRECTION('center_axis',(-1.22464679914735E-16,-2.449293598294E-16,
1.));
#8219=DIRECTION('ref_axis',(-1.49975978266143E-32,1.,2.449293598294E-16));
#8220=DIRECTION('center_axis',(1.22464679914735E-16,1.224646799147E-16,
-1.));
#8221=DIRECTION('ref_axis',(0.,1.,1.224646799147E-16));
#8222=DIRECTION('',(-1.22464679914735E-16,-2.449293598294E-16,1.));
#8223=DIRECTION('',(-1.22464679914735E-16,-2.449293598294E-16,1.));
#8224=DIRECTION('center_axis',(1.49975978266143E-32,-1.,-2.449293598294E-16));
#8225=DIRECTION('ref_axis',(1.,-1.49975978266142E-32,1.22464679914735E-16));
#8226=DIRECTION('',(1.,-1.49975978266142E-32,1.22464679914735E-16));
#8227=DIRECTION('',(-1.22464679914735E-16,-2.449293598294E-16,1.));
#8228=DIRECTION('center_axis',(-1.22464679914735E-16,-2.449293598294E-16,
1.));
#8229=DIRECTION('ref_axis',(1.,-1.49975978266142E-32,1.22464679914735E-16));
#8230=DIRECTION('center_axis',(1.22464679914735E-16,1.224646799147E-16,
-1.));
#8231=DIRECTION('ref_axis',(1.,-1.49975978266142E-32,1.22464679914735E-16));
#8232=DIRECTION('',(-1.22464679914735E-16,-2.449293598294E-16,1.));
#8233=DIRECTION('center_axis',(-1.,1.49975978266142E-32,-1.22464679914735E-16));
#8234=DIRECTION('ref_axis',(0.,-1.,-1.224646799147E-16));
#8235=DIRECTION('',(0.,-1.,-1.224646799147E-16));
#8236=DIRECTION('',(-1.22464679914735E-16,-2.449293598294E-16,1.));
#8237=DIRECTION('center_axis',(-1.22464679914735E-16,-2.449293598294E-16,
1.));
#8238=DIRECTION('ref_axis',(1.77635683940026E-14,-1.,-2.44929359829398E-16));
#8239=DIRECTION('center_axis',(1.22464679914735E-16,1.224646799147E-16,
-1.));
#8240=DIRECTION('ref_axis',(1.77635683940026E-14,-1.,-1.22464679914698E-16));
#8241=DIRECTION('',(-1.22464679914735E-16,-2.449293598294E-16,1.));
#8242=DIRECTION('center_axis',(-1.49975978266143E-32,1.,2.449293598294E-16));
#8243=DIRECTION('ref_axis',(-1.,1.49975978266142E-32,-1.22464679914735E-16));
#8244=DIRECTION('',(-1.,1.49975978266142E-32,-1.22464679914735E-16));
#8245=DIRECTION('',(-1.22464679914735E-16,-2.449293598294E-16,1.));
#8246=DIRECTION('center_axis',(-1.22464679914735E-16,-2.449293598294E-16,
1.));
#8247=DIRECTION('ref_axis',(-1.,1.49975978266142E-32,-1.22464679914735E-16));
#8248=DIRECTION('center_axis',(1.22464679914735E-16,1.224646799147E-16,
-1.));
#8249=DIRECTION('ref_axis',(-1.,1.49975978266142E-32,-1.22464679914735E-16));
#8250=DIRECTION('',(-1.22464679914735E-16,-2.449293598294E-16,1.));
#8251=DIRECTION('center_axis',(1.,-1.49975978266142E-32,1.22464679914735E-16));
#8252=DIRECTION('ref_axis',(0.,1.,1.224646799147E-16));
#8253=DIRECTION('',(0.,1.,1.224646799147E-16));
#8254=DIRECTION('center_axis',(-1.22464679914735E-16,-2.449293598294E-16,
1.));
#8255=DIRECTION('ref_axis',(-1.49975978266143E-32,1.,2.449293598294E-16));
#8256=DIRECTION('center_axis',(1.22464679914735E-16,1.224646799147E-16,
-1.));
#8257=DIRECTION('ref_axis',(0.,1.,1.224646799147E-16));
#8258=DIRECTION('',(-1.22464679914735E-16,-2.449293598294E-16,1.));
#8259=DIRECTION('',(-1.22464679914735E-16,-2.449293598294E-16,1.));
#8260=DIRECTION('center_axis',(1.49975978266143E-32,-1.,-2.449293598294E-16));
#8261=DIRECTION('ref_axis',(1.,-1.49975978266142E-32,1.22464679914735E-16));
#8262=DIRECTION('',(1.,-1.49975978266142E-32,1.22464679914735E-16));
#8263=DIRECTION('',(-1.22464679914735E-16,-2.449293598294E-16,1.));
#8264=DIRECTION('center_axis',(-1.22464679914735E-16,-2.449293598294E-16,
1.));
#8265=DIRECTION('ref_axis',(1.,-1.49975978266142E-32,1.22464679914735E-16));
#8266=DIRECTION('center_axis',(1.22464679914735E-16,1.224646799147E-16,
-1.));
#8267=DIRECTION('ref_axis',(1.,-1.49975978266143E-32,1.22464679914735E-16));
#8268=DIRECTION('',(-1.22464679914735E-16,-2.449293598294E-16,1.));
#8269=DIRECTION('center_axis',(-1.,1.49975978266142E-32,-1.22464679914735E-16));
#8270=DIRECTION('ref_axis',(0.,-1.,-1.224646799147E-16));
#8271=DIRECTION('',(0.,-1.,-1.224646799147E-16));
#8272=DIRECTION('',(-1.22464679914735E-16,-2.449293598294E-16,1.));
#8273=DIRECTION('center_axis',(-1.22464679914735E-16,-2.449293598294E-16,
1.));
#8274=DIRECTION('ref_axis',(1.49975978266143E-32,-1.,-2.449293598294E-16));
#8275=DIRECTION('center_axis',(1.22464679914735E-16,1.224646799147E-16,
-1.));
#8276=DIRECTION('ref_axis',(0.,-1.,-1.224646799147E-16));
#8277=DIRECTION('',(-1.22464679914735E-16,-2.449293598294E-16,1.));
#8278=DIRECTION('center_axis',(-1.49975978266143E-32,1.,2.449293598294E-16));
#8279=DIRECTION('ref_axis',(-1.,1.49975978266142E-32,-1.22464679914735E-16));
#8280=DIRECTION('',(-1.,1.49975978266142E-32,-1.22464679914735E-16));
#8281=DIRECTION('',(-1.22464679914735E-16,-2.449293598294E-16,1.));
#8282=DIRECTION('center_axis',(-1.22464679914735E-16,-2.449293598294E-16,
1.));
#8283=DIRECTION('ref_axis',(-1.,1.49975978266142E-32,-1.22464679914735E-16));
#8284=DIRECTION('center_axis',(1.22464679914735E-16,1.224646799147E-16,
-1.));
#8285=DIRECTION('ref_axis',(-1.,1.49975978266142E-32,-1.22464679914735E-16));
#8286=DIRECTION('',(-1.22464679914735E-16,-2.449293598294E-16,1.));
#8287=DIRECTION('center_axis',(1.,-1.49975978266142E-32,1.22464679914735E-16));
#8288=DIRECTION('ref_axis',(0.,1.,1.224646799147E-16));
#8289=DIRECTION('',(0.,1.,1.224646799147E-16));
#8290=DIRECTION('center_axis',(-1.22464679914735E-16,-2.449293598294E-16,
1.));
#8291=DIRECTION('ref_axis',(-1.49975978266143E-32,1.,2.449293598294E-16));
#8292=DIRECTION('center_axis',(1.22464679914735E-16,1.224646799147E-16,
-1.));
#8293=DIRECTION('ref_axis',(-1.71056941445898E-48,1.,1.224646799147E-16));
#8294=DIRECTION('',(-1.22464679914735E-16,-2.449293598294E-16,1.));
#8295=DIRECTION('',(-1.22464679914735E-16,-2.449293598294E-16,1.));
#8296=DIRECTION('center_axis',(1.49975978266143E-32,-1.,-2.449293598294E-16));
#8297=DIRECTION('ref_axis',(1.,-1.49975978266142E-32,1.22464679914735E-16));
#8298=DIRECTION('',(1.,-1.49975978266142E-32,1.22464679914735E-16));
#8299=DIRECTION('',(-1.22464679914735E-16,-2.449293598294E-16,1.));
#8300=DIRECTION('center_axis',(-1.22464679914735E-16,-2.449293598294E-16,
1.));
#8301=DIRECTION('ref_axis',(1.,-1.49975978266142E-32,1.22464679914735E-16));
#8302=DIRECTION('center_axis',(1.22464679914735E-16,1.224646799147E-16,
-1.));
#8303=DIRECTION('ref_axis',(1.,-1.49975978266142E-32,1.22464679914735E-16));
#8304=DIRECTION('',(-1.22464679914735E-16,-2.449293598294E-16,1.));
#8305=DIRECTION('center_axis',(-1.,1.49975978266142E-32,-1.22464679914735E-16));
#8306=DIRECTION('ref_axis',(0.,-1.,-1.224646799147E-16));
#8307=DIRECTION('',(0.,-1.,-1.224646799147E-16));
#8308=DIRECTION('',(-1.22464679914735E-16,-2.449293598294E-16,1.));
#8309=DIRECTION('center_axis',(-1.22464679914735E-16,-2.449293598294E-16,
1.));
#8310=DIRECTION('ref_axis',(1.49975978266143E-32,-1.,-2.449293598294E-16));
#8311=DIRECTION('center_axis',(1.22464679914735E-16,1.224646799147E-16,
-1.));
#8312=DIRECTION('ref_axis',(1.71056941445898E-48,-1.,-1.224646799147E-16));
#8313=DIRECTION('',(-1.22464679914735E-16,-2.449293598294E-16,1.));
#8314=DIRECTION('center_axis',(-1.49975978266143E-32,1.,2.449293598294E-16));
#8315=DIRECTION('ref_axis',(-1.,1.49975978266142E-32,-1.22464679914735E-16));
#8316=DIRECTION('',(-1.,1.49975978266142E-32,-1.22464679914735E-16));
#8317=DIRECTION('',(-1.22464679914735E-16,-2.449293598294E-16,1.));
#8318=DIRECTION('center_axis',(-1.22464679914735E-16,-2.449293598294E-16,
1.));
#8319=DIRECTION('ref_axis',(-1.,-3.5527136788007E-14,-1.22464679914744E-16));
#8320=DIRECTION('center_axis',(1.22464679914735E-16,1.224646799147E-16,
-1.));
#8321=DIRECTION('ref_axis',(-1.,-3.5527136788007E-14,-1.2246467991474E-16));
#8322=DIRECTION('',(-1.22464679914735E-16,-2.449293598294E-16,1.));
#8323=DIRECTION('center_axis',(1.,-1.49975978266142E-32,1.22464679914735E-16));
#8324=DIRECTION('ref_axis',(0.,1.,1.224646799147E-16));
#8325=DIRECTION('',(0.,1.,1.224646799147E-16));
#8326=DIRECTION('center_axis',(-1.22464679914735E-16,-2.449293598294E-16,
1.));
#8327=DIRECTION('ref_axis',(-1.49975978266143E-32,1.,2.449293598294E-16));
#8328=DIRECTION('center_axis',(1.22464679914735E-16,1.224646799147E-16,
-1.));
#8329=DIRECTION('ref_axis',(-1.71056941445898E-48,1.,1.224646799147E-16));
#8330=DIRECTION('',(-1.22464679914735E-16,-2.449293598294E-16,1.));
#8331=DIRECTION('',(-1.22464679914735E-16,-2.449293598294E-16,1.));
#8332=DIRECTION('center_axis',(1.49975978266143E-32,-1.,-2.449293598294E-16));
#8333=DIRECTION('ref_axis',(1.,-1.49975978266142E-32,1.22464679914735E-16));
#8334=DIRECTION('',(1.,-1.49975978266142E-32,1.22464679914735E-16));
#8335=DIRECTION('',(-1.22464679914735E-16,-2.449293598294E-16,1.));
#8336=DIRECTION('center_axis',(-1.22464679914735E-16,-2.449293598294E-16,
1.));
#8337=DIRECTION('ref_axis',(1.,-1.49975978266142E-32,1.22464679914735E-16));
#8338=DIRECTION('center_axis',(1.22464679914735E-16,1.224646799147E-16,
-1.));
#8339=DIRECTION('ref_axis',(1.,-1.49975978266142E-32,1.22464679914735E-16));
#8340=DIRECTION('',(-1.22464679914735E-16,-2.449293598294E-16,1.));
#8341=DIRECTION('center_axis',(-1.,1.49975978266142E-32,-1.22464679914735E-16));
#8342=DIRECTION('ref_axis',(0.,-1.,-1.224646799147E-16));
#8343=DIRECTION('',(0.,-1.,-1.224646799147E-16));
#8344=DIRECTION('',(-1.22464679914735E-16,-2.449293598294E-16,1.));
#8345=DIRECTION('center_axis',(-1.22464679914735E-16,-2.449293598294E-16,
1.));
#8346=DIRECTION('ref_axis',(1.49975978266143E-32,-1.,-2.449293598294E-16));
#8347=DIRECTION('center_axis',(1.22464679914735E-16,1.224646799147E-16,
-1.));
#8348=DIRECTION('ref_axis',(1.71056941445898E-48,-1.,-1.224646799147E-16));
#8349=DIRECTION('',(-1.22464679914735E-16,-2.449293598294E-16,1.));
#8350=DIRECTION('center_axis',(-1.49975978266143E-32,1.,2.449293598294E-16));
#8351=DIRECTION('ref_axis',(-1.,1.49975978266142E-32,-1.22464679914735E-16));
#8352=DIRECTION('',(-1.,1.49975978266142E-32,-1.22464679914735E-16));
#8353=DIRECTION('',(-1.22464679914735E-16,-2.449293598294E-16,1.));
#8354=DIRECTION('center_axis',(-1.22464679914735E-16,-2.449293598294E-16,
1.));
#8355=DIRECTION('ref_axis',(-1.,-3.55271367880051E-14,-1.22464679914744E-16));
#8356=DIRECTION('center_axis',(1.22464679914735E-16,1.224646799147E-16,
-1.));
#8357=DIRECTION('ref_axis',(-1.,-3.55271367880051E-14,-1.2246467991474E-16));
#8358=DIRECTION('',(-1.22464679914735E-16,-2.449293598294E-16,1.));
#8359=DIRECTION('center_axis',(1.,-1.49975978266142E-32,1.22464679914735E-16));
#8360=DIRECTION('ref_axis',(0.,1.,1.224646799147E-16));
#8361=DIRECTION('',(0.,1.,1.224646799147E-16));
#8362=DIRECTION('center_axis',(-1.22464679914735E-16,-2.449293598294E-16,
1.));
#8363=DIRECTION('ref_axis',(-1.49975978266143E-32,1.,2.449293598294E-16));
#8364=DIRECTION('center_axis',(1.22464679914735E-16,1.224646799147E-16,
-1.));
#8365=DIRECTION('ref_axis',(-1.71056941445898E-48,1.,1.224646799147E-16));
#8366=DIRECTION('',(-1.22464679914735E-16,-2.449293598294E-16,1.));
#8367=DIRECTION('',(-1.22464679914735E-16,-2.449293598294E-16,1.));
#8368=DIRECTION('center_axis',(1.49975978266143E-32,-1.,-2.449293598294E-16));
#8369=DIRECTION('ref_axis',(1.,-1.49975978266142E-32,1.22464679914735E-16));
#8370=DIRECTION('',(1.,-1.49975978266142E-32,1.22464679914735E-16));
#8371=DIRECTION('',(-1.22464679914735E-16,-2.449293598294E-16,1.));
#8372=DIRECTION('center_axis',(-1.22464679914735E-16,-2.449293598294E-16,
1.));
#8373=DIRECTION('ref_axis',(1.,-1.49975978266142E-32,1.22464679914735E-16));
#8374=DIRECTION('center_axis',(1.22464679914735E-16,1.224646799147E-16,
-1.));
#8375=DIRECTION('ref_axis',(1.,-1.49975978266142E-32,1.22464679914735E-16));
#8376=DIRECTION('',(-1.22464679914735E-16,-2.449293598294E-16,1.));
#8377=DIRECTION('center_axis',(-1.,1.49975978266142E-32,-1.22464679914735E-16));
#8378=DIRECTION('ref_axis',(0.,-1.,-1.224646799147E-16));
#8379=DIRECTION('',(0.,-1.,-1.224646799147E-16));
#8380=DIRECTION('',(-1.22464679914735E-16,-2.449293598294E-16,1.));
#8381=DIRECTION('center_axis',(-1.22464679914735E-16,-2.449293598294E-16,
1.));
#8382=DIRECTION('ref_axis',(8.88178419700113E-15,-1.,-2.44929359829399E-16));
#8383=DIRECTION('center_axis',(1.22464679914735E-16,1.224646799147E-16,
-1.));
#8384=DIRECTION('ref_axis',(8.88178419700113E-15,-1.,-1.22464679914699E-16));
#8385=DIRECTION('',(-1.22464679914735E-16,-2.449293598294E-16,1.));
#8386=DIRECTION('center_axis',(-1.49975978266143E-32,1.,2.449293598294E-16));
#8387=DIRECTION('ref_axis',(-1.,1.49975978266142E-32,-1.22464679914735E-16));
#8388=DIRECTION('',(-1.,1.49975978266142E-32,-1.22464679914735E-16));
#8389=DIRECTION('',(-1.22464679914735E-16,-2.449293598294E-16,1.));
#8390=DIRECTION('center_axis',(-1.22464679914735E-16,-2.449293598294E-16,
1.));
#8391=DIRECTION('ref_axis',(-1.,-3.55271367880048E-14,-1.22464679914744E-16));
#8392=DIRECTION('center_axis',(1.22464679914735E-16,1.224646799147E-16,
-1.));
#8393=DIRECTION('ref_axis',(-1.,-3.55271367880048E-14,-1.2246467991474E-16));
#8394=DIRECTION('',(-1.22464679914735E-16,-2.449293598294E-16,1.));
#8395=DIRECTION('center_axis',(1.,-1.49975978266142E-32,1.22464679914735E-16));
#8396=DIRECTION('ref_axis',(0.,1.,1.224646799147E-16));
#8397=DIRECTION('',(0.,1.,1.224646799147E-16));
#8398=DIRECTION('center_axis',(-1.22464679914735E-16,-2.449293598294E-16,
1.));
#8399=DIRECTION('ref_axis',(-1.49975978266143E-32,1.,2.449293598294E-16));
#8400=DIRECTION('center_axis',(1.22464679914735E-16,1.224646799147E-16,
-1.));
#8401=DIRECTION('ref_axis',(-1.71056941445898E-48,1.,1.224646799147E-16));
#8402=DIRECTION('',(-1.22464679914735E-16,-2.449293598294E-16,1.));
#8403=DIRECTION('',(-1.22464679914735E-16,-2.449293598294E-16,1.));
#8404=DIRECTION('center_axis',(1.49975978266143E-32,-1.,-2.449293598294E-16));
#8405=DIRECTION('ref_axis',(1.,-1.49975978266142E-32,1.22464679914735E-16));
#8406=DIRECTION('',(1.,-1.49975978266142E-32,1.22464679914735E-16));
#8407=DIRECTION('',(-1.22464679914735E-16,-2.449293598294E-16,1.));
#8408=DIRECTION('center_axis',(-1.22464679914735E-16,-2.449293598294E-16,
1.));
#8409=DIRECTION('ref_axis',(1.,-1.49975978266142E-32,1.22464679914735E-16));
#8410=DIRECTION('center_axis',(1.22464679914735E-16,1.224646799147E-16,
-1.));
#8411=DIRECTION('ref_axis',(1.,-1.49975978266142E-32,1.22464679914735E-16));
#8412=DIRECTION('',(-1.22464679914735E-16,-2.449293598294E-16,1.));
#8413=DIRECTION('center_axis',(-1.,1.49975978266142E-32,-1.22464679914735E-16));
#8414=DIRECTION('ref_axis',(0.,-1.,-1.224646799147E-16));
#8415=DIRECTION('',(0.,-1.,-1.224646799147E-16));
#8416=DIRECTION('',(-1.22464679914735E-16,-2.449293598294E-16,1.));
#8417=DIRECTION('center_axis',(-1.22464679914735E-16,-2.449293598294E-16,
1.));
#8418=DIRECTION('ref_axis',(1.49975978266143E-32,-1.,-2.449293598294E-16));
#8419=DIRECTION('center_axis',(1.22464679914735E-16,1.224646799147E-16,
-1.));
#8420=DIRECTION('ref_axis',(1.71056941445898E-48,-1.,-1.224646799147E-16));
#8421=DIRECTION('',(-1.22464679914735E-16,-2.449293598294E-16,1.));
#8422=DIRECTION('center_axis',(-1.49975978266143E-32,1.,2.449293598294E-16));
#8423=DIRECTION('ref_axis',(-1.,1.49975978266142E-32,-1.22464679914735E-16));
#8424=DIRECTION('',(-1.,1.49975978266142E-32,-1.22464679914735E-16));
#8425=DIRECTION('',(-1.22464679914735E-16,-2.449293598294E-16,1.));
#8426=DIRECTION('center_axis',(-1.22464679914735E-16,-2.449293598294E-16,
1.));
#8427=DIRECTION('ref_axis',(-1.,-3.55271367880051E-14,-1.22464679914744E-16));
#8428=DIRECTION('center_axis',(1.22464679914735E-16,1.224646799147E-16,
-1.));
#8429=DIRECTION('ref_axis',(-1.,-3.55271367880051E-14,-1.2246467991474E-16));
#8430=DIRECTION('',(-1.22464679914735E-16,-2.449293598294E-16,1.));
#8431=DIRECTION('center_axis',(1.,-1.49975978266142E-32,1.22464679914735E-16));
#8432=DIRECTION('ref_axis',(0.,1.,1.224646799147E-16));
#8433=DIRECTION('',(0.,1.,1.224646799147E-16));
#8434=DIRECTION('center_axis',(-1.22464679914735E-16,-2.449293598294E-16,
1.));
#8435=DIRECTION('ref_axis',(-1.49975978266143E-32,1.,2.449293598294E-16));
#8436=DIRECTION('center_axis',(1.22464679914735E-16,1.224646799147E-16,
-1.));
#8437=DIRECTION('ref_axis',(0.,1.,1.224646799147E-16));
#8438=DIRECTION('',(-1.22464679914735E-16,-2.449293598294E-16,1.));
#8439=DIRECTION('',(-1.22464679914735E-16,-2.449293598294E-16,1.));
#8440=DIRECTION('center_axis',(1.49975978266143E-32,-1.,-2.449293598294E-16));
#8441=DIRECTION('ref_axis',(1.,-1.49975978266142E-32,1.22464679914735E-16));
#8442=DIRECTION('',(1.,-1.49975978266142E-32,1.22464679914735E-16));
#8443=DIRECTION('',(-1.22464679914735E-16,-2.449293598294E-16,1.));
#8444=DIRECTION('center_axis',(-1.22464679914735E-16,-2.449293598294E-16,
1.));
#8445=DIRECTION('ref_axis',(1.,-1.49975978266142E-32,1.22464679914735E-16));
#8446=DIRECTION('center_axis',(1.22464679914735E-16,1.224646799147E-16,
-1.));
#8447=DIRECTION('ref_axis',(1.,-1.49975978266142E-32,1.22464679914735E-16));
#8448=DIRECTION('',(-1.22464679914735E-16,-2.449293598294E-16,1.));
#8449=DIRECTION('center_axis',(-1.,1.49975978266142E-32,-1.22464679914735E-16));
#8450=DIRECTION('ref_axis',(0.,-1.,-1.224646799147E-16));
#8451=DIRECTION('',(0.,-1.,-1.224646799147E-16));
#8452=DIRECTION('',(-1.22464679914735E-16,-2.449293598294E-16,1.));
#8453=DIRECTION('center_axis',(-1.22464679914735E-16,-2.449293598294E-16,
1.));
#8454=DIRECTION('ref_axis',(1.49975978266143E-32,-1.,-2.449293598294E-16));
#8455=DIRECTION('center_axis',(1.22464679914735E-16,1.224646799147E-16,
-1.));
#8456=DIRECTION('ref_axis',(0.,-1.,-1.224646799147E-16));
#8457=DIRECTION('',(-1.22464679914735E-16,-2.449293598294E-16,1.));
#8458=DIRECTION('center_axis',(-1.49975978266143E-32,1.,2.449293598294E-16));
#8459=DIRECTION('ref_axis',(-1.,1.49975978266142E-32,-1.22464679914735E-16));
#8460=DIRECTION('',(-1.,1.49975978266142E-32,-1.22464679914735E-16));
#8461=DIRECTION('',(-1.22464679914735E-16,-2.449293598294E-16,1.));
#8462=DIRECTION('center_axis',(-1.22464679914735E-16,-2.449293598294E-16,
1.));
#8463=DIRECTION('ref_axis',(-1.,1.49975978266142E-32,-1.22464679914735E-16));
#8464=DIRECTION('center_axis',(1.22464679914735E-16,1.224646799147E-16,
-1.));
#8465=DIRECTION('ref_axis',(-1.,1.49975978266142E-32,-1.22464679914735E-16));
#8466=DIRECTION('',(-1.22464679914735E-16,-2.449293598294E-16,1.));
#8467=DIRECTION('center_axis',(1.,-1.49975978266142E-32,1.22464679914735E-16));
#8468=DIRECTION('ref_axis',(0.,1.,1.224646799147E-16));
#8469=DIRECTION('',(0.,1.,1.224646799147E-16));
#8470=DIRECTION('center_axis',(-1.22464679914735E-16,-2.449293598294E-16,
1.));
#8471=DIRECTION('ref_axis',(-1.49975978266143E-32,1.,2.449293598294E-16));
#8472=DIRECTION('center_axis',(1.22464679914735E-16,1.224646799147E-16,
-1.));
#8473=DIRECTION('ref_axis',(0.,1.,1.224646799147E-16));
#8474=DIRECTION('',(-1.22464679914735E-16,-2.449293598294E-16,1.));
#8475=DIRECTION('',(-1.22464679914735E-16,-2.449293598294E-16,1.));
#8476=DIRECTION('center_axis',(1.49975978266143E-32,-1.,-2.449293598294E-16));
#8477=DIRECTION('ref_axis',(1.,-1.49975978266142E-32,1.22464679914735E-16));
#8478=DIRECTION('',(1.,-1.49975978266142E-32,1.22464679914735E-16));
#8479=DIRECTION('',(-1.22464679914735E-16,-2.449293598294E-16,1.));
#8480=DIRECTION('center_axis',(-1.22464679914735E-16,-2.449293598294E-16,
1.));
#8481=DIRECTION('ref_axis',(1.,-1.49975978266142E-32,1.22464679914735E-16));
#8482=DIRECTION('center_axis',(1.22464679914735E-16,1.224646799147E-16,
-1.));
#8483=DIRECTION('ref_axis',(1.,-1.49975978266142E-32,1.22464679914735E-16));
#8484=DIRECTION('',(-1.22464679914735E-16,-2.449293598294E-16,1.));
#8485=DIRECTION('center_axis',(-1.,1.49975978266142E-32,-1.22464679914735E-16));
#8486=DIRECTION('ref_axis',(0.,-1.,-1.224646799147E-16));
#8487=DIRECTION('',(0.,-1.,-1.224646799147E-16));
#8488=DIRECTION('',(-1.22464679914735E-16,-2.449293598294E-16,1.));
#8489=DIRECTION('center_axis',(-1.22464679914735E-16,-2.449293598294E-16,
1.));
#8490=DIRECTION('ref_axis',(1.49975978266143E-32,-1.,-2.449293598294E-16));
#8491=DIRECTION('center_axis',(1.22464679914735E-16,1.224646799147E-16,
-1.));
#8492=DIRECTION('ref_axis',(0.,-1.,-1.224646799147E-16));
#8493=DIRECTION('',(-1.22464679914735E-16,-2.449293598294E-16,1.));
#8494=DIRECTION('center_axis',(-1.49975978266143E-32,1.,2.449293598294E-16));
#8495=DIRECTION('ref_axis',(-1.,1.49975978266142E-32,-1.22464679914735E-16));
#8496=DIRECTION('',(-1.,1.49975978266142E-32,-1.22464679914735E-16));
#8497=DIRECTION('',(-1.22464679914735E-16,-2.449293598294E-16,1.));
#8498=DIRECTION('center_axis',(-1.22464679914735E-16,-2.449293598294E-16,
1.));
#8499=DIRECTION('ref_axis',(-1.,1.49975978266142E-32,-1.22464679914735E-16));
#8500=DIRECTION('center_axis',(1.22464679914735E-16,1.224646799147E-16,
-1.));
#8501=DIRECTION('ref_axis',(-1.,1.49975978266142E-32,-1.22464679914735E-16));
#8502=DIRECTION('',(-1.22464679914735E-16,-2.449293598294E-16,1.));
#8503=DIRECTION('center_axis',(1.,-1.49975978266142E-32,1.22464679914735E-16));
#8504=DIRECTION('ref_axis',(0.,1.,1.224646799147E-16));
#8505=DIRECTION('',(0.,1.,1.224646799147E-16));
#8506=DIRECTION('center_axis',(-1.22464679914735E-16,-2.449293598294E-16,
1.));
#8507=DIRECTION('ref_axis',(-1.49975978266143E-32,1.,2.449293598294E-16));
#8508=DIRECTION('center_axis',(1.22464679914735E-16,1.224646799147E-16,
-1.));
#8509=DIRECTION('ref_axis',(0.,1.,1.224646799147E-16));
#8510=DIRECTION('',(-1.22464679914735E-16,-2.449293598294E-16,1.));
#8511=DIRECTION('',(-1.22464679914735E-16,-2.449293598294E-16,1.));
#8512=DIRECTION('center_axis',(1.49975978266143E-32,-1.,-2.449293598294E-16));
#8513=DIRECTION('ref_axis',(1.,-1.49975978266142E-32,1.22464679914735E-16));
#8514=DIRECTION('',(1.,-1.49975978266142E-32,1.22464679914735E-16));
#8515=DIRECTION('',(-1.22464679914735E-16,-2.449293598294E-16,1.));
#8516=DIRECTION('center_axis',(-1.22464679914735E-16,-2.449293598294E-16,
1.));
#8517=DIRECTION('ref_axis',(1.,-1.49975978266142E-32,1.22464679914735E-16));
#8518=DIRECTION('center_axis',(1.22464679914735E-16,1.224646799147E-16,
-1.));
#8519=DIRECTION('ref_axis',(1.,-1.49975978266142E-32,1.22464679914735E-16));
#8520=DIRECTION('',(-1.22464679914735E-16,-2.449293598294E-16,1.));
#8521=DIRECTION('center_axis',(-1.,1.49975978266142E-32,-1.22464679914735E-16));
#8522=DIRECTION('ref_axis',(0.,-1.,-1.224646799147E-16));
#8523=DIRECTION('',(0.,-1.,-1.224646799147E-16));
#8524=DIRECTION('',(-1.22464679914735E-16,-2.449293598294E-16,1.));
#8525=DIRECTION('center_axis',(-1.22464679914735E-16,-2.449293598294E-16,
1.));
#8526=DIRECTION('ref_axis',(-7.10542735760103E-14,-1.,-2.44929359829409E-16));
#8527=DIRECTION('center_axis',(1.22464679914735E-16,1.224646799147E-16,
-1.));
#8528=DIRECTION('ref_axis',(-7.10542735760103E-14,-1.,-1.22464679914709E-16));
#8529=DIRECTION('',(-1.22464679914735E-16,-2.449293598294E-16,1.));
#8530=DIRECTION('center_axis',(-1.49975978266143E-32,1.,2.449293598294E-16));
#8531=DIRECTION('ref_axis',(-1.,1.49975978266142E-32,-1.22464679914735E-16));
#8532=DIRECTION('',(-1.,1.49975978266142E-32,-1.22464679914735E-16));
#8533=DIRECTION('',(-1.22464679914735E-16,-2.449293598294E-16,1.));
#8534=DIRECTION('center_axis',(-1.22464679914735E-16,-2.449293598294E-16,
1.));
#8535=DIRECTION('ref_axis',(-1.,1.49975978266142E-32,-1.22464679914735E-16));
#8536=DIRECTION('center_axis',(1.22464679914735E-16,1.224646799147E-16,
-1.));
#8537=DIRECTION('ref_axis',(-1.,1.49975978266142E-32,-1.22464679914735E-16));
#8538=DIRECTION('',(-1.22464679914735E-16,-2.449293598294E-16,1.));
#8539=DIRECTION('center_axis',(1.,-1.49975978266142E-32,1.22464679914735E-16));
#8540=DIRECTION('ref_axis',(0.,1.,1.224646799147E-16));
#8541=DIRECTION('',(0.,1.,1.224646799147E-16));
#8542=DIRECTION('center_axis',(-1.22464679914735E-16,-2.449293598294E-16,
1.));
#8543=DIRECTION('ref_axis',(-1.49975978266143E-32,1.,2.449293598294E-16));
#8544=DIRECTION('center_axis',(1.22464679914735E-16,1.224646799147E-16,
-1.));
#8545=DIRECTION('ref_axis',(-1.71056941445898E-48,1.,1.224646799147E-16));
#8546=DIRECTION('',(-1.22464679914735E-16,-2.449293598294E-16,1.));
#8547=DIRECTION('',(-1.22464679914735E-16,-2.449293598294E-16,1.));
#8548=DIRECTION('center_axis',(1.49975978266143E-32,-1.,-2.449293598294E-16));
#8549=DIRECTION('ref_axis',(1.,-1.49975978266142E-32,1.22464679914735E-16));
#8550=DIRECTION('',(1.,-1.49975978266142E-32,1.22464679914735E-16));
#8551=DIRECTION('',(-1.22464679914735E-16,-2.449293598294E-16,1.));
#8552=DIRECTION('center_axis',(-1.22464679914735E-16,-2.449293598294E-16,
1.));
#8553=DIRECTION('ref_axis',(1.,-1.49975978266142E-32,1.22464679914735E-16));
#8554=DIRECTION('center_axis',(1.22464679914735E-16,1.224646799147E-16,
-1.));
#8555=DIRECTION('ref_axis',(1.,-1.49975978266142E-32,1.22464679914735E-16));
#8556=DIRECTION('',(-1.22464679914735E-16,-2.449293598294E-16,1.));
#8557=DIRECTION('center_axis',(-1.,1.49975978266142E-32,-1.22464679914735E-16));
#8558=DIRECTION('ref_axis',(0.,-1.,-1.224646799147E-16));
#8559=DIRECTION('',(0.,-1.,-1.224646799147E-16));
#8560=DIRECTION('',(-1.22464679914735E-16,-2.449293598294E-16,1.));
#8561=DIRECTION('center_axis',(-1.22464679914735E-16,-2.449293598294E-16,
1.));
#8562=DIRECTION('ref_axis',(1.49975978266143E-32,-1.,-2.449293598294E-16));
#8563=DIRECTION('center_axis',(1.22464679914735E-16,1.224646799147E-16,
-1.));
#8564=DIRECTION('ref_axis',(3.42113882891808E-48,-1.,-1.224646799147E-16));
#8565=DIRECTION('',(-1.22464679914735E-16,-2.449293598294E-16,1.));
#8566=DIRECTION('center_axis',(-1.49975978266143E-32,1.,2.449293598294E-16));
#8567=DIRECTION('ref_axis',(-1.,1.49975978266142E-32,-1.22464679914735E-16));
#8568=DIRECTION('',(-1.,1.49975978266142E-32,-1.22464679914735E-16));
#8569=DIRECTION('',(-1.22464679914735E-16,-2.449293598294E-16,1.));
#8570=DIRECTION('center_axis',(-1.22464679914735E-16,-2.449293598294E-16,
1.));
#8571=DIRECTION('ref_axis',(-1.,1.49975978266142E-32,-1.22464679914735E-16));
#8572=DIRECTION('center_axis',(1.22464679914735E-16,1.224646799147E-16,
-1.));
#8573=DIRECTION('ref_axis',(-1.,1.49975978266142E-32,-1.22464679914735E-16));
#8574=DIRECTION('',(-1.22464679914735E-16,-2.449293598294E-16,1.));
#8575=DIRECTION('center_axis',(1.,-1.49975978266142E-32,1.22464679914735E-16));
#8576=DIRECTION('ref_axis',(0.,1.,1.224646799147E-16));
#8577=DIRECTION('',(0.,1.,1.224646799147E-16));
#8578=DIRECTION('center_axis',(-1.22464679914735E-16,-2.449293598294E-16,
1.));
#8579=DIRECTION('ref_axis',(-1.49975978266143E-32,1.,2.449293598294E-16));
#8580=DIRECTION('center_axis',(1.22464679914735E-16,1.224646799147E-16,
-1.));
#8581=DIRECTION('ref_axis',(-1.71056941445898E-48,1.,1.224646799147E-16));
#8582=DIRECTION('',(-1.22464679914735E-16,-2.449293598294E-16,1.));
#8583=DIRECTION('',(-1.22464679914735E-16,-2.449293598294E-16,1.));
#8584=DIRECTION('center_axis',(1.49975978266143E-32,-1.,-2.449293598294E-16));
#8585=DIRECTION('ref_axis',(1.,-1.49975978266142E-32,1.22464679914735E-16));
#8586=DIRECTION('',(1.,-1.49975978266142E-32,1.22464679914735E-16));
#8587=DIRECTION('',(-1.22464679914735E-16,-2.449293598294E-16,1.));
#8588=DIRECTION('center_axis',(-1.22464679914735E-16,-2.449293598294E-16,
1.));
#8589=DIRECTION('ref_axis',(1.,-1.49975978266142E-32,1.22464679914735E-16));
#8590=DIRECTION('center_axis',(1.22464679914735E-16,1.224646799147E-16,
-1.));
#8591=DIRECTION('ref_axis',(1.,-1.49975978266142E-32,1.22464679914735E-16));
#8592=DIRECTION('',(-1.22464679914735E-16,-2.449293598294E-16,1.));
#8593=DIRECTION('center_axis',(-1.,1.49975978266142E-32,-1.22464679914735E-16));
#8594=DIRECTION('ref_axis',(0.,-1.,-1.224646799147E-16));
#8595=DIRECTION('',(0.,-1.,-1.224646799147E-16));
#8596=DIRECTION('',(-1.22464679914735E-16,-2.449293598294E-16,1.));
#8597=DIRECTION('center_axis',(-1.22464679914735E-16,-2.449293598294E-16,
1.));
#8598=DIRECTION('ref_axis',(1.49975978266143E-32,-1.,-2.449293598294E-16));
#8599=DIRECTION('center_axis',(1.22464679914735E-16,1.224646799147E-16,
-1.));
#8600=DIRECTION('ref_axis',(1.71056941445898E-48,-1.,-1.224646799147E-16));
#8601=DIRECTION('',(-1.22464679914735E-16,-2.449293598294E-16,1.));
#8602=DIRECTION('center_axis',(-1.49975978266143E-32,1.,2.449293598294E-16));
#8603=DIRECTION('ref_axis',(-1.,1.49975978266142E-32,-1.22464679914735E-16));
#8604=DIRECTION('',(-1.,1.49975978266142E-32,-1.22464679914735E-16));
#8605=DIRECTION('',(-1.22464679914735E-16,-2.449293598294E-16,1.));
#8606=DIRECTION('center_axis',(-1.22464679914735E-16,-2.449293598294E-16,
1.));
#8607=DIRECTION('ref_axis',(-1.,-3.55271367880051E-14,-1.22464679914744E-16));
#8608=DIRECTION('center_axis',(1.22464679914735E-16,1.224646799147E-16,
-1.));
#8609=DIRECTION('ref_axis',(-1.,-3.55271367880051E-14,-1.2246467991474E-16));
#8610=DIRECTION('',(-1.22464679914735E-16,-2.449293598294E-16,1.));
#8611=DIRECTION('center_axis',(1.,-1.49975978266142E-32,1.22464679914735E-16));
#8612=DIRECTION('ref_axis',(0.,1.,1.224646799147E-16));
#8613=DIRECTION('',(0.,1.,1.224646799147E-16));
#8614=DIRECTION('center_axis',(-1.22464679914735E-16,-2.449293598294E-16,
1.));
#8615=DIRECTION('ref_axis',(-1.49975978266143E-32,1.,2.449293598294E-16));
#8616=DIRECTION('center_axis',(1.22464679914735E-16,1.224646799147E-16,
-1.));
#8617=DIRECTION('ref_axis',(-3.42113882891808E-48,1.,1.224646799147E-16));
#8618=DIRECTION('',(-1.22464679914735E-16,-2.449293598294E-16,1.));
#8619=DIRECTION('',(-1.22464679914735E-16,-2.449293598294E-16,1.));
#8620=DIRECTION('center_axis',(1.49975978266143E-32,-1.,-2.449293598294E-16));
#8621=DIRECTION('ref_axis',(1.,-1.49975978266142E-32,1.22464679914735E-16));
#8622=DIRECTION('',(1.,-1.49975978266142E-32,1.22464679914735E-16));
#8623=DIRECTION('',(-1.22464679914735E-16,-2.449293598294E-16,1.));
#8624=DIRECTION('center_axis',(-1.22464679914735E-16,-2.449293598294E-16,
1.));
#8625=DIRECTION('ref_axis',(1.,-1.49975978266142E-32,1.22464679914735E-16));
#8626=DIRECTION('center_axis',(1.22464679914735E-16,1.224646799147E-16,
-1.));
#8627=DIRECTION('ref_axis',(1.,-1.49975978266142E-32,1.22464679914735E-16));
#8628=DIRECTION('',(-1.22464679914735E-16,-2.449293598294E-16,1.));
#8629=DIRECTION('center_axis',(-1.,1.49975978266142E-32,-1.22464679914735E-16));
#8630=DIRECTION('ref_axis',(0.,-1.,-1.224646799147E-16));
#8631=DIRECTION('',(0.,-1.,-1.224646799147E-16));
#8632=DIRECTION('',(-1.22464679914735E-16,-2.449293598294E-16,1.));
#8633=DIRECTION('center_axis',(-1.22464679914735E-16,-2.449293598294E-16,
1.));
#8634=DIRECTION('ref_axis',(1.49975978266143E-32,-1.,-2.449293598294E-16));
#8635=DIRECTION('center_axis',(1.22464679914735E-16,1.224646799147E-16,
-1.));
#8636=DIRECTION('ref_axis',(0.,-1.,-1.224646799147E-16));
#8637=DIRECTION('',(-1.22464679914735E-16,-2.449293598294E-16,1.));
#8638=DIRECTION('center_axis',(-1.49975978266143E-32,1.,2.449293598294E-16));
#8639=DIRECTION('ref_axis',(-1.,1.49975978266142E-32,-1.22464679914735E-16));
#8640=DIRECTION('',(-1.,1.49975978266142E-32,-1.22464679914735E-16));
#8641=DIRECTION('',(-1.22464679914735E-16,-2.449293598294E-16,1.));
#8642=DIRECTION('center_axis',(-1.22464679914735E-16,-2.449293598294E-16,
1.));
#8643=DIRECTION('ref_axis',(-1.,1.49975978266142E-32,-1.22464679914735E-16));
#8644=DIRECTION('center_axis',(1.22464679914735E-16,1.224646799147E-16,
-1.));
#8645=DIRECTION('ref_axis',(-1.,1.49975978266142E-32,-1.22464679914735E-16));
#8646=DIRECTION('',(-1.22464679914735E-16,-2.449293598294E-16,1.));
#8647=DIRECTION('center_axis',(1.,-1.49975978266142E-32,1.22464679914735E-16));
#8648=DIRECTION('ref_axis',(0.,1.,1.224646799147E-16));
#8649=DIRECTION('',(0.,1.,1.224646799147E-16));
#8650=DIRECTION('center_axis',(-1.22464679914735E-16,-2.449293598294E-16,
1.));
#8651=DIRECTION('ref_axis',(-1.49975978266143E-32,1.,2.449293598294E-16));
#8652=DIRECTION('center_axis',(1.22464679914735E-16,1.224646799147E-16,
-1.));
#8653=DIRECTION('ref_axis',(0.,1.,1.224646799147E-16));
#8654=DIRECTION('',(-1.22464679914735E-16,-2.449293598294E-16,1.));
#8655=DIRECTION('',(-1.22464679914735E-16,-2.449293598294E-16,1.));
#8656=DIRECTION('center_axis',(1.49975978266143E-32,-1.,-2.449293598294E-16));
#8657=DIRECTION('ref_axis',(1.,-1.49975978266142E-32,1.22464679914735E-16));
#8658=DIRECTION('',(1.,-1.49975978266142E-32,1.22464679914735E-16));
#8659=DIRECTION('',(-1.22464679914735E-16,-2.449293598294E-16,1.));
#8660=DIRECTION('center_axis',(-1.22464679914735E-16,-2.449293598294E-16,
1.));
#8661=DIRECTION('ref_axis',(1.,-1.49975978266142E-32,1.22464679914735E-16));
#8662=DIRECTION('center_axis',(1.22464679914735E-16,1.224646799147E-16,
-1.));
#8663=DIRECTION('ref_axis',(1.,-1.49975978266142E-32,1.22464679914735E-16));
#8664=DIRECTION('',(-1.22464679914735E-16,-2.449293598294E-16,1.));
#8665=DIRECTION('center_axis',(-1.,1.49975978266142E-32,-1.22464679914735E-16));
#8666=DIRECTION('ref_axis',(0.,-1.,-1.224646799147E-16));
#8667=DIRECTION('',(0.,-1.,-1.224646799147E-16));
#8668=DIRECTION('',(-1.22464679914735E-16,-2.449293598294E-16,1.));
#8669=DIRECTION('center_axis',(-1.22464679914735E-16,-2.449293598294E-16,
1.));
#8670=DIRECTION('ref_axis',(1.49975978266143E-32,-1.,-2.449293598294E-16));
#8671=DIRECTION('center_axis',(1.22464679914735E-16,1.224646799147E-16,
-1.));
#8672=DIRECTION('ref_axis',(1.71056941445898E-48,-1.,-1.224646799147E-16));
#8673=DIRECTION('',(-1.22464679914735E-16,-2.449293598294E-16,1.));
#8674=DIRECTION('center_axis',(-1.49975978266143E-32,1.,2.449293598294E-16));
#8675=DIRECTION('ref_axis',(-1.,1.49975978266142E-32,-1.22464679914735E-16));
#8676=DIRECTION('',(-1.,1.49975978266142E-32,-1.22464679914735E-16));
#8677=DIRECTION('',(-1.22464679914735E-16,-2.449293598294E-16,1.));
#8678=DIRECTION('center_axis',(-1.22464679914735E-16,-2.449293598294E-16,
1.));
#8679=DIRECTION('ref_axis',(-1.,1.49975978266142E-32,-1.22464679914735E-16));
#8680=DIRECTION('center_axis',(1.22464679914735E-16,1.224646799147E-16,
-1.));
#8681=DIRECTION('ref_axis',(-1.,1.49975978266142E-32,-1.22464679914735E-16));
#8682=DIRECTION('',(-1.22464679914735E-16,-2.449293598294E-16,1.));
#8683=DIRECTION('center_axis',(1.,-1.49975978266142E-32,1.22464679914735E-16));
#8684=DIRECTION('ref_axis',(0.,1.,1.224646799147E-16));
#8685=DIRECTION('',(0.,1.,1.224646799147E-16));
#8686=DIRECTION('center_axis',(-1.22464679914735E-16,-2.449293598294E-16,
1.));
#8687=DIRECTION('ref_axis',(-1.49975978266143E-32,1.,2.449293598294E-16));
#8688=DIRECTION('center_axis',(1.22464679914735E-16,1.224646799147E-16,
-1.));
#8689=DIRECTION('ref_axis',(-3.42113882891808E-48,1.,1.224646799147E-16));
#8690=DIRECTION('',(-1.22464679914735E-16,-2.449293598294E-16,1.));
#8691=DIRECTION('',(-1.22464679914735E-16,-2.449293598294E-16,1.));
#8692=DIRECTION('center_axis',(1.49975978266143E-32,-1.,-2.449293598294E-16));
#8693=DIRECTION('ref_axis',(1.,-1.49975978266142E-32,1.22464679914735E-16));
#8694=DIRECTION('',(1.,-1.49975978266142E-32,1.22464679914735E-16));
#8695=DIRECTION('',(-1.22464679914735E-16,-2.449293598294E-16,1.));
#8696=DIRECTION('center_axis',(-1.22464679914735E-16,-2.449293598294E-16,
1.));
#8697=DIRECTION('ref_axis',(1.,-1.49975978266142E-32,1.22464679914735E-16));
#8698=DIRECTION('center_axis',(1.22464679914735E-16,1.224646799147E-16,
-1.));
#8699=DIRECTION('ref_axis',(1.,-1.49975978266142E-32,1.22464679914735E-16));
#8700=DIRECTION('',(-1.22464679914735E-16,-2.449293598294E-16,1.));
#8701=DIRECTION('center_axis',(-1.,1.49975978266142E-32,-1.22464679914735E-16));
#8702=DIRECTION('ref_axis',(0.,-1.,-1.224646799147E-16));
#8703=DIRECTION('',(0.,-1.,-1.224646799147E-16));
#8704=DIRECTION('',(-1.22464679914735E-16,-2.449293598294E-16,1.));
#8705=DIRECTION('center_axis',(-1.22464679914735E-16,-2.449293598294E-16,
1.));
#8706=DIRECTION('ref_axis',(1.49975978266143E-32,-1.,-2.449293598294E-16));
#8707=DIRECTION('center_axis',(1.22464679914735E-16,1.224646799147E-16,
-1.));
#8708=DIRECTION('ref_axis',(0.,-1.,-1.224646799147E-16));
#8709=DIRECTION('',(-1.22464679914735E-16,-2.449293598294E-16,1.));
#8710=DIRECTION('center_axis',(-1.49975978266143E-32,1.,2.449293598294E-16));
#8711=DIRECTION('ref_axis',(-1.,1.49975978266142E-32,-1.22464679914735E-16));
#8712=DIRECTION('',(-1.,1.49975978266142E-32,-1.22464679914735E-16));
#8713=DIRECTION('',(-1.22464679914735E-16,-2.449293598294E-16,1.));
#8714=DIRECTION('center_axis',(-1.22464679914735E-16,-2.449293598294E-16,
1.));
#8715=DIRECTION('ref_axis',(-1.,1.49975978266142E-32,-1.22464679914735E-16));
#8716=DIRECTION('center_axis',(1.22464679914735E-16,1.224646799147E-16,
-1.));
#8717=DIRECTION('ref_axis',(-1.,1.49975978266142E-32,-1.22464679914735E-16));
#8718=DIRECTION('',(-1.22464679914735E-16,-2.449293598294E-16,1.));
#8719=DIRECTION('center_axis',(1.,-1.49975978266142E-32,1.22464679914735E-16));
#8720=DIRECTION('ref_axis',(0.,1.,1.224646799147E-16));
#8721=DIRECTION('',(0.,1.,1.224646799147E-16));
#8722=DIRECTION('center_axis',(-1.22464679914735E-16,-2.449293598294E-16,
1.));
#8723=DIRECTION('ref_axis',(-1.49975978266143E-32,1.,2.449293598294E-16));
#8724=DIRECTION('center_axis',(1.22464679914735E-16,1.224646799147E-16,
-1.));
#8725=DIRECTION('ref_axis',(-3.42113882891808E-48,1.,1.224646799147E-16));
#8726=DIRECTION('',(-1.22464679914735E-16,-2.449293598294E-16,1.));
#8727=DIRECTION('',(-1.22464679914735E-16,-2.449293598294E-16,1.));
#8728=DIRECTION('center_axis',(1.49975978266143E-32,-1.,-2.449293598294E-16));
#8729=DIRECTION('ref_axis',(1.,-1.49975978266142E-32,1.22464679914735E-16));
#8730=DIRECTION('',(1.,-1.49975978266142E-32,1.22464679914735E-16));
#8731=DIRECTION('',(-1.22464679914735E-16,-2.449293598294E-16,1.));
#8732=DIRECTION('center_axis',(-1.22464679914735E-16,-2.449293598294E-16,
1.));
#8733=DIRECTION('ref_axis',(1.,-1.49975978266142E-32,1.22464679914735E-16));
#8734=DIRECTION('center_axis',(1.22464679914735E-16,1.224646799147E-16,
-1.));
#8735=DIRECTION('ref_axis',(1.,-1.49975978266142E-32,1.22464679914735E-16));
#8736=DIRECTION('',(-1.22464679914735E-16,-2.449293598294E-16,1.));
#8737=DIRECTION('center_axis',(-1.,1.49975978266142E-32,-1.22464679914735E-16));
#8738=DIRECTION('ref_axis',(0.,-1.,-1.224646799147E-16));
#8739=DIRECTION('',(0.,-1.,-1.224646799147E-16));
#8740=DIRECTION('',(-1.22464679914735E-16,-2.449293598294E-16,1.));
#8741=DIRECTION('center_axis',(-1.22464679914735E-16,-2.449293598294E-16,
1.));
#8742=DIRECTION('ref_axis',(-7.10542735760103E-14,-1.,-2.44929359829409E-16));
#8743=DIRECTION('center_axis',(1.22464679914735E-16,1.224646799147E-16,
-1.));
#8744=DIRECTION('ref_axis',(-7.10542735760103E-14,-1.,-1.22464679914709E-16));
#8745=DIRECTION('',(-1.22464679914735E-16,-2.449293598294E-16,1.));
#8746=DIRECTION('center_axis',(-1.49975978266143E-32,1.,2.449293598294E-16));
#8747=DIRECTION('ref_axis',(-1.,1.49975978266142E-32,-1.22464679914735E-16));
#8748=DIRECTION('',(-1.,1.49975978266142E-32,-1.22464679914735E-16));
#8749=DIRECTION('',(-1.22464679914735E-16,-2.449293598294E-16,1.));
#8750=DIRECTION('center_axis',(-1.22464679914735E-16,-2.449293598294E-16,
1.));
#8751=DIRECTION('ref_axis',(-1.,1.49975978266142E-32,-1.22464679914735E-16));
#8752=DIRECTION('center_axis',(1.22464679914735E-16,1.224646799147E-16,
-1.));
#8753=DIRECTION('ref_axis',(-1.,1.49975978266142E-32,-1.22464679914735E-16));
#8754=DIRECTION('',(-1.22464679914735E-16,-2.449293598294E-16,1.));
#8755=DIRECTION('center_axis',(1.,-1.49975978266142E-32,1.22464679914735E-16));
#8756=DIRECTION('ref_axis',(0.,1.,1.224646799147E-16));
#8757=DIRECTION('',(0.,1.,1.224646799147E-16));
#8758=DIRECTION('center_axis',(-1.22464679914735E-16,-2.449293598294E-16,
1.));
#8759=DIRECTION('ref_axis',(-1.49975978266143E-32,1.,2.449293598294E-16));
#8760=DIRECTION('center_axis',(1.22464679914735E-16,1.224646799147E-16,
-1.));
#8761=DIRECTION('ref_axis',(-1.71056941445898E-48,1.,1.224646799147E-16));
#8762=DIRECTION('',(-1.22464679914735E-16,-2.449293598294E-16,1.));
#8763=DIRECTION('',(-1.22464679914735E-16,-2.449293598294E-16,1.));
#8764=DIRECTION('center_axis',(1.49975978266143E-32,-1.,-2.449293598294E-16));
#8765=DIRECTION('ref_axis',(1.,-1.49975978266142E-32,1.22464679914735E-16));
#8766=DIRECTION('',(1.,-1.49975978266142E-32,1.22464679914735E-16));
#8767=DIRECTION('',(-1.22464679914735E-16,-2.449293598294E-16,1.));
#8768=DIRECTION('center_axis',(-1.22464679914735E-16,-2.449293598294E-16,
1.));
#8769=DIRECTION('ref_axis',(1.,-1.49975978266142E-32,1.22464679914735E-16));
#8770=DIRECTION('center_axis',(1.22464679914735E-16,1.224646799147E-16,
-1.));
#8771=DIRECTION('ref_axis',(1.,-1.49975978266143E-32,1.22464679914735E-16));
#8772=DIRECTION('',(-1.22464679914735E-16,-2.449293598294E-16,1.));
#8773=DIRECTION('center_axis',(-1.,1.49975978266142E-32,-1.22464679914735E-16));
#8774=DIRECTION('ref_axis',(0.,-1.,-1.224646799147E-16));
#8775=DIRECTION('',(0.,-1.,-1.224646799147E-16));
#8776=DIRECTION('',(-1.22464679914735E-16,-2.449293598294E-16,1.));
#8777=DIRECTION('center_axis',(-1.22464679914735E-16,-2.449293598294E-16,
1.));
#8778=DIRECTION('ref_axis',(1.49975978266143E-32,-1.,-2.449293598294E-16));
#8779=DIRECTION('center_axis',(1.22464679914735E-16,1.224646799147E-16,
-1.));
#8780=DIRECTION('ref_axis',(1.71056941445898E-48,-1.,-1.224646799147E-16));
#8781=DIRECTION('',(-1.22464679914735E-16,-2.449293598294E-16,1.));
#8782=DIRECTION('center_axis',(-1.49975978266143E-32,1.,2.449293598294E-16));
#8783=DIRECTION('ref_axis',(-1.,1.49975978266142E-32,-1.22464679914735E-16));
#8784=DIRECTION('',(-1.,1.49975978266142E-32,-1.22464679914735E-16));
#8785=DIRECTION('',(-1.22464679914735E-16,-2.449293598294E-16,1.));
#8786=DIRECTION('center_axis',(-1.22464679914735E-16,-2.449293598294E-16,
1.));
#8787=DIRECTION('ref_axis',(-1.,-3.55271367880051E-14,-1.22464679914744E-16));
#8788=DIRECTION('center_axis',(1.22464679914735E-16,1.224646799147E-16,
-1.));
#8789=DIRECTION('ref_axis',(-1.,-3.55271367880051E-14,-1.2246467991474E-16));
#8790=DIRECTION('',(-1.22464679914735E-16,-2.449293598294E-16,1.));
#8791=DIRECTION('center_axis',(1.,-1.49975978266142E-32,1.22464679914735E-16));
#8792=DIRECTION('ref_axis',(0.,1.,1.224646799147E-16));
#8793=DIRECTION('',(0.,1.,1.224646799147E-16));
#8794=DIRECTION('center_axis',(-1.22464679914735E-16,-2.449293598294E-16,
1.));
#8795=DIRECTION('ref_axis',(-1.49975978266143E-32,1.,2.449293598294E-16));
#8796=DIRECTION('center_axis',(1.22464679914735E-16,1.224646799147E-16,
-1.));
#8797=DIRECTION('ref_axis',(-3.42113882891808E-48,1.,1.224646799147E-16));
#8798=DIRECTION('',(-1.22464679914735E-16,-2.449293598294E-16,1.));
#8799=DIRECTION('',(-1.22464679914735E-16,-2.449293598294E-16,1.));
#8800=DIRECTION('center_axis',(1.49975978266143E-32,-1.,-2.449293598294E-16));
#8801=DIRECTION('ref_axis',(1.,-1.49975978266142E-32,1.22464679914735E-16));
#8802=DIRECTION('',(1.,-1.49975978266142E-32,1.22464679914735E-16));
#8803=DIRECTION('',(-1.22464679914735E-16,-2.449293598294E-16,1.));
#8804=DIRECTION('center_axis',(-1.22464679914735E-16,-2.449293598294E-16,
1.));
#8805=DIRECTION('ref_axis',(1.,-1.49975978266142E-32,1.22464679914735E-16));
#8806=DIRECTION('center_axis',(1.22464679914735E-16,1.224646799147E-16,
-1.));
#8807=DIRECTION('ref_axis',(1.,-1.49975978266142E-32,1.22464679914735E-16));
#8808=DIRECTION('',(-1.22464679914735E-16,-2.449293598294E-16,1.));
#8809=DIRECTION('center_axis',(-1.,1.49975978266142E-32,-1.22464679914735E-16));
#8810=DIRECTION('ref_axis',(0.,-1.,-1.224646799147E-16));
#8811=DIRECTION('',(0.,-1.,-1.224646799147E-16));
#8812=DIRECTION('',(-1.22464679914735E-16,-2.449293598294E-16,1.));
#8813=DIRECTION('center_axis',(-1.22464679914735E-16,-2.449293598294E-16,
1.));
#8814=DIRECTION('ref_axis',(1.49975978266143E-32,-1.,-2.449293598294E-16));
#8815=DIRECTION('center_axis',(1.22464679914735E-16,1.224646799147E-16,
-1.));
#8816=DIRECTION('ref_axis',(0.,-1.,-1.224646799147E-16));
#8817=DIRECTION('',(-1.22464679914735E-16,-2.449293598294E-16,1.));
#8818=DIRECTION('center_axis',(-1.49975978266143E-32,1.,2.449293598294E-16));
#8819=DIRECTION('ref_axis',(-1.,1.49975978266142E-32,-1.22464679914735E-16));
#8820=DIRECTION('',(-1.,1.49975978266142E-32,-1.22464679914735E-16));
#8821=DIRECTION('',(-1.22464679914735E-16,-2.449293598294E-16,1.));
#8822=DIRECTION('center_axis',(-1.22464679914735E-16,-2.449293598294E-16,
1.));
#8823=DIRECTION('ref_axis',(-1.,1.49975978266142E-32,-1.22464679914735E-16));
#8824=DIRECTION('center_axis',(1.22464679914735E-16,1.224646799147E-16,
-1.));
#8825=DIRECTION('ref_axis',(-1.,1.49975978266142E-32,-1.22464679914735E-16));
#8826=DIRECTION('',(-1.22464679914735E-16,-2.449293598294E-16,1.));
#8827=DIRECTION('center_axis',(1.,-1.49975978266142E-32,1.22464679914735E-16));
#8828=DIRECTION('ref_axis',(0.,1.,1.224646799147E-16));
#8829=DIRECTION('',(0.,1.,1.224646799147E-16));
#8830=DIRECTION('center_axis',(-1.22464679914735E-16,-2.449293598294E-16,
1.));
#8831=DIRECTION('ref_axis',(-1.49975978266143E-32,1.,2.449293598294E-16));
#8832=DIRECTION('center_axis',(1.22464679914735E-16,1.224646799147E-16,
-1.));
#8833=DIRECTION('ref_axis',(-3.42113882891808E-48,1.,1.224646799147E-16));
#8834=DIRECTION('',(-1.22464679914735E-16,-2.449293598294E-16,1.));
#8835=DIRECTION('',(-1.22464679914735E-16,-2.449293598294E-16,1.));
#8836=DIRECTION('center_axis',(1.49975978266143E-32,-1.,-2.449293598294E-16));
#8837=DIRECTION('ref_axis',(1.,-1.49975978266142E-32,1.22464679914735E-16));
#8838=DIRECTION('',(1.,-1.49975978266142E-32,1.22464679914735E-16));
#8839=DIRECTION('',(-1.22464679914735E-16,-2.449293598294E-16,1.));
#8840=DIRECTION('center_axis',(-1.22464679914735E-16,-2.449293598294E-16,
1.));
#8841=DIRECTION('ref_axis',(1.,-1.49975978266142E-32,1.22464679914735E-16));
#8842=DIRECTION('center_axis',(1.22464679914735E-16,1.224646799147E-16,
-1.));
#8843=DIRECTION('ref_axis',(1.,-1.49975978266142E-32,1.22464679914735E-16));
#8844=DIRECTION('',(-1.22464679914735E-16,-2.449293598294E-16,1.));
#8845=DIRECTION('center_axis',(-1.,1.49975978266142E-32,-1.22464679914735E-16));
#8846=DIRECTION('ref_axis',(0.,-1.,-1.224646799147E-16));
#8847=DIRECTION('',(0.,-1.,-1.224646799147E-16));
#8848=DIRECTION('',(-1.22464679914735E-16,-2.449293598294E-16,1.));
#8849=DIRECTION('center_axis',(-1.22464679914735E-16,-2.449293598294E-16,
1.));
#8850=DIRECTION('ref_axis',(1.49975978266143E-32,-1.,-2.449293598294E-16));
#8851=DIRECTION('center_axis',(1.22464679914735E-16,1.224646799147E-16,
-1.));
#8852=DIRECTION('ref_axis',(0.,-1.,-1.224646799147E-16));
#8853=DIRECTION('',(-1.22464679914735E-16,-2.449293598294E-16,1.));
#8854=DIRECTION('center_axis',(-1.49975978266143E-32,1.,2.449293598294E-16));
#8855=DIRECTION('ref_axis',(-1.,1.49975978266142E-32,-1.22464679914735E-16));
#8856=DIRECTION('',(-1.,1.49975978266142E-32,-1.22464679914735E-16));
#8857=DIRECTION('',(-1.22464679914735E-16,-2.449293598294E-16,1.));
#8858=DIRECTION('center_axis',(-1.22464679914735E-16,-2.449293598294E-16,
1.));
#8859=DIRECTION('ref_axis',(-1.,1.49975978266142E-32,-1.22464679914735E-16));
#8860=DIRECTION('center_axis',(1.22464679914735E-16,1.224646799147E-16,
-1.));
#8861=DIRECTION('ref_axis',(-1.,1.49975978266142E-32,-1.22464679914735E-16));
#8862=DIRECTION('',(-1.22464679914735E-16,-2.449293598294E-16,1.));
#8863=DIRECTION('center_axis',(1.,-1.49975978266142E-32,1.22464679914735E-16));
#8864=DIRECTION('ref_axis',(0.,1.,1.224646799147E-16));
#8865=DIRECTION('',(0.,1.,1.224646799147E-16));
#8866=DIRECTION('center_axis',(-1.22464679914735E-16,-2.449293598294E-16,
1.));
#8867=DIRECTION('ref_axis',(-1.49975978266143E-32,1.,2.449293598294E-16));
#8868=DIRECTION('center_axis',(1.22464679914735E-16,1.224646799147E-16,
-1.));
#8869=DIRECTION('ref_axis',(-1.71056941445898E-48,1.,1.224646799147E-16));
#8870=DIRECTION('',(-1.22464679914735E-16,-2.449293598294E-16,1.));
#8871=DIRECTION('',(-1.22464679914735E-16,-2.449293598294E-16,1.));
#8872=DIRECTION('center_axis',(1.49975978266143E-32,-1.,-2.449293598294E-16));
#8873=DIRECTION('ref_axis',(1.,-1.49975978266142E-32,1.22464679914735E-16));
#8874=DIRECTION('',(1.,-1.49975978266142E-32,1.22464679914735E-16));
#8875=DIRECTION('',(-1.22464679914735E-16,-2.449293598294E-16,1.));
#8876=DIRECTION('center_axis',(-1.22464679914735E-16,-2.449293598294E-16,
1.));
#8877=DIRECTION('ref_axis',(1.,-1.49975978266142E-32,1.22464679914735E-16));
#8878=DIRECTION('center_axis',(1.22464679914735E-16,1.224646799147E-16,
-1.));
#8879=DIRECTION('ref_axis',(1.,-1.49975978266142E-32,1.22464679914735E-16));
#8880=DIRECTION('',(-1.22464679914735E-16,-2.449293598294E-16,1.));
#8881=DIRECTION('center_axis',(-1.,1.49975978266142E-32,-1.22464679914735E-16));
#8882=DIRECTION('ref_axis',(0.,-1.,-1.224646799147E-16));
#8883=DIRECTION('',(0.,-1.,-1.224646799147E-16));
#8884=DIRECTION('',(-1.22464679914735E-16,-2.449293598294E-16,1.));
#8885=DIRECTION('center_axis',(-1.22464679914735E-16,-2.449293598294E-16,
1.));
#8886=DIRECTION('ref_axis',(1.49975978266143E-32,-1.,-2.449293598294E-16));
#8887=DIRECTION('center_axis',(1.22464679914735E-16,1.224646799147E-16,
-1.));
#8888=DIRECTION('ref_axis',(1.71056941445898E-48,-1.,-1.224646799147E-16));
#8889=DIRECTION('',(-1.22464679914735E-16,-2.449293598294E-16,1.));
#8890=DIRECTION('center_axis',(-1.49975978266143E-32,1.,2.449293598294E-16));
#8891=DIRECTION('ref_axis',(-1.,1.49975978266142E-32,-1.22464679914735E-16));
#8892=DIRECTION('',(-1.,1.49975978266142E-32,-1.22464679914735E-16));
#8893=DIRECTION('',(-1.22464679914735E-16,-2.449293598294E-16,1.));
#8894=DIRECTION('center_axis',(-1.22464679914735E-16,-2.449293598294E-16,
1.));
#8895=DIRECTION('ref_axis',(-1.,1.49975978266142E-32,-1.22464679914735E-16));
#8896=DIRECTION('center_axis',(1.22464679914735E-16,1.224646799147E-16,
-1.));
#8897=DIRECTION('ref_axis',(-1.,1.49975978266142E-32,-1.22464679914735E-16));
#8898=DIRECTION('',(-1.22464679914735E-16,-2.449293598294E-16,1.));
#8899=DIRECTION('center_axis',(1.,-1.49975978266142E-32,1.22464679914735E-16));
#8900=DIRECTION('ref_axis',(0.,1.,1.224646799147E-16));
#8901=DIRECTION('',(0.,1.,1.224646799147E-16));
#8902=DIRECTION('center_axis',(-1.22464679914735E-16,-2.449293598294E-16,
1.));
#8903=DIRECTION('ref_axis',(-1.49975978266143E-32,1.,2.449293598294E-16));
#8904=DIRECTION('center_axis',(1.22464679914735E-16,1.224646799147E-16,
-1.));
#8905=DIRECTION('ref_axis',(-1.71056941445898E-48,1.,1.224646799147E-16));
#8906=DIRECTION('',(-1.22464679914735E-16,-2.449293598294E-16,1.));
#8907=DIRECTION('',(-1.22464679914735E-16,-2.449293598294E-16,1.));
#8908=DIRECTION('center_axis',(1.49975978266143E-32,-1.,-2.449293598294E-16));
#8909=DIRECTION('ref_axis',(1.,-1.49975978266142E-32,1.22464679914735E-16));
#8910=DIRECTION('',(1.,-1.49975978266142E-32,1.22464679914735E-16));
#8911=DIRECTION('',(-1.22464679914735E-16,-2.449293598294E-16,1.));
#8912=DIRECTION('center_axis',(-1.22464679914735E-16,-2.449293598294E-16,
1.));
#8913=DIRECTION('ref_axis',(1.,-1.49975978266142E-32,1.22464679914735E-16));
#8914=DIRECTION('center_axis',(1.22464679914735E-16,1.224646799147E-16,
-1.));
#8915=DIRECTION('ref_axis',(1.,-1.49975978266142E-32,1.22464679914735E-16));
#8916=DIRECTION('',(-1.22464679914735E-16,-2.449293598294E-16,1.));
#8917=DIRECTION('center_axis',(-1.,1.49975978266142E-32,-1.22464679914735E-16));
#8918=DIRECTION('ref_axis',(0.,-1.,-1.224646799147E-16));
#8919=DIRECTION('',(0.,-1.,-1.224646799147E-16));
#8920=DIRECTION('',(-1.22464679914735E-16,-2.449293598294E-16,1.));
#8921=DIRECTION('center_axis',(-1.22464679914735E-16,-2.449293598294E-16,
1.));
#8922=DIRECTION('ref_axis',(1.49975978266143E-32,-1.,-2.449293598294E-16));
#8923=DIRECTION('center_axis',(1.22464679914735E-16,1.224646799147E-16,
-1.));
#8924=DIRECTION('ref_axis',(1.71056941445898E-48,-1.,-1.224646799147E-16));
#8925=DIRECTION('',(-1.22464679914735E-16,-2.449293598294E-16,1.));
#8926=DIRECTION('center_axis',(-1.49975978266143E-32,1.,2.449293598294E-16));
#8927=DIRECTION('ref_axis',(-1.,1.49975978266142E-32,-1.22464679914735E-16));
#8928=DIRECTION('',(-1.,1.49975978266142E-32,-1.22464679914735E-16));
#8929=DIRECTION('',(-1.22464679914735E-16,-2.449293598294E-16,1.));
#8930=DIRECTION('center_axis',(-1.22464679914735E-16,-2.449293598294E-16,
1.));
#8931=DIRECTION('ref_axis',(-1.,1.49975978266142E-32,-1.22464679914735E-16));
#8932=DIRECTION('center_axis',(1.22464679914735E-16,1.224646799147E-16,
-1.));
#8933=DIRECTION('ref_axis',(-1.,1.49975978266142E-32,-1.22464679914735E-16));
#8934=DIRECTION('',(-1.22464679914735E-16,-2.449293598294E-16,1.));
#8935=DIRECTION('center_axis',(1.,-1.49975978266142E-32,1.22464679914735E-16));
#8936=DIRECTION('ref_axis',(0.,1.,1.224646799147E-16));
#8937=DIRECTION('',(0.,1.,1.224646799147E-16));
#8938=DIRECTION('center_axis',(-1.22464679914735E-16,-2.449293598294E-16,
1.));
#8939=DIRECTION('ref_axis',(-1.49975978266143E-32,1.,2.449293598294E-16));
#8940=DIRECTION('center_axis',(1.22464679914735E-16,1.224646799147E-16,
-1.));
#8941=DIRECTION('ref_axis',(0.,1.,1.224646799147E-16));
#8942=DIRECTION('',(-1.22464679914735E-16,-2.449293598294E-16,1.));
#8943=DIRECTION('',(-1.22464679914735E-16,-2.449293598294E-16,1.));
#8944=DIRECTION('center_axis',(1.49975978266143E-32,-1.,-2.449293598294E-16));
#8945=DIRECTION('ref_axis',(1.,-1.49975978266142E-32,1.22464679914735E-16));
#8946=DIRECTION('',(1.,-1.49975978266142E-32,1.22464679914735E-16));
#8947=DIRECTION('',(-1.22464679914735E-16,-2.449293598294E-16,1.));
#8948=DIRECTION('center_axis',(-1.22464679914735E-16,-2.449293598294E-16,
1.));
#8949=DIRECTION('ref_axis',(1.,-1.49975978266142E-32,1.22464679914735E-16));
#8950=DIRECTION('center_axis',(1.22464679914735E-16,1.224646799147E-16,
-1.));
#8951=DIRECTION('ref_axis',(1.,-1.49975978266142E-32,1.22464679914735E-16));
#8952=DIRECTION('',(-1.22464679914735E-16,-2.449293598294E-16,1.));
#8953=DIRECTION('center_axis',(-1.,1.49975978266142E-32,-1.22464679914735E-16));
#8954=DIRECTION('ref_axis',(0.,-1.,-1.224646799147E-16));
#8955=DIRECTION('',(0.,-1.,-1.224646799147E-16));
#8956=DIRECTION('',(-1.22464679914735E-16,-2.449293598294E-16,1.));
#8957=DIRECTION('center_axis',(-1.22464679914735E-16,-2.449293598294E-16,
1.));
#8958=DIRECTION('ref_axis',(7.1054273576009E-14,-1.,-2.44929359829391E-16));
#8959=DIRECTION('center_axis',(1.22464679914735E-16,1.224646799147E-16,
-1.));
#8960=DIRECTION('ref_axis',(7.1054273576009E-14,-1.,-1.22464679914691E-16));
#8961=DIRECTION('',(-1.22464679914735E-16,-2.449293598294E-16,1.));
#8962=DIRECTION('center_axis',(-1.49975978266143E-32,1.,2.449293598294E-16));
#8963=DIRECTION('ref_axis',(-1.,1.49975978266142E-32,-1.22464679914735E-16));
#8964=DIRECTION('',(-1.,1.49975978266142E-32,-1.22464679914735E-16));
#8965=DIRECTION('',(-1.22464679914735E-16,-2.449293598294E-16,1.));
#8966=DIRECTION('center_axis',(-1.22464679914735E-16,-2.449293598294E-16,
1.));
#8967=DIRECTION('ref_axis',(-1.,1.49975978266142E-32,-1.22464679914735E-16));
#8968=DIRECTION('center_axis',(1.22464679914735E-16,1.224646799147E-16,
-1.));
#8969=DIRECTION('ref_axis',(-1.,1.49975978266142E-32,-1.22464679914735E-16));
#8970=DIRECTION('',(-1.22464679914735E-16,-2.449293598294E-16,1.));
#8971=DIRECTION('center_axis',(1.,-1.49975978266142E-32,1.22464679914735E-16));
#8972=DIRECTION('ref_axis',(0.,1.,1.224646799147E-16));
#8973=DIRECTION('',(0.,1.,1.224646799147E-16));
#8974=DIRECTION('center_axis',(-1.22464679914735E-16,-2.449293598294E-16,
1.));
#8975=DIRECTION('ref_axis',(-1.49975978266143E-32,1.,2.449293598294E-16));
#8976=DIRECTION('center_axis',(1.22464679914735E-16,1.224646799147E-16,
-1.));
#8977=DIRECTION('ref_axis',(0.,1.,1.224646799147E-16));
#8978=DIRECTION('',(-1.22464679914735E-16,-2.449293598294E-16,1.));
#8979=DIRECTION('',(-1.22464679914735E-16,-2.449293598294E-16,1.));
#8980=DIRECTION('center_axis',(1.49975978266143E-32,-1.,-2.449293598294E-16));
#8981=DIRECTION('ref_axis',(1.,-1.49975978266142E-32,1.22464679914735E-16));
#8982=DIRECTION('',(1.,-1.49975978266142E-32,1.22464679914735E-16));
#8983=DIRECTION('',(-1.22464679914735E-16,-2.449293598294E-16,1.));
#8984=DIRECTION('center_axis',(-1.22464679914735E-16,-2.449293598294E-16,
1.));
#8985=DIRECTION('ref_axis',(1.,-1.49975978266142E-32,1.22464679914735E-16));
#8986=DIRECTION('center_axis',(1.22464679914735E-16,1.224646799147E-16,
-1.));
#8987=DIRECTION('ref_axis',(1.,-1.49975978266142E-32,1.22464679914735E-16));
#8988=DIRECTION('',(-1.22464679914735E-16,-2.449293598294E-16,1.));
#8989=DIRECTION('center_axis',(-1.,1.49975978266142E-32,-1.22464679914735E-16));
#8990=DIRECTION('ref_axis',(0.,-1.,-1.224646799147E-16));
#8991=DIRECTION('',(0.,-1.,-1.224646799147E-16));
#8992=DIRECTION('',(-1.22464679914735E-16,-2.449293598294E-16,1.));
#8993=DIRECTION('center_axis',(-1.22464679914735E-16,-2.449293598294E-16,
1.));
#8994=DIRECTION('ref_axis',(3.55271367880045E-14,-1.,-2.44929359829396E-16));
#8995=DIRECTION('center_axis',(1.22464679914735E-16,1.224646799147E-16,
-1.));
#8996=DIRECTION('ref_axis',(3.55271367880045E-14,-1.,-1.22464679914696E-16));
#8997=DIRECTION('',(-1.22464679914735E-16,-2.449293598294E-16,1.));
#8998=DIRECTION('center_axis',(-1.49975978266143E-32,1.,2.449293598294E-16));
#8999=DIRECTION('ref_axis',(-1.,1.49975978266142E-32,-1.22464679914735E-16));
#9000=DIRECTION('',(-1.,1.49975978266142E-32,-1.22464679914735E-16));
#9001=DIRECTION('',(-1.22464679914735E-16,-2.449293598294E-16,1.));
#9002=DIRECTION('center_axis',(-1.22464679914735E-16,-2.449293598294E-16,
1.));
#9003=DIRECTION('ref_axis',(-1.,1.49975978266142E-32,-1.22464679914735E-16));
#9004=DIRECTION('center_axis',(1.22464679914735E-16,1.224646799147E-16,
-1.));
#9005=DIRECTION('ref_axis',(-1.,1.49975978266142E-32,-1.22464679914735E-16));
#9006=DIRECTION('',(-1.22464679914735E-16,-2.449293598294E-16,1.));
#9007=DIRECTION('center_axis',(1.,-1.49975978266142E-32,1.22464679914735E-16));
#9008=DIRECTION('ref_axis',(0.,1.,1.224646799147E-16));
#9009=DIRECTION('',(0.,1.,1.224646799147E-16));
#9010=DIRECTION('center_axis',(-1.22464679914735E-16,-1.224646799147E-16,
1.));
#9011=DIRECTION('ref_axis',(1.,-1.49975978266142E-32,1.22464679914735E-16));
#9012=DIRECTION('center_axis',(0.,0.,-1.));
#9013=DIRECTION('ref_axis',(0.,1.,0.));
#9014=DIRECTION('center_axis',(0.,0.,1.));
#9015=DIRECTION('ref_axis',(0.,1.,0.));
#9016=DIRECTION('axis',(0.,0.,1.));
#9017=DIRECTION('refdir',(1.,0.,0.));
#9018=DIRECTION('',(0.,0.,1.));
#9019=DIRECTION('',(1.,0.,0.));
#9020=DIRECTION('',(0.,0.,1.));
#9021=DIRECTION('',(1.,0.,0.));
#9022=DIRECTION('',(0.,0.,1.));
#9023=DIRECTION('',(1.,0.,0.));
#9024=CARTESIAN_POINT('',(0.,0.,0.));
#9025=CARTESIAN_POINT('',(0.,0.,0.));
#9026=CARTESIAN_POINT('',(0.,0.,0.));
#9027=CARTESIAN_POINT('Origin',(18.0857864376269,-129.949091799245,-15.412480314961));
#9028=CARTESIAN_POINT('',(16.5857864376269,-129.949091799245,5.23751968503902));
#9029=CARTESIAN_POINT('Origin',(18.0857864376269,-129.949091799245,5.23751968503902));
#9030=CARTESIAN_POINT('',(16.5857864376269,-129.949091799245,6.73751968503902));
#9031=CARTESIAN_POINT('',(16.5857864376269,-129.949091799245,-15.412480314961));
#9032=CARTESIAN_POINT('Origin',(18.0857864376269,-129.949091799245,6.73751968503902));
#9033=CARTESIAN_POINT('Origin',(18.0857864376269,-18.120664674499,-15.412480314961));
#9034=CARTESIAN_POINT('',(16.5857864376269,-18.120664674499,5.23751968503902));
#9035=CARTESIAN_POINT('Origin',(18.0857864376269,-18.120664674499,5.23751968503902));
#9036=CARTESIAN_POINT('',(16.5857864376269,-18.120664674499,6.73751968503902));
#9037=CARTESIAN_POINT('',(16.5857864376269,-18.120664674499,-15.412480314961));
#9038=CARTESIAN_POINT('Origin',(18.0857864376269,-18.120664674499,6.73751968503902));
#9039=CARTESIAN_POINT('Origin',(180.,-74.,5.98751968503902));
#9040=CARTESIAN_POINT('',(180.,-82.9216596529655,6.73751968503902));
#9041=CARTESIAN_POINT('',(180.,-82.9216596529655,5.23751968503902));
#9042=CARTESIAN_POINT('',(180.,-82.9216596529655,5.61251968503902));
#9043=CARTESIAN_POINT('',(180.,-134.,6.73751968503901));
#9044=CARTESIAN_POINT('',(180.,-74.9108298264828,6.73751968503902));
#9045=CARTESIAN_POINT('',(180.,-134.,5.23751968503902));
#9046=CARTESIAN_POINT('',(180.,-134.,6.36251968503902));
#9047=CARTESIAN_POINT('',(180.,-74.9108298264828,5.23751968503902));
#9048=CARTESIAN_POINT('Origin',(180.,-74.,5.98751968503902));
#9049=CARTESIAN_POINT('',(180.,-63.8716596529655,6.73751968503902));
#9050=CARTESIAN_POINT('',(180.,-63.8716596529655,5.23751968503902));
#9051=CARTESIAN_POINT('',(180.,-63.8716596529655,5.61251968503902));
#9052=CARTESIAN_POINT('',(180.,-68.7216596529655,6.73751968503902));
#9053=CARTESIAN_POINT('',(180.,-74.9108298264828,6.73751968503902));
#9054=CARTESIAN_POINT('',(180.,-68.7216596529655,5.23751968503902));
#9055=CARTESIAN_POINT('',(180.,-68.7216596529655,5.61251968503902));
#9056=CARTESIAN_POINT('',(180.,-74.9108298264828,5.23751968503902));
#9057=CARTESIAN_POINT('Origin',(180.,-74.,5.98751968503902));
#9058=CARTESIAN_POINT('',(180.,-30.6216596529655,5.23751968503903));
#9059=CARTESIAN_POINT('',(180.,-30.6216596529655,6.73751968503903));
#9060=CARTESIAN_POINT('',(180.,-30.6216596529655,5.61251968503903));
#9061=CARTESIAN_POINT('',(180.,-14.,5.23751968503902));
#9062=CARTESIAN_POINT('',(180.,-74.9108298264828,5.23751968503902));
#9063=CARTESIAN_POINT('',(180.,-14.,6.73751968503903));
#9064=CARTESIAN_POINT('',(180.,-14.,6.36251968503902));
#9065=CARTESIAN_POINT('',(180.,-74.9108298264828,6.73751968503902));
#9066=CARTESIAN_POINT('Origin',(180.,-74.,5.98751968503902));
#9067=CARTESIAN_POINT('',(180.,-44.8216596529655,6.73751968503903));
#9068=CARTESIAN_POINT('',(180.,-44.8216596529655,5.23751968503903));
#9069=CARTESIAN_POINT('',(180.,-44.8216596529655,5.61251968503903));
#9070=CARTESIAN_POINT('',(180.,-49.6716596529655,6.73751968503902));
#9071=CARTESIAN_POINT('',(180.,-74.9108298264828,6.73751968503902));
#9072=CARTESIAN_POINT('',(180.,-49.6716596529655,5.23751968503902));
#9073=CARTESIAN_POINT('',(180.,-49.6716596529655,5.61251968503902));
#9074=CARTESIAN_POINT('',(180.,-74.9108298264828,5.23751968503902));
#9075=CARTESIAN_POINT('Origin',(19.,-134.,6.73751968503902));
#9076=CARTESIAN_POINT('',(19.,-134.,6.737519685039));
#9077=CARTESIAN_POINT('',(99.5,-134.,6.737519685039));
#9078=CARTESIAN_POINT('',(19.,-134.,5.23751968503902));
#9079=CARTESIAN_POINT('',(19.,-134.,6.73751968503902));
#9080=CARTESIAN_POINT('',(19.,-134.,5.23751968503902));
#9081=CARTESIAN_POINT('Origin',(171.854468357028,-68.7216596529655,5.23751968503902));
#9082=CARTESIAN_POINT('',(171.854468357028,-68.7216596529655,6.73751968503902));
#9083=CARTESIAN_POINT('',(171.854468357028,-68.7216596529655,6.73751968503902));
#9084=CARTESIAN_POINT('',(171.854468357028,-68.7216596529655,5.23751968503902));
#9085=CARTESIAN_POINT('',(171.854468357028,-68.7216596529655,5.23751968503902));
#9086=CARTESIAN_POINT('',(171.854468357028,-68.7216596529655,5.23751968503902));
#9087=CARTESIAN_POINT('Origin',(341.,-14.,6.73751968503902));
#9088=CARTESIAN_POINT('',(19.,-14.,5.23751968503902));
#9089=CARTESIAN_POINT('',(341.,-14.,5.23751968503902));
#9090=CARTESIAN_POINT('',(19.,-14.,6.73751968503901));
#9091=CARTESIAN_POINT('',(19.,-14.,6.73751968503902));
#9092=CARTESIAN_POINT('',(260.5,-14.,6.73751968503904));
#9093=CARTESIAN_POINT('Origin',(167.091968357028,-49.6716596529655,5.23751968503902));
#9094=CARTESIAN_POINT('',(167.091968357028,-49.6716596529655,6.73751968503902));
#9095=CARTESIAN_POINT('',(167.091968357028,-49.6716596529655,6.73751968503902));
#9096=CARTESIAN_POINT('',(167.091968357028,-49.6716596529655,5.23751968503902));
#9097=CARTESIAN_POINT('',(167.091968357028,-49.6716596529655,5.23751968503902));
#9098=CARTESIAN_POINT('',(167.091968357028,-49.6716596529655,5.23751968503902));
#9099=CARTESIAN_POINT('Origin',(164.166968357028,-75.8216596529655,6.73751968503902));
#9100=CARTESIAN_POINT('',(171.854468357028,-82.9216596529655,6.73751968503902));
#9101=CARTESIAN_POINT('',(171.854468357028,-82.9216596529655,6.73751968503902));
#9102=CARTESIAN_POINT('',(171.354468357028,-82.4216596529655,6.73751968503902));
#9103=CARTESIAN_POINT('Origin',(171.854468357028,-82.4216596529655,6.73751968503902));
#9104=CARTESIAN_POINT('',(171.354468357028,-69.2216596529655,6.73751968503902));
#9105=CARTESIAN_POINT('',(171.354468357028,-69.2216596529655,6.73751968503902));
#9106=CARTESIAN_POINT('Origin',(171.854468357028,-69.2216596529655,6.73751968503902));
#9107=CARTESIAN_POINT('',(167.091968357028,-63.8716596529655,6.73751968503902));
#9108=CARTESIAN_POINT('',(167.091968357028,-63.8716596529655,6.73751968503902));
#9109=CARTESIAN_POINT('',(166.591968357028,-63.3716596529655,6.73751968503902));
#9110=CARTESIAN_POINT('Origin',(167.091968357028,-63.3716596529655,6.73751968503902));
#9111=CARTESIAN_POINT('',(166.591968357028,-50.1716596529655,6.73751968503902));
#9112=CARTESIAN_POINT('',(166.591968357028,-50.1716596529655,6.73751968503902));
#9113=CARTESIAN_POINT('Origin',(167.091968357028,-50.1716596529655,6.73751968503902));
#9114=CARTESIAN_POINT('',(176.616968357028,-44.8216596529655,6.73751968503903));
#9115=CARTESIAN_POINT('',(176.616968357028,-44.8216596529655,6.73751968503903));
#9116=CARTESIAN_POINT('',(176.116968357028,-44.3216596529655,6.73751968503903));
#9117=CARTESIAN_POINT('Origin',(176.616968357028,-44.3216596529655,6.73751968503903));
#9118=CARTESIAN_POINT('',(176.116968357028,-31.1216596529655,6.73751968503903));
#9119=CARTESIAN_POINT('',(176.116968357028,-31.1216596529655,6.73751968503903));
#9120=CARTESIAN_POINT('',(176.616968357028,-30.6216596529655,6.73751968503903));
#9121=CARTESIAN_POINT('Origin',(176.616968357028,-31.1216596529655,6.73751968503903));
#9122=CARTESIAN_POINT('',(176.616968357028,-30.6216596529655,6.73751968503903));
#9123=CARTESIAN_POINT('',(14.,-19.,6.73751968503901));
#9124=CARTESIAN_POINT('Origin',(19.,-19.,6.73751968503902));
#9125=CARTESIAN_POINT('',(14.,-129.,6.737519685039));
#9126=CARTESIAN_POINT('',(14.,-46.5,6.737519685039));
#9127=CARTESIAN_POINT('Origin',(19.,-129.,6.73751968503902));
#9128=CARTESIAN_POINT('',(133.254468357028,-69.2216596529655,6.73751968503902));
#9129=CARTESIAN_POINT('',(133.754468357028,-68.7216596529655,6.73751968503902));
#9130=CARTESIAN_POINT('Origin',(133.754468357028,-69.2216596529655,6.73751968503902));
#9131=CARTESIAN_POINT('',(146.954468357028,-68.7216596529655,6.73751968503902));
#9132=CARTESIAN_POINT('',(133.754468357028,-68.7216596529655,6.73751968503902));
#9133=CARTESIAN_POINT('',(147.454468357028,-69.2216596529655,6.73751968503902));
#9134=CARTESIAN_POINT('Origin',(146.954468357028,-69.2216596529655,6.73751968503902));
#9135=CARTESIAN_POINT('',(147.454468357028,-82.4216596529655,6.73751968503902));
#9136=CARTESIAN_POINT('',(147.454468357028,-69.2216596529655,6.73751968503902));
#9137=CARTESIAN_POINT('',(146.954468357028,-82.9216596529655,6.73751968503902));
#9138=CARTESIAN_POINT('Origin',(146.954468357028,-82.4216596529655,6.73751968503902));
#9139=CARTESIAN_POINT('',(133.754468357028,-82.9216596529655,6.73751968503901));
#9140=CARTESIAN_POINT('',(133.754468357028,-82.9216596529655,6.73751968503901));
#9141=CARTESIAN_POINT('',(133.254468357028,-82.4216596529655,6.73751968503901));
#9142=CARTESIAN_POINT('Origin',(133.754468357028,-82.4216596529655,6.73751968503901));
#9143=CARTESIAN_POINT('',(133.254468357028,-69.2216596529655,6.73751968503902));
#9144=CARTESIAN_POINT('',(152.304468357028,-69.2216596529655,6.73751968503902));
#9145=CARTESIAN_POINT('',(152.804468357028,-68.7216596529655,6.73751968503902));
#9146=CARTESIAN_POINT('Origin',(152.804468357028,-69.2216596529655,6.73751968503902));
#9147=CARTESIAN_POINT('',(166.004468357028,-68.7216596529655,6.73751968503902));
#9148=CARTESIAN_POINT('',(152.804468357028,-68.7216596529655,6.73751968503902));
#9149=CARTESIAN_POINT('',(166.504468357028,-69.2216596529655,6.73751968503902));
#9150=CARTESIAN_POINT('Origin',(166.004468357028,-69.2216596529655,6.73751968503902));
#9151=CARTESIAN_POINT('',(166.504468357028,-82.4216596529655,6.73751968503902));
#9152=CARTESIAN_POINT('',(166.504468357028,-69.2216596529655,6.73751968503902));
#9153=CARTESIAN_POINT('',(166.004468357028,-82.9216596529655,6.73751968503902));
#9154=CARTESIAN_POINT('Origin',(166.004468357028,-82.4216596529655,6.73751968503902));
#9155=CARTESIAN_POINT('',(152.804468357028,-82.9216596529655,6.73751968503902));
#9156=CARTESIAN_POINT('',(152.804468357028,-82.9216596529655,6.73751968503902));
#9157=CARTESIAN_POINT('',(152.304468357028,-82.4216596529655,6.73751968503902));
#9158=CARTESIAN_POINT('Origin',(152.804468357028,-82.4216596529655,6.73751968503902));
#9159=CARTESIAN_POINT('',(152.304468357028,-69.2216596529655,6.73751968503902));
#9160=CARTESIAN_POINT('',(123.729468357028,-88.2716596529655,6.73751968503901));
#9161=CARTESIAN_POINT('',(124.229468357028,-87.7716596529655,6.73751968503901));
#9162=CARTESIAN_POINT('Origin',(124.229468357028,-88.2716596529655,6.73751968503901));
#9163=CARTESIAN_POINT('',(137.429468357028,-87.7716596529655,6.73751968503901));
#9164=CARTESIAN_POINT('',(124.229468357028,-87.7716596529655,6.73751968503901));
#9165=CARTESIAN_POINT('',(137.929468357028,-88.2716596529655,6.73751968503901));
#9166=CARTESIAN_POINT('Origin',(137.429468357028,-88.2716596529655,6.73751968503901));
#9167=CARTESIAN_POINT('',(137.929468357028,-101.471659652966,6.73751968503901));
#9168=CARTESIAN_POINT('',(137.929468357028,-88.2716596529655,6.73751968503901));
#9169=CARTESIAN_POINT('',(137.429468357028,-101.971659652966,6.73751968503901));
#9170=CARTESIAN_POINT('Origin',(137.429468357028,-101.471659652966,6.73751968503901));
#9171=CARTESIAN_POINT('',(124.229468357028,-101.971659652966,6.73751968503901));
#9172=CARTESIAN_POINT('',(124.229468357028,-101.971659652966,6.73751968503901));
#9173=CARTESIAN_POINT('',(123.729468357028,-101.471659652966,6.73751968503901));
#9174=CARTESIAN_POINT('Origin',(124.229468357028,-101.471659652966,6.73751968503901));
#9175=CARTESIAN_POINT('',(123.729468357028,-88.2716596529655,6.73751968503901));
#9176=CARTESIAN_POINT('',(85.6294683570276,-88.2716596529655,6.73751968503901));
#9177=CARTESIAN_POINT('',(86.1294683570276,-87.7716596529655,6.73751968503901));
#9178=CARTESIAN_POINT('Origin',(86.1294683570276,-88.2716596529655,6.73751968503901));
#9179=CARTESIAN_POINT('',(99.3294683570276,-87.7716596529655,6.73751968503901));
#9180=CARTESIAN_POINT('',(86.1294683570276,-87.7716596529655,6.73751968503901));
#9181=CARTESIAN_POINT('',(99.8294683570276,-88.2716596529655,6.73751968503901));
#9182=CARTESIAN_POINT('Origin',(99.3294683570276,-88.2716596529655,6.73751968503901));
#9183=CARTESIAN_POINT('',(99.8294683570276,-101.471659652966,6.73751968503901));
#9184=CARTESIAN_POINT('',(99.8294683570276,-88.2716596529655,6.73751968503901));
#9185=CARTESIAN_POINT('',(99.3294683570276,-101.971659652966,6.73751968503901));
#9186=CARTESIAN_POINT('Origin',(99.3294683570276,-101.471659652966,6.73751968503901));
#9187=CARTESIAN_POINT('',(86.1294683570276,-101.971659652965,6.73751968503901));
#9188=CARTESIAN_POINT('',(86.1294683570276,-101.971659652966,6.73751968503901));
#9189=CARTESIAN_POINT('',(85.6294683570276,-101.471659652966,6.73751968503901));
#9190=CARTESIAN_POINT('Origin',(86.1294683570276,-101.471659652966,6.73751968503901));
#9191=CARTESIAN_POINT('',(85.6294683570276,-88.2716596529655,6.73751968503901));
#9192=CARTESIAN_POINT('',(28.4794683570276,-50.1716596529655,6.73751968503901));
#9193=CARTESIAN_POINT('',(28.9794683570276,-49.6716596529655,6.737519685039));
#9194=CARTESIAN_POINT('Origin',(28.9794683570276,-50.1716596529655,6.73751968503901));
#9195=CARTESIAN_POINT('',(42.1794683570276,-49.6716596529655,6.73751968503901));
#9196=CARTESIAN_POINT('',(28.9794683570276,-49.6716596529655,6.737519685039));
#9197=CARTESIAN_POINT('',(42.6794683570276,-50.1716596529655,6.73751968503901));
#9198=CARTESIAN_POINT('Origin',(42.1794683570276,-50.1716596529655,6.73751968503901));
#9199=CARTESIAN_POINT('',(42.6794683570276,-63.3716596529655,6.73751968503901));
#9200=CARTESIAN_POINT('',(42.6794683570276,-50.1716596529655,6.73751968503901));
#9201=CARTESIAN_POINT('',(42.1794683570276,-63.8716596529655,6.73751968503901));
#9202=CARTESIAN_POINT('Origin',(42.1794683570276,-63.3716596529655,6.73751968503901));
#9203=CARTESIAN_POINT('',(28.9794683570276,-63.8716596529655,6.737519685039));
#9204=CARTESIAN_POINT('',(28.9794683570276,-63.8716596529655,6.737519685039));
#9205=CARTESIAN_POINT('',(28.4794683570276,-63.3716596529655,6.737519685039));
#9206=CARTESIAN_POINT('Origin',(28.9794683570276,-63.3716596529655,6.737519685039));
#9207=CARTESIAN_POINT('',(28.4794683570276,-50.1716596529655,6.73751968503901));
#9208=CARTESIAN_POINT('',(109.441968357028,-50.1716596529655,6.73751968503902));
#9209=CARTESIAN_POINT('',(109.941968357028,-49.6716596529655,6.73751968503901));
#9210=CARTESIAN_POINT('Origin',(109.941968357028,-50.1716596529655,6.73751968503902));
#9211=CARTESIAN_POINT('',(123.141968357028,-49.6716596529655,6.73751968503902));
#9212=CARTESIAN_POINT('',(109.941968357028,-49.6716596529655,6.73751968503901));
#9213=CARTESIAN_POINT('',(123.641968357028,-50.1716596529655,6.73751968503902));
#9214=CARTESIAN_POINT('Origin',(123.141968357028,-50.1716596529655,6.73751968503902));
#9215=CARTESIAN_POINT('',(123.641968357028,-63.3716596529655,6.73751968503902));
#9216=CARTESIAN_POINT('',(123.641968357028,-50.1716596529655,6.73751968503902));
#9217=CARTESIAN_POINT('',(123.141968357028,-63.8716596529655,6.73751968503901));
#9218=CARTESIAN_POINT('Origin',(123.141968357028,-63.3716596529655,6.73751968503902));
#9219=CARTESIAN_POINT('',(109.941968357028,-63.8716596529655,6.73751968503901));
#9220=CARTESIAN_POINT('',(109.941968357028,-63.8716596529655,6.73751968503901));
#9221=CARTESIAN_POINT('',(109.441968357028,-63.3716596529655,6.73751968503901));
#9222=CARTESIAN_POINT('Origin',(109.941968357028,-63.3716596529655,6.73751968503901));
#9223=CARTESIAN_POINT('',(109.441968357028,-50.1716596529655,6.73751968503902));
#9224=CARTESIAN_POINT('',(27.1852183570276,-89.2716596529655,6.737519685039));
#9225=CARTESIAN_POINT('',(27.6852183570276,-88.7716596529655,6.737519685039));
#9226=CARTESIAN_POINT('Origin',(27.6852183570276,-89.2716596529655,6.737519685039));
#9227=CARTESIAN_POINT('',(33.8852183570276,-88.7716596529655,6.737519685039));
#9228=CARTESIAN_POINT('',(27.6852183570276,-88.7716596529655,6.737519685039));
#9229=CARTESIAN_POINT('',(34.3852183570276,-89.2716596529655,6.737519685039));
#9230=CARTESIAN_POINT('Origin',(33.8852183570276,-89.2716596529655,6.737519685039));
#9231=CARTESIAN_POINT('',(34.3852183570276,-103.471659652966,6.737519685039));
#9232=CARTESIAN_POINT('',(34.3852183570276,-89.2716596529655,6.737519685039));
#9233=CARTESIAN_POINT('',(33.8852183570276,-103.971659652966,6.737519685039));
#9234=CARTESIAN_POINT('Origin',(33.8852183570276,-103.471659652966,6.737519685039));
#9235=CARTESIAN_POINT('',(27.6852183570276,-103.971659652966,6.737519685039));
#9236=CARTESIAN_POINT('',(27.6852183570276,-103.971659652966,6.737519685039));
#9237=CARTESIAN_POINT('',(27.1852183570276,-103.471659652966,6.737519685039));
#9238=CARTESIAN_POINT('Origin',(27.6852183570276,-103.471659652966,6.737519685039));
#9239=CARTESIAN_POINT('',(27.1852183570276,-89.2716596529655,6.737519685039));
#9240=CARTESIAN_POINT('',(147.541968357028,-50.1716596529655,6.73751968503902));
#9241=CARTESIAN_POINT('',(148.041968357028,-49.6716596529655,6.73751968503902));
#9242=CARTESIAN_POINT('Origin',(148.041968357028,-50.1716596529655,6.73751968503902));
#9243=CARTESIAN_POINT('',(161.241968357028,-49.6716596529655,6.73751968503902));
#9244=CARTESIAN_POINT('',(148.041968357028,-49.6716596529655,6.73751968503902));
#9245=CARTESIAN_POINT('',(161.741968357028,-50.1716596529655,6.73751968503902));
#9246=CARTESIAN_POINT('Origin',(161.241968357028,-50.1716596529655,6.73751968503902));
#9247=CARTESIAN_POINT('',(161.741968357028,-63.3716596529655,6.73751968503902));
#9248=CARTESIAN_POINT('',(161.741968357028,-50.1716596529655,6.73751968503902));
#9249=CARTESIAN_POINT('',(161.241968357028,-63.8716596529655,6.73751968503902));
#9250=CARTESIAN_POINT('Origin',(161.241968357028,-63.3716596529655,6.73751968503902));
#9251=CARTESIAN_POINT('',(148.041968357028,-63.8716596529655,6.73751968503902));
#9252=CARTESIAN_POINT('',(148.041968357028,-63.8716596529655,6.73751968503902));
#9253=CARTESIAN_POINT('',(147.541968357028,-63.3716596529655,6.73751968503902));
#9254=CARTESIAN_POINT('Origin',(148.041968357028,-63.3716596529655,6.73751968503902));
#9255=CARTESIAN_POINT('',(147.541968357028,-50.1716596529655,6.73751968503902));
#9256=CARTESIAN_POINT('',(71.3419683570276,-50.1716596529655,6.73751968503901));
#9257=CARTESIAN_POINT('',(71.8419683570276,-49.6716596529655,6.73751968503901));
#9258=CARTESIAN_POINT('Origin',(71.8419683570276,-50.1716596529655,6.73751968503901));
#9259=CARTESIAN_POINT('',(85.0419683570276,-49.6716596529655,6.73751968503901));
#9260=CARTESIAN_POINT('',(71.8419683570276,-49.6716596529655,6.73751968503901));
#9261=CARTESIAN_POINT('',(85.5419683570276,-50.1716596529655,6.73751968503901));
#9262=CARTESIAN_POINT('Origin',(85.0419683570276,-50.1716596529655,6.73751968503901));
#9263=CARTESIAN_POINT('',(85.5419683570276,-63.3716596529655,6.73751968503901));
#9264=CARTESIAN_POINT('',(85.5419683570276,-50.1716596529655,6.73751968503901));
#9265=CARTESIAN_POINT('',(85.0419683570276,-63.8716596529655,6.73751968503901));
#9266=CARTESIAN_POINT('Origin',(85.0419683570276,-63.3716596529655,6.73751968503901));
#9267=CARTESIAN_POINT('',(71.8419683570276,-63.8716596529655,6.73751968503901));
#9268=CARTESIAN_POINT('',(71.8419683570276,-63.8716596529655,6.73751968503901));
#9269=CARTESIAN_POINT('',(71.3419683570276,-63.3716596529655,6.73751968503901));
#9270=CARTESIAN_POINT('Origin',(71.8419683570276,-63.3716596529655,6.73751968503901));
#9271=CARTESIAN_POINT('',(71.3419683570276,-50.1716596529655,6.73751968503901));
#9272=CARTESIAN_POINT('',(95.1544683570276,-69.2216596529655,6.73751968503901));
#9273=CARTESIAN_POINT('',(95.6544683570276,-68.7216596529655,6.73751968503901));
#9274=CARTESIAN_POINT('Origin',(95.6544683570276,-69.2216596529655,6.73751968503901));
#9275=CARTESIAN_POINT('',(108.854468357028,-68.7216596529655,6.73751968503901));
#9276=CARTESIAN_POINT('',(95.6544683570276,-68.7216596529655,6.73751968503901));
#9277=CARTESIAN_POINT('',(109.354468357028,-69.2216596529655,6.73751968503901));
#9278=CARTESIAN_POINT('Origin',(108.854468357028,-69.2216596529655,6.73751968503901));
#9279=CARTESIAN_POINT('',(109.354468357028,-82.4216596529655,6.73751968503901));
#9280=CARTESIAN_POINT('',(109.354468357028,-69.2216596529655,6.73751968503901));
#9281=CARTESIAN_POINT('',(108.854468357028,-82.9216596529655,6.73751968503901));
#9282=CARTESIAN_POINT('Origin',(108.854468357028,-82.4216596529655,6.73751968503901));
#9283=CARTESIAN_POINT('',(95.6544683570276,-82.9216596529655,6.73751968503901));
#9284=CARTESIAN_POINT('',(95.6544683570276,-82.9216596529655,6.73751968503901));
#9285=CARTESIAN_POINT('',(95.1544683570276,-82.4216596529655,6.73751968503901));
#9286=CARTESIAN_POINT('Origin',(95.6544683570276,-82.4216596529655,6.73751968503901));
#9287=CARTESIAN_POINT('',(95.1544683570276,-69.2216596529655,6.73751968503901));
#9288=CARTESIAN_POINT('',(128.491968357028,-50.1716596529655,6.73751968503902));
#9289=CARTESIAN_POINT('',(128.991968357028,-49.6716596529655,6.73751968503902));
#9290=CARTESIAN_POINT('Origin',(128.991968357028,-50.1716596529655,6.73751968503902));
#9291=CARTESIAN_POINT('',(142.191968357028,-49.6716596529655,6.73751968503902));
#9292=CARTESIAN_POINT('',(128.991968357028,-49.6716596529655,6.73751968503902));
#9293=CARTESIAN_POINT('',(142.691968357028,-50.1716596529655,6.73751968503902));
#9294=CARTESIAN_POINT('Origin',(142.191968357028,-50.1716596529655,6.73751968503902));
#9295=CARTESIAN_POINT('',(142.691968357028,-63.3716596529655,6.73751968503902));
#9296=CARTESIAN_POINT('',(142.691968357028,-50.1716596529655,6.73751968503902));
#9297=CARTESIAN_POINT('',(142.191968357028,-63.8716596529655,6.73751968503902));
#9298=CARTESIAN_POINT('Origin',(142.191968357028,-63.3716596529655,6.73751968503902));
#9299=CARTESIAN_POINT('',(128.991968357028,-63.8716596529655,6.73751968503902));
#9300=CARTESIAN_POINT('',(128.991968357028,-63.8716596529655,6.73751968503902));
#9301=CARTESIAN_POINT('',(128.491968357028,-63.3716596529655,6.73751968503902));
#9302=CARTESIAN_POINT('Origin',(128.991968357028,-63.3716596529655,6.73751968503902));
#9303=CARTESIAN_POINT('',(128.491968357028,-50.1716596529655,6.73751968503902));
#9304=CARTESIAN_POINT('',(51.0612183570276,-89.2716596529655,6.737519685039));
#9305=CARTESIAN_POINT('',(51.5612183570276,-88.7716596529655,6.737519685039));
#9306=CARTESIAN_POINT('Origin',(51.5612183570276,-89.2716596529655,6.737519685039));
#9307=CARTESIAN_POINT('',(57.7612183570276,-88.7716596529655,6.737519685039));
#9308=CARTESIAN_POINT('',(51.5612183570276,-88.7716596529655,6.737519685039));
#9309=CARTESIAN_POINT('',(58.2612183570276,-89.2716596529655,6.737519685039));
#9310=CARTESIAN_POINT('Origin',(57.7612183570276,-89.2716596529655,6.737519685039));
#9311=CARTESIAN_POINT('',(58.2612183570276,-103.471659652966,6.737519685039));
#9312=CARTESIAN_POINT('',(58.2612183570276,-89.2716596529655,6.737519685039));
#9313=CARTESIAN_POINT('',(57.7612183570276,-103.971659652966,6.737519685039));
#9314=CARTESIAN_POINT('Origin',(57.7612183570276,-103.471659652966,6.737519685039));
#9315=CARTESIAN_POINT('',(51.5612183570276,-103.971659652966,6.737519685039));
#9316=CARTESIAN_POINT('',(51.5612183570276,-103.971659652966,6.737519685039));
#9317=CARTESIAN_POINT('',(51.0612183570276,-103.471659652966,6.737519685039));
#9318=CARTESIAN_POINT('Origin',(51.5612183570276,-103.471659652966,6.737519685039));
#9319=CARTESIAN_POINT('',(51.0612183570276,-89.2716596529655,6.737519685039));
#9320=CARTESIAN_POINT('',(98.6607183570276,-108.321659652966,6.73751968503901));
#9321=CARTESIAN_POINT('',(99.1607183570276,-107.821659652966,6.73751968503901));
#9322=CARTESIAN_POINT('Origin',(99.1607183570276,-108.321659652966,6.73751968503901));
#9323=CARTESIAN_POINT('',(105.360718357028,-107.821659652966,6.73751968503901));
#9324=CARTESIAN_POINT('',(99.1607183570276,-107.821659652966,6.73751968503901));
#9325=CARTESIAN_POINT('',(105.860718357028,-108.321659652966,6.73751968503901));
#9326=CARTESIAN_POINT('Origin',(105.360718357028,-108.321659652966,6.73751968503901));
#9327=CARTESIAN_POINT('',(105.860718357028,-122.521659652966,6.73751968503901));
#9328=CARTESIAN_POINT('',(105.860718357028,-108.321659652966,6.73751968503901));
#9329=CARTESIAN_POINT('',(105.360718357028,-123.021659652966,6.73751968503901));
#9330=CARTESIAN_POINT('Origin',(105.360718357028,-122.521659652966,6.73751968503901));
#9331=CARTESIAN_POINT('',(99.1607183570276,-123.021659652966,6.73751968503901));
#9332=CARTESIAN_POINT('',(99.1607183570276,-123.021659652966,6.73751968503901));
#9333=CARTESIAN_POINT('',(98.6607183570276,-122.521659652966,6.73751968503901));
#9334=CARTESIAN_POINT('Origin',(99.1607183570276,-122.521659652966,6.73751968503901));
#9335=CARTESIAN_POINT('',(98.6607183570276,-108.321659652966,6.73751968503901));
#9336=CARTESIAN_POINT('',(157.066968357028,-31.1216596529655,6.73751968503902));
#9337=CARTESIAN_POINT('',(157.566968357028,-30.6216596529655,6.73751968503902));
#9338=CARTESIAN_POINT('Origin',(157.566968357028,-31.1216596529655,6.73751968503902));
#9339=CARTESIAN_POINT('',(170.766968357028,-30.6216596529655,6.73751968503903));
#9340=CARTESIAN_POINT('',(157.566968357028,-30.6216596529655,6.73751968503902));
#9341=CARTESIAN_POINT('',(171.266968357028,-31.1216596529655,6.73751968503903));
#9342=CARTESIAN_POINT('Origin',(170.766968357028,-31.1216596529655,6.73751968503903));
#9343=CARTESIAN_POINT('',(171.266968357028,-44.3216596529655,6.73751968503902));
#9344=CARTESIAN_POINT('',(171.266968357028,-31.1216596529655,6.73751968503903));
#9345=CARTESIAN_POINT('',(170.766968357028,-44.8216596529655,6.73751968503902));
#9346=CARTESIAN_POINT('Origin',(170.766968357028,-44.3216596529655,6.73751968503902));
#9347=CARTESIAN_POINT('',(157.566968357028,-44.8216596529655,6.73751968503902));
#9348=CARTESIAN_POINT('',(157.566968357028,-44.8216596529655,6.73751968503902));
#9349=CARTESIAN_POINT('',(157.066968357028,-44.3216596529655,6.73751968503902));
#9350=CARTESIAN_POINT('Origin',(157.566968357028,-44.3216596529655,6.73751968503902));
#9351=CARTESIAN_POINT('',(157.066968357028,-31.1216596529655,6.73751968503902));
#9352=CARTESIAN_POINT('',(118.966968357028,-31.1216596529655,6.73751968503902));
#9353=CARTESIAN_POINT('',(119.466968357028,-30.6216596529655,6.73751968503902));
#9354=CARTESIAN_POINT('Origin',(119.466968357028,-31.1216596529655,6.73751968503902));
#9355=CARTESIAN_POINT('',(132.666968357028,-30.6216596529655,6.73751968503902));
#9356=CARTESIAN_POINT('',(119.466968357028,-30.6216596529655,6.73751968503902));
#9357=CARTESIAN_POINT('',(133.166968357028,-31.1216596529655,6.73751968503902));
#9358=CARTESIAN_POINT('Origin',(132.666968357028,-31.1216596529655,6.73751968503902));
#9359=CARTESIAN_POINT('',(133.166968357028,-44.3216596529655,6.73751968503902));
#9360=CARTESIAN_POINT('',(133.166968357028,-31.1216596529655,6.73751968503902));
#9361=CARTESIAN_POINT('',(132.666968357028,-44.8216596529655,6.73751968503902));
#9362=CARTESIAN_POINT('Origin',(132.666968357028,-44.3216596529655,6.73751968503902));
#9363=CARTESIAN_POINT('',(119.466968357028,-44.8216596529655,6.73751968503902));
#9364=CARTESIAN_POINT('',(119.466968357028,-44.8216596529655,6.73751968503902));
#9365=CARTESIAN_POINT('',(118.966968357028,-44.3216596529655,6.73751968503902));
#9366=CARTESIAN_POINT('Origin',(119.466968357028,-44.3216596529655,6.73751968503902));
#9367=CARTESIAN_POINT('',(118.966968357028,-31.1216596529655,6.73751968503902));
#9368=CARTESIAN_POINT('',(80.8669683570276,-31.1216596529655,6.73751968503901));
#9369=CARTESIAN_POINT('',(81.3669683570276,-30.6216596529655,6.73751968503901));
#9370=CARTESIAN_POINT('Origin',(81.3669683570276,-31.1216596529655,6.73751968503901));
#9371=CARTESIAN_POINT('',(94.5669683570276,-30.6216596529655,6.73751968503902));
#9372=CARTESIAN_POINT('',(81.3669683570276,-30.6216596529655,6.73751968503901));
#9373=CARTESIAN_POINT('',(95.0669683570276,-31.1216596529655,6.73751968503902));
#9374=CARTESIAN_POINT('Origin',(94.5669683570276,-31.1216596529655,6.73751968503902));
#9375=CARTESIAN_POINT('',(95.0669683570276,-44.3216596529655,6.73751968503901));
#9376=CARTESIAN_POINT('',(95.0669683570276,-31.1216596529655,6.73751968503902));
#9377=CARTESIAN_POINT('',(94.5669683570276,-44.8216596529655,6.73751968503901));
#9378=CARTESIAN_POINT('Origin',(94.5669683570276,-44.3216596529655,6.73751968503901));
#9379=CARTESIAN_POINT('',(81.3669683570276,-44.8216596529655,6.73751968503901));
#9380=CARTESIAN_POINT('',(81.3669683570276,-44.8216596529655,6.73751968503901));
#9381=CARTESIAN_POINT('',(80.8669683570276,-44.3216596529655,6.73751968503901));
#9382=CARTESIAN_POINT('Origin',(81.3669683570276,-44.3216596529655,6.73751968503901));
#9383=CARTESIAN_POINT('',(80.8669683570276,-31.1216596529655,6.73751968503901));
#9384=CARTESIAN_POINT('',(73.7232183570276,-107.321659652966,6.737519685039));
#9385=CARTESIAN_POINT('',(74.2232183570276,-106.821659652966,6.737519685039));
#9386=CARTESIAN_POINT('Origin',(74.2232183570276,-107.321659652966,6.737519685039));
#9387=CARTESIAN_POINT('',(87.4232183570276,-106.821659652966,6.73751968503901));
#9388=CARTESIAN_POINT('',(74.2232183570276,-106.821659652966,6.737519685039));
#9389=CARTESIAN_POINT('',(87.9232183570276,-107.321659652966,6.73751968503901));
#9390=CARTESIAN_POINT('Origin',(87.4232183570276,-107.321659652966,6.73751968503901));
#9391=CARTESIAN_POINT('',(87.9232183570276,-120.521659652966,6.737519685039));
#9392=CARTESIAN_POINT('',(87.9232183570276,-107.321659652966,6.73751968503901));
#9393=CARTESIAN_POINT('',(87.4232183570276,-121.021659652966,6.737519685039));
#9394=CARTESIAN_POINT('Origin',(87.4232183570276,-120.521659652966,6.737519685039));
#9395=CARTESIAN_POINT('',(74.2232183570276,-121.021659652965,6.737519685039));
#9396=CARTESIAN_POINT('',(74.2232183570276,-121.021659652966,6.737519685039));
#9397=CARTESIAN_POINT('',(73.7232183570276,-120.521659652966,6.737519685039));
#9398=CARTESIAN_POINT('Origin',(74.2232183570276,-120.521659652966,6.737519685039));
#9399=CARTESIAN_POINT('',(73.7232183570276,-107.321659652966,6.737519685039));
#9400=CARTESIAN_POINT('',(26.0982183570276,-107.321659652966,6.737519685039));
#9401=CARTESIAN_POINT('',(26.5982183570276,-106.821659652966,6.737519685039));
#9402=CARTESIAN_POINT('Origin',(26.5982183570276,-107.321659652966,6.737519685039));
#9403=CARTESIAN_POINT('',(39.7982183570276,-106.821659652966,6.737519685039));
#9404=CARTESIAN_POINT('',(26.5982183570276,-106.821659652966,6.737519685039));
#9405=CARTESIAN_POINT('',(40.2982183570276,-107.321659652966,6.737519685039));
#9406=CARTESIAN_POINT('Origin',(39.7982183570276,-107.321659652966,6.737519685039));
#9407=CARTESIAN_POINT('',(40.2982183570276,-120.521659652966,6.737519685039));
#9408=CARTESIAN_POINT('',(40.2982183570276,-107.321659652966,6.737519685039));
#9409=CARTESIAN_POINT('',(39.7982183570276,-121.021659652966,6.737519685039));
#9410=CARTESIAN_POINT('Origin',(39.7982183570276,-120.521659652966,6.737519685039));
#9411=CARTESIAN_POINT('',(26.5982183570276,-121.021659652966,6.737519685039));
#9412=CARTESIAN_POINT('',(26.5982183570276,-121.021659652966,6.737519685039));
#9413=CARTESIAN_POINT('',(26.0982183570276,-120.521659652966,6.737519685039));
#9414=CARTESIAN_POINT('Origin',(26.5982183570276,-120.521659652966,6.737519685039));
#9415=CARTESIAN_POINT('',(26.0982183570276,-107.321659652966,6.737519685039));
#9416=CARTESIAN_POINT('',(49.9107183570276,-107.321659652966,6.737519685039));
#9417=CARTESIAN_POINT('',(50.4107183570276,-106.821659652966,6.737519685039));
#9418=CARTESIAN_POINT('Origin',(50.4107183570276,-107.321659652966,6.737519685039));
#9419=CARTESIAN_POINT('',(63.6107183570276,-106.821659652966,6.737519685039));
#9420=CARTESIAN_POINT('',(50.4107183570276,-106.821659652966,6.737519685039));
#9421=CARTESIAN_POINT('',(64.1107183570276,-107.321659652966,6.737519685039));
#9422=CARTESIAN_POINT('Origin',(63.6107183570276,-107.321659652966,6.737519685039));
#9423=CARTESIAN_POINT('',(64.1107183570276,-120.521659652966,6.737519685039));
#9424=CARTESIAN_POINT('',(64.1107183570276,-107.321659652966,6.737519685039));
#9425=CARTESIAN_POINT('',(63.6107183570276,-121.021659652966,6.737519685039));
#9426=CARTESIAN_POINT('Origin',(63.6107183570276,-120.521659652966,6.737519685039));
#9427=CARTESIAN_POINT('',(50.4107183570276,-121.021659652965,6.737519685039));
#9428=CARTESIAN_POINT('',(50.4107183570276,-121.021659652966,6.737519685039));
#9429=CARTESIAN_POINT('',(49.9107183570276,-120.521659652966,6.737519685039));
#9430=CARTESIAN_POINT('Origin',(50.4107183570276,-120.521659652966,6.737519685039));
#9431=CARTESIAN_POINT('',(49.9107183570276,-107.321659652966,6.737519685039));
#9432=CARTESIAN_POINT('',(145.160718357028,-107.321659652966,6.73751968503901));
#9433=CARTESIAN_POINT('',(145.660718357028,-106.821659652966,6.73751968503901));
#9434=CARTESIAN_POINT('Origin',(145.660718357028,-107.321659652966,6.73751968503901));
#9435=CARTESIAN_POINT('',(158.860718357028,-106.821659652966,6.73751968503901));
#9436=CARTESIAN_POINT('',(145.660718357028,-106.821659652966,6.73751968503901));
#9437=CARTESIAN_POINT('',(159.360718357028,-107.321659652966,6.73751968503901));
#9438=CARTESIAN_POINT('Origin',(158.860718357028,-107.321659652966,6.73751968503901));
#9439=CARTESIAN_POINT('',(159.360718357028,-120.521659652966,6.73751968503901));
#9440=CARTESIAN_POINT('',(159.360718357028,-107.321659652966,6.73751968503901));
#9441=CARTESIAN_POINT('',(158.860718357028,-121.021659652966,6.73751968503901));
#9442=CARTESIAN_POINT('Origin',(158.860718357028,-120.521659652966,6.73751968503901));
#9443=CARTESIAN_POINT('',(145.660718357028,-121.021659652965,6.73751968503901));
#9444=CARTESIAN_POINT('',(145.660718357028,-121.021659652966,6.73751968503901));
#9445=CARTESIAN_POINT('',(145.160718357028,-120.521659652966,6.73751968503901));
#9446=CARTESIAN_POINT('Origin',(145.660718357028,-120.521659652966,6.73751968503901));
#9447=CARTESIAN_POINT('',(145.160718357028,-107.321659652966,6.73751968503901));
#9448=CARTESIAN_POINT('',(23.7169683570276,-31.1216596529655,6.73751968503901));
#9449=CARTESIAN_POINT('',(24.2169683570276,-30.6216596529655,6.73751968503901));
#9450=CARTESIAN_POINT('Origin',(24.2169683570276,-31.1216596529655,6.73751968503901));
#9451=CARTESIAN_POINT('',(37.4169683570276,-30.6216596529655,6.73751968503901));
#9452=CARTESIAN_POINT('',(24.2169683570276,-30.6216596529655,6.73751968503901));
#9453=CARTESIAN_POINT('',(37.9169683570276,-31.1216596529655,6.73751968503901));
#9454=CARTESIAN_POINT('Origin',(37.4169683570276,-31.1216596529655,6.73751968503901));
#9455=CARTESIAN_POINT('',(37.9169683570276,-44.3216596529655,6.73751968503901));
#9456=CARTESIAN_POINT('',(37.9169683570276,-31.1216596529655,6.73751968503901));
#9457=CARTESIAN_POINT('',(37.4169683570276,-44.8216596529655,6.73751968503901));
#9458=CARTESIAN_POINT('Origin',(37.4169683570276,-44.3216596529655,6.73751968503901));
#9459=CARTESIAN_POINT('',(24.2169683570276,-44.8216596529655,6.73751968503901));
#9460=CARTESIAN_POINT('',(24.2169683570276,-44.8216596529655,6.73751968503901));
#9461=CARTESIAN_POINT('',(23.7169683570276,-44.3216596529655,6.73751968503901));
#9462=CARTESIAN_POINT('Origin',(24.2169683570276,-44.3216596529655,6.73751968503901));
#9463=CARTESIAN_POINT('',(23.7169683570276,-31.1216596529655,6.73751968503901));
#9464=CARTESIAN_POINT('',(42.7669683570276,-31.1216596529655,6.73751968503901));
#9465=CARTESIAN_POINT('',(43.2669683570276,-30.6216596529655,6.73751968503901));
#9466=CARTESIAN_POINT('Origin',(43.2669683570276,-31.1216596529655,6.73751968503901));
#9467=CARTESIAN_POINT('',(56.4669683570276,-30.6216596529655,6.73751968503901));
#9468=CARTESIAN_POINT('',(43.2669683570276,-30.6216596529655,6.73751968503901));
#9469=CARTESIAN_POINT('',(56.9669683570276,-31.1216596529655,6.73751968503901));
#9470=CARTESIAN_POINT('Origin',(56.4669683570276,-31.1216596529655,6.73751968503901));
#9471=CARTESIAN_POINT('',(56.9669683570276,-44.3216596529655,6.73751968503901));
#9472=CARTESIAN_POINT('',(56.9669683570276,-31.1216596529655,6.73751968503901));
#9473=CARTESIAN_POINT('',(56.4669683570276,-44.8216596529655,6.73751968503901));
#9474=CARTESIAN_POINT('Origin',(56.4669683570276,-44.3216596529655,6.73751968503901));
#9475=CARTESIAN_POINT('',(43.2669683570276,-44.8216596529655,6.73751968503901));
#9476=CARTESIAN_POINT('',(43.2669683570276,-44.8216596529655,6.73751968503901));
#9477=CARTESIAN_POINT('',(42.7669683570276,-44.3216596529655,6.73751968503901));
#9478=CARTESIAN_POINT('Origin',(43.2669683570276,-44.3216596529655,6.73751968503901));
#9479=CARTESIAN_POINT('',(42.7669683570276,-31.1216596529655,6.73751968503901));
#9480=CARTESIAN_POINT('',(61.8169683570276,-31.1216596529655,6.73751968503901));
#9481=CARTESIAN_POINT('',(62.3169683570276,-30.6216596529655,6.73751968503901));
#9482=CARTESIAN_POINT('Origin',(62.3169683570276,-31.1216596529655,6.73751968503901));
#9483=CARTESIAN_POINT('',(75.5169683570276,-30.6216596529655,6.73751968503901));
#9484=CARTESIAN_POINT('',(62.3169683570276,-30.6216596529655,6.73751968503901));
#9485=CARTESIAN_POINT('',(76.0169683570276,-31.1216596529655,6.73751968503901));
#9486=CARTESIAN_POINT('Origin',(75.5169683570276,-31.1216596529655,6.73751968503901));
#9487=CARTESIAN_POINT('',(76.0169683570276,-44.3216596529655,6.73751968503901));
#9488=CARTESIAN_POINT('',(76.0169683570276,-31.1216596529655,6.73751968503901));
#9489=CARTESIAN_POINT('',(75.5169683570276,-44.8216596529655,6.73751968503901));
#9490=CARTESIAN_POINT('Origin',(75.5169683570276,-44.3216596529655,6.73751968503901));
#9491=CARTESIAN_POINT('',(62.3169683570276,-44.8216596529655,6.73751968503901));
#9492=CARTESIAN_POINT('',(62.3169683570276,-44.8216596529655,6.73751968503901));
#9493=CARTESIAN_POINT('',(61.8169683570276,-44.3216596529655,6.73751968503901));
#9494=CARTESIAN_POINT('Origin',(62.3169683570276,-44.3216596529655,6.73751968503901));
#9495=CARTESIAN_POINT('',(61.8169683570276,-31.1216596529655,6.73751968503901));
#9496=CARTESIAN_POINT('',(99.9169683570276,-31.1216596529655,6.73751968503902));
#9497=CARTESIAN_POINT('',(100.416968357028,-30.6216596529655,6.73751968503902));
#9498=CARTESIAN_POINT('Origin',(100.416968357028,-31.1216596529655,6.73751968503902));
#9499=CARTESIAN_POINT('',(113.616968357028,-30.6216596529655,6.73751968503902));
#9500=CARTESIAN_POINT('',(100.416968357028,-30.6216596529655,6.73751968503902));
#9501=CARTESIAN_POINT('',(114.116968357028,-31.1216596529655,6.73751968503902));
#9502=CARTESIAN_POINT('Origin',(113.616968357028,-31.1216596529655,6.73751968503902));
#9503=CARTESIAN_POINT('',(114.116968357028,-44.3216596529655,6.73751968503902));
#9504=CARTESIAN_POINT('',(114.116968357028,-31.1216596529655,6.73751968503902));
#9505=CARTESIAN_POINT('',(113.616968357028,-44.8216596529655,6.73751968503902));
#9506=CARTESIAN_POINT('Origin',(113.616968357028,-44.3216596529655,6.73751968503902));
#9507=CARTESIAN_POINT('',(100.416968357028,-44.8216596529655,6.73751968503901));
#9508=CARTESIAN_POINT('',(100.416968357028,-44.8216596529655,6.73751968503901));
#9509=CARTESIAN_POINT('',(99.9169683570276,-44.3216596529655,6.73751968503901));
#9510=CARTESIAN_POINT('Origin',(100.416968357028,-44.3216596529655,6.73751968503901));
#9511=CARTESIAN_POINT('',(99.9169683570276,-31.1216596529655,6.73751968503902));
#9512=CARTESIAN_POINT('',(138.016968357028,-31.1216596529655,6.73751968503902));
#9513=CARTESIAN_POINT('',(138.516968357028,-30.6216596529655,6.73751968503902));
#9514=CARTESIAN_POINT('Origin',(138.516968357028,-31.1216596529655,6.73751968503902));
#9515=CARTESIAN_POINT('',(151.716968357028,-30.6216596529655,6.73751968503902));
#9516=CARTESIAN_POINT('',(138.516968357028,-30.6216596529655,6.73751968503902));
#9517=CARTESIAN_POINT('',(152.216968357028,-31.1216596529655,6.73751968503902));
#9518=CARTESIAN_POINT('Origin',(151.716968357028,-31.1216596529655,6.73751968503902));
#9519=CARTESIAN_POINT('',(152.216968357028,-44.3216596529655,6.73751968503902));
#9520=CARTESIAN_POINT('',(152.216968357028,-31.1216596529655,6.73751968503902));
#9521=CARTESIAN_POINT('',(151.716968357028,-44.8216596529655,6.73751968503902));
#9522=CARTESIAN_POINT('Origin',(151.716968357028,-44.3216596529655,6.73751968503902));
#9523=CARTESIAN_POINT('',(138.516968357028,-44.8216596529655,6.73751968503902));
#9524=CARTESIAN_POINT('',(138.516968357028,-44.8216596529655,6.73751968503902));
#9525=CARTESIAN_POINT('',(138.016968357028,-44.3216596529655,6.73751968503902));
#9526=CARTESIAN_POINT('Origin',(138.516968357028,-44.3216596529655,6.73751968503902));
#9527=CARTESIAN_POINT('',(138.016968357028,-31.1216596529655,6.73751968503902));
#9528=CARTESIAN_POINT('',(35.6232183570276,-88.2716596529655,6.737519685039));
#9529=CARTESIAN_POINT('',(36.1232183570276,-87.7716596529655,6.737519685039));
#9530=CARTESIAN_POINT('Origin',(36.1232183570276,-88.2716596529655,6.737519685039));
#9531=CARTESIAN_POINT('',(49.3232183570276,-87.7716596529655,6.737519685039));
#9532=CARTESIAN_POINT('',(36.1232183570276,-87.7716596529655,6.737519685039));
#9533=CARTESIAN_POINT('',(49.8232183570276,-88.2716596529655,6.737519685039));
#9534=CARTESIAN_POINT('Origin',(49.3232183570276,-88.2716596529655,6.737519685039));
#9535=CARTESIAN_POINT('',(49.8232183570276,-101.471659652966,6.737519685039));
#9536=CARTESIAN_POINT('',(49.8232183570276,-88.2716596529655,6.737519685039));
#9537=CARTESIAN_POINT('',(49.3232183570276,-101.971659652966,6.737519685039));
#9538=CARTESIAN_POINT('Origin',(49.3232183570276,-101.471659652966,6.737519685039));
#9539=CARTESIAN_POINT('',(36.1232183570276,-101.971659652966,6.737519685039));
#9540=CARTESIAN_POINT('',(36.1232183570276,-101.971659652966,6.737519685039));
#9541=CARTESIAN_POINT('',(35.6232183570276,-101.471659652966,6.737519685039));
#9542=CARTESIAN_POINT('Origin',(36.1232183570276,-101.471659652966,6.737519685039));
#9543=CARTESIAN_POINT('',(35.6232183570276,-88.2716596529655,6.737519685039));
#9544=CARTESIAN_POINT('',(57.0544683570276,-69.2216596529655,6.73751968503901));
#9545=CARTESIAN_POINT('',(57.5544683570276,-68.7216596529655,6.73751968503901));
#9546=CARTESIAN_POINT('Origin',(57.5544683570276,-69.2216596529655,6.73751968503901));
#9547=CARTESIAN_POINT('',(70.7544683570276,-68.7216596529655,6.73751968503901));
#9548=CARTESIAN_POINT('',(57.5544683570276,-68.7216596529655,6.73751968503901));
#9549=CARTESIAN_POINT('',(71.2544683570276,-69.2216596529655,6.73751968503901));
#9550=CARTESIAN_POINT('Origin',(70.7544683570276,-69.2216596529655,6.73751968503901));
#9551=CARTESIAN_POINT('',(71.2544683570276,-82.4216596529655,6.73751968503901));
#9552=CARTESIAN_POINT('',(71.2544683570276,-69.2216596529655,6.73751968503901));
#9553=CARTESIAN_POINT('',(70.7544683570276,-82.9216596529655,6.73751968503901));
#9554=CARTESIAN_POINT('Origin',(70.7544683570276,-82.4216596529655,6.73751968503901));
#9555=CARTESIAN_POINT('',(57.5544683570276,-82.9216596529655,6.737519685039));
#9556=CARTESIAN_POINT('',(57.5544683570276,-82.9216596529655,6.737519685039));
#9557=CARTESIAN_POINT('',(57.0544683570276,-82.4216596529655,6.737519685039));
#9558=CARTESIAN_POINT('Origin',(57.5544683570276,-82.4216596529655,6.737519685039));
#9559=CARTESIAN_POINT('',(57.0544683570276,-69.2216596529655,6.73751968503901));
#9560=CARTESIAN_POINT('',(30.8607183570276,-69.2216596529655,6.737519685039));
#9561=CARTESIAN_POINT('',(31.3607183570276,-68.7216596529655,6.737519685039));
#9562=CARTESIAN_POINT('Origin',(31.3607183570276,-69.2216596529655,6.737519685039));
#9563=CARTESIAN_POINT('',(44.5607183570276,-68.7216596529655,6.73751968503901));
#9564=CARTESIAN_POINT('',(31.3607183570276,-68.7216596529655,6.737519685039));
#9565=CARTESIAN_POINT('',(45.0607183570276,-69.2216596529655,6.73751968503901));
#9566=CARTESIAN_POINT('Origin',(44.5607183570276,-69.2216596529655,6.73751968503901));
#9567=CARTESIAN_POINT('',(45.0607183570276,-82.4216596529655,6.737519685039));
#9568=CARTESIAN_POINT('',(45.0607183570276,-69.2216596529655,6.73751968503901));
#9569=CARTESIAN_POINT('',(44.5607183570276,-82.9216596529655,6.737519685039));
#9570=CARTESIAN_POINT('Origin',(44.5607183570276,-82.4216596529655,6.737519685039));
#9571=CARTESIAN_POINT('',(31.3607183570276,-82.9216596529655,6.737519685039));
#9572=CARTESIAN_POINT('',(31.3607183570276,-82.9216596529655,6.737519685039));
#9573=CARTESIAN_POINT('',(30.8607183570276,-82.4216596529655,6.737519685039));
#9574=CARTESIAN_POINT('Origin',(31.3607183570276,-82.4216596529655,6.737519685039));
#9575=CARTESIAN_POINT('',(30.8607183570276,-69.2216596529655,6.737519685039));
#9576=CARTESIAN_POINT('',(66.5794683570276,-88.2716596529655,6.73751968503901));
#9577=CARTESIAN_POINT('',(67.0794683570276,-87.7716596529655,6.73751968503901));
#9578=CARTESIAN_POINT('Origin',(67.0794683570276,-88.2716596529655,6.73751968503901));
#9579=CARTESIAN_POINT('',(80.2794683570276,-87.7716596529655,6.73751968503901));
#9580=CARTESIAN_POINT('',(67.0794683570276,-87.7716596529655,6.73751968503901));
#9581=CARTESIAN_POINT('',(80.7794683570276,-88.2716596529655,6.73751968503901));
#9582=CARTESIAN_POINT('Origin',(80.2794683570276,-88.2716596529655,6.73751968503901));
#9583=CARTESIAN_POINT('',(80.7794683570276,-101.471659652966,6.73751968503901));
#9584=CARTESIAN_POINT('',(80.7794683570276,-88.2716596529655,6.73751968503901));
#9585=CARTESIAN_POINT('',(80.2794683570276,-101.971659652966,6.737519685039));
#9586=CARTESIAN_POINT('Origin',(80.2794683570276,-101.471659652966,6.737519685039));
#9587=CARTESIAN_POINT('',(67.0794683570276,-101.971659652966,6.737519685039));
#9588=CARTESIAN_POINT('',(67.0794683570276,-101.971659652966,6.737519685039));
#9589=CARTESIAN_POINT('',(66.5794683570276,-101.471659652966,6.737519685039));
#9590=CARTESIAN_POINT('Origin',(67.0794683570276,-101.471659652966,6.737519685039));
#9591=CARTESIAN_POINT('',(66.5794683570276,-88.2716596529655,6.73751968503901));
#9592=CARTESIAN_POINT('',(104.679468357028,-88.2716596529655,6.73751968503901));
#9593=CARTESIAN_POINT('',(105.179468357028,-87.7716596529655,6.73751968503901));
#9594=CARTESIAN_POINT('Origin',(105.179468357028,-88.2716596529655,6.73751968503901));
#9595=CARTESIAN_POINT('',(118.379468357028,-87.7716596529655,6.73751968503901));
#9596=CARTESIAN_POINT('',(105.179468357028,-87.7716596529655,6.73751968503901));
#9597=CARTESIAN_POINT('',(118.879468357028,-88.2716596529655,6.73751968503901));
#9598=CARTESIAN_POINT('Origin',(118.379468357028,-88.2716596529655,6.73751968503901));
#9599=CARTESIAN_POINT('',(118.879468357028,-101.471659652966,6.73751968503901));
#9600=CARTESIAN_POINT('',(118.879468357028,-88.2716596529655,6.73751968503901));
#9601=CARTESIAN_POINT('',(118.379468357028,-101.971659652966,6.73751968503901));
#9602=CARTESIAN_POINT('Origin',(118.379468357028,-101.471659652966,6.73751968503901));
#9603=CARTESIAN_POINT('',(105.179468357028,-101.971659652966,6.73751968503901));
#9604=CARTESIAN_POINT('',(105.179468357028,-101.971659652966,6.73751968503901));
#9605=CARTESIAN_POINT('',(104.679468357028,-101.471659652966,6.73751968503901));
#9606=CARTESIAN_POINT('Origin',(105.179468357028,-101.471659652966,6.73751968503901));
#9607=CARTESIAN_POINT('',(104.679468357028,-88.2716596529655,6.73751968503901));
#9608=CARTESIAN_POINT('',(142.779468357028,-88.2716596529655,6.73751968503901));
#9609=CARTESIAN_POINT('',(143.279468357028,-87.7716596529655,6.73751968503901));
#9610=CARTESIAN_POINT('Origin',(143.279468357028,-88.2716596529655,6.73751968503901));
#9611=CARTESIAN_POINT('',(156.479468357028,-87.7716596529655,6.73751968503902));
#9612=CARTESIAN_POINT('',(143.279468357028,-87.7716596529655,6.73751968503901));
#9613=CARTESIAN_POINT('',(156.979468357028,-88.2716596529655,6.73751968503902));
#9614=CARTESIAN_POINT('Origin',(156.479468357028,-88.2716596529655,6.73751968503902));
#9615=CARTESIAN_POINT('',(156.979468357028,-101.471659652966,6.73751968503901));
#9616=CARTESIAN_POINT('',(156.979468357028,-88.2716596529655,6.73751968503902));
#9617=CARTESIAN_POINT('',(156.479468357028,-101.971659652966,6.73751968503901));
#9618=CARTESIAN_POINT('Origin',(156.479468357028,-101.471659652966,6.73751968503901));
#9619=CARTESIAN_POINT('',(143.279468357028,-101.971659652966,6.73751968503901));
#9620=CARTESIAN_POINT('',(143.279468357028,-101.971659652966,6.73751968503901));
#9621=CARTESIAN_POINT('',(142.779468357028,-101.471659652966,6.73751968503901));
#9622=CARTESIAN_POINT('Origin',(143.279468357028,-101.471659652966,6.73751968503901));
#9623=CARTESIAN_POINT('',(142.779468357028,-88.2716596529655,6.73751968503901));
#9624=CARTESIAN_POINT('',(161.829468357028,-88.2716596529655,6.73751968503902));
#9625=CARTESIAN_POINT('',(162.329468357028,-87.7716596529655,6.73751968503902));
#9626=CARTESIAN_POINT('Origin',(162.329468357028,-88.2716596529655,6.73751968503902));
#9627=CARTESIAN_POINT('',(175.529468357028,-87.7716596529655,6.73751968503902));
#9628=CARTESIAN_POINT('',(162.329468357028,-87.7716596529655,6.73751968503902));
#9629=CARTESIAN_POINT('',(176.029468357028,-88.2716596529655,6.73751968503902));
#9630=CARTESIAN_POINT('Origin',(175.529468357028,-88.2716596529655,6.73751968503902));
#9631=CARTESIAN_POINT('',(176.029468357028,-101.471659652966,6.73751968503902));
#9632=CARTESIAN_POINT('',(176.029468357028,-88.2716596529655,6.73751968503902));
#9633=CARTESIAN_POINT('',(175.529468357028,-101.971659652966,6.73751968503902));
#9634=CARTESIAN_POINT('Origin',(175.529468357028,-101.471659652966,6.73751968503902));
#9635=CARTESIAN_POINT('',(162.329468357028,-101.971659652966,6.73751968503901));
#9636=CARTESIAN_POINT('',(162.329468357028,-101.971659652966,6.73751968503901));
#9637=CARTESIAN_POINT('',(161.829468357028,-101.471659652966,6.73751968503901));
#9638=CARTESIAN_POINT('Origin',(162.329468357028,-101.471659652966,6.73751968503902));
#9639=CARTESIAN_POINT('',(161.829468357028,-88.2716596529655,6.73751968503902));
#9640=CARTESIAN_POINT('',(76.1044683570276,-69.2216596529655,6.73751968503901));
#9641=CARTESIAN_POINT('',(76.6044683570276,-68.7216596529655,6.73751968503901));
#9642=CARTESIAN_POINT('Origin',(76.6044683570276,-69.2216596529655,6.73751968503901));
#9643=CARTESIAN_POINT('',(89.8044683570276,-68.7216596529655,6.73751968503901));
#9644=CARTESIAN_POINT('',(76.6044683570276,-68.7216596529655,6.73751968503901));
#9645=CARTESIAN_POINT('',(90.3044683570276,-69.2216596529655,6.73751968503901));
#9646=CARTESIAN_POINT('Origin',(89.8044683570276,-69.2216596529655,6.73751968503901));
#9647=CARTESIAN_POINT('',(90.3044683570276,-82.4216596529655,6.73751968503901));
#9648=CARTESIAN_POINT('',(90.3044683570276,-69.2216596529655,6.73751968503901));
#9649=CARTESIAN_POINT('',(89.8044683570276,-82.9216596529655,6.73751968503901));
#9650=CARTESIAN_POINT('Origin',(89.8044683570276,-82.4216596529655,6.73751968503901));
#9651=CARTESIAN_POINT('',(76.6044683570276,-82.9216596529655,6.73751968503901));
#9652=CARTESIAN_POINT('',(76.6044683570276,-82.9216596529655,6.73751968503901));
#9653=CARTESIAN_POINT('',(76.1044683570276,-82.4216596529655,6.73751968503901));
#9654=CARTESIAN_POINT('Origin',(76.6044683570276,-82.4216596529655,6.73751968503901));
#9655=CARTESIAN_POINT('',(76.1044683570276,-69.2216596529655,6.73751968503901));
#9656=CARTESIAN_POINT('',(90.3919683570276,-50.1716596529655,6.73751968503901));
#9657=CARTESIAN_POINT('',(90.8919683570276,-49.6716596529655,6.73751968503901));
#9658=CARTESIAN_POINT('Origin',(90.8919683570276,-50.1716596529655,6.73751968503901));
#9659=CARTESIAN_POINT('',(104.091968357028,-49.6716596529655,6.73751968503901));
#9660=CARTESIAN_POINT('',(90.8919683570276,-49.6716596529655,6.73751968503901));
#9661=CARTESIAN_POINT('',(104.591968357028,-50.1716596529655,6.73751968503901));
#9662=CARTESIAN_POINT('Origin',(104.091968357028,-50.1716596529655,6.73751968503901));
#9663=CARTESIAN_POINT('',(104.591968357028,-63.3716596529655,6.73751968503901));
#9664=CARTESIAN_POINT('',(104.591968357028,-50.1716596529655,6.73751968503901));
#9665=CARTESIAN_POINT('',(104.091968357028,-63.8716596529655,6.73751968503901));
#9666=CARTESIAN_POINT('Origin',(104.091968357028,-63.3716596529655,6.73751968503901));
#9667=CARTESIAN_POINT('',(90.8919683570276,-63.8716596529655,6.73751968503901));
#9668=CARTESIAN_POINT('',(90.8919683570276,-63.8716596529655,6.73751968503901));
#9669=CARTESIAN_POINT('',(90.3919683570276,-63.3716596529655,6.73751968503901));
#9670=CARTESIAN_POINT('Origin',(90.8919683570276,-63.3716596529655,6.73751968503901));
#9671=CARTESIAN_POINT('',(90.3919683570276,-50.1716596529655,6.73751968503901));
#9672=CARTESIAN_POINT('',(114.204468357028,-69.2216596529655,6.73751968503901));
#9673=CARTESIAN_POINT('',(114.704468357028,-68.7216596529655,6.73751968503901));
#9674=CARTESIAN_POINT('Origin',(114.704468357028,-69.2216596529655,6.73751968503901));
#9675=CARTESIAN_POINT('',(127.904468357028,-68.7216596529655,6.73751968503902));
#9676=CARTESIAN_POINT('',(114.704468357028,-68.7216596529655,6.73751968503901));
#9677=CARTESIAN_POINT('',(128.404468357028,-69.2216596529655,6.73751968503902));
#9678=CARTESIAN_POINT('Origin',(127.904468357028,-69.2216596529655,6.73751968503902));
#9679=CARTESIAN_POINT('',(128.404468357028,-82.4216596529655,6.73751968503901));
#9680=CARTESIAN_POINT('',(128.404468357028,-69.2216596529655,6.73751968503902));
#9681=CARTESIAN_POINT('',(127.904468357028,-82.9216596529655,6.73751968503901));
#9682=CARTESIAN_POINT('Origin',(127.904468357028,-82.4216596529655,6.73751968503901));
#9683=CARTESIAN_POINT('',(114.704468357028,-82.9216596529655,6.73751968503901));
#9684=CARTESIAN_POINT('',(114.704468357028,-82.9216596529655,6.73751968503901));
#9685=CARTESIAN_POINT('',(114.204468357028,-82.4216596529655,6.73751968503901));
#9686=CARTESIAN_POINT('Origin',(114.704468357028,-82.4216596529655,6.73751968503901));
#9687=CARTESIAN_POINT('',(114.204468357028,-69.2216596529655,6.73751968503901));
#9688=CARTESIAN_POINT('',(52.2919683570276,-50.1716596529655,6.73751968503901));
#9689=CARTESIAN_POINT('',(52.7919683570276,-49.6716596529655,6.73751968503901));
#9690=CARTESIAN_POINT('Origin',(52.7919683570276,-50.1716596529655,6.73751968503901));
#9691=CARTESIAN_POINT('',(65.9919683570276,-49.6716596529655,6.73751968503901));
#9692=CARTESIAN_POINT('',(52.7919683570276,-49.6716596529655,6.73751968503901));
#9693=CARTESIAN_POINT('',(66.4919683570276,-50.1716596529655,6.73751968503901));
#9694=CARTESIAN_POINT('Origin',(65.9919683570276,-50.1716596529655,6.73751968503901));
#9695=CARTESIAN_POINT('',(66.4919683570276,-63.3716596529655,6.73751968503901));
#9696=CARTESIAN_POINT('',(66.4919683570276,-50.1716596529655,6.73751968503901));
#9697=CARTESIAN_POINT('',(65.9919683570276,-63.8716596529655,6.73751968503901));
#9698=CARTESIAN_POINT('Origin',(65.9919683570276,-63.3716596529655,6.73751968503901));
#9699=CARTESIAN_POINT('',(52.7919683570276,-63.8716596529655,6.73751968503901));
#9700=CARTESIAN_POINT('',(52.7919683570276,-63.8716596529655,6.73751968503901));
#9701=CARTESIAN_POINT('',(52.2919683570276,-63.3716596529655,6.73751968503901));
#9702=CARTESIAN_POINT('Origin',(52.7919683570276,-63.3716596529655,6.73751968503901));
#9703=CARTESIAN_POINT('',(52.2919683570276,-50.1716596529655,6.73751968503901));
#9704=CARTESIAN_POINT('Origin',(14.,-19.,6.73751968503902));
#9705=CARTESIAN_POINT('',(14.,-19.,5.23751968503902));
#9706=CARTESIAN_POINT('',(14.,-19.,6.73751968503902));
#9707=CARTESIAN_POINT('',(14.,-129.,5.23751968503902));
#9708=CARTESIAN_POINT('',(14.,-19.,5.23751968503902));
#9709=CARTESIAN_POINT('',(14.,-129.,6.73751968503902));
#9710=CARTESIAN_POINT('Origin',(19.,-129.,6.73751968503902));
#9711=CARTESIAN_POINT('Origin',(19.,-129.,5.23751968503902));
#9712=CARTESIAN_POINT('Origin',(52.7919683570276,-50.1716596529655,5.23751968503901));
#9713=CARTESIAN_POINT('',(52.2919683570276,-50.1716596529655,5.23751968503901));
#9714=CARTESIAN_POINT('',(52.7919683570276,-49.6716596529655,5.23751968503901));
#9715=CARTESIAN_POINT('Origin',(52.7919683570276,-50.1716596529655,5.23751968503901));
#9716=CARTESIAN_POINT('',(52.7919683570276,-49.6716596529655,5.23751968503901));
#9717=CARTESIAN_POINT('',(52.2919683570276,-50.1716596529655,5.23751968503901));
#9718=CARTESIAN_POINT('Origin',(52.7919683570276,-49.6716596529655,5.23751968503901));
#9719=CARTESIAN_POINT('',(65.9919683570276,-49.6716596529655,5.23751968503901));
#9720=CARTESIAN_POINT('',(52.7919683570276,-49.6716596529655,5.23751968503901));
#9721=CARTESIAN_POINT('',(65.9919683570276,-49.6716596529655,5.23751968503901));
#9722=CARTESIAN_POINT('Origin',(65.9919683570276,-50.1716596529655,5.23751968503901));
#9723=CARTESIAN_POINT('',(66.4919683570276,-50.1716596529655,5.23751968503901));
#9724=CARTESIAN_POINT('Origin',(65.9919683570276,-50.1716596529655,5.23751968503901));
#9725=CARTESIAN_POINT('',(66.4919683570276,-50.1716596529655,5.23751968503901));
#9726=CARTESIAN_POINT('Origin',(66.4919683570276,-50.1716596529655,5.23751968503901));
#9727=CARTESIAN_POINT('',(66.4919683570276,-63.3716596529655,5.23751968503901));
#9728=CARTESIAN_POINT('',(66.4919683570276,-50.1716596529655,5.23751968503901));
#9729=CARTESIAN_POINT('',(66.4919683570276,-63.3716596529655,5.23751968503901));
#9730=CARTESIAN_POINT('Origin',(65.9919683570276,-63.3716596529655,5.23751968503901));
#9731=CARTESIAN_POINT('',(65.9919683570276,-63.8716596529655,5.23751968503901));
#9732=CARTESIAN_POINT('Origin',(65.9919683570276,-63.3716596529655,5.23751968503901));
#9733=CARTESIAN_POINT('',(65.9919683570276,-63.8716596529655,5.23751968503901));
#9734=CARTESIAN_POINT('Origin',(65.9919683570276,-63.8716596529655,5.23751968503901));
#9735=CARTESIAN_POINT('',(52.7919683570276,-63.8716596529655,5.23751968503901));
#9736=CARTESIAN_POINT('',(52.7919683570276,-63.8716596529655,5.23751968503901));
#9737=CARTESIAN_POINT('',(52.7919683570276,-63.8716596529655,5.23751968503901));
#9738=CARTESIAN_POINT('Origin',(52.7919683570276,-63.3716596529655,5.23751968503901));
#9739=CARTESIAN_POINT('',(52.2919683570276,-63.3716596529655,5.23751968503901));
#9740=CARTESIAN_POINT('Origin',(52.7919683570276,-63.3716596529655,5.23751968503901));
#9741=CARTESIAN_POINT('',(52.2919683570276,-63.3716596529655,5.23751968503901));
#9742=CARTESIAN_POINT('Origin',(52.2919683570276,-63.3716596529655,5.23751968503901));
#9743=CARTESIAN_POINT('',(52.2919683570276,-50.1716596529655,5.23751968503901));
#9744=CARTESIAN_POINT('Origin',(114.704468357028,-69.2216596529655,5.23751968503901));
#9745=CARTESIAN_POINT('',(114.204468357028,-69.2216596529655,5.23751968503901));
#9746=CARTESIAN_POINT('',(114.704468357028,-68.7216596529655,5.23751968503901));
#9747=CARTESIAN_POINT('Origin',(114.704468357028,-69.2216596529655,5.23751968503901));
#9748=CARTESIAN_POINT('',(114.704468357028,-68.7216596529655,5.23751968503901));
#9749=CARTESIAN_POINT('',(114.204468357028,-69.2216596529655,5.23751968503901));
#9750=CARTESIAN_POINT('Origin',(114.704468357028,-68.7216596529655,5.23751968503901));
#9751=CARTESIAN_POINT('',(127.904468357028,-68.7216596529655,5.23751968503902));
#9752=CARTESIAN_POINT('',(114.704468357028,-68.7216596529655,5.23751968503901));
#9753=CARTESIAN_POINT('',(127.904468357028,-68.7216596529655,5.23751968503902));
#9754=CARTESIAN_POINT('Origin',(127.904468357028,-69.2216596529655,5.23751968503902));
#9755=CARTESIAN_POINT('',(128.404468357028,-69.2216596529655,5.23751968503902));
#9756=CARTESIAN_POINT('Origin',(127.904468357028,-69.2216596529655,5.23751968503902));
#9757=CARTESIAN_POINT('',(128.404468357028,-69.2216596529655,5.23751968503902));
#9758=CARTESIAN_POINT('Origin',(128.404468357028,-69.2216596529655,5.23751968503902));
#9759=CARTESIAN_POINT('',(128.404468357028,-82.4216596529655,5.23751968503901));
#9760=CARTESIAN_POINT('',(128.404468357028,-69.2216596529655,5.23751968503902));
#9761=CARTESIAN_POINT('',(128.404468357028,-82.4216596529655,5.23751968503901));
#9762=CARTESIAN_POINT('Origin',(127.904468357028,-82.4216596529655,5.23751968503901));
#9763=CARTESIAN_POINT('',(127.904468357028,-82.9216596529655,5.23751968503901));
#9764=CARTESIAN_POINT('Origin',(127.904468357028,-82.4216596529655,5.23751968503901));
#9765=CARTESIAN_POINT('',(127.904468357028,-82.9216596529655,5.23751968503901));
#9766=CARTESIAN_POINT('Origin',(127.904468357028,-82.9216596529655,5.23751968503901));
#9767=CARTESIAN_POINT('',(114.704468357028,-82.9216596529655,5.23751968503901));
#9768=CARTESIAN_POINT('',(114.704468357028,-82.9216596529655,5.23751968503901));
#9769=CARTESIAN_POINT('',(114.704468357028,-82.9216596529655,5.23751968503901));
#9770=CARTESIAN_POINT('Origin',(114.704468357028,-82.4216596529655,5.23751968503901));
#9771=CARTESIAN_POINT('',(114.204468357028,-82.4216596529655,5.23751968503901));
#9772=CARTESIAN_POINT('Origin',(114.704468357028,-82.4216596529655,5.23751968503901));
#9773=CARTESIAN_POINT('',(114.204468357028,-82.4216596529655,5.23751968503901));
#9774=CARTESIAN_POINT('Origin',(114.204468357028,-82.4216596529655,5.23751968503901));
#9775=CARTESIAN_POINT('',(114.204468357028,-69.2216596529655,5.23751968503901));
#9776=CARTESIAN_POINT('Origin',(90.8919683570276,-50.1716596529655,5.23751968503901));
#9777=CARTESIAN_POINT('',(90.3919683570276,-50.1716596529655,5.23751968503901));
#9778=CARTESIAN_POINT('',(90.8919683570276,-49.6716596529655,5.23751968503901));
#9779=CARTESIAN_POINT('Origin',(90.8919683570276,-50.1716596529655,5.23751968503901));
#9780=CARTESIAN_POINT('',(90.8919683570276,-49.6716596529655,5.23751968503901));
#9781=CARTESIAN_POINT('',(90.3919683570276,-50.1716596529655,5.23751968503901));
#9782=CARTESIAN_POINT('Origin',(90.8919683570276,-49.6716596529655,5.23751968503901));
#9783=CARTESIAN_POINT('',(104.091968357028,-49.6716596529655,5.23751968503901));
#9784=CARTESIAN_POINT('',(90.8919683570276,-49.6716596529655,5.23751968503901));
#9785=CARTESIAN_POINT('',(104.091968357028,-49.6716596529655,5.23751968503901));
#9786=CARTESIAN_POINT('Origin',(104.091968357028,-50.1716596529655,5.23751968503901));
#9787=CARTESIAN_POINT('',(104.591968357028,-50.1716596529655,5.23751968503901));
#9788=CARTESIAN_POINT('Origin',(104.091968357028,-50.1716596529655,5.23751968503901));
#9789=CARTESIAN_POINT('',(104.591968357028,-50.1716596529655,5.23751968503901));
#9790=CARTESIAN_POINT('Origin',(104.591968357028,-50.1716596529655,5.23751968503901));
#9791=CARTESIAN_POINT('',(104.591968357028,-63.3716596529655,5.23751968503901));
#9792=CARTESIAN_POINT('',(104.591968357028,-50.1716596529655,5.23751968503901));
#9793=CARTESIAN_POINT('',(104.591968357028,-63.3716596529655,5.23751968503901));
#9794=CARTESIAN_POINT('Origin',(104.091968357028,-63.3716596529655,5.23751968503901));
#9795=CARTESIAN_POINT('',(104.091968357028,-63.8716596529655,5.23751968503901));
#9796=CARTESIAN_POINT('Origin',(104.091968357028,-63.3716596529655,5.23751968503901));
#9797=CARTESIAN_POINT('',(104.091968357028,-63.8716596529655,5.23751968503901));
#9798=CARTESIAN_POINT('Origin',(104.091968357028,-63.8716596529655,5.23751968503901));
#9799=CARTESIAN_POINT('',(90.8919683570276,-63.8716596529655,5.23751968503901));
#9800=CARTESIAN_POINT('',(90.8919683570276,-63.8716596529655,5.23751968503901));
#9801=CARTESIAN_POINT('',(90.8919683570276,-63.8716596529655,5.23751968503901));
#9802=CARTESIAN_POINT('Origin',(90.8919683570276,-63.3716596529655,5.23751968503901));
#9803=CARTESIAN_POINT('',(90.3919683570276,-63.3716596529655,5.23751968503901));
#9804=CARTESIAN_POINT('Origin',(90.8919683570276,-63.3716596529655,5.23751968503901));
#9805=CARTESIAN_POINT('',(90.3919683570276,-63.3716596529655,5.23751968503901));
#9806=CARTESIAN_POINT('Origin',(90.3919683570276,-63.3716596529655,5.23751968503901));
#9807=CARTESIAN_POINT('',(90.3919683570276,-50.1716596529655,5.23751968503901));
#9808=CARTESIAN_POINT('Origin',(76.6044683570276,-69.2216596529655,5.23751968503901));
#9809=CARTESIAN_POINT('',(76.1044683570276,-69.2216596529655,5.23751968503901));
#9810=CARTESIAN_POINT('',(76.6044683570276,-68.7216596529655,5.23751968503901));
#9811=CARTESIAN_POINT('Origin',(76.6044683570276,-69.2216596529655,5.23751968503901));
#9812=CARTESIAN_POINT('',(76.6044683570276,-68.7216596529655,5.23751968503901));
#9813=CARTESIAN_POINT('',(76.1044683570276,-69.2216596529655,5.23751968503901));
#9814=CARTESIAN_POINT('Origin',(76.6044683570276,-68.7216596529655,5.23751968503901));
#9815=CARTESIAN_POINT('',(89.8044683570276,-68.7216596529655,5.23751968503901));
#9816=CARTESIAN_POINT('',(76.6044683570276,-68.7216596529655,5.23751968503901));
#9817=CARTESIAN_POINT('',(89.8044683570276,-68.7216596529655,5.23751968503901));
#9818=CARTESIAN_POINT('Origin',(89.8044683570276,-69.2216596529655,5.23751968503901));
#9819=CARTESIAN_POINT('',(90.3044683570276,-69.2216596529655,5.23751968503901));
#9820=CARTESIAN_POINT('Origin',(89.8044683570276,-69.2216596529655,5.23751968503901));
#9821=CARTESIAN_POINT('',(90.3044683570276,-69.2216596529655,5.23751968503901));
#9822=CARTESIAN_POINT('Origin',(90.3044683570276,-69.2216596529655,5.23751968503901));
#9823=CARTESIAN_POINT('',(90.3044683570276,-82.4216596529655,5.23751968503901));
#9824=CARTESIAN_POINT('',(90.3044683570276,-69.2216596529655,5.23751968503901));
#9825=CARTESIAN_POINT('',(90.3044683570276,-82.4216596529655,5.23751968503901));
#9826=CARTESIAN_POINT('Origin',(89.8044683570276,-82.4216596529655,5.23751968503901));
#9827=CARTESIAN_POINT('',(89.8044683570276,-82.9216596529655,5.23751968503901));
#9828=CARTESIAN_POINT('Origin',(89.8044683570276,-82.4216596529655,5.23751968503901));
#9829=CARTESIAN_POINT('',(89.8044683570276,-82.9216596529655,5.23751968503901));
#9830=CARTESIAN_POINT('Origin',(89.8044683570276,-82.9216596529655,5.23751968503901));
#9831=CARTESIAN_POINT('',(76.6044683570276,-82.9216596529655,5.23751968503901));
#9832=CARTESIAN_POINT('',(76.6044683570276,-82.9216596529655,5.23751968503901));
#9833=CARTESIAN_POINT('',(76.6044683570276,-82.9216596529655,5.23751968503901));
#9834=CARTESIAN_POINT('Origin',(76.6044683570276,-82.4216596529655,5.23751968503901));
#9835=CARTESIAN_POINT('',(76.1044683570276,-82.4216596529655,5.23751968503901));
#9836=CARTESIAN_POINT('Origin',(76.6044683570276,-82.4216596529655,5.23751968503901));
#9837=CARTESIAN_POINT('',(76.1044683570276,-82.4216596529655,5.23751968503901));
#9838=CARTESIAN_POINT('Origin',(76.1044683570276,-82.4216596529655,5.23751968503901));
#9839=CARTESIAN_POINT('',(76.1044683570276,-69.2216596529655,5.23751968503901));
#9840=CARTESIAN_POINT('Origin',(162.329468357028,-88.2716596529655,5.23751968503902));
#9841=CARTESIAN_POINT('',(161.829468357028,-88.2716596529655,5.23751968503902));
#9842=CARTESIAN_POINT('',(162.329468357028,-87.7716596529655,5.23751968503902));
#9843=CARTESIAN_POINT('Origin',(162.329468357028,-88.2716596529655,5.23751968503902));
#9844=CARTESIAN_POINT('',(162.329468357028,-87.7716596529655,5.23751968503902));
#9845=CARTESIAN_POINT('',(161.829468357028,-88.2716596529655,5.23751968503902));
#9846=CARTESIAN_POINT('Origin',(162.329468357028,-87.7716596529655,5.23751968503902));
#9847=CARTESIAN_POINT('',(175.529468357028,-87.7716596529655,5.23751968503902));
#9848=CARTESIAN_POINT('',(162.329468357028,-87.7716596529655,5.23751968503902));
#9849=CARTESIAN_POINT('',(175.529468357028,-87.7716596529655,5.23751968503902));
#9850=CARTESIAN_POINT('Origin',(175.529468357028,-88.2716596529655,5.23751968503902));
#9851=CARTESIAN_POINT('',(176.029468357028,-88.2716596529655,5.23751968503902));
#9852=CARTESIAN_POINT('Origin',(175.529468357028,-88.2716596529655,5.23751968503902));
#9853=CARTESIAN_POINT('',(176.029468357028,-88.2716596529655,5.23751968503902));
#9854=CARTESIAN_POINT('Origin',(176.029468357028,-88.2716596529655,5.23751968503902));
#9855=CARTESIAN_POINT('',(176.029468357028,-101.471659652966,5.23751968503902));
#9856=CARTESIAN_POINT('',(176.029468357028,-88.2716596529655,5.23751968503902));
#9857=CARTESIAN_POINT('',(176.029468357028,-101.471659652966,5.23751968503902));
#9858=CARTESIAN_POINT('Origin',(175.529468357028,-101.471659652966,5.23751968503902));
#9859=CARTESIAN_POINT('',(175.529468357028,-101.971659652966,5.23751968503902));
#9860=CARTESIAN_POINT('Origin',(175.529468357028,-101.471659652966,5.23751968503902));
#9861=CARTESIAN_POINT('',(175.529468357028,-101.971659652966,5.23751968503902));
#9862=CARTESIAN_POINT('Origin',(175.529468357028,-101.971659652966,5.23751968503902));
#9863=CARTESIAN_POINT('',(162.329468357028,-101.971659652966,5.23751968503901));
#9864=CARTESIAN_POINT('',(162.329468357028,-101.971659652966,5.23751968503901));
#9865=CARTESIAN_POINT('',(162.329468357028,-101.971659652966,5.23751968503901));
#9866=CARTESIAN_POINT('Origin',(162.329468357028,-101.471659652966,5.23751968503902));
#9867=CARTESIAN_POINT('',(161.829468357028,-101.471659652966,5.23751968503901));
#9868=CARTESIAN_POINT('Origin',(162.329468357028,-101.471659652966,5.23751968503902));
#9869=CARTESIAN_POINT('',(161.829468357028,-101.471659652966,5.23751968503901));
#9870=CARTESIAN_POINT('Origin',(161.829468357028,-101.471659652966,5.23751968503901));
#9871=CARTESIAN_POINT('',(161.829468357028,-88.2716596529655,5.23751968503902));
#9872=CARTESIAN_POINT('Origin',(171.854468357028,-69.2216596529655,5.23751968503902));
#9873=CARTESIAN_POINT('',(171.354468357028,-69.2216596529655,5.23751968503902));
#9874=CARTESIAN_POINT('Origin',(171.854468357028,-69.2216596529655,5.23751968503902));
#9875=CARTESIAN_POINT('',(171.354468357028,-69.2216596529655,5.23751968503902));
#9876=CARTESIAN_POINT('Origin',(185.054468357028,-82.9216596529655,5.23751968503902));
#9877=CARTESIAN_POINT('',(171.854468357028,-82.9216596529655,5.23751968503902));
#9878=CARTESIAN_POINT('',(171.854468357028,-82.9216596529655,5.23751968503902));
#9879=CARTESIAN_POINT('',(171.854468357028,-82.9216596529655,5.23751968503902));
#9880=CARTESIAN_POINT('Origin',(171.854468357028,-82.4216596529655,5.23751968503902));
#9881=CARTESIAN_POINT('',(171.354468357028,-82.4216596529655,5.23751968503902));
#9882=CARTESIAN_POINT('Origin',(171.854468357028,-82.4216596529655,5.23751968503902));
#9883=CARTESIAN_POINT('',(171.354468357028,-82.4216596529655,5.23751968503902));
#9884=CARTESIAN_POINT('Origin',(171.354468357028,-82.4216596529655,5.23751968503902));
#9885=CARTESIAN_POINT('',(171.354468357028,-69.2216596529655,5.23751968503902));
#9886=CARTESIAN_POINT('Origin',(143.279468357028,-88.2716596529655,5.23751968503901));
#9887=CARTESIAN_POINT('',(142.779468357028,-88.2716596529655,5.23751968503901));
#9888=CARTESIAN_POINT('',(143.279468357028,-87.7716596529655,5.23751968503901));
#9889=CARTESIAN_POINT('Origin',(143.279468357028,-88.2716596529655,5.23751968503901));
#9890=CARTESIAN_POINT('',(143.279468357028,-87.7716596529655,5.23751968503901));
#9891=CARTESIAN_POINT('',(142.779468357028,-88.2716596529655,5.23751968503901));
#9892=CARTESIAN_POINT('Origin',(143.279468357028,-87.7716596529655,5.23751968503901));
#9893=CARTESIAN_POINT('',(156.479468357028,-87.7716596529655,5.23751968503902));
#9894=CARTESIAN_POINT('',(143.279468357028,-87.7716596529655,5.23751968503901));
#9895=CARTESIAN_POINT('',(156.479468357028,-87.7716596529655,5.23751968503902));
#9896=CARTESIAN_POINT('Origin',(156.479468357028,-88.2716596529655,5.23751968503902));
#9897=CARTESIAN_POINT('',(156.979468357028,-88.2716596529655,5.23751968503902));
#9898=CARTESIAN_POINT('Origin',(156.479468357028,-88.2716596529655,5.23751968503902));
#9899=CARTESIAN_POINT('',(156.979468357028,-88.2716596529655,5.23751968503902));
#9900=CARTESIAN_POINT('Origin',(156.979468357028,-88.2716596529655,5.23751968503902));
#9901=CARTESIAN_POINT('',(156.979468357028,-101.471659652966,5.23751968503901));
#9902=CARTESIAN_POINT('',(156.979468357028,-88.2716596529655,5.23751968503902));
#9903=CARTESIAN_POINT('',(156.979468357028,-101.471659652966,5.23751968503901));
#9904=CARTESIAN_POINT('Origin',(156.479468357028,-101.471659652966,5.23751968503901));
#9905=CARTESIAN_POINT('',(156.479468357028,-101.971659652966,5.23751968503901));
#9906=CARTESIAN_POINT('Origin',(156.479468357028,-101.471659652966,5.23751968503901));
#9907=CARTESIAN_POINT('',(156.479468357028,-101.971659652966,5.23751968503901));
#9908=CARTESIAN_POINT('Origin',(156.479468357028,-101.971659652966,5.23751968503901));
#9909=CARTESIAN_POINT('',(143.279468357028,-101.971659652966,5.23751968503901));
#9910=CARTESIAN_POINT('',(143.279468357028,-101.971659652966,5.23751968503901));
#9911=CARTESIAN_POINT('',(143.279468357028,-101.971659652966,5.23751968503901));
#9912=CARTESIAN_POINT('Origin',(143.279468357028,-101.471659652966,5.23751968503901));
#9913=CARTESIAN_POINT('',(142.779468357028,-101.471659652966,5.23751968503901));
#9914=CARTESIAN_POINT('Origin',(143.279468357028,-101.471659652966,5.23751968503901));
#9915=CARTESIAN_POINT('',(142.779468357028,-101.471659652966,5.23751968503901));
#9916=CARTESIAN_POINT('Origin',(142.779468357028,-101.471659652966,5.23751968503901));
#9917=CARTESIAN_POINT('',(142.779468357028,-88.2716596529655,5.23751968503901));
#9918=CARTESIAN_POINT('Origin',(105.179468357028,-88.2716596529655,5.23751968503901));
#9919=CARTESIAN_POINT('',(104.679468357028,-88.2716596529655,5.23751968503901));
#9920=CARTESIAN_POINT('',(105.179468357028,-87.7716596529655,5.23751968503901));
#9921=CARTESIAN_POINT('Origin',(105.179468357028,-88.2716596529655,5.23751968503901));
#9922=CARTESIAN_POINT('',(105.179468357028,-87.7716596529655,5.23751968503901));
#9923=CARTESIAN_POINT('',(104.679468357028,-88.2716596529655,5.23751968503901));
#9924=CARTESIAN_POINT('Origin',(105.179468357028,-87.7716596529655,5.23751968503901));
#9925=CARTESIAN_POINT('',(118.379468357028,-87.7716596529655,5.23751968503901));
#9926=CARTESIAN_POINT('',(105.179468357028,-87.7716596529655,5.23751968503901));
#9927=CARTESIAN_POINT('',(118.379468357028,-87.7716596529655,5.23751968503901));
#9928=CARTESIAN_POINT('Origin',(118.379468357028,-88.2716596529655,5.23751968503901));
#9929=CARTESIAN_POINT('',(118.879468357028,-88.2716596529655,5.23751968503901));
#9930=CARTESIAN_POINT('Origin',(118.379468357028,-88.2716596529655,5.23751968503901));
#9931=CARTESIAN_POINT('',(118.879468357028,-88.2716596529655,5.23751968503901));
#9932=CARTESIAN_POINT('Origin',(118.879468357028,-88.2716596529655,5.23751968503901));
#9933=CARTESIAN_POINT('',(118.879468357028,-101.471659652966,5.23751968503901));
#9934=CARTESIAN_POINT('',(118.879468357028,-88.2716596529655,5.23751968503901));
#9935=CARTESIAN_POINT('',(118.879468357028,-101.471659652966,5.23751968503901));
#9936=CARTESIAN_POINT('Origin',(118.379468357028,-101.471659652966,5.23751968503901));
#9937=CARTESIAN_POINT('',(118.379468357028,-101.971659652966,5.23751968503901));
#9938=CARTESIAN_POINT('Origin',(118.379468357028,-101.471659652966,5.23751968503901));
#9939=CARTESIAN_POINT('',(118.379468357028,-101.971659652966,5.23751968503901));
#9940=CARTESIAN_POINT('Origin',(118.379468357028,-101.971659652966,5.23751968503901));
#9941=CARTESIAN_POINT('',(105.179468357028,-101.971659652966,5.23751968503901));
#9942=CARTESIAN_POINT('',(105.179468357028,-101.971659652966,5.23751968503901));
#9943=CARTESIAN_POINT('',(105.179468357028,-101.971659652966,5.23751968503901));
#9944=CARTESIAN_POINT('Origin',(105.179468357028,-101.471659652966,5.23751968503901));
#9945=CARTESIAN_POINT('',(104.679468357028,-101.471659652966,5.23751968503901));
#9946=CARTESIAN_POINT('Origin',(105.179468357028,-101.471659652966,5.23751968503901));
#9947=CARTESIAN_POINT('',(104.679468357028,-101.471659652966,5.23751968503901));
#9948=CARTESIAN_POINT('Origin',(104.679468357028,-101.471659652966,5.23751968503901));
#9949=CARTESIAN_POINT('',(104.679468357028,-88.2716596529655,5.23751968503901));
#9950=CARTESIAN_POINT('Origin',(67.0794683570276,-88.2716596529655,5.23751968503901));
#9951=CARTESIAN_POINT('',(66.5794683570276,-88.2716596529655,5.23751968503901));
#9952=CARTESIAN_POINT('',(67.0794683570276,-87.7716596529655,5.23751968503901));
#9953=CARTESIAN_POINT('Origin',(67.0794683570276,-88.2716596529655,5.23751968503901));
#9954=CARTESIAN_POINT('',(67.0794683570276,-87.7716596529655,5.23751968503901));
#9955=CARTESIAN_POINT('',(66.5794683570276,-88.2716596529655,5.23751968503901));
#9956=CARTESIAN_POINT('Origin',(67.0794683570276,-87.7716596529655,5.23751968503901));
#9957=CARTESIAN_POINT('',(80.2794683570276,-87.7716596529655,5.23751968503901));
#9958=CARTESIAN_POINT('',(67.0794683570276,-87.7716596529655,5.23751968503901));
#9959=CARTESIAN_POINT('',(80.2794683570276,-87.7716596529655,5.23751968503901));
#9960=CARTESIAN_POINT('Origin',(80.2794683570276,-88.2716596529655,5.23751968503901));
#9961=CARTESIAN_POINT('',(80.7794683570276,-88.2716596529655,5.23751968503901));
#9962=CARTESIAN_POINT('Origin',(80.2794683570276,-88.2716596529655,5.23751968503901));
#9963=CARTESIAN_POINT('',(80.7794683570276,-88.2716596529655,5.23751968503901));
#9964=CARTESIAN_POINT('Origin',(80.7794683570276,-88.2716596529655,5.23751968503901));
#9965=CARTESIAN_POINT('',(80.7794683570276,-101.471659652966,5.23751968503901));
#9966=CARTESIAN_POINT('',(80.7794683570276,-88.2716596529655,5.23751968503901));
#9967=CARTESIAN_POINT('',(80.7794683570276,-101.471659652966,5.23751968503901));
#9968=CARTESIAN_POINT('Origin',(80.2794683570276,-101.471659652966,5.237519685039));
#9969=CARTESIAN_POINT('',(80.2794683570276,-101.971659652966,5.237519685039));
#9970=CARTESIAN_POINT('Origin',(80.2794683570276,-101.471659652966,5.237519685039));
#9971=CARTESIAN_POINT('',(80.2794683570276,-101.971659652966,5.237519685039));
#9972=CARTESIAN_POINT('Origin',(80.2794683570276,-101.971659652966,5.237519685039));
#9973=CARTESIAN_POINT('',(67.0794683570276,-101.971659652966,5.237519685039));
#9974=CARTESIAN_POINT('',(67.0794683570276,-101.971659652966,5.237519685039));
#9975=CARTESIAN_POINT('',(67.0794683570276,-101.971659652966,5.237519685039));
#9976=CARTESIAN_POINT('Origin',(67.0794683570276,-101.471659652966,5.237519685039));
#9977=CARTESIAN_POINT('',(66.5794683570276,-101.471659652966,5.237519685039));
#9978=CARTESIAN_POINT('Origin',(67.0794683570276,-101.471659652966,5.237519685039));
#9979=CARTESIAN_POINT('',(66.5794683570276,-101.471659652966,5.237519685039));
#9980=CARTESIAN_POINT('Origin',(66.5794683570276,-101.471659652966,5.237519685039));
#9981=CARTESIAN_POINT('',(66.5794683570276,-88.2716596529655,5.23751968503901));
#9982=CARTESIAN_POINT('Origin',(167.091968357028,-50.1716596529655,5.23751968503902));
#9983=CARTESIAN_POINT('',(166.591968357028,-50.1716596529655,5.23751968503902));
#9984=CARTESIAN_POINT('Origin',(167.091968357028,-50.1716596529655,5.23751968503902));
#9985=CARTESIAN_POINT('',(166.591968357028,-50.1716596529655,5.23751968503902));
#9986=CARTESIAN_POINT('Origin',(180.291968357028,-63.8716596529655,5.23751968503902));
#9987=CARTESIAN_POINT('',(167.091968357028,-63.8716596529655,5.23751968503902));
#9988=CARTESIAN_POINT('',(167.091968357028,-63.8716596529655,5.23751968503902));
#9989=CARTESIAN_POINT('',(167.091968357028,-63.8716596529655,5.23751968503902));
#9990=CARTESIAN_POINT('Origin',(167.091968357028,-63.3716596529655,5.23751968503902));
#9991=CARTESIAN_POINT('',(166.591968357028,-63.3716596529655,5.23751968503902));
#9992=CARTESIAN_POINT('Origin',(167.091968357028,-63.3716596529655,5.23751968503902));
#9993=CARTESIAN_POINT('',(166.591968357028,-63.3716596529655,5.23751968503902));
#9994=CARTESIAN_POINT('Origin',(166.591968357028,-63.3716596529655,5.23751968503902));
#9995=CARTESIAN_POINT('',(166.591968357028,-50.1716596529655,5.23751968503902));
#9996=CARTESIAN_POINT('Origin',(31.3607183570276,-69.2216596529655,5.237519685039));
#9997=CARTESIAN_POINT('',(30.8607183570276,-69.2216596529655,5.237519685039));
#9998=CARTESIAN_POINT('',(31.3607183570276,-68.7216596529655,5.237519685039));
#9999=CARTESIAN_POINT('Origin',(31.3607183570276,-69.2216596529655,5.237519685039));
#10000=CARTESIAN_POINT('',(31.3607183570276,-68.7216596529655,5.237519685039));
#10001=CARTESIAN_POINT('',(30.8607183570276,-69.2216596529655,5.237519685039));
#10002=CARTESIAN_POINT('Origin',(31.3607183570276,-68.7216596529655,5.237519685039));
#10003=CARTESIAN_POINT('',(44.5607183570276,-68.7216596529655,5.23751968503901));
#10004=CARTESIAN_POINT('',(31.3607183570276,-68.7216596529655,5.237519685039));
#10005=CARTESIAN_POINT('',(44.5607183570276,-68.7216596529655,5.23751968503901));
#10006=CARTESIAN_POINT('Origin',(44.5607183570276,-69.2216596529655,5.23751968503901));
#10007=CARTESIAN_POINT('',(45.0607183570276,-69.2216596529655,5.23751968503901));
#10008=CARTESIAN_POINT('Origin',(44.5607183570276,-69.2216596529655,5.23751968503901));
#10009=CARTESIAN_POINT('',(45.0607183570276,-69.2216596529655,5.23751968503901));
#10010=CARTESIAN_POINT('Origin',(45.0607183570276,-69.2216596529655,5.23751968503901));
#10011=CARTESIAN_POINT('',(45.0607183570276,-82.4216596529655,5.237519685039));
#10012=CARTESIAN_POINT('',(45.0607183570276,-69.2216596529655,5.23751968503901));
#10013=CARTESIAN_POINT('',(45.0607183570276,-82.4216596529655,5.237519685039));
#10014=CARTESIAN_POINT('Origin',(44.5607183570276,-82.4216596529655,5.237519685039));
#10015=CARTESIAN_POINT('',(44.5607183570276,-82.9216596529655,5.237519685039));
#10016=CARTESIAN_POINT('Origin',(44.5607183570276,-82.4216596529655,5.237519685039));
#10017=CARTESIAN_POINT('',(44.5607183570276,-82.9216596529655,5.237519685039));
#10018=CARTESIAN_POINT('Origin',(44.5607183570276,-82.9216596529655,5.237519685039));
#10019=CARTESIAN_POINT('',(31.3607183570276,-82.9216596529655,5.237519685039));
#10020=CARTESIAN_POINT('',(31.3607183570276,-82.9216596529655,5.237519685039));
#10021=CARTESIAN_POINT('',(31.3607183570276,-82.9216596529655,5.237519685039));
#10022=CARTESIAN_POINT('Origin',(31.3607183570276,-82.4216596529655,5.237519685039));
#10023=CARTESIAN_POINT('',(30.8607183570276,-82.4216596529655,5.237519685039));
#10024=CARTESIAN_POINT('Origin',(31.3607183570276,-82.4216596529655,5.237519685039));
#10025=CARTESIAN_POINT('',(30.8607183570276,-82.4216596529655,5.237519685039));
#10026=CARTESIAN_POINT('Origin',(30.8607183570276,-82.4216596529655,5.237519685039));
#10027=CARTESIAN_POINT('',(30.8607183570276,-69.2216596529655,5.237519685039));
#10028=CARTESIAN_POINT('Origin',(57.5544683570276,-69.2216596529655,5.23751968503901));
#10029=CARTESIAN_POINT('',(57.0544683570276,-69.2216596529655,5.23751968503901));
#10030=CARTESIAN_POINT('',(57.5544683570276,-68.7216596529655,5.23751968503901));
#10031=CARTESIAN_POINT('Origin',(57.5544683570276,-69.2216596529655,5.23751968503901));
#10032=CARTESIAN_POINT('',(57.5544683570276,-68.7216596529655,5.23751968503901));
#10033=CARTESIAN_POINT('',(57.0544683570276,-69.2216596529655,5.23751968503901));
#10034=CARTESIAN_POINT('Origin',(57.5544683570276,-68.7216596529655,5.23751968503901));
#10035=CARTESIAN_POINT('',(70.7544683570276,-68.7216596529655,5.23751968503901));
#10036=CARTESIAN_POINT('',(57.5544683570276,-68.7216596529655,5.23751968503901));
#10037=CARTESIAN_POINT('',(70.7544683570276,-68.7216596529655,5.23751968503901));
#10038=CARTESIAN_POINT('Origin',(70.7544683570276,-69.2216596529655,5.23751968503901));
#10039=CARTESIAN_POINT('',(71.2544683570276,-69.2216596529655,5.23751968503901));
#10040=CARTESIAN_POINT('Origin',(70.7544683570276,-69.2216596529655,5.23751968503901));
#10041=CARTESIAN_POINT('',(71.2544683570276,-69.2216596529655,5.23751968503901));
#10042=CARTESIAN_POINT('Origin',(71.2544683570276,-69.2216596529655,5.23751968503901));
#10043=CARTESIAN_POINT('',(71.2544683570276,-82.4216596529655,5.23751968503901));
#10044=CARTESIAN_POINT('',(71.2544683570276,-69.2216596529655,5.23751968503901));
#10045=CARTESIAN_POINT('',(71.2544683570276,-82.4216596529655,5.23751968503901));
#10046=CARTESIAN_POINT('Origin',(70.7544683570276,-82.4216596529655,5.23751968503901));
#10047=CARTESIAN_POINT('',(70.7544683570276,-82.9216596529655,5.23751968503901));
#10048=CARTESIAN_POINT('Origin',(70.7544683570276,-82.4216596529655,5.23751968503901));
#10049=CARTESIAN_POINT('',(70.7544683570276,-82.9216596529655,5.23751968503901));
#10050=CARTESIAN_POINT('Origin',(70.7544683570276,-82.9216596529655,5.23751968503901));
#10051=CARTESIAN_POINT('',(57.5544683570276,-82.9216596529655,5.237519685039));
#10052=CARTESIAN_POINT('',(57.5544683570276,-82.9216596529655,5.237519685039));
#10053=CARTESIAN_POINT('',(57.5544683570276,-82.9216596529655,5.237519685039));
#10054=CARTESIAN_POINT('Origin',(57.5544683570276,-82.4216596529655,5.237519685039));
#10055=CARTESIAN_POINT('',(57.0544683570276,-82.4216596529655,5.237519685039));
#10056=CARTESIAN_POINT('Origin',(57.5544683570276,-82.4216596529655,5.237519685039));
#10057=CARTESIAN_POINT('',(57.0544683570276,-82.4216596529655,5.237519685039));
#10058=CARTESIAN_POINT('Origin',(57.0544683570276,-82.4216596529655,5.237519685039));
#10059=CARTESIAN_POINT('',(57.0544683570276,-69.2216596529655,5.23751968503901));
#10060=CARTESIAN_POINT('Origin',(36.1232183570276,-88.2716596529655,5.237519685039));
#10061=CARTESIAN_POINT('',(35.6232183570276,-88.2716596529655,5.237519685039));
#10062=CARTESIAN_POINT('',(36.1232183570276,-87.7716596529655,5.237519685039));
#10063=CARTESIAN_POINT('Origin',(36.1232183570276,-88.2716596529655,5.237519685039));
#10064=CARTESIAN_POINT('',(36.1232183570276,-87.7716596529655,5.237519685039));
#10065=CARTESIAN_POINT('',(35.6232183570276,-88.2716596529655,5.237519685039));
#10066=CARTESIAN_POINT('Origin',(36.1232183570276,-87.7716596529655,5.237519685039));
#10067=CARTESIAN_POINT('',(49.3232183570276,-87.7716596529655,5.237519685039));
#10068=CARTESIAN_POINT('',(36.1232183570276,-87.7716596529655,5.237519685039));
#10069=CARTESIAN_POINT('',(49.3232183570276,-87.7716596529655,5.237519685039));
#10070=CARTESIAN_POINT('Origin',(49.3232183570276,-88.2716596529655,5.237519685039));
#10071=CARTESIAN_POINT('',(49.8232183570276,-88.2716596529655,5.237519685039));
#10072=CARTESIAN_POINT('Origin',(49.3232183570276,-88.2716596529655,5.237519685039));
#10073=CARTESIAN_POINT('',(49.8232183570276,-88.2716596529655,5.237519685039));
#10074=CARTESIAN_POINT('Origin',(49.8232183570276,-88.2716596529655,5.237519685039));
#10075=CARTESIAN_POINT('',(49.8232183570276,-101.471659652966,5.237519685039));
#10076=CARTESIAN_POINT('',(49.8232183570276,-88.2716596529655,5.237519685039));
#10077=CARTESIAN_POINT('',(49.8232183570276,-101.471659652966,5.237519685039));
#10078=CARTESIAN_POINT('Origin',(49.3232183570276,-101.471659652966,5.237519685039));
#10079=CARTESIAN_POINT('',(49.3232183570276,-101.971659652966,5.237519685039));
#10080=CARTESIAN_POINT('Origin',(49.3232183570276,-101.471659652966,5.237519685039));
#10081=CARTESIAN_POINT('',(49.3232183570276,-101.971659652966,5.237519685039));
#10082=CARTESIAN_POINT('Origin',(49.3232183570276,-101.971659652966,5.237519685039));
#10083=CARTESIAN_POINT('',(36.1232183570276,-101.971659652966,5.237519685039));
#10084=CARTESIAN_POINT('',(36.1232183570276,-101.971659652966,5.237519685039));
#10085=CARTESIAN_POINT('',(36.1232183570276,-101.971659652966,5.237519685039));
#10086=CARTESIAN_POINT('Origin',(36.1232183570276,-101.471659652966,5.237519685039));
#10087=CARTESIAN_POINT('',(35.6232183570276,-101.471659652966,5.237519685039));
#10088=CARTESIAN_POINT('Origin',(36.1232183570276,-101.471659652966,5.237519685039));
#10089=CARTESIAN_POINT('',(35.6232183570276,-101.471659652966,5.237519685039));
#10090=CARTESIAN_POINT('Origin',(35.6232183570276,-101.471659652966,5.237519685039));
#10091=CARTESIAN_POINT('',(35.6232183570276,-88.2716596529655,5.237519685039));
#10092=CARTESIAN_POINT('Origin',(176.616968357028,-31.1216596529655,5.23751968503903));
#10093=CARTESIAN_POINT('',(176.116968357028,-31.1216596529655,5.23751968503903));
#10094=CARTESIAN_POINT('',(176.616968357028,-30.6216596529655,5.23751968503903));
#10095=CARTESIAN_POINT('Origin',(176.616968357028,-31.1216596529655,5.23751968503903));
#10096=CARTESIAN_POINT('',(176.616968357028,-30.6216596529655,5.23751968503903));
#10097=CARTESIAN_POINT('',(176.116968357028,-31.1216596529655,5.23751968503903));
#10098=CARTESIAN_POINT('Origin',(176.616968357028,-30.6216596529655,5.23751968503903));
#10099=CARTESIAN_POINT('',(176.616968357028,-30.6216596529655,5.23751968503903));
#10100=CARTESIAN_POINT('Origin',(189.816968357028,-44.8216596529655,5.23751968503903));
#10101=CARTESIAN_POINT('',(176.616968357028,-44.8216596529655,5.23751968503903));
#10102=CARTESIAN_POINT('',(176.616968357028,-44.8216596529655,5.23751968503903));
#10103=CARTESIAN_POINT('',(176.616968357028,-44.8216596529655,5.23751968503903));
#10104=CARTESIAN_POINT('Origin',(176.616968357028,-44.3216596529655,5.23751968503903));
#10105=CARTESIAN_POINT('',(176.116968357028,-44.3216596529655,5.23751968503903));
#10106=CARTESIAN_POINT('Origin',(176.616968357028,-44.3216596529655,5.23751968503903));
#10107=CARTESIAN_POINT('',(176.116968357028,-44.3216596529655,5.23751968503903));
#10108=CARTESIAN_POINT('Origin',(176.116968357028,-44.3216596529655,5.23751968503902));
#10109=CARTESIAN_POINT('',(176.116968357028,-31.1216596529655,5.23751968503903));
#10110=CARTESIAN_POINT('Origin',(138.516968357028,-31.1216596529655,5.23751968503902));
#10111=CARTESIAN_POINT('',(138.016968357028,-31.1216596529655,5.23751968503902));
#10112=CARTESIAN_POINT('',(138.516968357028,-30.6216596529655,5.23751968503902));
#10113=CARTESIAN_POINT('Origin',(138.516968357028,-31.1216596529655,5.23751968503902));
#10114=CARTESIAN_POINT('',(138.516968357028,-30.6216596529655,5.23751968503902));
#10115=CARTESIAN_POINT('',(138.016968357028,-31.1216596529655,5.23751968503902));
#10116=CARTESIAN_POINT('Origin',(138.516968357028,-30.6216596529655,5.23751968503902));
#10117=CARTESIAN_POINT('',(151.716968357028,-30.6216596529655,5.23751968503902));
#10118=CARTESIAN_POINT('',(138.516968357028,-30.6216596529655,5.23751968503902));
#10119=CARTESIAN_POINT('',(151.716968357028,-30.6216596529655,5.23751968503902));
#10120=CARTESIAN_POINT('Origin',(151.716968357028,-31.1216596529655,5.23751968503902));
#10121=CARTESIAN_POINT('',(152.216968357028,-31.1216596529655,5.23751968503902));
#10122=CARTESIAN_POINT('Origin',(151.716968357028,-31.1216596529655,5.23751968503902));
#10123=CARTESIAN_POINT('',(152.216968357028,-31.1216596529655,5.23751968503902));
#10124=CARTESIAN_POINT('Origin',(152.216968357028,-31.1216596529655,5.23751968503902));
#10125=CARTESIAN_POINT('',(152.216968357028,-44.3216596529655,5.23751968503902));
#10126=CARTESIAN_POINT('',(152.216968357028,-31.1216596529655,5.23751968503902));
#10127=CARTESIAN_POINT('',(152.216968357028,-44.3216596529655,5.23751968503902));
#10128=CARTESIAN_POINT('Origin',(151.716968357028,-44.3216596529655,5.23751968503902));
#10129=CARTESIAN_POINT('',(151.716968357028,-44.8216596529655,5.23751968503902));
#10130=CARTESIAN_POINT('Origin',(151.716968357028,-44.3216596529655,5.23751968503902));
#10131=CARTESIAN_POINT('',(151.716968357028,-44.8216596529655,5.23751968503902));
#10132=CARTESIAN_POINT('Origin',(151.716968357028,-44.8216596529655,5.23751968503902));
#10133=CARTESIAN_POINT('',(138.516968357028,-44.8216596529655,5.23751968503902));
#10134=CARTESIAN_POINT('',(138.516968357028,-44.8216596529655,5.23751968503902));
#10135=CARTESIAN_POINT('',(138.516968357028,-44.8216596529655,5.23751968503902));
#10136=CARTESIAN_POINT('Origin',(138.516968357028,-44.3216596529655,5.23751968503902));
#10137=CARTESIAN_POINT('',(138.016968357028,-44.3216596529655,5.23751968503902));
#10138=CARTESIAN_POINT('Origin',(138.516968357028,-44.3216596529655,5.23751968503902));
#10139=CARTESIAN_POINT('',(138.016968357028,-44.3216596529655,5.23751968503902));
#10140=CARTESIAN_POINT('Origin',(138.016968357028,-44.3216596529655,5.23751968503902));
#10141=CARTESIAN_POINT('',(138.016968357028,-31.1216596529655,5.23751968503902));
#10142=CARTESIAN_POINT('Origin',(100.416968357028,-31.1216596529655,5.23751968503902));
#10143=CARTESIAN_POINT('',(99.9169683570276,-31.1216596529655,5.23751968503902));
#10144=CARTESIAN_POINT('',(100.416968357028,-30.6216596529655,5.23751968503902));
#10145=CARTESIAN_POINT('Origin',(100.416968357028,-31.1216596529655,5.23751968503902));
#10146=CARTESIAN_POINT('',(100.416968357028,-30.6216596529655,5.23751968503902));
#10147=CARTESIAN_POINT('',(99.9169683570276,-31.1216596529655,5.23751968503902));
#10148=CARTESIAN_POINT('Origin',(100.416968357028,-30.6216596529655,5.23751968503902));
#10149=CARTESIAN_POINT('',(113.616968357028,-30.6216596529655,5.23751968503902));
#10150=CARTESIAN_POINT('',(100.416968357028,-30.6216596529655,5.23751968503902));
#10151=CARTESIAN_POINT('',(113.616968357028,-30.6216596529655,5.23751968503902));
#10152=CARTESIAN_POINT('Origin',(113.616968357028,-31.1216596529655,5.23751968503902));
#10153=CARTESIAN_POINT('',(114.116968357028,-31.1216596529655,5.23751968503902));
#10154=CARTESIAN_POINT('Origin',(113.616968357028,-31.1216596529655,5.23751968503902));
#10155=CARTESIAN_POINT('',(114.116968357028,-31.1216596529655,5.23751968503902));
#10156=CARTESIAN_POINT('Origin',(114.116968357028,-31.1216596529655,5.23751968503902));
#10157=CARTESIAN_POINT('',(114.116968357028,-44.3216596529655,5.23751968503902));
#10158=CARTESIAN_POINT('',(114.116968357028,-31.1216596529655,5.23751968503902));
#10159=CARTESIAN_POINT('',(114.116968357028,-44.3216596529655,5.23751968503902));
#10160=CARTESIAN_POINT('Origin',(113.616968357028,-44.3216596529655,5.23751968503902));
#10161=CARTESIAN_POINT('',(113.616968357028,-44.8216596529655,5.23751968503902));
#10162=CARTESIAN_POINT('Origin',(113.616968357028,-44.3216596529655,5.23751968503902));
#10163=CARTESIAN_POINT('',(113.616968357028,-44.8216596529655,5.23751968503902));
#10164=CARTESIAN_POINT('Origin',(113.616968357028,-44.8216596529655,5.23751968503902));
#10165=CARTESIAN_POINT('',(100.416968357028,-44.8216596529655,5.23751968503901));
#10166=CARTESIAN_POINT('',(100.416968357028,-44.8216596529655,5.23751968503901));
#10167=CARTESIAN_POINT('',(100.416968357028,-44.8216596529655,5.23751968503901));
#10168=CARTESIAN_POINT('Origin',(100.416968357028,-44.3216596529655,5.23751968503901));
#10169=CARTESIAN_POINT('',(99.9169683570276,-44.3216596529655,5.23751968503901));
#10170=CARTESIAN_POINT('Origin',(100.416968357028,-44.3216596529655,5.23751968503901));
#10171=CARTESIAN_POINT('',(99.9169683570276,-44.3216596529655,5.23751968503901));
#10172=CARTESIAN_POINT('Origin',(99.9169683570276,-44.3216596529655,5.23751968503901));
#10173=CARTESIAN_POINT('',(99.9169683570276,-31.1216596529655,5.23751968503902));
#10174=CARTESIAN_POINT('Origin',(62.3169683570276,-31.1216596529655,5.23751968503901));
#10175=CARTESIAN_POINT('',(61.8169683570276,-31.1216596529655,5.23751968503901));
#10176=CARTESIAN_POINT('',(62.3169683570276,-30.6216596529655,5.23751968503901));
#10177=CARTESIAN_POINT('Origin',(62.3169683570276,-31.1216596529655,5.23751968503901));
#10178=CARTESIAN_POINT('',(62.3169683570276,-30.6216596529655,5.23751968503901));
#10179=CARTESIAN_POINT('',(61.8169683570276,-31.1216596529655,5.23751968503901));
#10180=CARTESIAN_POINT('Origin',(62.3169683570276,-30.6216596529655,5.23751968503901));
#10181=CARTESIAN_POINT('',(75.5169683570276,-30.6216596529655,5.23751968503901));
#10182=CARTESIAN_POINT('',(62.3169683570276,-30.6216596529655,5.23751968503901));
#10183=CARTESIAN_POINT('',(75.5169683570276,-30.6216596529655,5.23751968503901));
#10184=CARTESIAN_POINT('Origin',(75.5169683570276,-31.1216596529655,5.23751968503901));
#10185=CARTESIAN_POINT('',(76.0169683570276,-31.1216596529655,5.23751968503901));
#10186=CARTESIAN_POINT('Origin',(75.5169683570276,-31.1216596529655,5.23751968503901));
#10187=CARTESIAN_POINT('',(76.0169683570276,-31.1216596529655,5.23751968503901));
#10188=CARTESIAN_POINT('Origin',(76.0169683570276,-31.1216596529655,5.23751968503901));
#10189=CARTESIAN_POINT('',(76.0169683570276,-44.3216596529655,5.23751968503901));
#10190=CARTESIAN_POINT('',(76.0169683570276,-31.1216596529655,5.23751968503901));
#10191=CARTESIAN_POINT('',(76.0169683570276,-44.3216596529655,5.23751968503901));
#10192=CARTESIAN_POINT('Origin',(75.5169683570276,-44.3216596529655,5.23751968503901));
#10193=CARTESIAN_POINT('',(75.5169683570276,-44.8216596529655,5.23751968503901));
#10194=CARTESIAN_POINT('Origin',(75.5169683570276,-44.3216596529655,5.23751968503901));
#10195=CARTESIAN_POINT('',(75.5169683570276,-44.8216596529655,5.23751968503901));
#10196=CARTESIAN_POINT('Origin',(75.5169683570276,-44.8216596529655,5.23751968503901));
#10197=CARTESIAN_POINT('',(62.3169683570276,-44.8216596529655,5.23751968503901));
#10198=CARTESIAN_POINT('',(62.3169683570276,-44.8216596529655,5.23751968503901));
#10199=CARTESIAN_POINT('',(62.3169683570276,-44.8216596529655,5.23751968503901));
#10200=CARTESIAN_POINT('Origin',(62.3169683570276,-44.3216596529655,5.23751968503901));
#10201=CARTESIAN_POINT('',(61.8169683570276,-44.3216596529655,5.23751968503901));
#10202=CARTESIAN_POINT('Origin',(62.3169683570276,-44.3216596529655,5.23751968503901));
#10203=CARTESIAN_POINT('',(61.8169683570276,-44.3216596529655,5.23751968503901));
#10204=CARTESIAN_POINT('Origin',(61.8169683570276,-44.3216596529655,5.23751968503901));
#10205=CARTESIAN_POINT('',(61.8169683570276,-31.1216596529655,5.23751968503901));
#10206=CARTESIAN_POINT('Origin',(43.2669683570276,-31.1216596529655,5.23751968503901));
#10207=CARTESIAN_POINT('',(42.7669683570276,-31.1216596529655,5.23751968503901));
#10208=CARTESIAN_POINT('',(43.2669683570276,-30.6216596529655,5.23751968503901));
#10209=CARTESIAN_POINT('Origin',(43.2669683570276,-31.1216596529655,5.23751968503901));
#10210=CARTESIAN_POINT('',(43.2669683570276,-30.6216596529655,5.23751968503901));
#10211=CARTESIAN_POINT('',(42.7669683570276,-31.1216596529655,5.23751968503901));
#10212=CARTESIAN_POINT('Origin',(43.2669683570276,-30.6216596529655,5.23751968503901));
#10213=CARTESIAN_POINT('',(56.4669683570276,-30.6216596529655,5.23751968503901));
#10214=CARTESIAN_POINT('',(43.2669683570276,-30.6216596529655,5.23751968503901));
#10215=CARTESIAN_POINT('',(56.4669683570276,-30.6216596529655,5.23751968503901));
#10216=CARTESIAN_POINT('Origin',(56.4669683570276,-31.1216596529655,5.23751968503901));
#10217=CARTESIAN_POINT('',(56.9669683570276,-31.1216596529655,5.23751968503901));
#10218=CARTESIAN_POINT('Origin',(56.4669683570276,-31.1216596529655,5.23751968503901));
#10219=CARTESIAN_POINT('',(56.9669683570276,-31.1216596529655,5.23751968503901));
#10220=CARTESIAN_POINT('Origin',(56.9669683570276,-31.1216596529655,5.23751968503901));
#10221=CARTESIAN_POINT('',(56.9669683570276,-44.3216596529655,5.23751968503901));
#10222=CARTESIAN_POINT('',(56.9669683570276,-31.1216596529655,5.23751968503901));
#10223=CARTESIAN_POINT('',(56.9669683570276,-44.3216596529655,5.23751968503901));
#10224=CARTESIAN_POINT('Origin',(56.4669683570276,-44.3216596529655,5.23751968503901));
#10225=CARTESIAN_POINT('',(56.4669683570276,-44.8216596529655,5.23751968503901));
#10226=CARTESIAN_POINT('Origin',(56.4669683570276,-44.3216596529655,5.23751968503901));
#10227=CARTESIAN_POINT('',(56.4669683570276,-44.8216596529655,5.23751968503901));
#10228=CARTESIAN_POINT('Origin',(56.4669683570276,-44.8216596529655,5.23751968503901));
#10229=CARTESIAN_POINT('',(43.2669683570276,-44.8216596529655,5.23751968503901));
#10230=CARTESIAN_POINT('',(43.2669683570276,-44.8216596529655,5.23751968503901));
#10231=CARTESIAN_POINT('',(43.2669683570276,-44.8216596529655,5.23751968503901));
#10232=CARTESIAN_POINT('Origin',(43.2669683570276,-44.3216596529655,5.23751968503901));
#10233=CARTESIAN_POINT('',(42.7669683570276,-44.3216596529655,5.23751968503901));
#10234=CARTESIAN_POINT('Origin',(43.2669683570276,-44.3216596529655,5.23751968503901));
#10235=CARTESIAN_POINT('',(42.7669683570276,-44.3216596529655,5.23751968503901));
#10236=CARTESIAN_POINT('Origin',(42.7669683570276,-44.3216596529655,5.23751968503901));
#10237=CARTESIAN_POINT('',(42.7669683570276,-31.1216596529655,5.23751968503901));
#10238=CARTESIAN_POINT('Origin',(24.2169683570276,-31.1216596529655,5.23751968503901));
#10239=CARTESIAN_POINT('',(23.7169683570276,-31.1216596529655,5.23751968503901));
#10240=CARTESIAN_POINT('',(24.2169683570276,-30.6216596529655,5.23751968503901));
#10241=CARTESIAN_POINT('Origin',(24.2169683570276,-31.1216596529655,5.23751968503901));
#10242=CARTESIAN_POINT('',(24.2169683570276,-30.6216596529655,5.23751968503901));
#10243=CARTESIAN_POINT('',(23.7169683570276,-31.1216596529655,5.23751968503901));
#10244=CARTESIAN_POINT('Origin',(24.2169683570276,-30.6216596529655,5.23751968503901));
#10245=CARTESIAN_POINT('',(37.4169683570276,-30.6216596529655,5.23751968503901));
#10246=CARTESIAN_POINT('',(24.2169683570276,-30.6216596529655,5.23751968503901));
#10247=CARTESIAN_POINT('',(37.4169683570276,-30.6216596529655,5.23751968503901));
#10248=CARTESIAN_POINT('Origin',(37.4169683570276,-31.1216596529655,5.23751968503901));
#10249=CARTESIAN_POINT('',(37.9169683570276,-31.1216596529655,5.23751968503901));
#10250=CARTESIAN_POINT('Origin',(37.4169683570276,-31.1216596529655,5.23751968503901));
#10251=CARTESIAN_POINT('',(37.9169683570276,-31.1216596529655,5.23751968503901));
#10252=CARTESIAN_POINT('Origin',(37.9169683570276,-31.1216596529655,5.23751968503901));
#10253=CARTESIAN_POINT('',(37.9169683570276,-44.3216596529655,5.23751968503901));
#10254=CARTESIAN_POINT('',(37.9169683570276,-31.1216596529655,5.23751968503901));
#10255=CARTESIAN_POINT('',(37.9169683570276,-44.3216596529655,5.23751968503901));
#10256=CARTESIAN_POINT('Origin',(37.4169683570276,-44.3216596529655,5.23751968503901));
#10257=CARTESIAN_POINT('',(37.4169683570276,-44.8216596529655,5.23751968503901));
#10258=CARTESIAN_POINT('Origin',(37.4169683570276,-44.3216596529655,5.23751968503901));
#10259=CARTESIAN_POINT('',(37.4169683570276,-44.8216596529655,5.23751968503901));
#10260=CARTESIAN_POINT('Origin',(37.4169683570276,-44.8216596529655,5.23751968503901));
#10261=CARTESIAN_POINT('',(24.2169683570276,-44.8216596529655,5.23751968503901));
#10262=CARTESIAN_POINT('',(24.2169683570276,-44.8216596529655,5.23751968503901));
#10263=CARTESIAN_POINT('',(24.2169683570276,-44.8216596529655,5.23751968503901));
#10264=CARTESIAN_POINT('Origin',(24.2169683570276,-44.3216596529655,5.23751968503901));
#10265=CARTESIAN_POINT('',(23.7169683570276,-44.3216596529655,5.23751968503901));
#10266=CARTESIAN_POINT('Origin',(24.2169683570276,-44.3216596529655,5.23751968503901));
#10267=CARTESIAN_POINT('',(23.7169683570276,-44.3216596529655,5.23751968503901));
#10268=CARTESIAN_POINT('Origin',(23.7169683570276,-44.3216596529655,5.237519685039));
#10269=CARTESIAN_POINT('',(23.7169683570276,-31.1216596529655,5.23751968503901));
#10270=CARTESIAN_POINT('Origin',(145.660718357028,-107.321659652966,5.23751968503901));
#10271=CARTESIAN_POINT('',(145.160718357028,-107.321659652966,5.23751968503901));
#10272=CARTESIAN_POINT('',(145.660718357028,-106.821659652966,5.23751968503901));
#10273=CARTESIAN_POINT('Origin',(145.660718357028,-107.321659652966,5.23751968503901));
#10274=CARTESIAN_POINT('',(145.660718357028,-106.821659652966,5.23751968503901));
#10275=CARTESIAN_POINT('',(145.160718357028,-107.321659652966,5.23751968503901));
#10276=CARTESIAN_POINT('Origin',(145.660718357028,-106.821659652966,5.23751968503901));
#10277=CARTESIAN_POINT('',(158.860718357028,-106.821659652966,5.23751968503901));
#10278=CARTESIAN_POINT('',(145.660718357028,-106.821659652966,5.23751968503901));
#10279=CARTESIAN_POINT('',(158.860718357028,-106.821659652966,5.23751968503901));
#10280=CARTESIAN_POINT('Origin',(158.860718357028,-107.321659652966,5.23751968503901));
#10281=CARTESIAN_POINT('',(159.360718357028,-107.321659652966,5.23751968503901));
#10282=CARTESIAN_POINT('Origin',(158.860718357028,-107.321659652966,5.23751968503901));
#10283=CARTESIAN_POINT('',(159.360718357028,-107.321659652966,5.23751968503901));
#10284=CARTESIAN_POINT('Origin',(159.360718357028,-107.321659652966,5.23751968503901));
#10285=CARTESIAN_POINT('',(159.360718357028,-120.521659652966,5.23751968503901));
#10286=CARTESIAN_POINT('',(159.360718357028,-107.321659652966,5.23751968503901));
#10287=CARTESIAN_POINT('',(159.360718357028,-120.521659652966,5.23751968503901));
#10288=CARTESIAN_POINT('Origin',(158.860718357028,-120.521659652966,5.23751968503901));
#10289=CARTESIAN_POINT('',(158.860718357028,-121.021659652966,5.23751968503901));
#10290=CARTESIAN_POINT('Origin',(158.860718357028,-120.521659652966,5.23751968503901));
#10291=CARTESIAN_POINT('',(158.860718357028,-121.021659652966,5.23751968503901));
#10292=CARTESIAN_POINT('Origin',(158.860718357028,-121.021659652966,5.23751968503901));
#10293=CARTESIAN_POINT('',(145.660718357028,-121.021659652965,5.23751968503901));
#10294=CARTESIAN_POINT('',(145.660718357028,-121.021659652966,5.23751968503901));
#10295=CARTESIAN_POINT('',(145.660718357028,-121.021659652965,5.23751968503901));
#10296=CARTESIAN_POINT('Origin',(145.660718357028,-120.521659652966,5.23751968503901));
#10297=CARTESIAN_POINT('',(145.160718357028,-120.521659652966,5.23751968503901));
#10298=CARTESIAN_POINT('Origin',(145.660718357028,-120.521659652966,5.23751968503901));
#10299=CARTESIAN_POINT('',(145.160718357028,-120.521659652966,5.23751968503901));
#10300=CARTESIAN_POINT('Origin',(145.160718357028,-120.521659652966,5.23751968503901));
#10301=CARTESIAN_POINT('',(145.160718357028,-107.321659652966,5.23751968503901));
#10302=CARTESIAN_POINT('Origin',(50.4107183570276,-107.321659652966,5.237519685039));
#10303=CARTESIAN_POINT('',(49.9107183570276,-107.321659652966,5.237519685039));
#10304=CARTESIAN_POINT('',(50.4107183570276,-106.821659652966,5.237519685039));
#10305=CARTESIAN_POINT('Origin',(50.4107183570276,-107.321659652966,5.237519685039));
#10306=CARTESIAN_POINT('',(50.4107183570276,-106.821659652966,5.237519685039));
#10307=CARTESIAN_POINT('',(49.9107183570276,-107.321659652966,5.237519685039));
#10308=CARTESIAN_POINT('Origin',(50.4107183570276,-106.821659652966,5.237519685039));
#10309=CARTESIAN_POINT('',(63.6107183570276,-106.821659652966,5.237519685039));
#10310=CARTESIAN_POINT('',(50.4107183570276,-106.821659652966,5.237519685039));
#10311=CARTESIAN_POINT('',(63.6107183570276,-106.821659652966,5.237519685039));
#10312=CARTESIAN_POINT('Origin',(63.6107183570276,-107.321659652966,5.237519685039));
#10313=CARTESIAN_POINT('',(64.1107183570276,-107.321659652966,5.237519685039));
#10314=CARTESIAN_POINT('Origin',(63.6107183570276,-107.321659652966,5.237519685039));
#10315=CARTESIAN_POINT('',(64.1107183570276,-107.321659652966,5.237519685039));
#10316=CARTESIAN_POINT('Origin',(64.1107183570276,-107.321659652966,5.237519685039));
#10317=CARTESIAN_POINT('',(64.1107183570276,-120.521659652966,5.237519685039));
#10318=CARTESIAN_POINT('',(64.1107183570276,-107.321659652966,5.237519685039));
#10319=CARTESIAN_POINT('',(64.1107183570276,-120.521659652966,5.237519685039));
#10320=CARTESIAN_POINT('Origin',(63.6107183570276,-120.521659652966,5.237519685039));
#10321=CARTESIAN_POINT('',(63.6107183570276,-121.021659652966,5.237519685039));
#10322=CARTESIAN_POINT('Origin',(63.6107183570276,-120.521659652966,5.237519685039));
#10323=CARTESIAN_POINT('',(63.6107183570276,-121.021659652966,5.237519685039));
#10324=CARTESIAN_POINT('Origin',(63.6107183570276,-121.021659652966,5.237519685039));
#10325=CARTESIAN_POINT('',(50.4107183570276,-121.021659652965,5.237519685039));
#10326=CARTESIAN_POINT('',(50.4107183570276,-121.021659652966,5.237519685039));
#10327=CARTESIAN_POINT('',(50.4107183570276,-121.021659652965,5.237519685039));
#10328=CARTESIAN_POINT('Origin',(50.4107183570276,-120.521659652966,5.237519685039));
#10329=CARTESIAN_POINT('',(49.9107183570276,-120.521659652966,5.237519685039));
#10330=CARTESIAN_POINT('Origin',(50.4107183570276,-120.521659652966,5.237519685039));
#10331=CARTESIAN_POINT('',(49.9107183570276,-120.521659652966,5.237519685039));
#10332=CARTESIAN_POINT('Origin',(49.9107183570276,-120.521659652966,5.237519685039));
#10333=CARTESIAN_POINT('',(49.9107183570276,-107.321659652966,5.237519685039));
#10334=CARTESIAN_POINT('Origin',(26.5982183570276,-107.321659652966,5.237519685039));
#10335=CARTESIAN_POINT('',(26.0982183570276,-107.321659652966,5.237519685039));
#10336=CARTESIAN_POINT('',(26.5982183570276,-106.821659652966,5.237519685039));
#10337=CARTESIAN_POINT('Origin',(26.5982183570276,-107.321659652966,5.237519685039));
#10338=CARTESIAN_POINT('',(26.5982183570276,-106.821659652966,5.237519685039));
#10339=CARTESIAN_POINT('',(26.0982183570276,-107.321659652966,5.237519685039));
#10340=CARTESIAN_POINT('Origin',(26.5982183570276,-106.821659652966,5.237519685039));
#10341=CARTESIAN_POINT('',(39.7982183570276,-106.821659652966,5.237519685039));
#10342=CARTESIAN_POINT('',(26.5982183570276,-106.821659652966,5.237519685039));
#10343=CARTESIAN_POINT('',(39.7982183570276,-106.821659652966,5.237519685039));
#10344=CARTESIAN_POINT('Origin',(39.7982183570276,-107.321659652966,5.237519685039));
#10345=CARTESIAN_POINT('',(40.2982183570276,-107.321659652966,5.237519685039));
#10346=CARTESIAN_POINT('Origin',(39.7982183570276,-107.321659652966,5.237519685039));
#10347=CARTESIAN_POINT('',(40.2982183570276,-107.321659652966,5.237519685039));
#10348=CARTESIAN_POINT('Origin',(40.2982183570276,-107.321659652966,5.237519685039));
#10349=CARTESIAN_POINT('',(40.2982183570276,-120.521659652966,5.237519685039));
#10350=CARTESIAN_POINT('',(40.2982183570276,-107.321659652966,5.237519685039));
#10351=CARTESIAN_POINT('',(40.2982183570276,-120.521659652966,5.237519685039));
#10352=CARTESIAN_POINT('Origin',(39.7982183570276,-120.521659652966,5.237519685039));
#10353=CARTESIAN_POINT('',(39.7982183570276,-121.021659652966,5.237519685039));
#10354=CARTESIAN_POINT('Origin',(39.7982183570276,-120.521659652966,5.237519685039));
#10355=CARTESIAN_POINT('',(39.7982183570276,-121.021659652966,5.237519685039));
#10356=CARTESIAN_POINT('Origin',(39.7982183570276,-121.021659652966,5.237519685039));
#10357=CARTESIAN_POINT('',(26.5982183570276,-121.021659652966,5.237519685039));
#10358=CARTESIAN_POINT('',(26.5982183570276,-121.021659652966,5.237519685039));
#10359=CARTESIAN_POINT('',(26.5982183570276,-121.021659652966,5.237519685039));
#10360=CARTESIAN_POINT('Origin',(26.5982183570276,-120.521659652966,5.237519685039));
#10361=CARTESIAN_POINT('',(26.0982183570276,-120.521659652966,5.237519685039));
#10362=CARTESIAN_POINT('Origin',(26.5982183570276,-120.521659652966,5.237519685039));
#10363=CARTESIAN_POINT('',(26.0982183570276,-120.521659652966,5.237519685039));
#10364=CARTESIAN_POINT('Origin',(26.0982183570276,-120.521659652966,5.237519685039));
#10365=CARTESIAN_POINT('',(26.0982183570276,-107.321659652966,5.237519685039));
#10366=CARTESIAN_POINT('Origin',(74.2232183570276,-107.321659652966,5.237519685039));
#10367=CARTESIAN_POINT('',(73.7232183570276,-107.321659652966,5.237519685039));
#10368=CARTESIAN_POINT('',(74.2232183570276,-106.821659652966,5.237519685039));
#10369=CARTESIAN_POINT('Origin',(74.2232183570276,-107.321659652966,5.237519685039));
#10370=CARTESIAN_POINT('',(74.2232183570276,-106.821659652966,5.237519685039));
#10371=CARTESIAN_POINT('',(73.7232183570276,-107.321659652966,5.237519685039));
#10372=CARTESIAN_POINT('Origin',(74.2232183570276,-106.821659652966,5.237519685039));
#10373=CARTESIAN_POINT('',(87.4232183570276,-106.821659652966,5.23751968503901));
#10374=CARTESIAN_POINT('',(74.2232183570276,-106.821659652966,5.237519685039));
#10375=CARTESIAN_POINT('',(87.4232183570276,-106.821659652966,5.23751968503901));
#10376=CARTESIAN_POINT('Origin',(87.4232183570276,-107.321659652966,5.23751968503901));
#10377=CARTESIAN_POINT('',(87.9232183570276,-107.321659652966,5.23751968503901));
#10378=CARTESIAN_POINT('Origin',(87.4232183570276,-107.321659652966,5.23751968503901));
#10379=CARTESIAN_POINT('',(87.9232183570276,-107.321659652966,5.23751968503901));
#10380=CARTESIAN_POINT('Origin',(87.9232183570276,-107.321659652966,5.23751968503901));
#10381=CARTESIAN_POINT('',(87.9232183570276,-120.521659652966,5.237519685039));
#10382=CARTESIAN_POINT('',(87.9232183570276,-107.321659652966,5.23751968503901));
#10383=CARTESIAN_POINT('',(87.9232183570276,-120.521659652966,5.237519685039));
#10384=CARTESIAN_POINT('Origin',(87.4232183570276,-120.521659652966,5.237519685039));
#10385=CARTESIAN_POINT('',(87.4232183570276,-121.021659652966,5.237519685039));
#10386=CARTESIAN_POINT('Origin',(87.4232183570276,-120.521659652966,5.237519685039));
#10387=CARTESIAN_POINT('',(87.4232183570276,-121.021659652966,5.237519685039));
#10388=CARTESIAN_POINT('Origin',(87.4232183570276,-121.021659652966,5.237519685039));
#10389=CARTESIAN_POINT('',(74.2232183570276,-121.021659652965,5.237519685039));
#10390=CARTESIAN_POINT('',(74.2232183570276,-121.021659652966,5.237519685039));
#10391=CARTESIAN_POINT('',(74.2232183570276,-121.021659652965,5.237519685039));
#10392=CARTESIAN_POINT('Origin',(74.2232183570276,-120.521659652966,5.237519685039));
#10393=CARTESIAN_POINT('',(73.7232183570276,-120.521659652966,5.237519685039));
#10394=CARTESIAN_POINT('Origin',(74.2232183570276,-120.521659652966,5.237519685039));
#10395=CARTESIAN_POINT('',(73.7232183570276,-120.521659652966,5.237519685039));
#10396=CARTESIAN_POINT('Origin',(73.7232183570276,-120.521659652966,5.237519685039));
#10397=CARTESIAN_POINT('',(73.7232183570276,-107.321659652966,5.237519685039));
#10398=CARTESIAN_POINT('Origin',(81.3669683570276,-31.1216596529655,5.23751968503901));
#10399=CARTESIAN_POINT('',(80.8669683570276,-31.1216596529655,5.23751968503901));
#10400=CARTESIAN_POINT('',(81.3669683570276,-30.6216596529655,5.23751968503901));
#10401=CARTESIAN_POINT('Origin',(81.3669683570276,-31.1216596529655,5.23751968503901));
#10402=CARTESIAN_POINT('',(81.3669683570276,-30.6216596529655,5.23751968503901));
#10403=CARTESIAN_POINT('',(80.8669683570276,-31.1216596529655,5.23751968503901));
#10404=CARTESIAN_POINT('Origin',(81.3669683570276,-30.6216596529655,5.23751968503901));
#10405=CARTESIAN_POINT('',(94.5669683570276,-30.6216596529655,5.23751968503902));
#10406=CARTESIAN_POINT('',(81.3669683570276,-30.6216596529655,5.23751968503901));
#10407=CARTESIAN_POINT('',(94.5669683570276,-30.6216596529655,5.23751968503902));
#10408=CARTESIAN_POINT('Origin',(94.5669683570276,-31.1216596529655,5.23751968503902));
#10409=CARTESIAN_POINT('',(95.0669683570276,-31.1216596529655,5.23751968503902));
#10410=CARTESIAN_POINT('Origin',(94.5669683570276,-31.1216596529655,5.23751968503902));
#10411=CARTESIAN_POINT('',(95.0669683570276,-31.1216596529655,5.23751968503902));
#10412=CARTESIAN_POINT('Origin',(95.0669683570276,-31.1216596529655,5.23751968503902));
#10413=CARTESIAN_POINT('',(95.0669683570276,-44.3216596529655,5.23751968503901));
#10414=CARTESIAN_POINT('',(95.0669683570276,-31.1216596529655,5.23751968503902));
#10415=CARTESIAN_POINT('',(95.0669683570276,-44.3216596529655,5.23751968503901));
#10416=CARTESIAN_POINT('Origin',(94.5669683570276,-44.3216596529655,5.23751968503901));
#10417=CARTESIAN_POINT('',(94.5669683570276,-44.8216596529655,5.23751968503901));
#10418=CARTESIAN_POINT('Origin',(94.5669683570276,-44.3216596529655,5.23751968503901));
#10419=CARTESIAN_POINT('',(94.5669683570276,-44.8216596529655,5.23751968503901));
#10420=CARTESIAN_POINT('Origin',(94.5669683570276,-44.8216596529655,5.23751968503901));
#10421=CARTESIAN_POINT('',(81.3669683570276,-44.8216596529655,5.23751968503901));
#10422=CARTESIAN_POINT('',(81.3669683570276,-44.8216596529655,5.23751968503901));
#10423=CARTESIAN_POINT('',(81.3669683570276,-44.8216596529655,5.23751968503901));
#10424=CARTESIAN_POINT('Origin',(81.3669683570276,-44.3216596529655,5.23751968503901));
#10425=CARTESIAN_POINT('',(80.8669683570276,-44.3216596529655,5.23751968503901));
#10426=CARTESIAN_POINT('Origin',(81.3669683570276,-44.3216596529655,5.23751968503901));
#10427=CARTESIAN_POINT('',(80.8669683570276,-44.3216596529655,5.23751968503901));
#10428=CARTESIAN_POINT('Origin',(80.8669683570276,-44.3216596529655,5.23751968503901));
#10429=CARTESIAN_POINT('',(80.8669683570276,-31.1216596529655,5.23751968503901));
#10430=CARTESIAN_POINT('Origin',(119.466968357028,-31.1216596529655,5.23751968503902));
#10431=CARTESIAN_POINT('',(118.966968357028,-31.1216596529655,5.23751968503902));
#10432=CARTESIAN_POINT('',(119.466968357028,-30.6216596529655,5.23751968503902));
#10433=CARTESIAN_POINT('Origin',(119.466968357028,-31.1216596529655,5.23751968503902));
#10434=CARTESIAN_POINT('',(119.466968357028,-30.6216596529655,5.23751968503902));
#10435=CARTESIAN_POINT('',(118.966968357028,-31.1216596529655,5.23751968503902));
#10436=CARTESIAN_POINT('Origin',(119.466968357028,-30.6216596529655,5.23751968503902));
#10437=CARTESIAN_POINT('',(132.666968357028,-30.6216596529655,5.23751968503902));
#10438=CARTESIAN_POINT('',(119.466968357028,-30.6216596529655,5.23751968503902));
#10439=CARTESIAN_POINT('',(132.666968357028,-30.6216596529655,5.23751968503902));
#10440=CARTESIAN_POINT('Origin',(132.666968357028,-31.1216596529655,5.23751968503902));
#10441=CARTESIAN_POINT('',(133.166968357028,-31.1216596529655,5.23751968503902));
#10442=CARTESIAN_POINT('Origin',(132.666968357028,-31.1216596529655,5.23751968503902));
#10443=CARTESIAN_POINT('',(133.166968357028,-31.1216596529655,5.23751968503902));
#10444=CARTESIAN_POINT('Origin',(133.166968357028,-31.1216596529655,5.23751968503902));
#10445=CARTESIAN_POINT('',(133.166968357028,-44.3216596529655,5.23751968503902));
#10446=CARTESIAN_POINT('',(133.166968357028,-31.1216596529655,5.23751968503902));
#10447=CARTESIAN_POINT('',(133.166968357028,-44.3216596529655,5.23751968503902));
#10448=CARTESIAN_POINT('Origin',(132.666968357028,-44.3216596529655,5.23751968503902));
#10449=CARTESIAN_POINT('',(132.666968357028,-44.8216596529655,5.23751968503902));
#10450=CARTESIAN_POINT('Origin',(132.666968357028,-44.3216596529655,5.23751968503902));
#10451=CARTESIAN_POINT('',(132.666968357028,-44.8216596529655,5.23751968503902));
#10452=CARTESIAN_POINT('Origin',(132.666968357028,-44.8216596529655,5.23751968503902));
#10453=CARTESIAN_POINT('',(119.466968357028,-44.8216596529655,5.23751968503902));
#10454=CARTESIAN_POINT('',(119.466968357028,-44.8216596529655,5.23751968503902));
#10455=CARTESIAN_POINT('',(119.466968357028,-44.8216596529655,5.23751968503902));
#10456=CARTESIAN_POINT('Origin',(119.466968357028,-44.3216596529655,5.23751968503902));
#10457=CARTESIAN_POINT('',(118.966968357028,-44.3216596529655,5.23751968503902));
#10458=CARTESIAN_POINT('Origin',(119.466968357028,-44.3216596529655,5.23751968503902));
#10459=CARTESIAN_POINT('',(118.966968357028,-44.3216596529655,5.23751968503902));
#10460=CARTESIAN_POINT('Origin',(118.966968357028,-44.3216596529655,5.23751968503902));
#10461=CARTESIAN_POINT('',(118.966968357028,-31.1216596529655,5.23751968503902));
#10462=CARTESIAN_POINT('Origin',(157.566968357028,-31.1216596529655,5.23751968503902));
#10463=CARTESIAN_POINT('',(157.066968357028,-31.1216596529655,5.23751968503902));
#10464=CARTESIAN_POINT('',(157.566968357028,-30.6216596529655,5.23751968503902));
#10465=CARTESIAN_POINT('Origin',(157.566968357028,-31.1216596529655,5.23751968503902));
#10466=CARTESIAN_POINT('',(157.566968357028,-30.6216596529655,5.23751968503902));
#10467=CARTESIAN_POINT('',(157.066968357028,-31.1216596529655,5.23751968503902));
#10468=CARTESIAN_POINT('Origin',(157.566968357028,-30.6216596529655,5.23751968503902));
#10469=CARTESIAN_POINT('',(170.766968357028,-30.6216596529655,5.23751968503903));
#10470=CARTESIAN_POINT('',(157.566968357028,-30.6216596529655,5.23751968503902));
#10471=CARTESIAN_POINT('',(170.766968357028,-30.6216596529655,5.23751968503903));
#10472=CARTESIAN_POINT('Origin',(170.766968357028,-31.1216596529655,5.23751968503903));
#10473=CARTESIAN_POINT('',(171.266968357028,-31.1216596529655,5.23751968503903));
#10474=CARTESIAN_POINT('Origin',(170.766968357028,-31.1216596529655,5.23751968503903));
#10475=CARTESIAN_POINT('',(171.266968357028,-31.1216596529655,5.23751968503903));
#10476=CARTESIAN_POINT('Origin',(171.266968357028,-31.1216596529655,5.23751968503903));
#10477=CARTESIAN_POINT('',(171.266968357028,-44.3216596529655,5.23751968503902));
#10478=CARTESIAN_POINT('',(171.266968357028,-31.1216596529655,5.23751968503903));
#10479=CARTESIAN_POINT('',(171.266968357028,-44.3216596529655,5.23751968503902));
#10480=CARTESIAN_POINT('Origin',(170.766968357028,-44.3216596529655,5.23751968503902));
#10481=CARTESIAN_POINT('',(170.766968357028,-44.8216596529655,5.23751968503902));
#10482=CARTESIAN_POINT('Origin',(170.766968357028,-44.3216596529655,5.23751968503902));
#10483=CARTESIAN_POINT('',(170.766968357028,-44.8216596529655,5.23751968503902));
#10484=CARTESIAN_POINT('Origin',(170.766968357028,-44.8216596529655,5.23751968503902));
#10485=CARTESIAN_POINT('',(157.566968357028,-44.8216596529655,5.23751968503902));
#10486=CARTESIAN_POINT('',(157.566968357028,-44.8216596529655,5.23751968503902));
#10487=CARTESIAN_POINT('',(157.566968357028,-44.8216596529655,5.23751968503902));
#10488=CARTESIAN_POINT('Origin',(157.566968357028,-44.3216596529655,5.23751968503902));
#10489=CARTESIAN_POINT('',(157.066968357028,-44.3216596529655,5.23751968503902));
#10490=CARTESIAN_POINT('Origin',(157.566968357028,-44.3216596529655,5.23751968503902));
#10491=CARTESIAN_POINT('',(157.066968357028,-44.3216596529655,5.23751968503902));
#10492=CARTESIAN_POINT('Origin',(157.066968357028,-44.3216596529655,5.23751968503902));
#10493=CARTESIAN_POINT('',(157.066968357028,-31.1216596529655,5.23751968503902));
#10494=CARTESIAN_POINT('Origin',(99.1607183570276,-108.321659652966,5.23751968503901));
#10495=CARTESIAN_POINT('',(98.6607183570276,-108.321659652966,5.23751968503901));
#10496=CARTESIAN_POINT('',(99.1607183570276,-107.821659652966,5.23751968503901));
#10497=CARTESIAN_POINT('Origin',(99.1607183570276,-108.321659652966,5.23751968503901));
#10498=CARTESIAN_POINT('',(99.1607183570276,-107.821659652966,5.23751968503901));
#10499=CARTESIAN_POINT('',(98.6607183570276,-108.321659652966,5.23751968503901));
#10500=CARTESIAN_POINT('Origin',(99.1607183570276,-107.821659652966,5.23751968503901));
#10501=CARTESIAN_POINT('',(105.360718357028,-107.821659652966,5.23751968503901));
#10502=CARTESIAN_POINT('',(99.1607183570276,-107.821659652966,5.23751968503901));
#10503=CARTESIAN_POINT('',(105.360718357028,-107.821659652966,5.23751968503901));
#10504=CARTESIAN_POINT('Origin',(105.360718357028,-108.321659652966,5.23751968503901));
#10505=CARTESIAN_POINT('',(105.860718357028,-108.321659652966,5.23751968503901));
#10506=CARTESIAN_POINT('Origin',(105.360718357028,-108.321659652966,5.23751968503901));
#10507=CARTESIAN_POINT('',(105.860718357028,-108.321659652966,5.23751968503901));
#10508=CARTESIAN_POINT('Origin',(105.860718357028,-108.321659652966,5.23751968503901));
#10509=CARTESIAN_POINT('',(105.860718357028,-122.521659652966,5.23751968503901));
#10510=CARTESIAN_POINT('',(105.860718357028,-108.321659652966,5.23751968503901));
#10511=CARTESIAN_POINT('',(105.860718357028,-122.521659652966,5.23751968503901));
#10512=CARTESIAN_POINT('Origin',(105.360718357028,-122.521659652966,5.23751968503901));
#10513=CARTESIAN_POINT('',(105.360718357028,-123.021659652966,5.23751968503901));
#10514=CARTESIAN_POINT('Origin',(105.360718357028,-122.521659652966,5.23751968503901));
#10515=CARTESIAN_POINT('',(105.360718357028,-123.021659652966,5.23751968503901));
#10516=CARTESIAN_POINT('Origin',(105.360718357028,-123.021659652966,5.23751968503901));
#10517=CARTESIAN_POINT('',(99.1607183570276,-123.021659652966,5.23751968503901));
#10518=CARTESIAN_POINT('',(99.1607183570276,-123.021659652966,5.23751968503901));
#10519=CARTESIAN_POINT('',(99.1607183570276,-123.021659652966,5.23751968503901));
#10520=CARTESIAN_POINT('Origin',(99.1607183570276,-122.521659652966,5.23751968503901));
#10521=CARTESIAN_POINT('',(98.6607183570276,-122.521659652966,5.23751968503901));
#10522=CARTESIAN_POINT('Origin',(99.1607183570276,-122.521659652966,5.23751968503901));
#10523=CARTESIAN_POINT('',(98.6607183570276,-122.521659652966,5.23751968503901));
#10524=CARTESIAN_POINT('Origin',(98.6607183570276,-122.521659652966,5.23751968503901));
#10525=CARTESIAN_POINT('',(98.6607183570276,-108.321659652966,5.23751968503901));
#10526=CARTESIAN_POINT('Origin',(51.5612183570276,-89.2716596529655,5.237519685039));
#10527=CARTESIAN_POINT('',(51.0612183570276,-89.2716596529655,5.237519685039));
#10528=CARTESIAN_POINT('',(51.5612183570276,-88.7716596529655,5.237519685039));
#10529=CARTESIAN_POINT('Origin',(51.5612183570276,-89.2716596529655,5.237519685039));
#10530=CARTESIAN_POINT('',(51.5612183570276,-88.7716596529655,5.237519685039));
#10531=CARTESIAN_POINT('',(51.0612183570276,-89.2716596529655,5.237519685039));
#10532=CARTESIAN_POINT('Origin',(51.5612183570276,-88.7716596529655,5.237519685039));
#10533=CARTESIAN_POINT('',(57.7612183570276,-88.7716596529655,5.237519685039));
#10534=CARTESIAN_POINT('',(51.5612183570276,-88.7716596529655,5.237519685039));
#10535=CARTESIAN_POINT('',(57.7612183570276,-88.7716596529655,5.237519685039));
#10536=CARTESIAN_POINT('Origin',(57.7612183570276,-89.2716596529655,5.237519685039));
#10537=CARTESIAN_POINT('',(58.2612183570276,-89.2716596529655,5.237519685039));
#10538=CARTESIAN_POINT('Origin',(57.7612183570276,-89.2716596529655,5.237519685039));
#10539=CARTESIAN_POINT('',(58.2612183570276,-89.2716596529655,5.237519685039));
#10540=CARTESIAN_POINT('Origin',(58.2612183570276,-89.2716596529655,5.237519685039));
#10541=CARTESIAN_POINT('',(58.2612183570276,-103.471659652966,5.237519685039));
#10542=CARTESIAN_POINT('',(58.2612183570276,-89.2716596529655,5.237519685039));
#10543=CARTESIAN_POINT('',(58.2612183570276,-103.471659652966,5.237519685039));
#10544=CARTESIAN_POINT('Origin',(57.7612183570276,-103.471659652966,5.237519685039));
#10545=CARTESIAN_POINT('',(57.7612183570276,-103.971659652966,5.237519685039));
#10546=CARTESIAN_POINT('Origin',(57.7612183570276,-103.471659652966,5.237519685039));
#10547=CARTESIAN_POINT('',(57.7612183570276,-103.971659652966,5.237519685039));
#10548=CARTESIAN_POINT('Origin',(57.7612183570276,-103.971659652966,5.237519685039));
#10549=CARTESIAN_POINT('',(51.5612183570276,-103.971659652966,5.237519685039));
#10550=CARTESIAN_POINT('',(51.5612183570276,-103.971659652966,5.237519685039));
#10551=CARTESIAN_POINT('',(51.5612183570276,-103.971659652966,5.237519685039));
#10552=CARTESIAN_POINT('Origin',(51.5612183570276,-103.471659652966,5.237519685039));
#10553=CARTESIAN_POINT('',(51.0612183570276,-103.471659652966,5.237519685039));
#10554=CARTESIAN_POINT('Origin',(51.5612183570276,-103.471659652966,5.237519685039));
#10555=CARTESIAN_POINT('',(51.0612183570276,-103.471659652966,5.237519685039));
#10556=CARTESIAN_POINT('Origin',(51.0612183570276,-103.471659652966,5.237519685039));
#10557=CARTESIAN_POINT('',(51.0612183570276,-89.2716596529655,5.237519685039));
#10558=CARTESIAN_POINT('Origin',(128.991968357028,-50.1716596529655,5.23751968503902));
#10559=CARTESIAN_POINT('',(128.491968357028,-50.1716596529655,5.23751968503902));
#10560=CARTESIAN_POINT('',(128.991968357028,-49.6716596529655,5.23751968503902));
#10561=CARTESIAN_POINT('Origin',(128.991968357028,-50.1716596529655,5.23751968503902));
#10562=CARTESIAN_POINT('',(128.991968357028,-49.6716596529655,5.23751968503902));
#10563=CARTESIAN_POINT('',(128.491968357028,-50.1716596529655,5.23751968503902));
#10564=CARTESIAN_POINT('Origin',(128.991968357028,-49.6716596529655,5.23751968503902));
#10565=CARTESIAN_POINT('',(142.191968357028,-49.6716596529655,5.23751968503902));
#10566=CARTESIAN_POINT('',(128.991968357028,-49.6716596529655,5.23751968503902));
#10567=CARTESIAN_POINT('',(142.191968357028,-49.6716596529655,5.23751968503902));
#10568=CARTESIAN_POINT('Origin',(142.191968357028,-50.1716596529655,5.23751968503902));
#10569=CARTESIAN_POINT('',(142.691968357028,-50.1716596529655,5.23751968503902));
#10570=CARTESIAN_POINT('Origin',(142.191968357028,-50.1716596529655,5.23751968503902));
#10571=CARTESIAN_POINT('',(142.691968357028,-50.1716596529655,5.23751968503902));
#10572=CARTESIAN_POINT('Origin',(142.691968357028,-50.1716596529655,5.23751968503902));
#10573=CARTESIAN_POINT('',(142.691968357028,-63.3716596529655,5.23751968503902));
#10574=CARTESIAN_POINT('',(142.691968357028,-50.1716596529655,5.23751968503902));
#10575=CARTESIAN_POINT('',(142.691968357028,-63.3716596529655,5.23751968503902));
#10576=CARTESIAN_POINT('Origin',(142.191968357028,-63.3716596529655,5.23751968503902));
#10577=CARTESIAN_POINT('',(142.191968357028,-63.8716596529655,5.23751968503902));
#10578=CARTESIAN_POINT('Origin',(142.191968357028,-63.3716596529655,5.23751968503902));
#10579=CARTESIAN_POINT('',(142.191968357028,-63.8716596529655,5.23751968503902));
#10580=CARTESIAN_POINT('Origin',(142.191968357028,-63.8716596529655,5.23751968503902));
#10581=CARTESIAN_POINT('',(128.991968357028,-63.8716596529655,5.23751968503902));
#10582=CARTESIAN_POINT('',(128.991968357028,-63.8716596529655,5.23751968503902));
#10583=CARTESIAN_POINT('',(128.991968357028,-63.8716596529655,5.23751968503902));
#10584=CARTESIAN_POINT('Origin',(128.991968357028,-63.3716596529655,5.23751968503902));
#10585=CARTESIAN_POINT('',(128.491968357028,-63.3716596529655,5.23751968503902));
#10586=CARTESIAN_POINT('Origin',(128.991968357028,-63.3716596529655,5.23751968503902));
#10587=CARTESIAN_POINT('',(128.491968357028,-63.3716596529655,5.23751968503902));
#10588=CARTESIAN_POINT('Origin',(128.491968357028,-63.3716596529655,5.23751968503902));
#10589=CARTESIAN_POINT('',(128.491968357028,-50.1716596529655,5.23751968503902));
#10590=CARTESIAN_POINT('Origin',(95.6544683570276,-69.2216596529655,5.23751968503901));
#10591=CARTESIAN_POINT('',(95.1544683570276,-69.2216596529655,5.23751968503901));
#10592=CARTESIAN_POINT('',(95.6544683570276,-68.7216596529655,5.23751968503901));
#10593=CARTESIAN_POINT('Origin',(95.6544683570276,-69.2216596529655,5.23751968503901));
#10594=CARTESIAN_POINT('',(95.6544683570276,-68.7216596529655,5.23751968503901));
#10595=CARTESIAN_POINT('',(95.1544683570276,-69.2216596529655,5.23751968503901));
#10596=CARTESIAN_POINT('Origin',(95.6544683570276,-68.7216596529655,5.23751968503901));
#10597=CARTESIAN_POINT('',(108.854468357028,-68.7216596529655,5.23751968503901));
#10598=CARTESIAN_POINT('',(95.6544683570276,-68.7216596529655,5.23751968503901));
#10599=CARTESIAN_POINT('',(108.854468357028,-68.7216596529655,5.23751968503901));
#10600=CARTESIAN_POINT('Origin',(108.854468357028,-69.2216596529655,5.23751968503901));
#10601=CARTESIAN_POINT('',(109.354468357028,-69.2216596529655,5.23751968503901));
#10602=CARTESIAN_POINT('Origin',(108.854468357028,-69.2216596529655,5.23751968503901));
#10603=CARTESIAN_POINT('',(109.354468357028,-69.2216596529655,5.23751968503901));
#10604=CARTESIAN_POINT('Origin',(109.354468357028,-69.2216596529655,5.23751968503901));
#10605=CARTESIAN_POINT('',(109.354468357028,-82.4216596529655,5.23751968503901));
#10606=CARTESIAN_POINT('',(109.354468357028,-69.2216596529655,5.23751968503901));
#10607=CARTESIAN_POINT('',(109.354468357028,-82.4216596529655,5.23751968503901));
#10608=CARTESIAN_POINT('Origin',(108.854468357028,-82.4216596529655,5.23751968503901));
#10609=CARTESIAN_POINT('',(108.854468357028,-82.9216596529655,5.23751968503901));
#10610=CARTESIAN_POINT('Origin',(108.854468357028,-82.4216596529655,5.23751968503901));
#10611=CARTESIAN_POINT('',(108.854468357028,-82.9216596529655,5.23751968503901));
#10612=CARTESIAN_POINT('Origin',(108.854468357028,-82.9216596529655,5.23751968503901));
#10613=CARTESIAN_POINT('',(95.6544683570276,-82.9216596529655,5.23751968503901));
#10614=CARTESIAN_POINT('',(95.6544683570276,-82.9216596529655,5.23751968503901));
#10615=CARTESIAN_POINT('',(95.6544683570276,-82.9216596529655,5.23751968503901));
#10616=CARTESIAN_POINT('Origin',(95.6544683570276,-82.4216596529655,5.23751968503901));
#10617=CARTESIAN_POINT('',(95.1544683570276,-82.4216596529655,5.23751968503901));
#10618=CARTESIAN_POINT('Origin',(95.6544683570276,-82.4216596529655,5.23751968503901));
#10619=CARTESIAN_POINT('',(95.1544683570276,-82.4216596529655,5.23751968503901));
#10620=CARTESIAN_POINT('Origin',(95.1544683570276,-82.4216596529655,5.23751968503901));
#10621=CARTESIAN_POINT('',(95.1544683570276,-69.2216596529655,5.23751968503901));
#10622=CARTESIAN_POINT('Origin',(71.8419683570276,-50.1716596529655,5.23751968503901));
#10623=CARTESIAN_POINT('',(71.3419683570276,-50.1716596529655,5.23751968503901));
#10624=CARTESIAN_POINT('',(71.8419683570276,-49.6716596529655,5.23751968503901));
#10625=CARTESIAN_POINT('Origin',(71.8419683570276,-50.1716596529655,5.23751968503901));
#10626=CARTESIAN_POINT('',(71.8419683570276,-49.6716596529655,5.23751968503901));
#10627=CARTESIAN_POINT('',(71.3419683570276,-50.1716596529655,5.23751968503901));
#10628=CARTESIAN_POINT('Origin',(71.8419683570276,-49.6716596529655,5.23751968503901));
#10629=CARTESIAN_POINT('',(85.0419683570276,-49.6716596529655,5.23751968503901));
#10630=CARTESIAN_POINT('',(71.8419683570276,-49.6716596529655,5.23751968503901));
#10631=CARTESIAN_POINT('',(85.0419683570276,-49.6716596529655,5.23751968503901));
#10632=CARTESIAN_POINT('Origin',(85.0419683570276,-50.1716596529655,5.23751968503901));
#10633=CARTESIAN_POINT('',(85.5419683570276,-50.1716596529655,5.23751968503901));
#10634=CARTESIAN_POINT('Origin',(85.0419683570276,-50.1716596529655,5.23751968503901));
#10635=CARTESIAN_POINT('',(85.5419683570276,-50.1716596529655,5.23751968503901));
#10636=CARTESIAN_POINT('Origin',(85.5419683570276,-50.1716596529655,5.23751968503901));
#10637=CARTESIAN_POINT('',(85.5419683570276,-63.3716596529655,5.23751968503901));
#10638=CARTESIAN_POINT('',(85.5419683570276,-50.1716596529655,5.23751968503901));
#10639=CARTESIAN_POINT('',(85.5419683570276,-63.3716596529655,5.23751968503901));
#10640=CARTESIAN_POINT('Origin',(85.0419683570276,-63.3716596529655,5.23751968503901));
#10641=CARTESIAN_POINT('',(85.0419683570276,-63.8716596529655,5.23751968503901));
#10642=CARTESIAN_POINT('Origin',(85.0419683570276,-63.3716596529655,5.23751968503901));
#10643=CARTESIAN_POINT('',(85.0419683570276,-63.8716596529655,5.23751968503901));
#10644=CARTESIAN_POINT('Origin',(85.0419683570276,-63.8716596529655,5.23751968503901));
#10645=CARTESIAN_POINT('',(71.8419683570276,-63.8716596529655,5.23751968503901));
#10646=CARTESIAN_POINT('',(71.8419683570276,-63.8716596529655,5.23751968503901));
#10647=CARTESIAN_POINT('',(71.8419683570276,-63.8716596529655,5.23751968503901));
#10648=CARTESIAN_POINT('Origin',(71.8419683570276,-63.3716596529655,5.23751968503901));
#10649=CARTESIAN_POINT('',(71.3419683570276,-63.3716596529655,5.23751968503901));
#10650=CARTESIAN_POINT('Origin',(71.8419683570276,-63.3716596529655,5.23751968503901));
#10651=CARTESIAN_POINT('',(71.3419683570276,-63.3716596529655,5.23751968503901));
#10652=CARTESIAN_POINT('Origin',(71.3419683570276,-63.3716596529655,5.23751968503901));
#10653=CARTESIAN_POINT('',(71.3419683570276,-50.1716596529655,5.23751968503901));
#10654=CARTESIAN_POINT('Origin',(148.041968357028,-50.1716596529655,5.23751968503902));
#10655=CARTESIAN_POINT('',(147.541968357028,-50.1716596529655,5.23751968503902));
#10656=CARTESIAN_POINT('',(148.041968357028,-49.6716596529655,5.23751968503902));
#10657=CARTESIAN_POINT('Origin',(148.041968357028,-50.1716596529655,5.23751968503902));
#10658=CARTESIAN_POINT('',(148.041968357028,-49.6716596529655,5.23751968503902));
#10659=CARTESIAN_POINT('',(147.541968357028,-50.1716596529655,5.23751968503902));
#10660=CARTESIAN_POINT('Origin',(148.041968357028,-49.6716596529655,5.23751968503902));
#10661=CARTESIAN_POINT('',(161.241968357028,-49.6716596529655,5.23751968503902));
#10662=CARTESIAN_POINT('',(148.041968357028,-49.6716596529655,5.23751968503902));
#10663=CARTESIAN_POINT('',(161.241968357028,-49.6716596529655,5.23751968503902));
#10664=CARTESIAN_POINT('Origin',(161.241968357028,-50.1716596529655,5.23751968503902));
#10665=CARTESIAN_POINT('',(161.741968357028,-50.1716596529655,5.23751968503902));
#10666=CARTESIAN_POINT('Origin',(161.241968357028,-50.1716596529655,5.23751968503902));
#10667=CARTESIAN_POINT('',(161.741968357028,-50.1716596529655,5.23751968503902));
#10668=CARTESIAN_POINT('Origin',(161.741968357028,-50.1716596529655,5.23751968503902));
#10669=CARTESIAN_POINT('',(161.741968357028,-63.3716596529655,5.23751968503902));
#10670=CARTESIAN_POINT('',(161.741968357028,-50.1716596529655,5.23751968503902));
#10671=CARTESIAN_POINT('',(161.741968357028,-63.3716596529655,5.23751968503902));
#10672=CARTESIAN_POINT('Origin',(161.241968357028,-63.3716596529655,5.23751968503902));
#10673=CARTESIAN_POINT('',(161.241968357028,-63.8716596529655,5.23751968503902));
#10674=CARTESIAN_POINT('Origin',(161.241968357028,-63.3716596529655,5.23751968503902));
#10675=CARTESIAN_POINT('',(161.241968357028,-63.8716596529655,5.23751968503902));
#10676=CARTESIAN_POINT('Origin',(161.241968357028,-63.8716596529655,5.23751968503902));
#10677=CARTESIAN_POINT('',(148.041968357028,-63.8716596529655,5.23751968503902));
#10678=CARTESIAN_POINT('',(148.041968357028,-63.8716596529655,5.23751968503902));
#10679=CARTESIAN_POINT('',(148.041968357028,-63.8716596529655,5.23751968503902));
#10680=CARTESIAN_POINT('Origin',(148.041968357028,-63.3716596529655,5.23751968503902));
#10681=CARTESIAN_POINT('',(147.541968357028,-63.3716596529655,5.23751968503902));
#10682=CARTESIAN_POINT('Origin',(148.041968357028,-63.3716596529655,5.23751968503902));
#10683=CARTESIAN_POINT('',(147.541968357028,-63.3716596529655,5.23751968503902));
#10684=CARTESIAN_POINT('Origin',(147.541968357028,-63.3716596529655,5.23751968503902));
#10685=CARTESIAN_POINT('',(147.541968357028,-50.1716596529655,5.23751968503902));
#10686=CARTESIAN_POINT('Origin',(27.6852183570276,-89.2716596529655,5.237519685039));
#10687=CARTESIAN_POINT('',(27.1852183570276,-89.2716596529655,5.237519685039));
#10688=CARTESIAN_POINT('',(27.6852183570276,-88.7716596529655,5.237519685039));
#10689=CARTESIAN_POINT('Origin',(27.6852183570276,-89.2716596529655,5.237519685039));
#10690=CARTESIAN_POINT('',(27.6852183570276,-88.7716596529655,5.237519685039));
#10691=CARTESIAN_POINT('',(27.1852183570276,-89.2716596529655,5.237519685039));
#10692=CARTESIAN_POINT('Origin',(27.6852183570276,-88.7716596529655,5.237519685039));
#10693=CARTESIAN_POINT('',(33.8852183570276,-88.7716596529655,5.237519685039));
#10694=CARTESIAN_POINT('',(27.6852183570276,-88.7716596529655,5.237519685039));
#10695=CARTESIAN_POINT('',(33.8852183570276,-88.7716596529655,5.237519685039));
#10696=CARTESIAN_POINT('Origin',(33.8852183570276,-89.2716596529655,5.237519685039));
#10697=CARTESIAN_POINT('',(34.3852183570276,-89.2716596529655,5.237519685039));
#10698=CARTESIAN_POINT('Origin',(33.8852183570276,-89.2716596529655,5.237519685039));
#10699=CARTESIAN_POINT('',(34.3852183570276,-89.2716596529655,5.237519685039));
#10700=CARTESIAN_POINT('Origin',(34.3852183570276,-89.2716596529655,5.237519685039));
#10701=CARTESIAN_POINT('',(34.3852183570276,-103.471659652966,5.237519685039));
#10702=CARTESIAN_POINT('',(34.3852183570276,-89.2716596529655,5.237519685039));
#10703=CARTESIAN_POINT('',(34.3852183570276,-103.471659652966,5.237519685039));
#10704=CARTESIAN_POINT('Origin',(33.8852183570276,-103.471659652966,5.237519685039));
#10705=CARTESIAN_POINT('',(33.8852183570276,-103.971659652966,5.237519685039));
#10706=CARTESIAN_POINT('Origin',(33.8852183570276,-103.471659652966,5.237519685039));
#10707=CARTESIAN_POINT('',(33.8852183570276,-103.971659652966,5.237519685039));
#10708=CARTESIAN_POINT('Origin',(33.8852183570276,-103.971659652966,5.237519685039));
#10709=CARTESIAN_POINT('',(27.6852183570276,-103.971659652966,5.237519685039));
#10710=CARTESIAN_POINT('',(27.6852183570276,-103.971659652966,5.237519685039));
#10711=CARTESIAN_POINT('',(27.6852183570276,-103.971659652966,5.237519685039));
#10712=CARTESIAN_POINT('Origin',(27.6852183570276,-103.471659652966,5.237519685039));
#10713=CARTESIAN_POINT('',(27.1852183570276,-103.471659652966,5.237519685039));
#10714=CARTESIAN_POINT('Origin',(27.6852183570276,-103.471659652966,5.237519685039));
#10715=CARTESIAN_POINT('',(27.1852183570276,-103.471659652966,5.237519685039));
#10716=CARTESIAN_POINT('Origin',(27.1852183570276,-103.471659652966,5.237519685039));
#10717=CARTESIAN_POINT('',(27.1852183570276,-89.2716596529655,5.237519685039));
#10718=CARTESIAN_POINT('Origin',(109.941968357028,-50.1716596529655,5.23751968503902));
#10719=CARTESIAN_POINT('',(109.441968357028,-50.1716596529655,5.23751968503902));
#10720=CARTESIAN_POINT('',(109.941968357028,-49.6716596529655,5.23751968503901));
#10721=CARTESIAN_POINT('Origin',(109.941968357028,-50.1716596529655,5.23751968503902));
#10722=CARTESIAN_POINT('',(109.941968357028,-49.6716596529655,5.23751968503901));
#10723=CARTESIAN_POINT('',(109.441968357028,-50.1716596529655,5.23751968503902));
#10724=CARTESIAN_POINT('Origin',(109.941968357028,-49.6716596529655,5.23751968503901));
#10725=CARTESIAN_POINT('',(123.141968357028,-49.6716596529655,5.23751968503902));
#10726=CARTESIAN_POINT('',(109.941968357028,-49.6716596529655,5.23751968503901));
#10727=CARTESIAN_POINT('',(123.141968357028,-49.6716596529655,5.23751968503902));
#10728=CARTESIAN_POINT('Origin',(123.141968357028,-50.1716596529655,5.23751968503902));
#10729=CARTESIAN_POINT('',(123.641968357028,-50.1716596529655,5.23751968503902));
#10730=CARTESIAN_POINT('Origin',(123.141968357028,-50.1716596529655,5.23751968503902));
#10731=CARTESIAN_POINT('',(123.641968357028,-50.1716596529655,5.23751968503902));
#10732=CARTESIAN_POINT('Origin',(123.641968357028,-50.1716596529655,5.23751968503902));
#10733=CARTESIAN_POINT('',(123.641968357028,-63.3716596529655,5.23751968503902));
#10734=CARTESIAN_POINT('',(123.641968357028,-50.1716596529655,5.23751968503902));
#10735=CARTESIAN_POINT('',(123.641968357028,-63.3716596529655,5.23751968503902));
#10736=CARTESIAN_POINT('Origin',(123.141968357028,-63.3716596529655,5.23751968503902));
#10737=CARTESIAN_POINT('',(123.141968357028,-63.8716596529655,5.23751968503901));
#10738=CARTESIAN_POINT('Origin',(123.141968357028,-63.3716596529655,5.23751968503902));
#10739=CARTESIAN_POINT('',(123.141968357028,-63.8716596529655,5.23751968503901));
#10740=CARTESIAN_POINT('Origin',(123.141968357028,-63.8716596529655,5.23751968503901));
#10741=CARTESIAN_POINT('',(109.941968357028,-63.8716596529655,5.23751968503901));
#10742=CARTESIAN_POINT('',(109.941968357028,-63.8716596529655,5.23751968503901));
#10743=CARTESIAN_POINT('',(109.941968357028,-63.8716596529655,5.23751968503901));
#10744=CARTESIAN_POINT('Origin',(109.941968357028,-63.3716596529655,5.23751968503901));
#10745=CARTESIAN_POINT('',(109.441968357028,-63.3716596529655,5.23751968503901));
#10746=CARTESIAN_POINT('Origin',(109.941968357028,-63.3716596529655,5.23751968503901));
#10747=CARTESIAN_POINT('',(109.441968357028,-63.3716596529655,5.23751968503901));
#10748=CARTESIAN_POINT('Origin',(109.441968357028,-63.3716596529655,5.23751968503901));
#10749=CARTESIAN_POINT('',(109.441968357028,-50.1716596529655,5.23751968503902));
#10750=CARTESIAN_POINT('Origin',(28.9794683570276,-50.1716596529655,5.23751968503901));
#10751=CARTESIAN_POINT('',(28.4794683570276,-50.1716596529655,5.23751968503901));
#10752=CARTESIAN_POINT('',(28.9794683570276,-49.6716596529655,5.237519685039));
#10753=CARTESIAN_POINT('Origin',(28.9794683570276,-50.1716596529655,5.23751968503901));
#10754=CARTESIAN_POINT('',(28.9794683570276,-49.6716596529655,5.237519685039));
#10755=CARTESIAN_POINT('',(28.4794683570276,-50.1716596529655,5.23751968503901));
#10756=CARTESIAN_POINT('Origin',(28.9794683570276,-49.6716596529655,5.237519685039));
#10757=CARTESIAN_POINT('',(42.1794683570276,-49.6716596529655,5.23751968503901));
#10758=CARTESIAN_POINT('',(28.9794683570276,-49.6716596529655,5.237519685039));
#10759=CARTESIAN_POINT('',(42.1794683570276,-49.6716596529655,5.23751968503901));
#10760=CARTESIAN_POINT('Origin',(42.1794683570276,-50.1716596529655,5.23751968503901));
#10761=CARTESIAN_POINT('',(42.6794683570276,-50.1716596529655,5.23751968503901));
#10762=CARTESIAN_POINT('Origin',(42.1794683570276,-50.1716596529655,5.23751968503901));
#10763=CARTESIAN_POINT('',(42.6794683570276,-50.1716596529655,5.23751968503901));
#10764=CARTESIAN_POINT('Origin',(42.6794683570276,-50.1716596529655,5.23751968503901));
#10765=CARTESIAN_POINT('',(42.6794683570276,-63.3716596529655,5.23751968503901));
#10766=CARTESIAN_POINT('',(42.6794683570276,-50.1716596529655,5.23751968503901));
#10767=CARTESIAN_POINT('',(42.6794683570276,-63.3716596529655,5.23751968503901));
#10768=CARTESIAN_POINT('Origin',(42.1794683570276,-63.3716596529655,5.23751968503901));
#10769=CARTESIAN_POINT('',(42.1794683570276,-63.8716596529655,5.23751968503901));
#10770=CARTESIAN_POINT('Origin',(42.1794683570276,-63.3716596529655,5.23751968503901));
#10771=CARTESIAN_POINT('',(42.1794683570276,-63.8716596529655,5.23751968503901));
#10772=CARTESIAN_POINT('Origin',(42.1794683570276,-63.8716596529655,5.23751968503901));
#10773=CARTESIAN_POINT('',(28.9794683570276,-63.8716596529655,5.237519685039));
#10774=CARTESIAN_POINT('',(28.9794683570276,-63.8716596529655,5.237519685039));
#10775=CARTESIAN_POINT('',(28.9794683570276,-63.8716596529655,5.237519685039));
#10776=CARTESIAN_POINT('Origin',(28.9794683570276,-63.3716596529655,5.237519685039));
#10777=CARTESIAN_POINT('',(28.4794683570276,-63.3716596529655,5.237519685039));
#10778=CARTESIAN_POINT('Origin',(28.9794683570276,-63.3716596529655,5.237519685039));
#10779=CARTESIAN_POINT('',(28.4794683570276,-63.3716596529655,5.237519685039));
#10780=CARTESIAN_POINT('Origin',(28.4794683570276,-63.3716596529655,5.237519685039));
#10781=CARTESIAN_POINT('',(28.4794683570276,-50.1716596529655,5.23751968503901));
#10782=CARTESIAN_POINT('Origin',(86.1294683570276,-88.2716596529655,5.23751968503901));
#10783=CARTESIAN_POINT('',(85.6294683570276,-88.2716596529655,5.23751968503901));
#10784=CARTESIAN_POINT('',(86.1294683570276,-87.7716596529655,5.23751968503901));
#10785=CARTESIAN_POINT('Origin',(86.1294683570276,-88.2716596529655,5.23751968503901));
#10786=CARTESIAN_POINT('',(86.1294683570276,-87.7716596529655,5.23751968503901));
#10787=CARTESIAN_POINT('',(85.6294683570276,-88.2716596529655,5.23751968503901));
#10788=CARTESIAN_POINT('Origin',(86.1294683570276,-87.7716596529655,5.23751968503901));
#10789=CARTESIAN_POINT('',(99.3294683570276,-87.7716596529655,5.23751968503901));
#10790=CARTESIAN_POINT('',(86.1294683570276,-87.7716596529655,5.23751968503901));
#10791=CARTESIAN_POINT('',(99.3294683570276,-87.7716596529655,5.23751968503901));
#10792=CARTESIAN_POINT('Origin',(99.3294683570276,-88.2716596529655,5.23751968503901));
#10793=CARTESIAN_POINT('',(99.8294683570276,-88.2716596529655,5.23751968503901));
#10794=CARTESIAN_POINT('Origin',(99.3294683570276,-88.2716596529655,5.23751968503901));
#10795=CARTESIAN_POINT('',(99.8294683570276,-88.2716596529655,5.23751968503901));
#10796=CARTESIAN_POINT('Origin',(99.8294683570276,-88.2716596529655,5.23751968503901));
#10797=CARTESIAN_POINT('',(99.8294683570276,-101.471659652966,5.23751968503901));
#10798=CARTESIAN_POINT('',(99.8294683570276,-88.2716596529655,5.23751968503901));
#10799=CARTESIAN_POINT('',(99.8294683570276,-101.471659652966,5.23751968503901));
#10800=CARTESIAN_POINT('Origin',(99.3294683570276,-101.471659652966,5.23751968503901));
#10801=CARTESIAN_POINT('',(99.3294683570276,-101.971659652966,5.23751968503901));
#10802=CARTESIAN_POINT('Origin',(99.3294683570276,-101.471659652966,5.23751968503901));
#10803=CARTESIAN_POINT('',(99.3294683570276,-101.971659652966,5.23751968503901));
#10804=CARTESIAN_POINT('Origin',(99.3294683570276,-101.971659652966,5.23751968503901));
#10805=CARTESIAN_POINT('',(86.1294683570276,-101.971659652965,5.23751968503901));
#10806=CARTESIAN_POINT('',(86.1294683570276,-101.971659652966,5.23751968503901));
#10807=CARTESIAN_POINT('',(86.1294683570276,-101.971659652965,5.23751968503901));
#10808=CARTESIAN_POINT('Origin',(86.1294683570276,-101.471659652966,5.23751968503901));
#10809=CARTESIAN_POINT('',(85.6294683570276,-101.471659652966,5.23751968503901));
#10810=CARTESIAN_POINT('Origin',(86.1294683570276,-101.471659652966,5.23751968503901));
#10811=CARTESIAN_POINT('',(85.6294683570276,-101.471659652966,5.23751968503901));
#10812=CARTESIAN_POINT('Origin',(85.6294683570276,-101.471659652966,5.23751968503901));
#10813=CARTESIAN_POINT('',(85.6294683570276,-88.2716596529655,5.23751968503901));
#10814=CARTESIAN_POINT('Origin',(124.229468357028,-88.2716596529655,5.23751968503901));
#10815=CARTESIAN_POINT('',(123.729468357028,-88.2716596529655,5.23751968503901));
#10816=CARTESIAN_POINT('',(124.229468357028,-87.7716596529655,5.23751968503901));
#10817=CARTESIAN_POINT('Origin',(124.229468357028,-88.2716596529655,5.23751968503901));
#10818=CARTESIAN_POINT('',(124.229468357028,-87.7716596529655,5.23751968503901));
#10819=CARTESIAN_POINT('',(123.729468357028,-88.2716596529655,5.23751968503901));
#10820=CARTESIAN_POINT('Origin',(124.229468357028,-87.7716596529655,5.23751968503901));
#10821=CARTESIAN_POINT('',(137.429468357028,-87.7716596529655,5.23751968503901));
#10822=CARTESIAN_POINT('',(124.229468357028,-87.7716596529655,5.23751968503901));
#10823=CARTESIAN_POINT('',(137.429468357028,-87.7716596529655,5.23751968503901));
#10824=CARTESIAN_POINT('Origin',(137.429468357028,-88.2716596529655,5.23751968503901));
#10825=CARTESIAN_POINT('',(137.929468357028,-88.2716596529655,5.23751968503901));
#10826=CARTESIAN_POINT('Origin',(137.429468357028,-88.2716596529655,5.23751968503901));
#10827=CARTESIAN_POINT('',(137.929468357028,-88.2716596529655,5.23751968503901));
#10828=CARTESIAN_POINT('Origin',(137.929468357028,-88.2716596529655,5.23751968503901));
#10829=CARTESIAN_POINT('',(137.929468357028,-101.471659652966,5.23751968503901));
#10830=CARTESIAN_POINT('',(137.929468357028,-88.2716596529655,5.23751968503901));
#10831=CARTESIAN_POINT('',(137.929468357028,-101.471659652966,5.23751968503901));
#10832=CARTESIAN_POINT('Origin',(137.429468357028,-101.471659652966,5.23751968503901));
#10833=CARTESIAN_POINT('',(137.429468357028,-101.971659652966,5.23751968503901));
#10834=CARTESIAN_POINT('Origin',(137.429468357028,-101.471659652966,5.23751968503901));
#10835=CARTESIAN_POINT('',(137.429468357028,-101.971659652966,5.23751968503901));
#10836=CARTESIAN_POINT('Origin',(137.429468357028,-101.971659652966,5.23751968503901));
#10837=CARTESIAN_POINT('',(124.229468357028,-101.971659652966,5.23751968503901));
#10838=CARTESIAN_POINT('',(124.229468357028,-101.971659652966,5.23751968503901));
#10839=CARTESIAN_POINT('',(124.229468357028,-101.971659652966,5.23751968503901));
#10840=CARTESIAN_POINT('Origin',(124.229468357028,-101.471659652966,5.23751968503901));
#10841=CARTESIAN_POINT('',(123.729468357028,-101.471659652966,5.23751968503901));
#10842=CARTESIAN_POINT('Origin',(124.229468357028,-101.471659652966,5.23751968503901));
#10843=CARTESIAN_POINT('',(123.729468357028,-101.471659652966,5.23751968503901));
#10844=CARTESIAN_POINT('Origin',(123.729468357028,-101.471659652966,5.23751968503901));
#10845=CARTESIAN_POINT('',(123.729468357028,-88.2716596529655,5.23751968503901));
#10846=CARTESIAN_POINT('Origin',(152.804468357028,-69.2216596529655,5.23751968503902));
#10847=CARTESIAN_POINT('',(152.304468357028,-69.2216596529655,5.23751968503902));
#10848=CARTESIAN_POINT('',(152.804468357028,-68.7216596529655,5.23751968503902));
#10849=CARTESIAN_POINT('Origin',(152.804468357028,-69.2216596529655,5.23751968503902));
#10850=CARTESIAN_POINT('',(152.804468357028,-68.7216596529655,5.23751968503902));
#10851=CARTESIAN_POINT('',(152.304468357028,-69.2216596529655,5.23751968503902));
#10852=CARTESIAN_POINT('Origin',(152.804468357028,-68.7216596529655,5.23751968503902));
#10853=CARTESIAN_POINT('',(166.004468357028,-68.7216596529655,5.23751968503902));
#10854=CARTESIAN_POINT('',(152.804468357028,-68.7216596529655,5.23751968503902));
#10855=CARTESIAN_POINT('',(166.004468357028,-68.7216596529655,5.23751968503902));
#10856=CARTESIAN_POINT('Origin',(166.004468357028,-69.2216596529655,5.23751968503902));
#10857=CARTESIAN_POINT('',(166.504468357028,-69.2216596529655,5.23751968503902));
#10858=CARTESIAN_POINT('Origin',(166.004468357028,-69.2216596529655,5.23751968503902));
#10859=CARTESIAN_POINT('',(166.504468357028,-69.2216596529655,5.23751968503902));
#10860=CARTESIAN_POINT('Origin',(166.504468357028,-69.2216596529655,5.23751968503902));
#10861=CARTESIAN_POINT('',(166.504468357028,-82.4216596529655,5.23751968503902));
#10862=CARTESIAN_POINT('',(166.504468357028,-69.2216596529655,5.23751968503902));
#10863=CARTESIAN_POINT('',(166.504468357028,-82.4216596529655,5.23751968503902));
#10864=CARTESIAN_POINT('Origin',(166.004468357028,-82.4216596529655,5.23751968503902));
#10865=CARTESIAN_POINT('',(166.004468357028,-82.9216596529655,5.23751968503902));
#10866=CARTESIAN_POINT('Origin',(166.004468357028,-82.4216596529655,5.23751968503902));
#10867=CARTESIAN_POINT('',(166.004468357028,-82.9216596529655,5.23751968503902));
#10868=CARTESIAN_POINT('Origin',(166.004468357028,-82.9216596529655,5.23751968503902));
#10869=CARTESIAN_POINT('',(152.804468357028,-82.9216596529655,5.23751968503902));
#10870=CARTESIAN_POINT('',(152.804468357028,-82.9216596529655,5.23751968503902));
#10871=CARTESIAN_POINT('',(152.804468357028,-82.9216596529655,5.23751968503902));
#10872=CARTESIAN_POINT('Origin',(152.804468357028,-82.4216596529655,5.23751968503902));
#10873=CARTESIAN_POINT('',(152.304468357028,-82.4216596529655,5.23751968503902));
#10874=CARTESIAN_POINT('Origin',(152.804468357028,-82.4216596529655,5.23751968503902));
#10875=CARTESIAN_POINT('',(152.304468357028,-82.4216596529655,5.23751968503902));
#10876=CARTESIAN_POINT('Origin',(152.304468357028,-82.4216596529655,5.23751968503902));
#10877=CARTESIAN_POINT('',(152.304468357028,-69.2216596529655,5.23751968503902));
#10878=CARTESIAN_POINT('Origin',(133.754468357028,-69.2216596529655,5.23751968503902));
#10879=CARTESIAN_POINT('',(133.254468357028,-69.2216596529655,5.23751968503902));
#10880=CARTESIAN_POINT('',(133.754468357028,-68.7216596529655,5.23751968503902));
#10881=CARTESIAN_POINT('Origin',(133.754468357028,-69.2216596529655,5.23751968503902));
#10882=CARTESIAN_POINT('',(133.754468357028,-68.7216596529655,5.23751968503902));
#10883=CARTESIAN_POINT('',(133.254468357028,-69.2216596529655,5.23751968503902));
#10884=CARTESIAN_POINT('Origin',(133.754468357028,-68.7216596529655,5.23751968503902));
#10885=CARTESIAN_POINT('',(146.954468357028,-68.7216596529655,5.23751968503902));
#10886=CARTESIAN_POINT('',(133.754468357028,-68.7216596529655,5.23751968503902));
#10887=CARTESIAN_POINT('',(146.954468357028,-68.7216596529655,5.23751968503902));
#10888=CARTESIAN_POINT('Origin',(146.954468357028,-69.2216596529655,5.23751968503902));
#10889=CARTESIAN_POINT('',(147.454468357028,-69.2216596529655,5.23751968503902));
#10890=CARTESIAN_POINT('Origin',(146.954468357028,-69.2216596529655,5.23751968503902));
#10891=CARTESIAN_POINT('',(147.454468357028,-69.2216596529655,5.23751968503902));
#10892=CARTESIAN_POINT('Origin',(147.454468357028,-69.2216596529655,5.23751968503902));
#10893=CARTESIAN_POINT('',(147.454468357028,-82.4216596529655,5.23751968503902));
#10894=CARTESIAN_POINT('',(147.454468357028,-69.2216596529655,5.23751968503902));
#10895=CARTESIAN_POINT('',(147.454468357028,-82.4216596529655,5.23751968503902));
#10896=CARTESIAN_POINT('Origin',(146.954468357028,-82.4216596529655,5.23751968503902));
#10897=CARTESIAN_POINT('',(146.954468357028,-82.9216596529655,5.23751968503902));
#10898=CARTESIAN_POINT('Origin',(146.954468357028,-82.4216596529655,5.23751968503902));
#10899=CARTESIAN_POINT('',(146.954468357028,-82.9216596529655,5.23751968503902));
#10900=CARTESIAN_POINT('Origin',(146.954468357028,-82.9216596529655,5.23751968503902));
#10901=CARTESIAN_POINT('',(133.754468357028,-82.9216596529655,5.23751968503901));
#10902=CARTESIAN_POINT('',(133.754468357028,-82.9216596529655,5.23751968503901));
#10903=CARTESIAN_POINT('',(133.754468357028,-82.9216596529655,5.23751968503901));
#10904=CARTESIAN_POINT('Origin',(133.754468357028,-82.4216596529655,5.23751968503901));
#10905=CARTESIAN_POINT('',(133.254468357028,-82.4216596529655,5.23751968503901));
#10906=CARTESIAN_POINT('Origin',(133.754468357028,-82.4216596529655,5.23751968503901));
#10907=CARTESIAN_POINT('',(133.254468357028,-82.4216596529655,5.23751968503901));
#10908=CARTESIAN_POINT('Origin',(133.254468357028,-82.4216596529655,5.23751968503901));
#10909=CARTESIAN_POINT('',(133.254468357028,-69.2216596529655,5.23751968503902));
#10910=CARTESIAN_POINT('Origin',(164.166968357028,-75.8216596529655,5.23751968503902));
#10911=CARTESIAN_POINT('Origin',(19.,-19.,5.23751968503902));
#10912=CARTESIAN_POINT('Origin',(19.,-19.,6.73751968503902));
#10913=CARTESIAN_POINT('',(0.,0.,0.));
#10914=CARTESIAN_POINT('',(0.,0.,0.));
#10915=CARTESIAN_POINT('',(0.,0.,0.));
#10916=CARTESIAN_POINT('',(0.,0.,0.));
#10917=UNCERTAINTY_MEASURE_WITH_UNIT(LENGTH_MEASURE(0.01),#10927,
'DISTANCE_ACCURACY_VALUE',
'Maximum model space distance between geometric entities at asserted c
onnectivities');
#10918=UNCERTAINTY_MEASURE_WITH_UNIT(LENGTH_MEASURE(0.01),#10927,
'DISTANCE_ACCURACY_VALUE',
'Maximum model space distance between geometric entities at asserted c
onnectivities');
#10919=UNCERTAINTY_MEASURE_WITH_UNIT(LENGTH_MEASURE(0.01),#10927,
'DISTANCE_ACCURACY_VALUE',
'Maximum model space distance between geometric entities at asserted c
onnectivities');
#10920=UNCERTAINTY_MEASURE_WITH_UNIT(LENGTH_MEASURE(0.01),#10927,
'DISTANCE_ACCURACY_VALUE',
'Maximum model space distance between geometric entities at asserted c
onnectivities');
#10921=UNCERTAINTY_MEASURE_WITH_UNIT(LENGTH_MEASURE(0.01),#10927,
'DISTANCE_ACCURACY_VALUE',
'Maximum model space distance between geometric entities at asserted c
onnectivities');
#10922=(
GEOMETRIC_REPRESENTATION_CONTEXT(3)
GLOBAL_UNCERTAINTY_ASSIGNED_CONTEXT((#10917))
GLOBAL_UNIT_ASSIGNED_CONTEXT((#10927,#10929,#10930))
REPRESENTATION_CONTEXT('','3D')
);
#10923=(
GEOMETRIC_REPRESENTATION_CONTEXT(3)
GLOBAL_UNCERTAINTY_ASSIGNED_CONTEXT((#10918))
GLOBAL_UNIT_ASSIGNED_CONTEXT((#10927,#10929,#10930))
REPRESENTATION_CONTEXT('','3D')
);
#10924=(
GEOMETRIC_REPRESENTATION_CONTEXT(3)
GLOBAL_UNCERTAINTY_ASSIGNED_CONTEXT((#10919))
GLOBAL_UNIT_ASSIGNED_CONTEXT((#10927,#10929,#10930))
REPRESENTATION_CONTEXT('','3D')
);
#10925=(
GEOMETRIC_REPRESENTATION_CONTEXT(3)
GLOBAL_UNCERTAINTY_ASSIGNED_CONTEXT((#10920))
GLOBAL_UNIT_ASSIGNED_CONTEXT((#10927,#10929,#10930))
REPRESENTATION_CONTEXT('','3D')
);
#10926=(
GEOMETRIC_REPRESENTATION_CONTEXT(3)
GLOBAL_UNCERTAINTY_ASSIGNED_CONTEXT((#10921))
GLOBAL_UNIT_ASSIGNED_CONTEXT((#10927,#10929,#10930))
REPRESENTATION_CONTEXT('','3D')
);
#10927=(
LENGTH_UNIT()
NAMED_UNIT(*)
SI_UNIT(.MILLI.,.METRE.)
);
#10928=(
LENGTH_UNIT()
NAMED_UNIT(*)
SI_UNIT($,.METRE.)
);
#10929=(
NAMED_UNIT(*)
PLANE_ANGLE_UNIT()
SI_UNIT($,.RADIAN.)
);
#10930=(
NAMED_UNIT(*)
SI_UNIT($,.STERADIAN.)
SOLID_ANGLE_UNIT()
);
#10931=SHAPE_DEFINITION_REPRESENTATION(#10935,#10942);
#10932=SHAPE_DEFINITION_REPRESENTATION(#10936,#10943);
#10933=SHAPE_DEFINITION_REPRESENTATION(#10937,#10944);
#10934=SHAPE_DEFINITION_REPRESENTATION(#10938,#10945);
#10935=PRODUCT_DEFINITION_SHAPE('',$,#10947);
#10936=PRODUCT_DEFINITION_SHAPE('',$,#10948);
#10937=PRODUCT_DEFINITION_SHAPE('',$,#10949);
#10938=PRODUCT_DEFINITION_SHAPE('',$,#10950);
#10939=PRODUCT_DEFINITION_SHAPE($,$,#20);
#10940=PRODUCT_DEFINITION_SHAPE($,$,#21);
#10941=PRODUCT_DEFINITION_SHAPE($,$,#22);
#10942=SHAPE_REPRESENTATION('',(#6497,#7125,#7126,#7127),#10922);
#10943=SHAPE_REPRESENTATION('',(#6498),#10923);
#10944=SHAPE_REPRESENTATION('',(#6499),#10924);
#10945=SHAPE_REPRESENTATION('',(#7124),#10925);
#10946=PRODUCT_DEFINITION_CONTEXT('part definition',#10960,'design');
#10947=PRODUCT_DEFINITION('.step 1','Keeb v7',#10951,#10946);
#10948=PRODUCT_DEFINITION('My-keebs_PCB','My-keebs_PCB',#10952,#10946);
#10949=PRODUCT_DEFINITION('Component39','Component39',#10953,#10946);
#10950=PRODUCT_DEFINITION('Component40','Component40',#10954,#10946);
#10951=PRODUCT_DEFINITION_FORMATION('',$,#10962);
#10952=PRODUCT_DEFINITION_FORMATION('',$,#10963);
#10953=PRODUCT_DEFINITION_FORMATION('',$,#10964);
#10954=PRODUCT_DEFINITION_FORMATION('',$,#10965);
#10955=PRODUCT_RELATED_PRODUCT_CATEGORY('Keeb v7','Keeb v7',(#10962));
#10956=PRODUCT_RELATED_PRODUCT_CATEGORY('My-keebs_PCB','My-keebs_PCB',(#10963));
#10957=PRODUCT_RELATED_PRODUCT_CATEGORY('Component39','Component39',(#10964));
#10958=PRODUCT_RELATED_PRODUCT_CATEGORY('Component40','Component40',(#10965));
#10959=APPLICATION_PROTOCOL_DEFINITION('international standard',
'automotive_design',2009,#10960);
#10960=APPLICATION_CONTEXT(
'Core Data for Automotive Mechanical Design Process');
#10961=PRODUCT_CONTEXT('part definition',#10960,'mechanical');
#10962=PRODUCT('.step 1','Keeb v7','KiCad electronic assembly',(#10961));
#10963=PRODUCT('My-keebs_PCB','My-keebs_PCB',$,(#10961));
#10964=PRODUCT('Component39','Component39',$,(#10961));
#10965=PRODUCT('Component40','Component40',$,(#10961));
#10966=PRESENTATION_STYLE_ASSIGNMENT((#10968));
#10967=PRESENTATION_STYLE_ASSIGNMENT((#10969));
#10968=SURFACE_STYLE_USAGE(.BOTH.,#10970);
#10969=SURFACE_STYLE_USAGE(.BOTH.,#10971);
#10970=SURFACE_SIDE_STYLE('',(#10972));
#10971=SURFACE_SIDE_STYLE('',(#10973));
#10972=SURFACE_STYLE_FILL_AREA(#10974);
#10973=SURFACE_STYLE_FILL_AREA(#10975);
#10974=FILL_AREA_STYLE('Steel - Satin',(#10976));
#10975=FILL_AREA_STYLE('Opaque(246,246,243)',(#10977));
#10976=FILL_AREA_STYLE_COLOUR('Steel - Satin',#10978);
#10977=FILL_AREA_STYLE_COLOUR('Opaque(246,246,243)',#10979);
#10978=COLOUR_RGB('Steel - Satin',0.627450980392157,0.627450980392157,0.627450980392157);
#10979=COLOUR_RGB('Opaque(246,246,243)',0.964705882352941,0.964705882352941,
0.952941176470588);
ENDSEC;
END-ISO-10303-21;
