ISO-10303-21;
HEADER;
/* Generated by software containing ST-Developer
 * from STEP Tools, Inc. (www.steptools.com) 
 */

FILE_DESCRIPTION(
/* description */ ('KiCad electronic assembly'),
/* implementation_level */ '2;1');

FILE_NAME(
/* name */ 'Keeb plate-right(step).step',
/* time_stamp */ '2026-09-05T16:30:03+05:30',
/* author */ (''),
/* organization */ (''),
/* preprocessor_version */ 'ST-DEVELOPER v20.1',
/* originating_system */ 'Autodesk Translation Framework v15.8.0.0',
/* authorisation */ '');

FILE_SCHEMA (('AUTOMOTIVE_DESIGN { 1 0 10303 214 3 1 1 }'));
ENDSEC;

DATA;
#10=MECHANICAL_DESIGN_GEOMETRIC_PRESENTATION_REPRESENTATION('',(#25),#10288);
#11=ITEM_DEFINED_TRANSFORMATION($,$,#6132,#6713);
#12=ITEM_DEFINED_TRANSFORMATION($,$,#6133,#6714);
#13=ITEM_DEFINED_TRANSFORMATION($,$,#6712,#6715);
#14=(
REPRESENTATION_RELATIONSHIP($,$,#10305,#10304)
REPRESENTATION_RELATIONSHIP_WITH_TRANSFORMATION(#11)
SHAPE_REPRESENTATION_RELATIONSHIP()
);
#15=(
REPRESENTATION_RELATIONSHIP($,$,#10306,#10304)
REPRESENTATION_RELATIONSHIP_WITH_TRANSFORMATION(#12)
SHAPE_REPRESENTATION_RELATIONSHIP()
);
#16=(
REPRESENTATION_RELATIONSHIP($,$,#10307,#10304)
REPRESENTATION_RELATIONSHIP_WITH_TRANSFORMATION(#13)
SHAPE_REPRESENTATION_RELATIONSHIP()
);
#17=CONTEXT_DEPENDENT_SHAPE_REPRESENTATION(#14,#10301);
#18=CONTEXT_DEPENDENT_SHAPE_REPRESENTATION(#15,#10302);
#19=CONTEXT_DEPENDENT_SHAPE_REPRESENTATION(#16,#10303);
#20=NEXT_ASSEMBLY_USAGE_OCCURRENCE('My-keebs_PCB:1','My-keebs_PCB:1',
'My-keebs_PCB:1',#10309,#10310,'My-keebs_PCB:1');
#21=NEXT_ASSEMBLY_USAGE_OCCURRENCE('Component39:1','Component39:1',
'Component39:1',#10309,#10311,'Component39:1');
#22=NEXT_ASSEMBLY_USAGE_OCCURRENCE('Component40:1','Component40:1',
'Component40:1',#10309,#10312,'Component40:1');
#23=SHAPE_REPRESENTATION_RELATIONSHIP('SRR','None',#10306,#24);
#24=ADVANCED_BREP_SHAPE_REPRESENTATION('',(#26),#10286);
#25=STYLED_ITEM('',(#10329),#26);
#26=MANIFOLD_SOLID_BREP('Body1',#6107);
#27=FACE_BOUND('',#562,.T.);
#28=FACE_BOUND('',#563,.T.);
#29=FACE_BOUND('',#564,.T.);
#30=FACE_BOUND('',#565,.T.);
#31=FACE_BOUND('',#566,.T.);
#32=FACE_BOUND('',#567,.T.);
#33=FACE_BOUND('',#568,.T.);
#34=FACE_BOUND('',#569,.T.);
#35=FACE_BOUND('',#570,.T.);
#36=FACE_BOUND('',#571,.T.);
#37=FACE_BOUND('',#572,.T.);
#38=FACE_BOUND('',#573,.T.);
#39=FACE_BOUND('',#574,.T.);
#40=FACE_BOUND('',#575,.T.);
#41=FACE_BOUND('',#576,.T.);
#42=FACE_BOUND('',#577,.T.);
#43=FACE_BOUND('',#578,.T.);
#44=FACE_BOUND('',#579,.T.);
#45=FACE_BOUND('',#580,.T.);
#46=FACE_BOUND('',#581,.T.);
#47=FACE_BOUND('',#582,.T.);
#48=FACE_BOUND('',#583,.T.);
#49=FACE_BOUND('',#584,.T.);
#50=FACE_BOUND('',#585,.T.);
#51=FACE_BOUND('',#586,.T.);
#52=FACE_BOUND('',#587,.T.);
#53=FACE_BOUND('',#588,.T.);
#54=FACE_BOUND('',#589,.T.);
#55=FACE_BOUND('',#590,.T.);
#56=FACE_BOUND('',#591,.T.);
#57=FACE_BOUND('',#592,.T.);
#58=FACE_BOUND('',#593,.T.);
#59=FACE_BOUND('',#594,.T.);
#60=FACE_BOUND('',#595,.T.);
#61=FACE_BOUND('',#876,.T.);
#62=FACE_BOUND('',#877,.T.);
#63=FACE_BOUND('',#878,.T.);
#64=FACE_BOUND('',#879,.T.);
#65=FACE_BOUND('',#880,.T.);
#66=FACE_BOUND('',#881,.T.);
#67=FACE_BOUND('',#882,.T.);
#68=FACE_BOUND('',#883,.T.);
#69=FACE_BOUND('',#884,.T.);
#70=FACE_BOUND('',#885,.T.);
#71=FACE_BOUND('',#886,.T.);
#72=FACE_BOUND('',#887,.T.);
#73=FACE_BOUND('',#888,.T.);
#74=FACE_BOUND('',#889,.T.);
#75=FACE_BOUND('',#890,.T.);
#76=FACE_BOUND('',#891,.T.);
#77=FACE_BOUND('',#892,.T.);
#78=FACE_BOUND('',#893,.T.);
#79=FACE_BOUND('',#894,.T.);
#80=FACE_BOUND('',#895,.T.);
#81=FACE_BOUND('',#896,.T.);
#82=FACE_BOUND('',#897,.T.);
#83=FACE_BOUND('',#898,.T.);
#84=FACE_BOUND('',#899,.T.);
#85=FACE_BOUND('',#900,.T.);
#86=FACE_BOUND('',#901,.T.);
#87=FACE_BOUND('',#902,.T.);
#88=FACE_BOUND('',#903,.T.);
#89=FACE_BOUND('',#904,.T.);
#90=FACE_BOUND('',#905,.T.);
#91=FACE_BOUND('',#906,.T.);
#92=FACE_BOUND('',#907,.T.);
#93=FACE_BOUND('',#908,.T.);
#94=FACE_BOUND('',#909,.T.);
#95=PLANE('',#6140);
#96=PLANE('',#6141);
#97=PLANE('',#6142);
#98=PLANE('',#6143);
#99=PLANE('',#6145);
#100=PLANE('',#6147);
#101=PLANE('',#6148);
#102=PLANE('',#6149);
#103=PLANE('',#6150);
#104=PLANE('',#6287);
#105=PLANE('',#6288);
#106=PLANE('',#6293);
#107=PLANE('',#6294);
#108=PLANE('',#6295);
#109=PLANE('',#6298);
#110=PLANE('',#6301);
#111=PLANE('',#6304);
#112=PLANE('',#6307);
#113=PLANE('',#6310);
#114=PLANE('',#6313);
#115=PLANE('',#6316);
#116=PLANE('',#6319);
#117=PLANE('',#6322);
#118=PLANE('',#6325);
#119=PLANE('',#6328);
#120=PLANE('',#6331);
#121=PLANE('',#6334);
#122=PLANE('',#6337);
#123=PLANE('',#6340);
#124=PLANE('',#6343);
#125=PLANE('',#6346);
#126=PLANE('',#6349);
#127=PLANE('',#6352);
#128=PLANE('',#6355);
#129=PLANE('',#6358);
#130=PLANE('',#6361);
#131=PLANE('',#6364);
#132=PLANE('',#6367);
#133=PLANE('',#6370);
#134=PLANE('',#6373);
#135=PLANE('',#6376);
#136=PLANE('',#6379);
#137=PLANE('',#6382);
#138=PLANE('',#6385);
#139=PLANE('',#6388);
#140=PLANE('',#6391);
#141=PLANE('',#6394);
#142=PLANE('',#6397);
#143=PLANE('',#6400);
#144=PLANE('',#6403);
#145=PLANE('',#6406);
#146=PLANE('',#6409);
#147=PLANE('',#6412);
#148=PLANE('',#6415);
#149=PLANE('',#6418);
#150=PLANE('',#6421);
#151=PLANE('',#6424);
#152=PLANE('',#6427);
#153=PLANE('',#6430);
#154=PLANE('',#6433);
#155=PLANE('',#6436);
#156=PLANE('',#6439);
#157=PLANE('',#6442);
#158=PLANE('',#6445);
#159=PLANE('',#6448);
#160=PLANE('',#6451);
#161=PLANE('',#6454);
#162=PLANE('',#6457);
#163=PLANE('',#6460);
#164=PLANE('',#6463);
#165=PLANE('',#6466);
#166=PLANE('',#6469);
#167=PLANE('',#6472);
#168=PLANE('',#6475);
#169=PLANE('',#6478);
#170=PLANE('',#6481);
#171=PLANE('',#6484);
#172=PLANE('',#6487);
#173=PLANE('',#6490);
#174=PLANE('',#6493);
#175=PLANE('',#6496);
#176=PLANE('',#6501);
#177=PLANE('',#6504);
#178=PLANE('',#6507);
#179=PLANE('',#6510);
#180=PLANE('',#6513);
#181=PLANE('',#6516);
#182=PLANE('',#6519);
#183=PLANE('',#6522);
#184=PLANE('',#6525);
#185=PLANE('',#6528);
#186=PLANE('',#6531);
#187=PLANE('',#6534);
#188=PLANE('',#6537);
#189=PLANE('',#6540);
#190=PLANE('',#6543);
#191=PLANE('',#6546);
#192=PLANE('',#6549);
#193=PLANE('',#6552);
#194=PLANE('',#6555);
#195=PLANE('',#6558);
#196=PLANE('',#6561);
#197=PLANE('',#6566);
#198=PLANE('',#6569);
#199=PLANE('',#6570);
#200=PLANE('',#6573);
#201=PLANE('',#6576);
#202=PLANE('',#6579);
#203=PLANE('',#6584);
#204=PLANE('',#6587);
#205=PLANE('',#6588);
#206=PLANE('',#6591);
#207=PLANE('',#6594);
#208=PLANE('',#6597);
#209=PLANE('',#6600);
#210=PLANE('',#6603);
#211=PLANE('',#6606);
#212=PLANE('',#6609);
#213=PLANE('',#6612);
#214=PLANE('',#6615);
#215=PLANE('',#6618);
#216=PLANE('',#6621);
#217=PLANE('',#6624);
#218=PLANE('',#6627);
#219=PLANE('',#6630);
#220=PLANE('',#6633);
#221=PLANE('',#6636);
#222=PLANE('',#6639);
#223=PLANE('',#6642);
#224=PLANE('',#6645);
#225=PLANE('',#6648);
#226=PLANE('',#6651);
#227=PLANE('',#6654);
#228=PLANE('',#6657);
#229=PLANE('',#6660);
#230=PLANE('',#6663);
#231=PLANE('',#6666);
#232=PLANE('',#6669);
#233=PLANE('',#6672);
#234=PLANE('',#6675);
#235=PLANE('',#6678);
#236=PLANE('',#6681);
#237=PLANE('',#6684);
#238=PLANE('',#6687);
#239=PLANE('',#6690);
#240=PLANE('',#6693);
#241=PLANE('',#6696);
#242=PLANE('',#6699);
#243=PLANE('',#6702);
#244=PLANE('',#6703);
#245=PLANE('',#6704);
#246=PLANE('',#6705);
#247=PLANE('',#6706);
#248=PLANE('',#6707);
#249=PLANE('',#6708);
#250=PLANE('',#6709);
#251=PLANE('',#6710);
#252=PLANE('',#6711);
#253=FACE_OUTER_BOUND('',#551,.T.);
#254=FACE_OUTER_BOUND('',#552,.T.);
#255=FACE_OUTER_BOUND('',#553,.T.);
#256=FACE_OUTER_BOUND('',#554,.T.);
#257=FACE_OUTER_BOUND('',#555,.T.);
#258=FACE_OUTER_BOUND('',#556,.T.);
#259=FACE_OUTER_BOUND('',#557,.T.);
#260=FACE_OUTER_BOUND('',#558,.T.);
#261=FACE_OUTER_BOUND('',#559,.T.);
#262=FACE_OUTER_BOUND('',#560,.T.);
#263=FACE_OUTER_BOUND('',#561,.T.);
#264=FACE_OUTER_BOUND('',#596,.T.);
#265=FACE_OUTER_BOUND('',#597,.T.);
#266=FACE_OUTER_BOUND('',#598,.T.);
#267=FACE_OUTER_BOUND('',#599,.T.);
#268=FACE_OUTER_BOUND('',#600,.T.);
#269=FACE_OUTER_BOUND('',#601,.T.);
#270=FACE_OUTER_BOUND('',#602,.T.);
#271=FACE_OUTER_BOUND('',#603,.T.);
#272=FACE_OUTER_BOUND('',#604,.T.);
#273=FACE_OUTER_BOUND('',#605,.T.);
#274=FACE_OUTER_BOUND('',#606,.T.);
#275=FACE_OUTER_BOUND('',#607,.T.);
#276=FACE_OUTER_BOUND('',#608,.T.);
#277=FACE_OUTER_BOUND('',#609,.T.);
#278=FACE_OUTER_BOUND('',#610,.T.);
#279=FACE_OUTER_BOUND('',#611,.T.);
#280=FACE_OUTER_BOUND('',#612,.T.);
#281=FACE_OUTER_BOUND('',#613,.T.);
#282=FACE_OUTER_BOUND('',#614,.T.);
#283=FACE_OUTER_BOUND('',#615,.T.);
#284=FACE_OUTER_BOUND('',#616,.T.);
#285=FACE_OUTER_BOUND('',#617,.T.);
#286=FACE_OUTER_BOUND('',#618,.T.);
#287=FACE_OUTER_BOUND('',#619,.T.);
#288=FACE_OUTER_BOUND('',#620,.T.);
#289=FACE_OUTER_BOUND('',#621,.T.);
#290=FACE_OUTER_BOUND('',#622,.T.);
#291=FACE_OUTER_BOUND('',#623,.T.);
#292=FACE_OUTER_BOUND('',#624,.T.);
#293=FACE_OUTER_BOUND('',#625,.T.);
#294=FACE_OUTER_BOUND('',#626,.T.);
#295=FACE_OUTER_BOUND('',#627,.T.);
#296=FACE_OUTER_BOUND('',#628,.T.);
#297=FACE_OUTER_BOUND('',#629,.T.);
#298=FACE_OUTER_BOUND('',#630,.T.);
#299=FACE_OUTER_BOUND('',#631,.T.);
#300=FACE_OUTER_BOUND('',#632,.T.);
#301=FACE_OUTER_BOUND('',#633,.T.);
#302=FACE_OUTER_BOUND('',#634,.T.);
#303=FACE_OUTER_BOUND('',#635,.T.);
#304=FACE_OUTER_BOUND('',#636,.T.);
#305=FACE_OUTER_BOUND('',#637,.T.);
#306=FACE_OUTER_BOUND('',#638,.T.);
#307=FACE_OUTER_BOUND('',#639,.T.);
#308=FACE_OUTER_BOUND('',#640,.T.);
#309=FACE_OUTER_BOUND('',#641,.T.);
#310=FACE_OUTER_BOUND('',#642,.T.);
#311=FACE_OUTER_BOUND('',#643,.T.);
#312=FACE_OUTER_BOUND('',#644,.T.);
#313=FACE_OUTER_BOUND('',#645,.T.);
#314=FACE_OUTER_BOUND('',#646,.T.);
#315=FACE_OUTER_BOUND('',#647,.T.);
#316=FACE_OUTER_BOUND('',#648,.T.);
#317=FACE_OUTER_BOUND('',#649,.T.);
#318=FACE_OUTER_BOUND('',#650,.T.);
#319=FACE_OUTER_BOUND('',#651,.T.);
#320=FACE_OUTER_BOUND('',#652,.T.);
#321=FACE_OUTER_BOUND('',#653,.T.);
#322=FACE_OUTER_BOUND('',#654,.T.);
#323=FACE_OUTER_BOUND('',#655,.T.);
#324=FACE_OUTER_BOUND('',#656,.T.);
#325=FACE_OUTER_BOUND('',#657,.T.);
#326=FACE_OUTER_BOUND('',#658,.T.);
#327=FACE_OUTER_BOUND('',#659,.T.);
#328=FACE_OUTER_BOUND('',#660,.T.);
#329=FACE_OUTER_BOUND('',#661,.T.);
#330=FACE_OUTER_BOUND('',#662,.T.);
#331=FACE_OUTER_BOUND('',#663,.T.);
#332=FACE_OUTER_BOUND('',#664,.T.);
#333=FACE_OUTER_BOUND('',#665,.T.);
#334=FACE_OUTER_BOUND('',#666,.T.);
#335=FACE_OUTER_BOUND('',#667,.T.);
#336=FACE_OUTER_BOUND('',#668,.T.);
#337=FACE_OUTER_BOUND('',#669,.T.);
#338=FACE_OUTER_BOUND('',#670,.T.);
#339=FACE_OUTER_BOUND('',#671,.T.);
#340=FACE_OUTER_BOUND('',#672,.T.);
#341=FACE_OUTER_BOUND('',#673,.T.);
#342=FACE_OUTER_BOUND('',#674,.T.);
#343=FACE_OUTER_BOUND('',#675,.T.);
#344=FACE_OUTER_BOUND('',#676,.T.);
#345=FACE_OUTER_BOUND('',#677,.T.);
#346=FACE_OUTER_BOUND('',#678,.T.);
#347=FACE_OUTER_BOUND('',#679,.T.);
#348=FACE_OUTER_BOUND('',#680,.T.);
#349=FACE_OUTER_BOUND('',#681,.T.);
#350=FACE_OUTER_BOUND('',#682,.T.);
#351=FACE_OUTER_BOUND('',#683,.T.);
#352=FACE_OUTER_BOUND('',#684,.T.);
#353=FACE_OUTER_BOUND('',#685,.T.);
#354=FACE_OUTER_BOUND('',#686,.T.);
#355=FACE_OUTER_BOUND('',#687,.T.);
#356=FACE_OUTER_BOUND('',#688,.T.);
#357=FACE_OUTER_BOUND('',#689,.T.);
#358=FACE_OUTER_BOUND('',#690,.T.);
#359=FACE_OUTER_BOUND('',#691,.T.);
#360=FACE_OUTER_BOUND('',#692,.T.);
#361=FACE_OUTER_BOUND('',#693,.T.);
#362=FACE_OUTER_BOUND('',#694,.T.);
#363=FACE_OUTER_BOUND('',#695,.T.);
#364=FACE_OUTER_BOUND('',#696,.T.);
#365=FACE_OUTER_BOUND('',#697,.T.);
#366=FACE_OUTER_BOUND('',#698,.T.);
#367=FACE_OUTER_BOUND('',#699,.T.);
#368=FACE_OUTER_BOUND('',#700,.T.);
#369=FACE_OUTER_BOUND('',#701,.T.);
#370=FACE_OUTER_BOUND('',#702,.T.);
#371=FACE_OUTER_BOUND('',#703,.T.);
#372=FACE_OUTER_BOUND('',#704,.T.);
#373=FACE_OUTER_BOUND('',#705,.T.);
#374=FACE_OUTER_BOUND('',#706,.T.);
#375=FACE_OUTER_BOUND('',#707,.T.);
#376=FACE_OUTER_BOUND('',#708,.T.);
#377=FACE_OUTER_BOUND('',#709,.T.);
#378=FACE_OUTER_BOUND('',#710,.T.);
#379=FACE_OUTER_BOUND('',#711,.T.);
#380=FACE_OUTER_BOUND('',#712,.T.);
#381=FACE_OUTER_BOUND('',#713,.T.);
#382=FACE_OUTER_BOUND('',#714,.T.);
#383=FACE_OUTER_BOUND('',#715,.T.);
#384=FACE_OUTER_BOUND('',#716,.T.);
#385=FACE_OUTER_BOUND('',#717,.T.);
#386=FACE_OUTER_BOUND('',#718,.T.);
#387=FACE_OUTER_BOUND('',#719,.T.);
#388=FACE_OUTER_BOUND('',#720,.T.);
#389=FACE_OUTER_BOUND('',#721,.T.);
#390=FACE_OUTER_BOUND('',#722,.T.);
#391=FACE_OUTER_BOUND('',#723,.T.);
#392=FACE_OUTER_BOUND('',#724,.T.);
#393=FACE_OUTER_BOUND('',#725,.T.);
#394=FACE_OUTER_BOUND('',#726,.T.);
#395=FACE_OUTER_BOUND('',#727,.T.);
#396=FACE_OUTER_BOUND('',#728,.T.);
#397=FACE_OUTER_BOUND('',#729,.T.);
#398=FACE_OUTER_BOUND('',#730,.T.);
#399=FACE_OUTER_BOUND('',#731,.T.);
#400=FACE_OUTER_BOUND('',#732,.T.);
#401=FACE_OUTER_BOUND('',#733,.T.);
#402=FACE_OUTER_BOUND('',#734,.T.);
#403=FACE_OUTER_BOUND('',#735,.T.);
#404=FACE_OUTER_BOUND('',#736,.T.);
#405=FACE_OUTER_BOUND('',#737,.T.);
#406=FACE_OUTER_BOUND('',#738,.T.);
#407=FACE_OUTER_BOUND('',#739,.T.);
#408=FACE_OUTER_BOUND('',#740,.T.);
#409=FACE_OUTER_BOUND('',#741,.T.);
#410=FACE_OUTER_BOUND('',#742,.T.);
#411=FACE_OUTER_BOUND('',#743,.T.);
#412=FACE_OUTER_BOUND('',#744,.T.);
#413=FACE_OUTER_BOUND('',#745,.T.);
#414=FACE_OUTER_BOUND('',#746,.T.);
#415=FACE_OUTER_BOUND('',#747,.T.);
#416=FACE_OUTER_BOUND('',#748,.T.);
#417=FACE_OUTER_BOUND('',#749,.T.);
#418=FACE_OUTER_BOUND('',#750,.T.);
#419=FACE_OUTER_BOUND('',#751,.T.);
#420=FACE_OUTER_BOUND('',#752,.T.);
#421=FACE_OUTER_BOUND('',#753,.T.);
#422=FACE_OUTER_BOUND('',#754,.T.);
#423=FACE_OUTER_BOUND('',#755,.T.);
#424=FACE_OUTER_BOUND('',#756,.T.);
#425=FACE_OUTER_BOUND('',#757,.T.);
#426=FACE_OUTER_BOUND('',#758,.T.);
#427=FACE_OUTER_BOUND('',#759,.T.);
#428=FACE_OUTER_BOUND('',#760,.T.);
#429=FACE_OUTER_BOUND('',#761,.T.);
#430=FACE_OUTER_BOUND('',#762,.T.);
#431=FACE_OUTER_BOUND('',#763,.T.);
#432=FACE_OUTER_BOUND('',#764,.T.);
#433=FACE_OUTER_BOUND('',#765,.T.);
#434=FACE_OUTER_BOUND('',#766,.T.);
#435=FACE_OUTER_BOUND('',#767,.T.);
#436=FACE_OUTER_BOUND('',#768,.T.);
#437=FACE_OUTER_BOUND('',#769,.T.);
#438=FACE_OUTER_BOUND('',#770,.T.);
#439=FACE_OUTER_BOUND('',#771,.T.);
#440=FACE_OUTER_BOUND('',#772,.T.);
#441=FACE_OUTER_BOUND('',#773,.T.);
#442=FACE_OUTER_BOUND('',#774,.T.);
#443=FACE_OUTER_BOUND('',#775,.T.);
#444=FACE_OUTER_BOUND('',#776,.T.);
#445=FACE_OUTER_BOUND('',#777,.T.);
#446=FACE_OUTER_BOUND('',#778,.T.);
#447=FACE_OUTER_BOUND('',#779,.T.);
#448=FACE_OUTER_BOUND('',#780,.T.);
#449=FACE_OUTER_BOUND('',#781,.T.);
#450=FACE_OUTER_BOUND('',#782,.T.);
#451=FACE_OUTER_BOUND('',#783,.T.);
#452=FACE_OUTER_BOUND('',#784,.T.);
#453=FACE_OUTER_BOUND('',#785,.T.);
#454=FACE_OUTER_BOUND('',#786,.T.);
#455=FACE_OUTER_BOUND('',#787,.T.);
#456=FACE_OUTER_BOUND('',#788,.T.);
#457=FACE_OUTER_BOUND('',#789,.T.);
#458=FACE_OUTER_BOUND('',#790,.T.);
#459=FACE_OUTER_BOUND('',#791,.T.);
#460=FACE_OUTER_BOUND('',#792,.T.);
#461=FACE_OUTER_BOUND('',#793,.T.);
#462=FACE_OUTER_BOUND('',#794,.T.);
#463=FACE_OUTER_BOUND('',#795,.T.);
#464=FACE_OUTER_BOUND('',#796,.T.);
#465=FACE_OUTER_BOUND('',#797,.T.);
#466=FACE_OUTER_BOUND('',#798,.T.);
#467=FACE_OUTER_BOUND('',#799,.T.);
#468=FACE_OUTER_BOUND('',#800,.T.);
#469=FACE_OUTER_BOUND('',#801,.T.);
#470=FACE_OUTER_BOUND('',#802,.T.);
#471=FACE_OUTER_BOUND('',#803,.T.);
#472=FACE_OUTER_BOUND('',#804,.T.);
#473=FACE_OUTER_BOUND('',#805,.T.);
#474=FACE_OUTER_BOUND('',#806,.T.);
#475=FACE_OUTER_BOUND('',#807,.T.);
#476=FACE_OUTER_BOUND('',#808,.T.);
#477=FACE_OUTER_BOUND('',#809,.T.);
#478=FACE_OUTER_BOUND('',#810,.T.);
#479=FACE_OUTER_BOUND('',#811,.T.);
#480=FACE_OUTER_BOUND('',#812,.T.);
#481=FACE_OUTER_BOUND('',#813,.T.);
#482=FACE_OUTER_BOUND('',#814,.T.);
#483=FACE_OUTER_BOUND('',#815,.T.);
#484=FACE_OUTER_BOUND('',#816,.T.);
#485=FACE_OUTER_BOUND('',#817,.T.);
#486=FACE_OUTER_BOUND('',#818,.T.);
#487=FACE_OUTER_BOUND('',#819,.T.);
#488=FACE_OUTER_BOUND('',#820,.T.);
#489=FACE_OUTER_BOUND('',#821,.T.);
#490=FACE_OUTER_BOUND('',#822,.T.);
#491=FACE_OUTER_BOUND('',#823,.T.);
#492=FACE_OUTER_BOUND('',#824,.T.);
#493=FACE_OUTER_BOUND('',#825,.T.);
#494=FACE_OUTER_BOUND('',#826,.T.);
#495=FACE_OUTER_BOUND('',#827,.T.);
#496=FACE_OUTER_BOUND('',#828,.T.);
#497=FACE_OUTER_BOUND('',#829,.T.);
#498=FACE_OUTER_BOUND('',#830,.T.);
#499=FACE_OUTER_BOUND('',#831,.T.);
#500=FACE_OUTER_BOUND('',#832,.T.);
#501=FACE_OUTER_BOUND('',#833,.T.);
#502=FACE_OUTER_BOUND('',#834,.T.);
#503=FACE_OUTER_BOUND('',#835,.T.);
#504=FACE_OUTER_BOUND('',#836,.T.);
#505=FACE_OUTER_BOUND('',#837,.T.);
#506=FACE_OUTER_BOUND('',#838,.T.);
#507=FACE_OUTER_BOUND('',#839,.T.);
#508=FACE_OUTER_BOUND('',#840,.T.);
#509=FACE_OUTER_BOUND('',#841,.T.);
#510=FACE_OUTER_BOUND('',#842,.T.);
#511=FACE_OUTER_BOUND('',#843,.T.);
#512=FACE_OUTER_BOUND('',#844,.T.);
#513=FACE_OUTER_BOUND('',#845,.T.);
#514=FACE_OUTER_BOUND('',#846,.T.);
#515=FACE_OUTER_BOUND('',#847,.T.);
#516=FACE_OUTER_BOUND('',#848,.T.);
#517=FACE_OUTER_BOUND('',#849,.T.);
#518=FACE_OUTER_BOUND('',#850,.T.);
#519=FACE_OUTER_BOUND('',#851,.T.);
#520=FACE_OUTER_BOUND('',#852,.T.);
#521=FACE_OUTER_BOUND('',#853,.T.);
#522=FACE_OUTER_BOUND('',#854,.T.);
#523=FACE_OUTER_BOUND('',#855,.T.);
#524=FACE_OUTER_BOUND('',#856,.T.);
#525=FACE_OUTER_BOUND('',#857,.T.);
#526=FACE_OUTER_BOUND('',#858,.T.);
#527=FACE_OUTER_BOUND('',#859,.T.);
#528=FACE_OUTER_BOUND('',#860,.T.);
#529=FACE_OUTER_BOUND('',#861,.T.);
#530=FACE_OUTER_BOUND('',#862,.T.);
#531=FACE_OUTER_BOUND('',#863,.T.);
#532=FACE_OUTER_BOUND('',#864,.T.);
#533=FACE_OUTER_BOUND('',#865,.T.);
#534=FACE_OUTER_BOUND('',#866,.T.);
#535=FACE_OUTER_BOUND('',#867,.T.);
#536=FACE_OUTER_BOUND('',#868,.T.);
#537=FACE_OUTER_BOUND('',#869,.T.);
#538=FACE_OUTER_BOUND('',#870,.T.);
#539=FACE_OUTER_BOUND('',#871,.T.);
#540=FACE_OUTER_BOUND('',#872,.T.);
#541=FACE_OUTER_BOUND('',#873,.T.);
#542=FACE_OUTER_BOUND('',#874,.T.);
#543=FACE_OUTER_BOUND('',#875,.T.);
#544=FACE_OUTER_BOUND('',#910,.T.);
#545=FACE_OUTER_BOUND('',#911,.T.);
#546=FACE_OUTER_BOUND('',#912,.T.);
#547=FACE_OUTER_BOUND('',#913,.T.);
#548=FACE_OUTER_BOUND('',#914,.T.);
#549=FACE_OUTER_BOUND('',#915,.T.);
#550=FACE_OUTER_BOUND('',#916,.T.);
#551=EDGE_LOOP('',(#3893,#3894,#3895,#3896));
#552=EDGE_LOOP('',(#3897,#3898,#3899,#3900));
#553=EDGE_LOOP('',(#3901,#3902,#3903,#3904,#3905,#3906));
#554=EDGE_LOOP('',(#3907,#3908,#3909,#3910));
#555=EDGE_LOOP('',(#3911,#3912,#3913,#3914));
#556=EDGE_LOOP('',(#3915,#3916,#3917,#3918,#3919,#3920));
#557=EDGE_LOOP('',(#3921,#3922,#3923,#3924,#3925,#3926));
#558=EDGE_LOOP('',(#3927,#3928,#3929,#3930));
#559=EDGE_LOOP('',(#3931,#3932,#3933,#3934));
#560=EDGE_LOOP('',(#3935,#3936,#3937,#3938));
#561=EDGE_LOOP('',(#3939,#3940,#3941,#3942,#3943,#3944,#3945,#3946,#3947,
#3948,#3949,#3950,#3951,#3952,#3953,#3954,#3955,#3956,#3957,#3958,#3959,
#3960,#3961,#3962,#3963,#3964,#3965,#3966,#3967,#3968,#3969,#3970));
#562=EDGE_LOOP('',(#3971,#3972,#3973,#3974,#3975,#3976,#3977,#3978));
#563=EDGE_LOOP('',(#3979,#3980,#3981,#3982,#3983,#3984,#3985,#3986));
#564=EDGE_LOOP('',(#3987,#3988,#3989,#3990,#3991,#3992,#3993,#3994));
#565=EDGE_LOOP('',(#3995,#3996,#3997,#3998,#3999,#4000,#4001,#4002));
#566=EDGE_LOOP('',(#4003,#4004,#4005,#4006,#4007,#4008,#4009,#4010));
#567=EDGE_LOOP('',(#4011,#4012,#4013,#4014,#4015,#4016,#4017,#4018));
#568=EDGE_LOOP('',(#4019,#4020,#4021,#4022,#4023,#4024,#4025,#4026));
#569=EDGE_LOOP('',(#4027,#4028,#4029,#4030,#4031,#4032,#4033,#4034));
#570=EDGE_LOOP('',(#4035,#4036,#4037,#4038,#4039,#4040,#4041,#4042));
#571=EDGE_LOOP('',(#4043,#4044,#4045,#4046,#4047,#4048,#4049,#4050));
#572=EDGE_LOOP('',(#4051,#4052,#4053,#4054,#4055,#4056,#4057,#4058));
#573=EDGE_LOOP('',(#4059,#4060,#4061,#4062,#4063,#4064,#4065,#4066));
#574=EDGE_LOOP('',(#4067,#4068,#4069,#4070,#4071,#4072,#4073,#4074));
#575=EDGE_LOOP('',(#4075,#4076,#4077,#4078,#4079,#4080,#4081,#4082));
#576=EDGE_LOOP('',(#4083,#4084,#4085,#4086,#4087,#4088,#4089,#4090));
#577=EDGE_LOOP('',(#4091,#4092,#4093,#4094,#4095,#4096,#4097,#4098));
#578=EDGE_LOOP('',(#4099,#4100,#4101,#4102,#4103,#4104,#4105,#4106));
#579=EDGE_LOOP('',(#4107,#4108,#4109,#4110,#4111,#4112,#4113,#4114));
#580=EDGE_LOOP('',(#4115,#4116,#4117,#4118,#4119,#4120,#4121,#4122));
#581=EDGE_LOOP('',(#4123,#4124,#4125,#4126,#4127,#4128,#4129,#4130));
#582=EDGE_LOOP('',(#4131,#4132,#4133,#4134,#4135,#4136,#4137,#4138));
#583=EDGE_LOOP('',(#4139,#4140,#4141,#4142,#4143,#4144,#4145,#4146));
#584=EDGE_LOOP('',(#4147,#4148,#4149,#4150,#4151,#4152,#4153,#4154));
#585=EDGE_LOOP('',(#4155,#4156,#4157,#4158,#4159,#4160,#4161,#4162));
#586=EDGE_LOOP('',(#4163,#4164,#4165,#4166,#4167,#4168,#4169,#4170));
#587=EDGE_LOOP('',(#4171,#4172,#4173,#4174,#4175,#4176,#4177,#4178));
#588=EDGE_LOOP('',(#4179,#4180,#4181,#4182,#4183,#4184,#4185,#4186));
#589=EDGE_LOOP('',(#4187,#4188,#4189,#4190,#4191,#4192,#4193,#4194));
#590=EDGE_LOOP('',(#4195,#4196,#4197,#4198,#4199,#4200,#4201,#4202));
#591=EDGE_LOOP('',(#4203,#4204,#4205,#4206,#4207,#4208,#4209,#4210));
#592=EDGE_LOOP('',(#4211,#4212,#4213,#4214,#4215,#4216,#4217,#4218));
#593=EDGE_LOOP('',(#4219,#4220,#4221,#4222,#4223,#4224,#4225,#4226));
#594=EDGE_LOOP('',(#4227));
#595=EDGE_LOOP('',(#4228));
#596=EDGE_LOOP('',(#4229,#4230,#4231,#4232));
#597=EDGE_LOOP('',(#4233,#4234,#4235,#4236));
#598=EDGE_LOOP('',(#4237,#4238,#4239,#4240));
#599=EDGE_LOOP('',(#4241,#4242,#4243,#4244));
#600=EDGE_LOOP('',(#4245,#4246,#4247,#4248));
#601=EDGE_LOOP('',(#4249,#4250,#4251,#4252));
#602=EDGE_LOOP('',(#4253,#4254,#4255,#4256));
#603=EDGE_LOOP('',(#4257,#4258,#4259,#4260));
#604=EDGE_LOOP('',(#4261,#4262,#4263,#4264));
#605=EDGE_LOOP('',(#4265,#4266,#4267,#4268));
#606=EDGE_LOOP('',(#4269,#4270,#4271,#4272));
#607=EDGE_LOOP('',(#4273,#4274,#4275,#4276));
#608=EDGE_LOOP('',(#4277,#4278,#4279,#4280));
#609=EDGE_LOOP('',(#4281,#4282,#4283,#4284));
#610=EDGE_LOOP('',(#4285,#4286,#4287,#4288));
#611=EDGE_LOOP('',(#4289,#4290,#4291,#4292));
#612=EDGE_LOOP('',(#4293,#4294,#4295,#4296));
#613=EDGE_LOOP('',(#4297,#4298,#4299,#4300));
#614=EDGE_LOOP('',(#4301,#4302,#4303,#4304));
#615=EDGE_LOOP('',(#4305,#4306,#4307,#4308));
#616=EDGE_LOOP('',(#4309,#4310,#4311,#4312));
#617=EDGE_LOOP('',(#4313,#4314,#4315,#4316));
#618=EDGE_LOOP('',(#4317,#4318,#4319,#4320));
#619=EDGE_LOOP('',(#4321,#4322,#4323,#4324));
#620=EDGE_LOOP('',(#4325,#4326,#4327,#4328));
#621=EDGE_LOOP('',(#4329,#4330,#4331,#4332));
#622=EDGE_LOOP('',(#4333,#4334,#4335,#4336));
#623=EDGE_LOOP('',(#4337,#4338,#4339,#4340));
#624=EDGE_LOOP('',(#4341,#4342,#4343,#4344));
#625=EDGE_LOOP('',(#4345,#4346,#4347,#4348));
#626=EDGE_LOOP('',(#4349,#4350,#4351,#4352));
#627=EDGE_LOOP('',(#4353,#4354,#4355,#4356));
#628=EDGE_LOOP('',(#4357,#4358,#4359,#4360));
#629=EDGE_LOOP('',(#4361,#4362,#4363,#4364));
#630=EDGE_LOOP('',(#4365,#4366,#4367,#4368));
#631=EDGE_LOOP('',(#4369,#4370,#4371,#4372));
#632=EDGE_LOOP('',(#4373,#4374,#4375,#4376));
#633=EDGE_LOOP('',(#4377,#4378,#4379,#4380));
#634=EDGE_LOOP('',(#4381,#4382,#4383,#4384));
#635=EDGE_LOOP('',(#4385,#4386,#4387,#4388));
#636=EDGE_LOOP('',(#4389,#4390,#4391,#4392));
#637=EDGE_LOOP('',(#4393,#4394,#4395,#4396));
#638=EDGE_LOOP('',(#4397,#4398,#4399,#4400));
#639=EDGE_LOOP('',(#4401,#4402,#4403,#4404));
#640=EDGE_LOOP('',(#4405,#4406,#4407,#4408));
#641=EDGE_LOOP('',(#4409,#4410,#4411,#4412));
#642=EDGE_LOOP('',(#4413,#4414,#4415,#4416));
#643=EDGE_LOOP('',(#4417,#4418,#4419,#4420));
#644=EDGE_LOOP('',(#4421,#4422,#4423,#4424));
#645=EDGE_LOOP('',(#4425,#4426,#4427,#4428));
#646=EDGE_LOOP('',(#4429,#4430,#4431,#4432));
#647=EDGE_LOOP('',(#4433,#4434,#4435,#4436));
#648=EDGE_LOOP('',(#4437,#4438,#4439,#4440));
#649=EDGE_LOOP('',(#4441,#4442,#4443,#4444));
#650=EDGE_LOOP('',(#4445,#4446,#4447,#4448));
#651=EDGE_LOOP('',(#4449,#4450,#4451,#4452));
#652=EDGE_LOOP('',(#4453,#4454,#4455,#4456));
#653=EDGE_LOOP('',(#4457,#4458,#4459,#4460));
#654=EDGE_LOOP('',(#4461,#4462,#4463,#4464));
#655=EDGE_LOOP('',(#4465,#4466,#4467,#4468));
#656=EDGE_LOOP('',(#4469,#4470,#4471,#4472));
#657=EDGE_LOOP('',(#4473,#4474,#4475,#4476));
#658=EDGE_LOOP('',(#4477,#4478,#4479,#4480));
#659=EDGE_LOOP('',(#4481,#4482,#4483,#4484));
#660=EDGE_LOOP('',(#4485,#4486,#4487,#4488));
#661=EDGE_LOOP('',(#4489,#4490,#4491,#4492));
#662=EDGE_LOOP('',(#4493,#4494,#4495,#4496));
#663=EDGE_LOOP('',(#4497,#4498,#4499,#4500));
#664=EDGE_LOOP('',(#4501,#4502,#4503,#4504));
#665=EDGE_LOOP('',(#4505,#4506,#4507,#4508));
#666=EDGE_LOOP('',(#4509,#4510,#4511,#4512));
#667=EDGE_LOOP('',(#4513,#4514,#4515,#4516));
#668=EDGE_LOOP('',(#4517,#4518,#4519,#4520));
#669=EDGE_LOOP('',(#4521,#4522,#4523,#4524));
#670=EDGE_LOOP('',(#4525,#4526,#4527,#4528));
#671=EDGE_LOOP('',(#4529,#4530,#4531,#4532));
#672=EDGE_LOOP('',(#4533,#4534,#4535,#4536));
#673=EDGE_LOOP('',(#4537,#4538,#4539,#4540));
#674=EDGE_LOOP('',(#4541,#4542,#4543,#4544));
#675=EDGE_LOOP('',(#4545,#4546,#4547,#4548));
#676=EDGE_LOOP('',(#4549,#4550,#4551,#4552));
#677=EDGE_LOOP('',(#4553,#4554,#4555,#4556));
#678=EDGE_LOOP('',(#4557,#4558,#4559,#4560));
#679=EDGE_LOOP('',(#4561,#4562,#4563,#4564));
#680=EDGE_LOOP('',(#4565,#4566,#4567,#4568));
#681=EDGE_LOOP('',(#4569,#4570,#4571,#4572));
#682=EDGE_LOOP('',(#4573,#4574,#4575,#4576));
#683=EDGE_LOOP('',(#4577,#4578,#4579,#4580));
#684=EDGE_LOOP('',(#4581,#4582,#4583,#4584));
#685=EDGE_LOOP('',(#4585,#4586,#4587,#4588));
#686=EDGE_LOOP('',(#4589,#4590,#4591,#4592));
#687=EDGE_LOOP('',(#4593,#4594,#4595,#4596));
#688=EDGE_LOOP('',(#4597,#4598,#4599,#4600));
#689=EDGE_LOOP('',(#4601,#4602,#4603,#4604));
#690=EDGE_LOOP('',(#4605,#4606,#4607,#4608));
#691=EDGE_LOOP('',(#4609,#4610,#4611,#4612));
#692=EDGE_LOOP('',(#4613,#4614,#4615,#4616));
#693=EDGE_LOOP('',(#4617,#4618,#4619,#4620));
#694=EDGE_LOOP('',(#4621,#4622,#4623,#4624));
#695=EDGE_LOOP('',(#4625,#4626,#4627,#4628));
#696=EDGE_LOOP('',(#4629,#4630,#4631,#4632));
#697=EDGE_LOOP('',(#4633,#4634,#4635,#4636));
#698=EDGE_LOOP('',(#4637,#4638,#4639,#4640));
#699=EDGE_LOOP('',(#4641,#4642,#4643,#4644));
#700=EDGE_LOOP('',(#4645,#4646,#4647,#4648));
#701=EDGE_LOOP('',(#4649,#4650,#4651,#4652));
#702=EDGE_LOOP('',(#4653,#4654,#4655,#4656));
#703=EDGE_LOOP('',(#4657,#4658,#4659,#4660));
#704=EDGE_LOOP('',(#4661,#4662,#4663,#4664));
#705=EDGE_LOOP('',(#4665,#4666,#4667,#4668));
#706=EDGE_LOOP('',(#4669,#4670,#4671,#4672));
#707=EDGE_LOOP('',(#4673,#4674,#4675,#4676));
#708=EDGE_LOOP('',(#4677,#4678,#4679,#4680));
#709=EDGE_LOOP('',(#4681,#4682,#4683,#4684));
#710=EDGE_LOOP('',(#4685,#4686,#4687,#4688));
#711=EDGE_LOOP('',(#4689,#4690,#4691,#4692));
#712=EDGE_LOOP('',(#4693,#4694,#4695,#4696));
#713=EDGE_LOOP('',(#4697,#4698,#4699,#4700));
#714=EDGE_LOOP('',(#4701,#4702,#4703,#4704));
#715=EDGE_LOOP('',(#4705,#4706,#4707,#4708));
#716=EDGE_LOOP('',(#4709,#4710,#4711,#4712));
#717=EDGE_LOOP('',(#4713,#4714,#4715,#4716));
#718=EDGE_LOOP('',(#4717,#4718,#4719,#4720));
#719=EDGE_LOOP('',(#4721,#4722,#4723,#4724));
#720=EDGE_LOOP('',(#4725,#4726,#4727,#4728));
#721=EDGE_LOOP('',(#4729,#4730,#4731,#4732));
#722=EDGE_LOOP('',(#4733,#4734,#4735,#4736));
#723=EDGE_LOOP('',(#4737,#4738,#4739,#4740));
#724=EDGE_LOOP('',(#4741,#4742,#4743,#4744));
#725=EDGE_LOOP('',(#4745,#4746,#4747,#4748));
#726=EDGE_LOOP('',(#4749,#4750,#4751,#4752));
#727=EDGE_LOOP('',(#4753,#4754,#4755,#4756));
#728=EDGE_LOOP('',(#4757,#4758,#4759,#4760));
#729=EDGE_LOOP('',(#4761,#4762,#4763,#4764));
#730=EDGE_LOOP('',(#4765,#4766,#4767,#4768));
#731=EDGE_LOOP('',(#4769,#4770,#4771,#4772));
#732=EDGE_LOOP('',(#4773,#4774,#4775,#4776));
#733=EDGE_LOOP('',(#4777,#4778,#4779,#4780));
#734=EDGE_LOOP('',(#4781,#4782,#4783,#4784));
#735=EDGE_LOOP('',(#4785,#4786,#4787,#4788));
#736=EDGE_LOOP('',(#4789,#4790,#4791,#4792));
#737=EDGE_LOOP('',(#4793,#4794,#4795,#4796));
#738=EDGE_LOOP('',(#4797,#4798,#4799,#4800));
#739=EDGE_LOOP('',(#4801,#4802,#4803,#4804));
#740=EDGE_LOOP('',(#4805,#4806,#4807,#4808));
#741=EDGE_LOOP('',(#4809,#4810,#4811,#4812));
#742=EDGE_LOOP('',(#4813,#4814,#4815,#4816));
#743=EDGE_LOOP('',(#4817,#4818,#4819,#4820));
#744=EDGE_LOOP('',(#4821,#4822,#4823,#4824));
#745=EDGE_LOOP('',(#4825,#4826,#4827,#4828));
#746=EDGE_LOOP('',(#4829,#4830,#4831,#4832));
#747=EDGE_LOOP('',(#4833,#4834,#4835,#4836));
#748=EDGE_LOOP('',(#4837,#4838,#4839,#4840));
#749=EDGE_LOOP('',(#4841,#4842,#4843,#4844));
#750=EDGE_LOOP('',(#4845,#4846,#4847,#4848));
#751=EDGE_LOOP('',(#4849,#4850,#4851,#4852));
#752=EDGE_LOOP('',(#4853,#4854,#4855,#4856));
#753=EDGE_LOOP('',(#4857,#4858,#4859,#4860));
#754=EDGE_LOOP('',(#4861,#4862,#4863,#4864));
#755=EDGE_LOOP('',(#4865,#4866,#4867,#4868));
#756=EDGE_LOOP('',(#4869,#4870,#4871,#4872));
#757=EDGE_LOOP('',(#4873,#4874,#4875,#4876));
#758=EDGE_LOOP('',(#4877,#4878,#4879,#4880));
#759=EDGE_LOOP('',(#4881,#4882,#4883,#4884));
#760=EDGE_LOOP('',(#4885,#4886,#4887,#4888));
#761=EDGE_LOOP('',(#4889,#4890,#4891,#4892));
#762=EDGE_LOOP('',(#4893,#4894,#4895,#4896));
#763=EDGE_LOOP('',(#4897,#4898,#4899,#4900));
#764=EDGE_LOOP('',(#4901,#4902,#4903,#4904));
#765=EDGE_LOOP('',(#4905,#4906,#4907,#4908));
#766=EDGE_LOOP('',(#4909,#4910,#4911,#4912));
#767=EDGE_LOOP('',(#4913,#4914,#4915,#4916));
#768=EDGE_LOOP('',(#4917,#4918,#4919,#4920));
#769=EDGE_LOOP('',(#4921,#4922,#4923,#4924));
#770=EDGE_LOOP('',(#4925,#4926,#4927,#4928));
#771=EDGE_LOOP('',(#4929,#4930,#4931,#4932));
#772=EDGE_LOOP('',(#4933,#4934,#4935,#4936));
#773=EDGE_LOOP('',(#4937,#4938,#4939,#4940));
#774=EDGE_LOOP('',(#4941,#4942,#4943,#4944));
#775=EDGE_LOOP('',(#4945,#4946,#4947,#4948));
#776=EDGE_LOOP('',(#4949,#4950,#4951,#4952));
#777=EDGE_LOOP('',(#4953,#4954,#4955,#4956));
#778=EDGE_LOOP('',(#4957,#4958,#4959,#4960));
#779=EDGE_LOOP('',(#4961,#4962,#4963,#4964));
#780=EDGE_LOOP('',(#4965,#4966,#4967,#4968));
#781=EDGE_LOOP('',(#4969,#4970,#4971,#4972));
#782=EDGE_LOOP('',(#4973,#4974,#4975,#4976));
#783=EDGE_LOOP('',(#4977,#4978,#4979,#4980));
#784=EDGE_LOOP('',(#4981,#4982,#4983,#4984));
#785=EDGE_LOOP('',(#4985,#4986,#4987,#4988));
#786=EDGE_LOOP('',(#4989,#4990,#4991,#4992));
#787=EDGE_LOOP('',(#4993,#4994,#4995,#4996));
#788=EDGE_LOOP('',(#4997,#4998,#4999,#5000));
#789=EDGE_LOOP('',(#5001,#5002,#5003,#5004));
#790=EDGE_LOOP('',(#5005,#5006,#5007,#5008));
#791=EDGE_LOOP('',(#5009,#5010,#5011,#5012));
#792=EDGE_LOOP('',(#5013,#5014,#5015,#5016));
#793=EDGE_LOOP('',(#5017,#5018,#5019,#5020));
#794=EDGE_LOOP('',(#5021,#5022,#5023,#5024));
#795=EDGE_LOOP('',(#5025,#5026,#5027,#5028));
#796=EDGE_LOOP('',(#5029,#5030,#5031,#5032));
#797=EDGE_LOOP('',(#5033,#5034,#5035,#5036));
#798=EDGE_LOOP('',(#5037,#5038,#5039,#5040));
#799=EDGE_LOOP('',(#5041,#5042,#5043,#5044));
#800=EDGE_LOOP('',(#5045,#5046,#5047,#5048));
#801=EDGE_LOOP('',(#5049,#5050,#5051,#5052));
#802=EDGE_LOOP('',(#5053,#5054,#5055,#5056));
#803=EDGE_LOOP('',(#5057,#5058,#5059,#5060));
#804=EDGE_LOOP('',(#5061,#5062,#5063,#5064));
#805=EDGE_LOOP('',(#5065,#5066,#5067,#5068));
#806=EDGE_LOOP('',(#5069,#5070,#5071,#5072));
#807=EDGE_LOOP('',(#5073,#5074,#5075,#5076));
#808=EDGE_LOOP('',(#5077,#5078,#5079,#5080));
#809=EDGE_LOOP('',(#5081,#5082,#5083,#5084));
#810=EDGE_LOOP('',(#5085,#5086,#5087,#5088));
#811=EDGE_LOOP('',(#5089,#5090,#5091,#5092));
#812=EDGE_LOOP('',(#5093,#5094,#5095,#5096));
#813=EDGE_LOOP('',(#5097,#5098,#5099,#5100));
#814=EDGE_LOOP('',(#5101,#5102,#5103,#5104));
#815=EDGE_LOOP('',(#5105,#5106,#5107,#5108));
#816=EDGE_LOOP('',(#5109,#5110,#5111,#5112));
#817=EDGE_LOOP('',(#5113,#5114,#5115,#5116));
#818=EDGE_LOOP('',(#5117,#5118,#5119,#5120));
#819=EDGE_LOOP('',(#5121,#5122,#5123,#5124));
#820=EDGE_LOOP('',(#5125,#5126,#5127,#5128));
#821=EDGE_LOOP('',(#5129,#5130,#5131,#5132));
#822=EDGE_LOOP('',(#5133,#5134,#5135,#5136));
#823=EDGE_LOOP('',(#5137,#5138,#5139,#5140));
#824=EDGE_LOOP('',(#5141,#5142,#5143,#5144));
#825=EDGE_LOOP('',(#5145,#5146,#5147,#5148));
#826=EDGE_LOOP('',(#5149,#5150,#5151,#5152));
#827=EDGE_LOOP('',(#5153,#5154,#5155,#5156));
#828=EDGE_LOOP('',(#5157,#5158,#5159,#5160));
#829=EDGE_LOOP('',(#5161,#5162,#5163,#5164));
#830=EDGE_LOOP('',(#5165,#5166,#5167,#5168));
#831=EDGE_LOOP('',(#5169,#5170,#5171,#5172));
#832=EDGE_LOOP('',(#5173,#5174,#5175,#5176));
#833=EDGE_LOOP('',(#5177,#5178,#5179,#5180));
#834=EDGE_LOOP('',(#5181,#5182,#5183,#5184));
#835=EDGE_LOOP('',(#5185,#5186,#5187,#5188));
#836=EDGE_LOOP('',(#5189,#5190,#5191,#5192));
#837=EDGE_LOOP('',(#5193,#5194,#5195,#5196));
#838=EDGE_LOOP('',(#5197,#5198,#5199,#5200));
#839=EDGE_LOOP('',(#5201,#5202,#5203,#5204));
#840=EDGE_LOOP('',(#5205,#5206,#5207,#5208));
#841=EDGE_LOOP('',(#5209,#5210,#5211,#5212));
#842=EDGE_LOOP('',(#5213,#5214,#5215,#5216));
#843=EDGE_LOOP('',(#5217,#5218,#5219,#5220));
#844=EDGE_LOOP('',(#5221,#5222,#5223,#5224));
#845=EDGE_LOOP('',(#5225,#5226,#5227,#5228));
#846=EDGE_LOOP('',(#5229,#5230,#5231,#5232));
#847=EDGE_LOOP('',(#5233,#5234,#5235,#5236));
#848=EDGE_LOOP('',(#5237,#5238,#5239,#5240));
#849=EDGE_LOOP('',(#5241,#5242,#5243,#5244));
#850=EDGE_LOOP('',(#5245,#5246,#5247,#5248));
#851=EDGE_LOOP('',(#5249,#5250,#5251,#5252));
#852=EDGE_LOOP('',(#5253,#5254,#5255,#5256));
#853=EDGE_LOOP('',(#5257,#5258,#5259,#5260));
#854=EDGE_LOOP('',(#5261,#5262,#5263,#5264));
#855=EDGE_LOOP('',(#5265,#5266,#5267,#5268));
#856=EDGE_LOOP('',(#5269,#5270,#5271,#5272));
#857=EDGE_LOOP('',(#5273,#5274,#5275,#5276));
#858=EDGE_LOOP('',(#5277,#5278,#5279,#5280));
#859=EDGE_LOOP('',(#5281,#5282,#5283,#5284));
#860=EDGE_LOOP('',(#5285,#5286,#5287,#5288));
#861=EDGE_LOOP('',(#5289,#5290,#5291,#5292));
#862=EDGE_LOOP('',(#5293,#5294,#5295,#5296));
#863=EDGE_LOOP('',(#5297,#5298,#5299,#5300));
#864=EDGE_LOOP('',(#5301,#5302,#5303,#5304));
#865=EDGE_LOOP('',(#5305,#5306,#5307,#5308));
#866=EDGE_LOOP('',(#5309,#5310,#5311,#5312));
#867=EDGE_LOOP('',(#5313,#5314,#5315,#5316));
#868=EDGE_LOOP('',(#5317,#5318,#5319,#5320));
#869=EDGE_LOOP('',(#5321,#5322,#5323,#5324,#5325,#5326));
#870=EDGE_LOOP('',(#5327,#5328,#5329,#5330));
#871=EDGE_LOOP('',(#5331,#5332,#5333,#5334));
#872=EDGE_LOOP('',(#5335,#5336,#5337,#5338));
#873=EDGE_LOOP('',(#5339,#5340,#5341,#5342));
#874=EDGE_LOOP('',(#5343,#5344,#5345,#5346));
#875=EDGE_LOOP('',(#5347,#5348,#5349,#5350,#5351,#5352,#5353,#5354,#5355,
#5356,#5357,#5358,#5359,#5360,#5361,#5362,#5363,#5364,#5365,#5366,#5367,
#5368,#5369,#5370,#5371,#5372,#5373,#5374,#5375,#5376,#5377,#5378,#5379,
#5380,#5381,#5382));
#876=EDGE_LOOP('',(#5383,#5384,#5385,#5386,#5387,#5388,#5389,#5390));
#877=EDGE_LOOP('',(#5391,#5392,#5393,#5394,#5395,#5396,#5397,#5398));
#878=EDGE_LOOP('',(#5399,#5400,#5401,#5402,#5403,#5404,#5405,#5406));
#879=EDGE_LOOP('',(#5407,#5408,#5409,#5410,#5411,#5412,#5413,#5414));
#880=EDGE_LOOP('',(#5415,#5416,#5417,#5418,#5419,#5420,#5421,#5422));
#881=EDGE_LOOP('',(#5423,#5424,#5425,#5426,#5427,#5428,#5429,#5430));
#882=EDGE_LOOP('',(#5431,#5432,#5433,#5434,#5435,#5436,#5437,#5438));
#883=EDGE_LOOP('',(#5439,#5440,#5441,#5442,#5443,#5444,#5445,#5446));
#884=EDGE_LOOP('',(#5447,#5448,#5449,#5450,#5451,#5452,#5453,#5454));
#885=EDGE_LOOP('',(#5455,#5456,#5457,#5458,#5459,#5460,#5461,#5462));
#886=EDGE_LOOP('',(#5463,#5464,#5465,#5466,#5467,#5468,#5469,#5470));
#887=EDGE_LOOP('',(#5471,#5472,#5473,#5474,#5475,#5476,#5477,#5478));
#888=EDGE_LOOP('',(#5479,#5480,#5481,#5482,#5483,#5484,#5485,#5486));
#889=EDGE_LOOP('',(#5487,#5488,#5489,#5490,#5491,#5492,#5493,#5494));
#890=EDGE_LOOP('',(#5495,#5496,#5497,#5498,#5499,#5500,#5501,#5502));
#891=EDGE_LOOP('',(#5503,#5504,#5505,#5506,#5507,#5508,#5509,#5510));
#892=EDGE_LOOP('',(#5511,#5512,#5513,#5514,#5515,#5516,#5517,#5518));
#893=EDGE_LOOP('',(#5519,#5520,#5521,#5522,#5523,#5524,#5525,#5526));
#894=EDGE_LOOP('',(#5527,#5528,#5529,#5530,#5531,#5532,#5533,#5534));
#895=EDGE_LOOP('',(#5535,#5536,#5537,#5538,#5539,#5540,#5541,#5542));
#896=EDGE_LOOP('',(#5543,#5544,#5545,#5546,#5547,#5548,#5549,#5550));
#897=EDGE_LOOP('',(#5551,#5552,#5553,#5554,#5555,#5556,#5557,#5558));
#898=EDGE_LOOP('',(#5559,#5560,#5561,#5562,#5563,#5564,#5565,#5566));
#899=EDGE_LOOP('',(#5567,#5568,#5569,#5570,#5571,#5572,#5573,#5574));
#900=EDGE_LOOP('',(#5575,#5576,#5577,#5578,#5579,#5580,#5581,#5582));
#901=EDGE_LOOP('',(#5583,#5584,#5585,#5586,#5587,#5588,#5589,#5590));
#902=EDGE_LOOP('',(#5591,#5592,#5593,#5594,#5595,#5596,#5597,#5598));
#903=EDGE_LOOP('',(#5599,#5600,#5601,#5602,#5603,#5604,#5605,#5606));
#904=EDGE_LOOP('',(#5607,#5608,#5609,#5610,#5611,#5612,#5613,#5614));
#905=EDGE_LOOP('',(#5615,#5616,#5617,#5618,#5619,#5620,#5621,#5622));
#906=EDGE_LOOP('',(#5623,#5624,#5625,#5626,#5627,#5628,#5629,#5630));
#907=EDGE_LOOP('',(#5631,#5632,#5633,#5634,#5635,#5636,#5637,#5638));
#908=EDGE_LOOP('',(#5639));
#909=EDGE_LOOP('',(#5640));
#910=EDGE_LOOP('',(#5641,#5642,#5643,#5644));
#911=EDGE_LOOP('',(#5645,#5646,#5647,#5648));
#912=EDGE_LOOP('',(#5649,#5650,#5651,#5652));
#913=EDGE_LOOP('',(#5653,#5654,#5655,#5656));
#914=EDGE_LOOP('',(#5657,#5658,#5659,#5660));
#915=EDGE_LOOP('',(#5661,#5662,#5663,#5664));
#916=EDGE_LOOP('',(#5665,#5666,#5667,#5668));
#917=LINE('',#8501,#1525);
#918=LINE('',#8507,#1526);
#919=LINE('',#8512,#1527);
#920=LINE('',#8514,#1528);
#921=LINE('',#8516,#1529);
#922=LINE('',#8518,#1530);
#923=LINE('',#8520,#1531);
#924=LINE('',#8521,#1532);
#925=LINE('',#8525,#1533);
#926=LINE('',#8527,#1534);
#927=LINE('',#8529,#1535);
#928=LINE('',#8530,#1536);
#929=LINE('',#8533,#1537);
#930=LINE('',#8535,#1538);
#931=LINE('',#8536,#1539);
#932=LINE('',#8540,#1540);
#933=LINE('',#8542,#1541);
#934=LINE('',#8544,#1542);
#935=LINE('',#8546,#1543);
#936=LINE('',#8549,#1544);
#937=LINE('',#8553,#1545);
#938=LINE('',#8554,#1546);
#939=LINE('',#8558,#1547);
#940=LINE('',#8559,#1548);
#941=LINE('',#8562,#1549);
#942=LINE('',#8564,#1550);
#943=LINE('',#8565,#1551);
#944=LINE('',#8568,#1552);
#945=LINE('',#8570,#1553);
#946=LINE('',#8571,#1554);
#947=LINE('',#8573,#1555);
#948=LINE('',#8574,#1556);
#949=LINE('',#8578,#1557);
#950=LINE('',#8580,#1558);
#951=LINE('',#8584,#1559);
#952=LINE('',#8586,#1560);
#953=LINE('',#8588,#1561);
#954=LINE('',#8590,#1562);
#955=LINE('',#8594,#1563);
#956=LINE('',#8598,#1564);
#957=LINE('',#8600,#1565);
#958=LINE('',#8602,#1566);
#959=LINE('',#8606,#1567);
#960=LINE('',#8610,#1568);
#961=LINE('',#8612,#1569);
#962=LINE('',#8614,#1570);
#963=LINE('',#8618,#1571);
#964=LINE('',#8621,#1572);
#965=LINE('',#8626,#1573);
#966=LINE('',#8630,#1574);
#967=LINE('',#8634,#1575);
#968=LINE('',#8637,#1576);
#969=LINE('',#8642,#1577);
#970=LINE('',#8646,#1578);
#971=LINE('',#8650,#1579);
#972=LINE('',#8653,#1580);
#973=LINE('',#8658,#1581);
#974=LINE('',#8662,#1582);
#975=LINE('',#8666,#1583);
#976=LINE('',#8669,#1584);
#977=LINE('',#8674,#1585);
#978=LINE('',#8678,#1586);
#979=LINE('',#8682,#1587);
#980=LINE('',#8685,#1588);
#981=LINE('',#8690,#1589);
#982=LINE('',#8694,#1590);
#983=LINE('',#8698,#1591);
#984=LINE('',#8701,#1592);
#985=LINE('',#8706,#1593);
#986=LINE('',#8710,#1594);
#987=LINE('',#8714,#1595);
#988=LINE('',#8717,#1596);
#989=LINE('',#8722,#1597);
#990=LINE('',#8726,#1598);
#991=LINE('',#8730,#1599);
#992=LINE('',#8733,#1600);
#993=LINE('',#8738,#1601);
#994=LINE('',#8742,#1602);
#995=LINE('',#8746,#1603);
#996=LINE('',#8749,#1604);
#997=LINE('',#8754,#1605);
#998=LINE('',#8758,#1606);
#999=LINE('',#8762,#1607);
#1000=LINE('',#8765,#1608);
#1001=LINE('',#8770,#1609);
#1002=LINE('',#8774,#1610);
#1003=LINE('',#8778,#1611);
#1004=LINE('',#8781,#1612);
#1005=LINE('',#8786,#1613);
#1006=LINE('',#8790,#1614);
#1007=LINE('',#8794,#1615);
#1008=LINE('',#8797,#1616);
#1009=LINE('',#8802,#1617);
#1010=LINE('',#8806,#1618);
#1011=LINE('',#8810,#1619);
#1012=LINE('',#8813,#1620);
#1013=LINE('',#8818,#1621);
#1014=LINE('',#8822,#1622);
#1015=LINE('',#8826,#1623);
#1016=LINE('',#8829,#1624);
#1017=LINE('',#8834,#1625);
#1018=LINE('',#8838,#1626);
#1019=LINE('',#8842,#1627);
#1020=LINE('',#8845,#1628);
#1021=LINE('',#8850,#1629);
#1022=LINE('',#8854,#1630);
#1023=LINE('',#8858,#1631);
#1024=LINE('',#8861,#1632);
#1025=LINE('',#8866,#1633);
#1026=LINE('',#8870,#1634);
#1027=LINE('',#8874,#1635);
#1028=LINE('',#8877,#1636);
#1029=LINE('',#8882,#1637);
#1030=LINE('',#8886,#1638);
#1031=LINE('',#8890,#1639);
#1032=LINE('',#8893,#1640);
#1033=LINE('',#8898,#1641);
#1034=LINE('',#8902,#1642);
#1035=LINE('',#8906,#1643);
#1036=LINE('',#8909,#1644);
#1037=LINE('',#8914,#1645);
#1038=LINE('',#8918,#1646);
#1039=LINE('',#8922,#1647);
#1040=LINE('',#8925,#1648);
#1041=LINE('',#8930,#1649);
#1042=LINE('',#8934,#1650);
#1043=LINE('',#8938,#1651);
#1044=LINE('',#8941,#1652);
#1045=LINE('',#8946,#1653);
#1046=LINE('',#8950,#1654);
#1047=LINE('',#8954,#1655);
#1048=LINE('',#8957,#1656);
#1049=LINE('',#8962,#1657);
#1050=LINE('',#8966,#1658);
#1051=LINE('',#8970,#1659);
#1052=LINE('',#8973,#1660);
#1053=LINE('',#8978,#1661);
#1054=LINE('',#8982,#1662);
#1055=LINE('',#8986,#1663);
#1056=LINE('',#8989,#1664);
#1057=LINE('',#8994,#1665);
#1058=LINE('',#8998,#1666);
#1059=LINE('',#9002,#1667);
#1060=LINE('',#9005,#1668);
#1061=LINE('',#9010,#1669);
#1062=LINE('',#9014,#1670);
#1063=LINE('',#9018,#1671);
#1064=LINE('',#9021,#1672);
#1065=LINE('',#9026,#1673);
#1066=LINE('',#9030,#1674);
#1067=LINE('',#9034,#1675);
#1068=LINE('',#9037,#1676);
#1069=LINE('',#9042,#1677);
#1070=LINE('',#9046,#1678);
#1071=LINE('',#9050,#1679);
#1072=LINE('',#9053,#1680);
#1073=LINE('',#9058,#1681);
#1074=LINE('',#9062,#1682);
#1075=LINE('',#9066,#1683);
#1076=LINE('',#9069,#1684);
#1077=LINE('',#9074,#1685);
#1078=LINE('',#9078,#1686);
#1079=LINE('',#9082,#1687);
#1080=LINE('',#9085,#1688);
#1081=LINE('',#9090,#1689);
#1082=LINE('',#9094,#1690);
#1083=LINE('',#9098,#1691);
#1084=LINE('',#9101,#1692);
#1085=LINE('',#9106,#1693);
#1086=LINE('',#9110,#1694);
#1087=LINE('',#9114,#1695);
#1088=LINE('',#9117,#1696);
#1089=LINE('',#9122,#1697);
#1090=LINE('',#9126,#1698);
#1091=LINE('',#9130,#1699);
#1092=LINE('',#9133,#1700);
#1093=LINE('',#9137,#1701);
#1094=LINE('',#9138,#1702);
#1095=LINE('',#9139,#1703);
#1096=LINE('',#9142,#1704);
#1097=LINE('',#9144,#1705);
#1098=LINE('',#9145,#1706);
#1099=LINE('',#9151,#1707);
#1100=LINE('',#9153,#1708);
#1101=LINE('',#9156,#1709);
#1102=LINE('',#9157,#1710);
#1103=LINE('',#9161,#1711);
#1104=LINE('',#9162,#1712);
#1105=LINE('',#9163,#1713);
#1106=LINE('',#9167,#1714);
#1107=LINE('',#9170,#1715);
#1108=LINE('',#9171,#1716);
#1109=LINE('',#9175,#1717);
#1110=LINE('',#9178,#1718);
#1111=LINE('',#9179,#1719);
#1112=LINE('',#9183,#1720);
#1113=LINE('',#9186,#1721);
#1114=LINE('',#9187,#1722);
#1115=LINE('',#9193,#1723);
#1116=LINE('',#9194,#1724);
#1117=LINE('',#9195,#1725);
#1118=LINE('',#9199,#1726);
#1119=LINE('',#9202,#1727);
#1120=LINE('',#9203,#1728);
#1121=LINE('',#9207,#1729);
#1122=LINE('',#9210,#1730);
#1123=LINE('',#9211,#1731);
#1124=LINE('',#9215,#1732);
#1125=LINE('',#9218,#1733);
#1126=LINE('',#9219,#1734);
#1127=LINE('',#9225,#1735);
#1128=LINE('',#9226,#1736);
#1129=LINE('',#9227,#1737);
#1130=LINE('',#9231,#1738);
#1131=LINE('',#9234,#1739);
#1132=LINE('',#9235,#1740);
#1133=LINE('',#9239,#1741);
#1134=LINE('',#9242,#1742);
#1135=LINE('',#9243,#1743);
#1136=LINE('',#9247,#1744);
#1137=LINE('',#9250,#1745);
#1138=LINE('',#9251,#1746);
#1139=LINE('',#9257,#1747);
#1140=LINE('',#9258,#1748);
#1141=LINE('',#9259,#1749);
#1142=LINE('',#9263,#1750);
#1143=LINE('',#9266,#1751);
#1144=LINE('',#9267,#1752);
#1145=LINE('',#9271,#1753);
#1146=LINE('',#9274,#1754);
#1147=LINE('',#9275,#1755);
#1148=LINE('',#9279,#1756);
#1149=LINE('',#9282,#1757);
#1150=LINE('',#9283,#1758);
#1151=LINE('',#9289,#1759);
#1152=LINE('',#9290,#1760);
#1153=LINE('',#9291,#1761);
#1154=LINE('',#9295,#1762);
#1155=LINE('',#9298,#1763);
#1156=LINE('',#9299,#1764);
#1157=LINE('',#9303,#1765);
#1158=LINE('',#9306,#1766);
#1159=LINE('',#9307,#1767);
#1160=LINE('',#9311,#1768);
#1161=LINE('',#9314,#1769);
#1162=LINE('',#9315,#1770);
#1163=LINE('',#9321,#1771);
#1164=LINE('',#9322,#1772);
#1165=LINE('',#9323,#1773);
#1166=LINE('',#9327,#1774);
#1167=LINE('',#9330,#1775);
#1168=LINE('',#9331,#1776);
#1169=LINE('',#9335,#1777);
#1170=LINE('',#9338,#1778);
#1171=LINE('',#9339,#1779);
#1172=LINE('',#9343,#1780);
#1173=LINE('',#9346,#1781);
#1174=LINE('',#9347,#1782);
#1175=LINE('',#9353,#1783);
#1176=LINE('',#9354,#1784);
#1177=LINE('',#9355,#1785);
#1178=LINE('',#9359,#1786);
#1179=LINE('',#9362,#1787);
#1180=LINE('',#9363,#1788);
#1181=LINE('',#9367,#1789);
#1182=LINE('',#9370,#1790);
#1183=LINE('',#9371,#1791);
#1184=LINE('',#9375,#1792);
#1185=LINE('',#9378,#1793);
#1186=LINE('',#9379,#1794);
#1187=LINE('',#9385,#1795);
#1188=LINE('',#9386,#1796);
#1189=LINE('',#9387,#1797);
#1190=LINE('',#9391,#1798);
#1191=LINE('',#9394,#1799);
#1192=LINE('',#9395,#1800);
#1193=LINE('',#9399,#1801);
#1194=LINE('',#9402,#1802);
#1195=LINE('',#9403,#1803);
#1196=LINE('',#9407,#1804);
#1197=LINE('',#9410,#1805);
#1198=LINE('',#9411,#1806);
#1199=LINE('',#9417,#1807);
#1200=LINE('',#9418,#1808);
#1201=LINE('',#9419,#1809);
#1202=LINE('',#9423,#1810);
#1203=LINE('',#9426,#1811);
#1204=LINE('',#9427,#1812);
#1205=LINE('',#9431,#1813);
#1206=LINE('',#9434,#1814);
#1207=LINE('',#9435,#1815);
#1208=LINE('',#9439,#1816);
#1209=LINE('',#9442,#1817);
#1210=LINE('',#9443,#1818);
#1211=LINE('',#9449,#1819);
#1212=LINE('',#9450,#1820);
#1213=LINE('',#9451,#1821);
#1214=LINE('',#9455,#1822);
#1215=LINE('',#9458,#1823);
#1216=LINE('',#9459,#1824);
#1217=LINE('',#9463,#1825);
#1218=LINE('',#9466,#1826);
#1219=LINE('',#9467,#1827);
#1220=LINE('',#9471,#1828);
#1221=LINE('',#9474,#1829);
#1222=LINE('',#9475,#1830);
#1223=LINE('',#9481,#1831);
#1224=LINE('',#9482,#1832);
#1225=LINE('',#9483,#1833);
#1226=LINE('',#9487,#1834);
#1227=LINE('',#9490,#1835);
#1228=LINE('',#9491,#1836);
#1229=LINE('',#9495,#1837);
#1230=LINE('',#9498,#1838);
#1231=LINE('',#9499,#1839);
#1232=LINE('',#9503,#1840);
#1233=LINE('',#9506,#1841);
#1234=LINE('',#9507,#1842);
#1235=LINE('',#9513,#1843);
#1236=LINE('',#9514,#1844);
#1237=LINE('',#9515,#1845);
#1238=LINE('',#9519,#1846);
#1239=LINE('',#9522,#1847);
#1240=LINE('',#9523,#1848);
#1241=LINE('',#9527,#1849);
#1242=LINE('',#9530,#1850);
#1243=LINE('',#9531,#1851);
#1244=LINE('',#9535,#1852);
#1245=LINE('',#9538,#1853);
#1246=LINE('',#9539,#1854);
#1247=LINE('',#9545,#1855);
#1248=LINE('',#9546,#1856);
#1249=LINE('',#9547,#1857);
#1250=LINE('',#9551,#1858);
#1251=LINE('',#9554,#1859);
#1252=LINE('',#9555,#1860);
#1253=LINE('',#9559,#1861);
#1254=LINE('',#9562,#1862);
#1255=LINE('',#9563,#1863);
#1256=LINE('',#9567,#1864);
#1257=LINE('',#9570,#1865);
#1258=LINE('',#9571,#1866);
#1259=LINE('',#9577,#1867);
#1260=LINE('',#9578,#1868);
#1261=LINE('',#9579,#1869);
#1262=LINE('',#9583,#1870);
#1263=LINE('',#9586,#1871);
#1264=LINE('',#9587,#1872);
#1265=LINE('',#9591,#1873);
#1266=LINE('',#9594,#1874);
#1267=LINE('',#9595,#1875);
#1268=LINE('',#9599,#1876);
#1269=LINE('',#9602,#1877);
#1270=LINE('',#9603,#1878);
#1271=LINE('',#9609,#1879);
#1272=LINE('',#9610,#1880);
#1273=LINE('',#9611,#1881);
#1274=LINE('',#9615,#1882);
#1275=LINE('',#9618,#1883);
#1276=LINE('',#9619,#1884);
#1277=LINE('',#9623,#1885);
#1278=LINE('',#9626,#1886);
#1279=LINE('',#9627,#1887);
#1280=LINE('',#9631,#1888);
#1281=LINE('',#9634,#1889);
#1282=LINE('',#9635,#1890);
#1283=LINE('',#9641,#1891);
#1284=LINE('',#9642,#1892);
#1285=LINE('',#9643,#1893);
#1286=LINE('',#9647,#1894);
#1287=LINE('',#9650,#1895);
#1288=LINE('',#9651,#1896);
#1289=LINE('',#9655,#1897);
#1290=LINE('',#9658,#1898);
#1291=LINE('',#9659,#1899);
#1292=LINE('',#9663,#1900);
#1293=LINE('',#9666,#1901);
#1294=LINE('',#9667,#1902);
#1295=LINE('',#9673,#1903);
#1296=LINE('',#9674,#1904);
#1297=LINE('',#9675,#1905);
#1298=LINE('',#9679,#1906);
#1299=LINE('',#9682,#1907);
#1300=LINE('',#9683,#1908);
#1301=LINE('',#9687,#1909);
#1302=LINE('',#9690,#1910);
#1303=LINE('',#9691,#1911);
#1304=LINE('',#9695,#1912);
#1305=LINE('',#9698,#1913);
#1306=LINE('',#9699,#1914);
#1307=LINE('',#9706,#1915);
#1308=LINE('',#9707,#1916);
#1309=LINE('',#9710,#1917);
#1310=LINE('',#9711,#1918);
#1311=LINE('',#9715,#1919);
#1312=LINE('',#9719,#1920);
#1313=LINE('',#9720,#1921);
#1314=LINE('',#9721,#1922);
#1315=LINE('',#9725,#1923);
#1316=LINE('',#9728,#1924);
#1317=LINE('',#9729,#1925);
#1318=LINE('',#9733,#1926);
#1319=LINE('',#9736,#1927);
#1320=LINE('',#9737,#1928);
#1321=LINE('',#9741,#1929);
#1322=LINE('',#9744,#1930);
#1323=LINE('',#9745,#1931);
#1324=LINE('',#9751,#1932);
#1325=LINE('',#9752,#1933);
#1326=LINE('',#9753,#1934);
#1327=LINE('',#9757,#1935);
#1328=LINE('',#9760,#1936);
#1329=LINE('',#9761,#1937);
#1330=LINE('',#9765,#1938);
#1331=LINE('',#9768,#1939);
#1332=LINE('',#9769,#1940);
#1333=LINE('',#9773,#1941);
#1334=LINE('',#9776,#1942);
#1335=LINE('',#9777,#1943);
#1336=LINE('',#9783,#1944);
#1337=LINE('',#9784,#1945);
#1338=LINE('',#9785,#1946);
#1339=LINE('',#9789,#1947);
#1340=LINE('',#9792,#1948);
#1341=LINE('',#9793,#1949);
#1342=LINE('',#9797,#1950);
#1343=LINE('',#9800,#1951);
#1344=LINE('',#9801,#1952);
#1345=LINE('',#9805,#1953);
#1346=LINE('',#9808,#1954);
#1347=LINE('',#9809,#1955);
#1348=LINE('',#9815,#1956);
#1349=LINE('',#9816,#1957);
#1350=LINE('',#9817,#1958);
#1351=LINE('',#9821,#1959);
#1352=LINE('',#9824,#1960);
#1353=LINE('',#9825,#1961);
#1354=LINE('',#9829,#1962);
#1355=LINE('',#9832,#1963);
#1356=LINE('',#9833,#1964);
#1357=LINE('',#9837,#1965);
#1358=LINE('',#9840,#1966);
#1359=LINE('',#9841,#1967);
#1360=LINE('',#9847,#1968);
#1361=LINE('',#9848,#1969);
#1362=LINE('',#9849,#1970);
#1363=LINE('',#9853,#1971);
#1364=LINE('',#9856,#1972);
#1365=LINE('',#9857,#1973);
#1366=LINE('',#9861,#1974);
#1367=LINE('',#9864,#1975);
#1368=LINE('',#9865,#1976);
#1369=LINE('',#9869,#1977);
#1370=LINE('',#9872,#1978);
#1371=LINE('',#9873,#1979);
#1372=LINE('',#9880,#1980);
#1373=LINE('',#9881,#1981);
#1374=LINE('',#9884,#1982);
#1375=LINE('',#9885,#1983);
#1376=LINE('',#9889,#1984);
#1377=LINE('',#9892,#1985);
#1378=LINE('',#9893,#1986);
#1379=LINE('',#9897,#1987);
#1380=LINE('',#9898,#1988);
#1381=LINE('',#9899,#1989);
#1382=LINE('',#9903,#1990);
#1383=LINE('',#9906,#1991);
#1384=LINE('',#9907,#1992);
#1385=LINE('',#9911,#1993);
#1386=LINE('',#9914,#1994);
#1387=LINE('',#9915,#1995);
#1388=LINE('',#9919,#1996);
#1389=LINE('',#9922,#1997);
#1390=LINE('',#9923,#1998);
#1391=LINE('',#9930,#1999);
#1392=LINE('',#9931,#2000);
#1393=LINE('',#9934,#2001);
#1394=LINE('',#9935,#2002);
#1395=LINE('',#9939,#2003);
#1396=LINE('',#9942,#2004);
#1397=LINE('',#9943,#2005);
#1398=LINE('',#9947,#2006);
#1399=LINE('',#9948,#2007);
#1400=LINE('',#9949,#2008);
#1401=LINE('',#9953,#2009);
#1402=LINE('',#9956,#2010);
#1403=LINE('',#9957,#2011);
#1404=LINE('',#9961,#2012);
#1405=LINE('',#9964,#2013);
#1406=LINE('',#9965,#2014);
#1407=LINE('',#9969,#2015);
#1408=LINE('',#9972,#2016);
#1409=LINE('',#9973,#2017);
#1410=LINE('',#9979,#2018);
#1411=LINE('',#9980,#2019);
#1412=LINE('',#9981,#2020);
#1413=LINE('',#9985,#2021);
#1414=LINE('',#9988,#2022);
#1415=LINE('',#9989,#2023);
#1416=LINE('',#9993,#2024);
#1417=LINE('',#9996,#2025);
#1418=LINE('',#9997,#2026);
#1419=LINE('',#10001,#2027);
#1420=LINE('',#10004,#2028);
#1421=LINE('',#10005,#2029);
#1422=LINE('',#10011,#2030);
#1423=LINE('',#10012,#2031);
#1424=LINE('',#10013,#2032);
#1425=LINE('',#10017,#2033);
#1426=LINE('',#10020,#2034);
#1427=LINE('',#10021,#2035);
#1428=LINE('',#10025,#2036);
#1429=LINE('',#10028,#2037);
#1430=LINE('',#10029,#2038);
#1431=LINE('',#10033,#2039);
#1432=LINE('',#10036,#2040);
#1433=LINE('',#10037,#2041);
#1434=LINE('',#10043,#2042);
#1435=LINE('',#10044,#2043);
#1436=LINE('',#10045,#2044);
#1437=LINE('',#10049,#2045);
#1438=LINE('',#10052,#2046);
#1439=LINE('',#10053,#2047);
#1440=LINE('',#10057,#2048);
#1441=LINE('',#10060,#2049);
#1442=LINE('',#10061,#2050);
#1443=LINE('',#10065,#2051);
#1444=LINE('',#10068,#2052);
#1445=LINE('',#10069,#2053);
#1446=LINE('',#10075,#2054);
#1447=LINE('',#10076,#2055);
#1448=LINE('',#10077,#2056);
#1449=LINE('',#10081,#2057);
#1450=LINE('',#10084,#2058);
#1451=LINE('',#10085,#2059);
#1452=LINE('',#10089,#2060);
#1453=LINE('',#10092,#2061);
#1454=LINE('',#10093,#2062);
#1455=LINE('',#10097,#2063);
#1456=LINE('',#10100,#2064);
#1457=LINE('',#10101,#2065);
#1458=LINE('',#10107,#2066);
#1459=LINE('',#10108,#2067);
#1460=LINE('',#10109,#2068);
#1461=LINE('',#10113,#2069);
#1462=LINE('',#10116,#2070);
#1463=LINE('',#10117,#2071);
#1464=LINE('',#10121,#2072);
#1465=LINE('',#10124,#2073);
#1466=LINE('',#10125,#2074);
#1467=LINE('',#10129,#2075);
#1468=LINE('',#10132,#2076);
#1469=LINE('',#10133,#2077);
#1470=LINE('',#10139,#2078);
#1471=LINE('',#10140,#2079);
#1472=LINE('',#10141,#2080);
#1473=LINE('',#10145,#2081);
#1474=LINE('',#10148,#2082);
#1475=LINE('',#10149,#2083);
#1476=LINE('',#10153,#2084);
#1477=LINE('',#10156,#2085);
#1478=LINE('',#10157,#2086);
#1479=LINE('',#10161,#2087);
#1480=LINE('',#10164,#2088);
#1481=LINE('',#10165,#2089);
#1482=LINE('',#10171,#2090);
#1483=LINE('',#10172,#2091);
#1484=LINE('',#10173,#2092);
#1485=LINE('',#10177,#2093);
#1486=LINE('',#10180,#2094);
#1487=LINE('',#10181,#2095);
#1488=LINE('',#10185,#2096);
#1489=LINE('',#10188,#2097);
#1490=LINE('',#10189,#2098);
#1491=LINE('',#10193,#2099);
#1492=LINE('',#10196,#2100);
#1493=LINE('',#10197,#2101);
#1494=LINE('',#10203,#2102);
#1495=LINE('',#10204,#2103);
#1496=LINE('',#10205,#2104);
#1497=LINE('',#10209,#2105);
#1498=LINE('',#10212,#2106);
#1499=LINE('',#10213,#2107);
#1500=LINE('',#10217,#2108);
#1501=LINE('',#10220,#2109);
#1502=LINE('',#10221,#2110);
#1503=LINE('',#10225,#2111);
#1504=LINE('',#10228,#2112);
#1505=LINE('',#10229,#2113);
#1506=LINE('',#10233,#2114);
#1507=LINE('',#10236,#2115);
#1508=LINE('',#10240,#2116);
#1509=LINE('',#10241,#2117);
#1510=LINE('',#10244,#2118);
#1511=LINE('',#10248,#2119);
#1512=LINE('',#10249,#2120);
#1513=LINE('',#10252,#2121);
#1514=LINE('',#10253,#2122);
#1515=LINE('',#10256,#2123);
#1516=LINE('',#10257,#2124);
#1517=LINE('',#10259,#2125);
#1518=LINE('',#10260,#2126);
#1519=LINE('',#10261,#2127);
#1520=LINE('',#10263,#2128);
#1521=LINE('',#10264,#2129);
#1522=LINE('',#10266,#2130);
#1523=LINE('',#10268,#2131);
#1524=LINE('',#10270,#2132);
#1525=VECTOR('',#6726,1.49999999999999);
#1526=VECTOR('',#6733,1.49999999999999);
#1527=VECTOR('',#6738,10.);
#1528=VECTOR('',#6739,10.);
#1529=VECTOR('',#6740,10.);
#1530=VECTOR('',#6741,10.);
#1531=VECTOR('',#6742,10.);
#1532=VECTOR('',#6743,10.);
#1533=VECTOR('',#6746,10.);
#1534=VECTOR('',#6747,10.);
#1535=VECTOR('',#6748,10.);
#1536=VECTOR('',#6749,10.);
#1537=VECTOR('',#6752,10.);
#1538=VECTOR('',#6753,10.);
#1539=VECTOR('',#6754,10.);
#1540=VECTOR('',#6757,10.);
#1541=VECTOR('',#6758,10.);
#1542=VECTOR('',#6759,10.);
#1543=VECTOR('',#6760,10.);
#1544=VECTOR('',#6763,10.);
#1545=VECTOR('',#6766,10.);
#1546=VECTOR('',#6767,10.);
#1547=VECTOR('',#6770,10.);
#1548=VECTOR('',#6771,10.);
#1549=VECTOR('',#6774,10.);
#1550=VECTOR('',#6775,10.);
#1551=VECTOR('',#6776,10.);
#1552=VECTOR('',#6779,10.);
#1553=VECTOR('',#6780,10.);
#1554=VECTOR('',#6781,10.);
#1555=VECTOR('',#6784,10.);
#1556=VECTOR('',#6785,10.);
#1557=VECTOR('',#6788,10.);
#1558=VECTOR('',#6789,10.);
#1559=VECTOR('',#6792,10.);
#1560=VECTOR('',#6795,10.);
#1561=VECTOR('',#6796,10.);
#1562=VECTOR('',#6797,10.);
#1563=VECTOR('',#6800,10.);
#1564=VECTOR('',#6803,10.);
#1565=VECTOR('',#6804,10.);
#1566=VECTOR('',#6805,10.);
#1567=VECTOR('',#6808,10.);
#1568=VECTOR('',#6811,10.);
#1569=VECTOR('',#6812,10.);
#1570=VECTOR('',#6813,10.);
#1571=VECTOR('',#6816,10.);
#1572=VECTOR('',#6819,10.);
#1573=VECTOR('',#6822,10.);
#1574=VECTOR('',#6825,10.);
#1575=VECTOR('',#6828,10.);
#1576=VECTOR('',#6831,10.);
#1577=VECTOR('',#6834,10.);
#1578=VECTOR('',#6837,10.);
#1579=VECTOR('',#6840,10.);
#1580=VECTOR('',#6843,10.);
#1581=VECTOR('',#6846,10.);
#1582=VECTOR('',#6849,10.);
#1583=VECTOR('',#6852,10.);
#1584=VECTOR('',#6855,10.);
#1585=VECTOR('',#6858,10.);
#1586=VECTOR('',#6861,10.);
#1587=VECTOR('',#6864,10.);
#1588=VECTOR('',#6867,10.);
#1589=VECTOR('',#6870,10.);
#1590=VECTOR('',#6873,10.);
#1591=VECTOR('',#6876,10.);
#1592=VECTOR('',#6879,10.);
#1593=VECTOR('',#6882,10.);
#1594=VECTOR('',#6885,10.);
#1595=VECTOR('',#6888,10.);
#1596=VECTOR('',#6891,10.);
#1597=VECTOR('',#6894,10.);
#1598=VECTOR('',#6897,10.);
#1599=VECTOR('',#6900,10.);
#1600=VECTOR('',#6903,10.);
#1601=VECTOR('',#6906,10.);
#1602=VECTOR('',#6909,10.);
#1603=VECTOR('',#6912,10.);
#1604=VECTOR('',#6915,10.);
#1605=VECTOR('',#6918,10.);
#1606=VECTOR('',#6921,10.);
#1607=VECTOR('',#6924,10.);
#1608=VECTOR('',#6927,10.);
#1609=VECTOR('',#6930,10.);
#1610=VECTOR('',#6933,10.);
#1611=VECTOR('',#6936,10.);
#1612=VECTOR('',#6939,10.);
#1613=VECTOR('',#6942,10.);
#1614=VECTOR('',#6945,10.);
#1615=VECTOR('',#6948,10.);
#1616=VECTOR('',#6951,10.);
#1617=VECTOR('',#6954,10.);
#1618=VECTOR('',#6957,10.);
#1619=VECTOR('',#6960,10.);
#1620=VECTOR('',#6963,10.);
#1621=VECTOR('',#6966,10.);
#1622=VECTOR('',#6969,10.);
#1623=VECTOR('',#6972,10.);
#1624=VECTOR('',#6975,10.);
#1625=VECTOR('',#6978,10.);
#1626=VECTOR('',#6981,10.);
#1627=VECTOR('',#6984,10.);
#1628=VECTOR('',#6987,10.);
#1629=VECTOR('',#6990,10.);
#1630=VECTOR('',#6993,10.);
#1631=VECTOR('',#6996,10.);
#1632=VECTOR('',#6999,10.);
#1633=VECTOR('',#7002,10.);
#1634=VECTOR('',#7005,10.);
#1635=VECTOR('',#7008,10.);
#1636=VECTOR('',#7011,10.);
#1637=VECTOR('',#7014,10.);
#1638=VECTOR('',#7017,10.);
#1639=VECTOR('',#7020,10.);
#1640=VECTOR('',#7023,10.);
#1641=VECTOR('',#7026,10.);
#1642=VECTOR('',#7029,10.);
#1643=VECTOR('',#7032,10.);
#1644=VECTOR('',#7035,10.);
#1645=VECTOR('',#7038,10.);
#1646=VECTOR('',#7041,10.);
#1647=VECTOR('',#7044,10.);
#1648=VECTOR('',#7047,10.);
#1649=VECTOR('',#7050,10.);
#1650=VECTOR('',#7053,10.);
#1651=VECTOR('',#7056,10.);
#1652=VECTOR('',#7059,10.);
#1653=VECTOR('',#7062,10.);
#1654=VECTOR('',#7065,10.);
#1655=VECTOR('',#7068,10.);
#1656=VECTOR('',#7071,10.);
#1657=VECTOR('',#7074,10.);
#1658=VECTOR('',#7077,10.);
#1659=VECTOR('',#7080,10.);
#1660=VECTOR('',#7083,10.);
#1661=VECTOR('',#7086,10.);
#1662=VECTOR('',#7089,10.);
#1663=VECTOR('',#7092,10.);
#1664=VECTOR('',#7095,10.);
#1665=VECTOR('',#7098,10.);
#1666=VECTOR('',#7101,10.);
#1667=VECTOR('',#7104,10.);
#1668=VECTOR('',#7107,10.);
#1669=VECTOR('',#7110,10.);
#1670=VECTOR('',#7113,10.);
#1671=VECTOR('',#7116,10.);
#1672=VECTOR('',#7119,10.);
#1673=VECTOR('',#7122,10.);
#1674=VECTOR('',#7125,10.);
#1675=VECTOR('',#7128,10.);
#1676=VECTOR('',#7131,10.);
#1677=VECTOR('',#7134,10.);
#1678=VECTOR('',#7137,10.);
#1679=VECTOR('',#7140,10.);
#1680=VECTOR('',#7143,10.);
#1681=VECTOR('',#7146,10.);
#1682=VECTOR('',#7149,10.);
#1683=VECTOR('',#7152,10.);
#1684=VECTOR('',#7155,10.);
#1685=VECTOR('',#7158,10.);
#1686=VECTOR('',#7161,10.);
#1687=VECTOR('',#7164,10.);
#1688=VECTOR('',#7167,10.);
#1689=VECTOR('',#7170,10.);
#1690=VECTOR('',#7173,10.);
#1691=VECTOR('',#7176,10.);
#1692=VECTOR('',#7179,10.);
#1693=VECTOR('',#7182,10.);
#1694=VECTOR('',#7185,10.);
#1695=VECTOR('',#7188,10.);
#1696=VECTOR('',#7191,10.);
#1697=VECTOR('',#7194,10.);
#1698=VECTOR('',#7197,10.);
#1699=VECTOR('',#7200,10.);
#1700=VECTOR('',#7203,10.);
#1701=VECTOR('',#7206,10.);
#1702=VECTOR('',#7207,10.);
#1703=VECTOR('',#7208,10.);
#1704=VECTOR('',#7211,10.);
#1705=VECTOR('',#7212,10.);
#1706=VECTOR('',#7213,10.);
#1707=VECTOR('',#7222,10.);
#1708=VECTOR('',#7225,10.);
#1709=VECTOR('',#7228,10.);
#1710=VECTOR('',#7229,10.);
#1711=VECTOR('',#7232,10.);
#1712=VECTOR('',#7233,10.);
#1713=VECTOR('',#7234,10.);
#1714=VECTOR('',#7239,10.);
#1715=VECTOR('',#7242,10.);
#1716=VECTOR('',#7243,10.);
#1717=VECTOR('',#7248,10.);
#1718=VECTOR('',#7251,10.);
#1719=VECTOR('',#7252,10.);
#1720=VECTOR('',#7257,10.);
#1721=VECTOR('',#7260,10.);
#1722=VECTOR('',#7261,10.);
#1723=VECTOR('',#7268,10.);
#1724=VECTOR('',#7269,10.);
#1725=VECTOR('',#7270,10.);
#1726=VECTOR('',#7275,10.);
#1727=VECTOR('',#7278,10.);
#1728=VECTOR('',#7279,10.);
#1729=VECTOR('',#7284,10.);
#1730=VECTOR('',#7287,10.);
#1731=VECTOR('',#7288,10.);
#1732=VECTOR('',#7293,10.);
#1733=VECTOR('',#7296,10.);
#1734=VECTOR('',#7297,10.);
#1735=VECTOR('',#7304,10.);
#1736=VECTOR('',#7305,10.);
#1737=VECTOR('',#7306,10.);
#1738=VECTOR('',#7311,10.);
#1739=VECTOR('',#7314,10.);
#1740=VECTOR('',#7315,10.);
#1741=VECTOR('',#7320,10.);
#1742=VECTOR('',#7323,10.);
#1743=VECTOR('',#7324,10.);
#1744=VECTOR('',#7329,10.);
#1745=VECTOR('',#7332,10.);
#1746=VECTOR('',#7333,10.);
#1747=VECTOR('',#7340,10.);
#1748=VECTOR('',#7341,10.);
#1749=VECTOR('',#7342,10.);
#1750=VECTOR('',#7347,10.);
#1751=VECTOR('',#7350,10.);
#1752=VECTOR('',#7351,10.);
#1753=VECTOR('',#7356,10.);
#1754=VECTOR('',#7359,10.);
#1755=VECTOR('',#7360,10.);
#1756=VECTOR('',#7365,10.);
#1757=VECTOR('',#7368,10.);
#1758=VECTOR('',#7369,10.);
#1759=VECTOR('',#7376,10.);
#1760=VECTOR('',#7377,10.);
#1761=VECTOR('',#7378,10.);
#1762=VECTOR('',#7383,10.);
#1763=VECTOR('',#7386,10.);
#1764=VECTOR('',#7387,10.);
#1765=VECTOR('',#7392,10.);
#1766=VECTOR('',#7395,10.);
#1767=VECTOR('',#7396,10.);
#1768=VECTOR('',#7401,10.);
#1769=VECTOR('',#7404,10.);
#1770=VECTOR('',#7405,10.);
#1771=VECTOR('',#7412,10.);
#1772=VECTOR('',#7413,10.);
#1773=VECTOR('',#7414,10.);
#1774=VECTOR('',#7419,10.);
#1775=VECTOR('',#7422,10.);
#1776=VECTOR('',#7423,10.);
#1777=VECTOR('',#7428,10.);
#1778=VECTOR('',#7431,10.);
#1779=VECTOR('',#7432,10.);
#1780=VECTOR('',#7437,10.);
#1781=VECTOR('',#7440,10.);
#1782=VECTOR('',#7441,10.);
#1783=VECTOR('',#7448,10.);
#1784=VECTOR('',#7449,10.);
#1785=VECTOR('',#7450,10.);
#1786=VECTOR('',#7455,10.);
#1787=VECTOR('',#7458,10.);
#1788=VECTOR('',#7459,10.);
#1789=VECTOR('',#7464,10.);
#1790=VECTOR('',#7467,10.);
#1791=VECTOR('',#7468,10.);
#1792=VECTOR('',#7473,10.);
#1793=VECTOR('',#7476,10.);
#1794=VECTOR('',#7477,10.);
#1795=VECTOR('',#7484,10.);
#1796=VECTOR('',#7485,10.);
#1797=VECTOR('',#7486,10.);
#1798=VECTOR('',#7491,10.);
#1799=VECTOR('',#7494,10.);
#1800=VECTOR('',#7495,10.);
#1801=VECTOR('',#7500,10.);
#1802=VECTOR('',#7503,10.);
#1803=VECTOR('',#7504,10.);
#1804=VECTOR('',#7509,10.);
#1805=VECTOR('',#7512,10.);
#1806=VECTOR('',#7513,10.);
#1807=VECTOR('',#7520,10.);
#1808=VECTOR('',#7521,10.);
#1809=VECTOR('',#7522,10.);
#1810=VECTOR('',#7527,10.);
#1811=VECTOR('',#7530,10.);
#1812=VECTOR('',#7531,10.);
#1813=VECTOR('',#7536,10.);
#1814=VECTOR('',#7539,10.);
#1815=VECTOR('',#7540,10.);
#1816=VECTOR('',#7545,10.);
#1817=VECTOR('',#7548,10.);
#1818=VECTOR('',#7549,10.);
#1819=VECTOR('',#7556,10.);
#1820=VECTOR('',#7557,10.);
#1821=VECTOR('',#7558,10.);
#1822=VECTOR('',#7563,10.);
#1823=VECTOR('',#7566,10.);
#1824=VECTOR('',#7567,10.);
#1825=VECTOR('',#7572,10.);
#1826=VECTOR('',#7575,10.);
#1827=VECTOR('',#7576,10.);
#1828=VECTOR('',#7581,10.);
#1829=VECTOR('',#7584,10.);
#1830=VECTOR('',#7585,10.);
#1831=VECTOR('',#7592,10.);
#1832=VECTOR('',#7593,10.);
#1833=VECTOR('',#7594,10.);
#1834=VECTOR('',#7599,10.);
#1835=VECTOR('',#7602,10.);
#1836=VECTOR('',#7603,10.);
#1837=VECTOR('',#7608,10.);
#1838=VECTOR('',#7611,10.);
#1839=VECTOR('',#7612,10.);
#1840=VECTOR('',#7617,10.);
#1841=VECTOR('',#7620,10.);
#1842=VECTOR('',#7621,10.);
#1843=VECTOR('',#7628,10.);
#1844=VECTOR('',#7629,10.);
#1845=VECTOR('',#7630,10.);
#1846=VECTOR('',#7635,10.);
#1847=VECTOR('',#7638,10.);
#1848=VECTOR('',#7639,10.);
#1849=VECTOR('',#7644,10.);
#1850=VECTOR('',#7647,10.);
#1851=VECTOR('',#7648,10.);
#1852=VECTOR('',#7653,10.);
#1853=VECTOR('',#7656,10.);
#1854=VECTOR('',#7657,10.);
#1855=VECTOR('',#7664,10.);
#1856=VECTOR('',#7665,10.);
#1857=VECTOR('',#7666,10.);
#1858=VECTOR('',#7671,10.);
#1859=VECTOR('',#7674,10.);
#1860=VECTOR('',#7675,10.);
#1861=VECTOR('',#7680,10.);
#1862=VECTOR('',#7683,10.);
#1863=VECTOR('',#7684,10.);
#1864=VECTOR('',#7689,10.);
#1865=VECTOR('',#7692,10.);
#1866=VECTOR('',#7693,10.);
#1867=VECTOR('',#7700,10.);
#1868=VECTOR('',#7701,10.);
#1869=VECTOR('',#7702,10.);
#1870=VECTOR('',#7707,10.);
#1871=VECTOR('',#7710,10.);
#1872=VECTOR('',#7711,10.);
#1873=VECTOR('',#7716,10.);
#1874=VECTOR('',#7719,10.);
#1875=VECTOR('',#7720,10.);
#1876=VECTOR('',#7725,10.);
#1877=VECTOR('',#7728,10.);
#1878=VECTOR('',#7729,10.);
#1879=VECTOR('',#7736,10.);
#1880=VECTOR('',#7737,10.);
#1881=VECTOR('',#7738,10.);
#1882=VECTOR('',#7743,10.);
#1883=VECTOR('',#7746,10.);
#1884=VECTOR('',#7747,10.);
#1885=VECTOR('',#7752,10.);
#1886=VECTOR('',#7755,10.);
#1887=VECTOR('',#7756,10.);
#1888=VECTOR('',#7761,10.);
#1889=VECTOR('',#7764,10.);
#1890=VECTOR('',#7765,10.);
#1891=VECTOR('',#7772,10.);
#1892=VECTOR('',#7773,10.);
#1893=VECTOR('',#7774,10.);
#1894=VECTOR('',#7779,10.);
#1895=VECTOR('',#7782,10.);
#1896=VECTOR('',#7783,10.);
#1897=VECTOR('',#7788,10.);
#1898=VECTOR('',#7791,10.);
#1899=VECTOR('',#7792,10.);
#1900=VECTOR('',#7797,10.);
#1901=VECTOR('',#7800,10.);
#1902=VECTOR('',#7801,10.);
#1903=VECTOR('',#7808,10.);
#1904=VECTOR('',#7809,10.);
#1905=VECTOR('',#7810,10.);
#1906=VECTOR('',#7815,10.);
#1907=VECTOR('',#7818,10.);
#1908=VECTOR('',#7819,10.);
#1909=VECTOR('',#7824,10.);
#1910=VECTOR('',#7827,10.);
#1911=VECTOR('',#7828,10.);
#1912=VECTOR('',#7833,10.);
#1913=VECTOR('',#7836,10.);
#1914=VECTOR('',#7837,10.);
#1915=VECTOR('',#7846,10.);
#1916=VECTOR('',#7847,10.);
#1917=VECTOR('',#7850,10.);
#1918=VECTOR('',#7851,10.);
#1919=VECTOR('',#7856,10.);
#1920=VECTOR('',#7859,10.);
#1921=VECTOR('',#7860,10.);
#1922=VECTOR('',#7861,10.);
#1923=VECTOR('',#7866,10.);
#1924=VECTOR('',#7869,10.);
#1925=VECTOR('',#7870,10.);
#1926=VECTOR('',#7875,10.);
#1927=VECTOR('',#7878,10.);
#1928=VECTOR('',#7879,10.);
#1929=VECTOR('',#7884,10.);
#1930=VECTOR('',#7887,10.);
#1931=VECTOR('',#7888,10.);
#1932=VECTOR('',#7895,10.);
#1933=VECTOR('',#7896,10.);
#1934=VECTOR('',#7897,10.);
#1935=VECTOR('',#7902,10.);
#1936=VECTOR('',#7905,10.);
#1937=VECTOR('',#7906,10.);
#1938=VECTOR('',#7911,10.);
#1939=VECTOR('',#7914,10.);
#1940=VECTOR('',#7915,10.);
#1941=VECTOR('',#7920,10.);
#1942=VECTOR('',#7923,10.);
#1943=VECTOR('',#7924,10.);
#1944=VECTOR('',#7931,10.);
#1945=VECTOR('',#7932,10.);
#1946=VECTOR('',#7933,10.);
#1947=VECTOR('',#7938,10.);
#1948=VECTOR('',#7941,10.);
#1949=VECTOR('',#7942,10.);
#1950=VECTOR('',#7947,10.);
#1951=VECTOR('',#7950,10.);
#1952=VECTOR('',#7951,10.);
#1953=VECTOR('',#7956,10.);
#1954=VECTOR('',#7959,10.);
#1955=VECTOR('',#7960,10.);
#1956=VECTOR('',#7967,10.);
#1957=VECTOR('',#7968,10.);
#1958=VECTOR('',#7969,10.);
#1959=VECTOR('',#7974,10.);
#1960=VECTOR('',#7977,10.);
#1961=VECTOR('',#7978,10.);
#1962=VECTOR('',#7983,10.);
#1963=VECTOR('',#7986,10.);
#1964=VECTOR('',#7987,10.);
#1965=VECTOR('',#7992,10.);
#1966=VECTOR('',#7995,10.);
#1967=VECTOR('',#7996,10.);
#1968=VECTOR('',#8003,10.);
#1969=VECTOR('',#8004,10.);
#1970=VECTOR('',#8005,10.);
#1971=VECTOR('',#8010,10.);
#1972=VECTOR('',#8013,10.);
#1973=VECTOR('',#8014,10.);
#1974=VECTOR('',#8019,10.);
#1975=VECTOR('',#8022,10.);
#1976=VECTOR('',#8023,10.);
#1977=VECTOR('',#8028,10.);
#1978=VECTOR('',#8031,10.);
#1979=VECTOR('',#8032,10.);
#1980=VECTOR('',#8041,10.);
#1981=VECTOR('',#8042,10.);
#1982=VECTOR('',#8045,10.);
#1983=VECTOR('',#8046,10.);
#1984=VECTOR('',#8051,10.);
#1985=VECTOR('',#8054,10.);
#1986=VECTOR('',#8055,10.);
#1987=VECTOR('',#8058,10.);
#1988=VECTOR('',#8059,10.);
#1989=VECTOR('',#8060,10.);
#1990=VECTOR('',#8065,10.);
#1991=VECTOR('',#8068,10.);
#1992=VECTOR('',#8069,10.);
#1993=VECTOR('',#8074,10.);
#1994=VECTOR('',#8077,10.);
#1995=VECTOR('',#8078,10.);
#1996=VECTOR('',#8083,10.);
#1997=VECTOR('',#8086,10.);
#1998=VECTOR('',#8087,10.);
#1999=VECTOR('',#8096,10.);
#2000=VECTOR('',#8097,10.);
#2001=VECTOR('',#8100,10.);
#2002=VECTOR('',#8101,10.);
#2003=VECTOR('',#8106,10.);
#2004=VECTOR('',#8109,10.);
#2005=VECTOR('',#8110,10.);
#2006=VECTOR('',#8113,10.);
#2007=VECTOR('',#8114,10.);
#2008=VECTOR('',#8115,10.);
#2009=VECTOR('',#8120,10.);
#2010=VECTOR('',#8123,10.);
#2011=VECTOR('',#8124,10.);
#2012=VECTOR('',#8129,10.);
#2013=VECTOR('',#8132,10.);
#2014=VECTOR('',#8133,10.);
#2015=VECTOR('',#8138,10.);
#2016=VECTOR('',#8141,10.);
#2017=VECTOR('',#8142,10.);
#2018=VECTOR('',#8149,10.);
#2019=VECTOR('',#8150,10.);
#2020=VECTOR('',#8151,10.);
#2021=VECTOR('',#8156,10.);
#2022=VECTOR('',#8159,10.);
#2023=VECTOR('',#8160,10.);
#2024=VECTOR('',#8165,10.);
#2025=VECTOR('',#8168,10.);
#2026=VECTOR('',#8169,10.);
#2027=VECTOR('',#8174,10.);
#2028=VECTOR('',#8177,10.);
#2029=VECTOR('',#8178,10.);
#2030=VECTOR('',#8185,10.);
#2031=VECTOR('',#8186,10.);
#2032=VECTOR('',#8187,10.);
#2033=VECTOR('',#8192,10.);
#2034=VECTOR('',#8195,10.);
#2035=VECTOR('',#8196,10.);
#2036=VECTOR('',#8201,10.);
#2037=VECTOR('',#8204,10.);
#2038=VECTOR('',#8205,10.);
#2039=VECTOR('',#8210,10.);
#2040=VECTOR('',#8213,10.);
#2041=VECTOR('',#8214,10.);
#2042=VECTOR('',#8221,10.);
#2043=VECTOR('',#8222,10.);
#2044=VECTOR('',#8223,10.);
#2045=VECTOR('',#8228,10.);
#2046=VECTOR('',#8231,10.);
#2047=VECTOR('',#8232,10.);
#2048=VECTOR('',#8237,10.);
#2049=VECTOR('',#8240,10.);
#2050=VECTOR('',#8241,10.);
#2051=VECTOR('',#8246,10.);
#2052=VECTOR('',#8249,10.);
#2053=VECTOR('',#8250,10.);
#2054=VECTOR('',#8257,10.);
#2055=VECTOR('',#8258,10.);
#2056=VECTOR('',#8259,10.);
#2057=VECTOR('',#8264,10.);
#2058=VECTOR('',#8267,10.);
#2059=VECTOR('',#8268,10.);
#2060=VECTOR('',#8273,10.);
#2061=VECTOR('',#8276,10.);
#2062=VECTOR('',#8277,10.);
#2063=VECTOR('',#8282,10.);
#2064=VECTOR('',#8285,10.);
#2065=VECTOR('',#8286,10.);
#2066=VECTOR('',#8293,10.);
#2067=VECTOR('',#8294,10.);
#2068=VECTOR('',#8295,10.);
#2069=VECTOR('',#8300,10.);
#2070=VECTOR('',#8303,10.);
#2071=VECTOR('',#8304,10.);
#2072=VECTOR('',#8309,10.);
#2073=VECTOR('',#8312,10.);
#2074=VECTOR('',#8313,10.);
#2075=VECTOR('',#8318,10.);
#2076=VECTOR('',#8321,10.);
#2077=VECTOR('',#8322,10.);
#2078=VECTOR('',#8329,10.);
#2079=VECTOR('',#8330,10.);
#2080=VECTOR('',#8331,10.);
#2081=VECTOR('',#8336,10.);
#2082=VECTOR('',#8339,10.);
#2083=VECTOR('',#8340,10.);
#2084=VECTOR('',#8345,10.);
#2085=VECTOR('',#8348,10.);
#2086=VECTOR('',#8349,10.);
#2087=VECTOR('',#8354,10.);
#2088=VECTOR('',#8357,10.);
#2089=VECTOR('',#8358,10.);
#2090=VECTOR('',#8365,10.);
#2091=VECTOR('',#8366,10.);
#2092=VECTOR('',#8367,10.);
#2093=VECTOR('',#8372,10.);
#2094=VECTOR('',#8375,10.);
#2095=VECTOR('',#8376,10.);
#2096=VECTOR('',#8381,10.);
#2097=VECTOR('',#8384,10.);
#2098=VECTOR('',#8385,10.);
#2099=VECTOR('',#8390,10.);
#2100=VECTOR('',#8393,10.);
#2101=VECTOR('',#8394,10.);
#2102=VECTOR('',#8401,10.);
#2103=VECTOR('',#8402,10.);
#2104=VECTOR('',#8403,10.);
#2105=VECTOR('',#8408,10.);
#2106=VECTOR('',#8411,10.);
#2107=VECTOR('',#8412,10.);
#2108=VECTOR('',#8417,10.);
#2109=VECTOR('',#8420,10.);
#2110=VECTOR('',#8421,10.);
#2111=VECTOR('',#8426,10.);
#2112=VECTOR('',#8429,10.);
#2113=VECTOR('',#8430,10.);
#2114=VECTOR('',#8437,10.);
#2115=VECTOR('',#8440,10.);
#2116=VECTOR('',#8445,10.);
#2117=VECTOR('',#8446,10.);
#2118=VECTOR('',#8449,10.);
#2119=VECTOR('',#8454,10.);
#2120=VECTOR('',#8455,10.);
#2121=VECTOR('',#8458,10.);
#2122=VECTOR('',#8459,10.);
#2123=VECTOR('',#8462,10.);
#2124=VECTOR('',#8463,10.);
#2125=VECTOR('',#8464,10.);
#2126=VECTOR('',#8465,10.);
#2127=VECTOR('',#8466,10.);
#2128=VECTOR('',#8467,10.);
#2129=VECTOR('',#8468,10.);
#2130=VECTOR('',#8471,10.);
#2131=VECTOR('',#8474,10.);
#2132=VECTOR('',#8477,10.);
#2133=CIRCLE('',#6135,1.49999999999999);
#2134=CIRCLE('',#6136,1.49999999999999);
#2135=CIRCLE('',#6138,1.49999999999999);
#2136=CIRCLE('',#6139,1.49999999999999);
#2137=CIRCLE('',#6144,0.825000000000387);
#2138=CIRCLE('',#6146,0.825000000000665);
#2139=CIRCLE('',#6151,4.99999999999996);
#2140=CIRCLE('',#6152,4.99999999999993);
#2141=CIRCLE('',#6153,0.499999999999972);
#2142=CIRCLE('',#6154,0.499999999999998);
#2143=CIRCLE('',#6155,0.500000000000007);
#2144=CIRCLE('',#6156,0.499999999999998);
#2145=CIRCLE('',#6157,0.500000000000007);
#2146=CIRCLE('',#6158,0.500000000000007);
#2147=CIRCLE('',#6159,0.500000000000007);
#2148=CIRCLE('',#6160,0.499999999999972);
#2149=CIRCLE('',#6161,0.500000000000007);
#2150=CIRCLE('',#6162,0.499999999999972);
#2151=CIRCLE('',#6163,0.499999999999989);
#2152=CIRCLE('',#6164,0.500000000000007);
#2153=CIRCLE('',#6165,0.499999999999998);
#2154=CIRCLE('',#6166,0.500000000000007);
#2155=CIRCLE('',#6167,0.500000000000007);
#2156=CIRCLE('',#6168,0.500000000000007);
#2157=CIRCLE('',#6169,0.500000000000007);
#2158=CIRCLE('',#6170,0.500000000000007);
#2159=CIRCLE('',#6171,0.500000000000007);
#2160=CIRCLE('',#6172,0.500000000000007);
#2161=CIRCLE('',#6173,0.500000000000007);
#2162=CIRCLE('',#6174,0.500000000000007);
#2163=CIRCLE('',#6175,0.499999999999989);
#2164=CIRCLE('',#6176,0.500000000000007);
#2165=CIRCLE('',#6177,0.499999999999998);
#2166=CIRCLE('',#6178,0.500000000000007);
#2167=CIRCLE('',#6179,0.500000000000007);
#2168=CIRCLE('',#6180,0.500000000000007);
#2169=CIRCLE('',#6181,0.500000000000007);
#2170=CIRCLE('',#6182,0.499999999999972);
#2171=CIRCLE('',#6183,0.499999999999998);
#2172=CIRCLE('',#6184,0.499999999999972);
#2173=CIRCLE('',#6185,0.500000000000007);
#2174=CIRCLE('',#6186,0.500000000000007);
#2175=CIRCLE('',#6187,0.499999999999998);
#2176=CIRCLE('',#6188,0.500000000000007);
#2177=CIRCLE('',#6189,0.499999999999998);
#2178=CIRCLE('',#6190,0.500000000000007);
#2179=CIRCLE('',#6191,0.500000000000007);
#2180=CIRCLE('',#6192,0.499999999999972);
#2181=CIRCLE('',#6193,0.500000000000007);
#2182=CIRCLE('',#6194,0.500000000000007);
#2183=CIRCLE('',#6195,0.500000000000007);
#2184=CIRCLE('',#6196,0.500000000000007);
#2185=CIRCLE('',#6197,0.500000000000007);
#2186=CIRCLE('',#6198,0.499999999999972);
#2187=CIRCLE('',#6199,0.500000000000007);
#2188=CIRCLE('',#6200,0.500000000000007);
#2189=CIRCLE('',#6201,0.500000000000007);
#2190=CIRCLE('',#6202,0.500000000000007);
#2191=CIRCLE('',#6203,0.499999999999989);
#2192=CIRCLE('',#6204,0.500000000000007);
#2193=CIRCLE('',#6205,0.499999999999998);
#2194=CIRCLE('',#6206,0.500000000000007);
#2195=CIRCLE('',#6207,0.499999999999998);
#2196=CIRCLE('',#6208,0.500000000000007);
#2197=CIRCLE('',#6209,0.499999999999998);
#2198=CIRCLE('',#6210,0.500000000000007);
#2199=CIRCLE('',#6211,0.499999999999998);
#2200=CIRCLE('',#6212,0.500000000000007);
#2201=CIRCLE('',#6213,0.499999999999998);
#2202=CIRCLE('',#6214,0.500000000000007);
#2203=CIRCLE('',#6215,0.499999999999998);
#2204=CIRCLE('',#6216,0.500000000000007);
#2205=CIRCLE('',#6217,0.499999999999998);
#2206=CIRCLE('',#6218,0.500000000000007);
#2207=CIRCLE('',#6219,0.500000000000007);
#2208=CIRCLE('',#6220,0.500000000000007);
#2209=CIRCLE('',#6221,0.500000000000007);
#2210=CIRCLE('',#6222,0.500000000000007);
#2211=CIRCLE('',#6223,0.499999999999998);
#2212=CIRCLE('',#6224,0.500000000000007);
#2213=CIRCLE('',#6225,0.499999999999998);
#2214=CIRCLE('',#6226,0.499999999999972);
#2215=CIRCLE('',#6227,0.499999999999998);
#2216=CIRCLE('',#6228,0.500000000000007);
#2217=CIRCLE('',#6229,0.499999999999998);
#2218=CIRCLE('',#6230,0.500000000000007);
#2219=CIRCLE('',#6231,0.499999999999989);
#2220=CIRCLE('',#6232,0.499999999999972);
#2221=CIRCLE('',#6233,0.499999999999998);
#2222=CIRCLE('',#6234,0.500000000000007);
#2223=CIRCLE('',#6235,0.499999999999998);
#2224=CIRCLE('',#6236,0.500000000000007);
#2225=CIRCLE('',#6237,0.499999999999989);
#2226=CIRCLE('',#6238,0.500000000000007);
#2227=CIRCLE('',#6239,0.500000000000007);
#2228=CIRCLE('',#6240,0.499999999999972);
#2229=CIRCLE('',#6241,0.500000000000007);
#2230=CIRCLE('',#6242,0.500000000000007);
#2231=CIRCLE('',#6243,0.500000000000007);
#2232=CIRCLE('',#6244,0.500000000000007);
#2233=CIRCLE('',#6245,0.500000000000007);
#2234=CIRCLE('',#6246,0.500000000000007);
#2235=CIRCLE('',#6247,0.499999999999989);
#2236=CIRCLE('',#6248,0.500000000000007);
#2237=CIRCLE('',#6249,0.499999999999998);
#2238=CIRCLE('',#6250,0.500000000000007);
#2239=CIRCLE('',#6251,0.499999999999998);
#2240=CIRCLE('',#6252,0.500000000000007);
#2241=CIRCLE('',#6253,0.499999999999998);
#2242=CIRCLE('',#6254,0.500000000000007);
#2243=CIRCLE('',#6255,0.499999999999998);
#2244=CIRCLE('',#6256,0.499999999999972);
#2245=CIRCLE('',#6257,0.500000000000007);
#2246=CIRCLE('',#6258,0.500000000000007);
#2247=CIRCLE('',#6259,0.499999999999998);
#2248=CIRCLE('',#6260,0.499999999999972);
#2249=CIRCLE('',#6261,0.500000000000007);
#2250=CIRCLE('',#6262,0.500000000000007);
#2251=CIRCLE('',#6263,0.499999999999998);
#2252=CIRCLE('',#6264,0.500000000000007);
#2253=CIRCLE('',#6265,0.500000000000007);
#2254=CIRCLE('',#6266,0.500000000000007);
#2255=CIRCLE('',#6267,0.499999999999998);
#2256=CIRCLE('',#6268,0.500000000000007);
#2257=CIRCLE('',#6269,0.499999999999989);
#2258=CIRCLE('',#6270,0.499999999999972);
#2259=CIRCLE('',#6271,0.499999999999998);
#2260=CIRCLE('',#6272,0.500000000000007);
#2261=CIRCLE('',#6273,0.500000000000007);
#2262=CIRCLE('',#6274,0.500000000000007);
#2263=CIRCLE('',#6275,0.500000000000007);
#2264=CIRCLE('',#6276,0.500000000000007);
#2265=CIRCLE('',#6277,0.500000000000007);
#2266=CIRCLE('',#6278,0.500000000000007);
#2267=CIRCLE('',#6279,0.499999999999989);
#2268=CIRCLE('',#6280,0.500000000000007);
#2269=CIRCLE('',#6281,0.499999999999998);
#2270=CIRCLE('',#6282,0.500000000000007);
#2271=CIRCLE('',#6283,0.500000000000007);
#2272=CIRCLE('',#6284,0.500000000000007);
#2273=CIRCLE('',#6285,0.499999999999989);
#2274=CIRCLE('',#6286,0.500000000000007);
#2275=CIRCLE('',#6290,0.825000000000665);
#2276=CIRCLE('',#6292,0.825000000000387);
#2277=CIRCLE('',#6297,0.500000000000007);
#2278=CIRCLE('',#6300,0.499999999999989);
#2279=CIRCLE('',#6303,0.500000000000007);
#2280=CIRCLE('',#6306,0.500000000000007);
#2281=CIRCLE('',#6309,0.500000000000007);
#2282=CIRCLE('',#6312,0.499999999999998);
#2283=CIRCLE('',#6315,0.500000000000007);
#2284=CIRCLE('',#6318,0.499999999999989);
#2285=CIRCLE('',#6321,0.500000000000007);
#2286=CIRCLE('',#6324,0.500000000000007);
#2287=CIRCLE('',#6327,0.500000000000007);
#2288=CIRCLE('',#6330,0.500000000000007);
#2289=CIRCLE('',#6333,0.500000000000007);
#2290=CIRCLE('',#6336,0.500000000000007);
#2291=CIRCLE('',#6339,0.500000000000007);
#2292=CIRCLE('',#6342,0.499999999999998);
#2293=CIRCLE('',#6345,0.499999999999972);
#2294=CIRCLE('',#6348,0.499999999999989);
#2295=CIRCLE('',#6351,0.500000000000007);
#2296=CIRCLE('',#6354,0.499999999999998);
#2297=CIRCLE('',#6357,0.500000000000007);
#2298=CIRCLE('',#6360,0.500000000000007);
#2299=CIRCLE('',#6363,0.500000000000007);
#2300=CIRCLE('',#6366,0.499999999999998);
#2301=CIRCLE('',#6369,0.500000000000007);
#2302=CIRCLE('',#6372,0.500000000000007);
#2303=CIRCLE('',#6375,0.499999999999972);
#2304=CIRCLE('',#6378,0.499999999999998);
#2305=CIRCLE('',#6381,0.500000000000007);
#2306=CIRCLE('',#6384,0.500000000000007);
#2307=CIRCLE('',#6387,0.499999999999972);
#2308=CIRCLE('',#6390,0.499999999999998);
#2309=CIRCLE('',#6393,0.500000000000007);
#2310=CIRCLE('',#6396,0.499999999999998);
#2311=CIRCLE('',#6399,0.500000000000007);
#2312=CIRCLE('',#6402,0.499999999999998);
#2313=CIRCLE('',#6405,0.500000000000007);
#2314=CIRCLE('',#6408,0.499999999999998);
#2315=CIRCLE('',#6411,0.500000000000007);
#2316=CIRCLE('',#6414,0.499999999999989);
#2317=CIRCLE('',#6417,0.500000000000007);
#2318=CIRCLE('',#6420,0.500000000000007);
#2319=CIRCLE('',#6423,0.500000000000007);
#2320=CIRCLE('',#6426,0.500000000000007);
#2321=CIRCLE('',#6429,0.500000000000007);
#2322=CIRCLE('',#6432,0.500000000000007);
#2323=CIRCLE('',#6435,0.499999999999972);
#2324=CIRCLE('',#6438,0.500000000000007);
#2325=CIRCLE('',#6441,0.500000000000007);
#2326=CIRCLE('',#6444,0.499999999999989);
#2327=CIRCLE('',#6447,0.500000000000007);
#2328=CIRCLE('',#6450,0.499999999999998);
#2329=CIRCLE('',#6453,0.500000000000007);
#2330=CIRCLE('',#6456,0.499999999999998);
#2331=CIRCLE('',#6459,0.499999999999972);
#2332=CIRCLE('',#6462,0.499999999999989);
#2333=CIRCLE('',#6465,0.500000000000007);
#2334=CIRCLE('',#6468,0.499999999999998);
#2335=CIRCLE('',#6471,0.500000000000007);
#2336=CIRCLE('',#6474,0.499999999999998);
#2337=CIRCLE('',#6477,0.499999999999972);
#2338=CIRCLE('',#6480,0.499999999999998);
#2339=CIRCLE('',#6483,0.500000000000007);
#2340=CIRCLE('',#6486,0.499999999999998);
#2341=CIRCLE('',#6489,0.500000000000007);
#2342=CIRCLE('',#6492,0.500000000000007);
#2343=CIRCLE('',#6495,0.500000000000007);
#2344=CIRCLE('',#6498,0.500000000000007);
#2345=CIRCLE('',#6500,0.499999999999998);
#2346=CIRCLE('',#6503,0.499999999999972);
#2347=CIRCLE('',#6506,0.500000000000007);
#2348=CIRCLE('',#6509,0.499999999999998);
#2349=CIRCLE('',#6512,0.500000000000007);
#2350=CIRCLE('',#6515,0.499999999999998);
#2351=CIRCLE('',#6518,0.500000000000007);
#2352=CIRCLE('',#6521,0.499999999999998);
#2353=CIRCLE('',#6524,0.500000000000007);
#2354=CIRCLE('',#6527,0.499999999999998);
#2355=CIRCLE('',#6530,0.500000000000007);
#2356=CIRCLE('',#6533,0.499999999999998);
#2357=CIRCLE('',#6536,0.500000000000007);
#2358=CIRCLE('',#6539,0.499999999999998);
#2359=CIRCLE('',#6542,0.500000000000007);
#2360=CIRCLE('',#6545,0.499999999999998);
#2361=CIRCLE('',#6548,0.500000000000007);
#2362=CIRCLE('',#6551,0.499999999999989);
#2363=CIRCLE('',#6554,0.500000000000007);
#2364=CIRCLE('',#6557,0.500000000000007);
#2365=CIRCLE('',#6560,0.500000000000007);
#2366=CIRCLE('',#6563,0.500000000000007);
#2367=CIRCLE('',#6565,0.499999999999998);
#2368=CIRCLE('',#6568,0.500000000000007);
#2369=CIRCLE('',#6572,0.499999999999972);
#2370=CIRCLE('',#6575,0.500000000000007);
#2371=CIRCLE('',#6578,0.500000000000007);
#2372=CIRCLE('',#6581,0.500000000000007);
#2373=CIRCLE('',#6583,0.500000000000007);
#2374=CIRCLE('',#6586,0.500000000000007);
#2375=CIRCLE('',#6590,0.500000000000007);
#2376=CIRCLE('',#6593,0.500000000000007);
#2377=CIRCLE('',#6596,0.499999999999972);
#2378=CIRCLE('',#6599,0.500000000000007);
#2379=CIRCLE('',#6602,0.500000000000007);
#2380=CIRCLE('',#6605,0.499999999999998);
#2381=CIRCLE('',#6608,0.500000000000007);
#2382=CIRCLE('',#6611,0.499999999999998);
#2383=CIRCLE('',#6614,0.500000000000007);
#2384=CIRCLE('',#6617,0.500000000000007);
#2385=CIRCLE('',#6620,0.499999999999972);
#2386=CIRCLE('',#6623,0.499999999999998);
#2387=CIRCLE('',#6626,0.499999999999972);
#2388=CIRCLE('',#6629,0.500000000000007);
#2389=CIRCLE('',#6632,0.500000000000007);
#2390=CIRCLE('',#6635,0.500000000000007);
#2391=CIRCLE('',#6638,0.500000000000007);
#2392=CIRCLE('',#6641,0.499999999999998);
#2393=CIRCLE('',#6644,0.500000000000007);
#2394=CIRCLE('',#6647,0.499999999999989);
#2395=CIRCLE('',#6650,0.500000000000007);
#2396=CIRCLE('',#6653,0.500000000000007);
#2397=CIRCLE('',#6656,0.500000000000007);
#2398=CIRCLE('',#6659,0.500000000000007);
#2399=CIRCLE('',#6662,0.500000000000007);
#2400=CIRCLE('',#6665,0.500000000000007);
#2401=CIRCLE('',#6668,0.500000000000007);
#2402=CIRCLE('',#6671,0.500000000000007);
#2403=CIRCLE('',#6674,0.500000000000007);
#2404=CIRCLE('',#6677,0.499999999999998);
#2405=CIRCLE('',#6680,0.500000000000007);
#2406=CIRCLE('',#6683,0.499999999999989);
#2407=CIRCLE('',#6686,0.499999999999972);
#2408=CIRCLE('',#6689,0.500000000000007);
#2409=CIRCLE('',#6692,0.499999999999972);
#2410=CIRCLE('',#6695,0.500000000000007);
#2411=CIRCLE('',#6698,4.99999999999993);
#2412=CIRCLE('',#6701,4.99999999999996);
#2413=VERTEX_POINT('',#8498);
#2414=VERTEX_POINT('',#8500);
#2415=VERTEX_POINT('',#8504);
#2416=VERTEX_POINT('',#8506);
#2417=VERTEX_POINT('',#8510);
#2418=VERTEX_POINT('',#8511);
#2419=VERTEX_POINT('',#8513);
#2420=VERTEX_POINT('',#8515);
#2421=VERTEX_POINT('',#8517);
#2422=VERTEX_POINT('',#8519);
#2423=VERTEX_POINT('',#8523);
#2424=VERTEX_POINT('',#8524);
#2425=VERTEX_POINT('',#8526);
#2426=VERTEX_POINT('',#8528);
#2427=VERTEX_POINT('',#8532);
#2428=VERTEX_POINT('',#8534);
#2429=VERTEX_POINT('',#8538);
#2430=VERTEX_POINT('',#8539);
#2431=VERTEX_POINT('',#8541);
#2432=VERTEX_POINT('',#8543);
#2433=VERTEX_POINT('',#8545);
#2434=VERTEX_POINT('',#8547);
#2435=VERTEX_POINT('',#8551);
#2436=VERTEX_POINT('',#8552);
#2437=VERTEX_POINT('',#8555);
#2438=VERTEX_POINT('',#8557);
#2439=VERTEX_POINT('',#8561);
#2440=VERTEX_POINT('',#8563);
#2441=VERTEX_POINT('',#8567);
#2442=VERTEX_POINT('',#8569);
#2443=VERTEX_POINT('',#8576);
#2444=VERTEX_POINT('',#8577);
#2445=VERTEX_POINT('',#8579);
#2446=VERTEX_POINT('',#8581);
#2447=VERTEX_POINT('',#8583);
#2448=VERTEX_POINT('',#8587);
#2449=VERTEX_POINT('',#8589);
#2450=VERTEX_POINT('',#8591);
#2451=VERTEX_POINT('',#8593);
#2452=VERTEX_POINT('',#8595);
#2453=VERTEX_POINT('',#8597);
#2454=VERTEX_POINT('',#8599);
#2455=VERTEX_POINT('',#8601);
#2456=VERTEX_POINT('',#8603);
#2457=VERTEX_POINT('',#8605);
#2458=VERTEX_POINT('',#8607);
#2459=VERTEX_POINT('',#8609);
#2460=VERTEX_POINT('',#8611);
#2461=VERTEX_POINT('',#8613);
#2462=VERTEX_POINT('',#8615);
#2463=VERTEX_POINT('',#8617);
#2464=VERTEX_POINT('',#8619);
#2465=VERTEX_POINT('',#8622);
#2466=VERTEX_POINT('',#8623);
#2467=VERTEX_POINT('',#8625);
#2468=VERTEX_POINT('',#8627);
#2469=VERTEX_POINT('',#8629);
#2470=VERTEX_POINT('',#8631);
#2471=VERTEX_POINT('',#8633);
#2472=VERTEX_POINT('',#8635);
#2473=VERTEX_POINT('',#8638);
#2474=VERTEX_POINT('',#8639);
#2475=VERTEX_POINT('',#8641);
#2476=VERTEX_POINT('',#8643);
#2477=VERTEX_POINT('',#8645);
#2478=VERTEX_POINT('',#8647);
#2479=VERTEX_POINT('',#8649);
#2480=VERTEX_POINT('',#8651);
#2481=VERTEX_POINT('',#8654);
#2482=VERTEX_POINT('',#8655);
#2483=VERTEX_POINT('',#8657);
#2484=VERTEX_POINT('',#8659);
#2485=VERTEX_POINT('',#8661);
#2486=VERTEX_POINT('',#8663);
#2487=VERTEX_POINT('',#8665);
#2488=VERTEX_POINT('',#8667);
#2489=VERTEX_POINT('',#8670);
#2490=VERTEX_POINT('',#8671);
#2491=VERTEX_POINT('',#8673);
#2492=VERTEX_POINT('',#8675);
#2493=VERTEX_POINT('',#8677);
#2494=VERTEX_POINT('',#8679);
#2495=VERTEX_POINT('',#8681);
#2496=VERTEX_POINT('',#8683);
#2497=VERTEX_POINT('',#8686);
#2498=VERTEX_POINT('',#8687);
#2499=VERTEX_POINT('',#8689);
#2500=VERTEX_POINT('',#8691);
#2501=VERTEX_POINT('',#8693);
#2502=VERTEX_POINT('',#8695);
#2503=VERTEX_POINT('',#8697);
#2504=VERTEX_POINT('',#8699);
#2505=VERTEX_POINT('',#8702);
#2506=VERTEX_POINT('',#8703);
#2507=VERTEX_POINT('',#8705);
#2508=VERTEX_POINT('',#8707);
#2509=VERTEX_POINT('',#8709);
#2510=VERTEX_POINT('',#8711);
#2511=VERTEX_POINT('',#8713);
#2512=VERTEX_POINT('',#8715);
#2513=VERTEX_POINT('',#8718);
#2514=VERTEX_POINT('',#8719);
#2515=VERTEX_POINT('',#8721);
#2516=VERTEX_POINT('',#8723);
#2517=VERTEX_POINT('',#8725);
#2518=VERTEX_POINT('',#8727);
#2519=VERTEX_POINT('',#8729);
#2520=VERTEX_POINT('',#8731);
#2521=VERTEX_POINT('',#8734);
#2522=VERTEX_POINT('',#8735);
#2523=VERTEX_POINT('',#8737);
#2524=VERTEX_POINT('',#8739);
#2525=VERTEX_POINT('',#8741);
#2526=VERTEX_POINT('',#8743);
#2527=VERTEX_POINT('',#8745);
#2528=VERTEX_POINT('',#8747);
#2529=VERTEX_POINT('',#8750);
#2530=VERTEX_POINT('',#8751);
#2531=VERTEX_POINT('',#8753);
#2532=VERTEX_POINT('',#8755);
#2533=VERTEX_POINT('',#8757);
#2534=VERTEX_POINT('',#8759);
#2535=VERTEX_POINT('',#8761);
#2536=VERTEX_POINT('',#8763);
#2537=VERTEX_POINT('',#8766);
#2538=VERTEX_POINT('',#8767);
#2539=VERTEX_POINT('',#8769);
#2540=VERTEX_POINT('',#8771);
#2541=VERTEX_POINT('',#8773);
#2542=VERTEX_POINT('',#8775);
#2543=VERTEX_POINT('',#8777);
#2544=VERTEX_POINT('',#8779);
#2545=VERTEX_POINT('',#8782);
#2546=VERTEX_POINT('',#8783);
#2547=VERTEX_POINT('',#8785);
#2548=VERTEX_POINT('',#8787);
#2549=VERTEX_POINT('',#8789);
#2550=VERTEX_POINT('',#8791);
#2551=VERTEX_POINT('',#8793);
#2552=VERTEX_POINT('',#8795);
#2553=VERTEX_POINT('',#8798);
#2554=VERTEX_POINT('',#8799);
#2555=VERTEX_POINT('',#8801);
#2556=VERTEX_POINT('',#8803);
#2557=VERTEX_POINT('',#8805);
#2558=VERTEX_POINT('',#8807);
#2559=VERTEX_POINT('',#8809);
#2560=VERTEX_POINT('',#8811);
#2561=VERTEX_POINT('',#8814);
#2562=VERTEX_POINT('',#8815);
#2563=VERTEX_POINT('',#8817);
#2564=VERTEX_POINT('',#8819);
#2565=VERTEX_POINT('',#8821);
#2566=VERTEX_POINT('',#8823);
#2567=VERTEX_POINT('',#8825);
#2568=VERTEX_POINT('',#8827);
#2569=VERTEX_POINT('',#8830);
#2570=VERTEX_POINT('',#8831);
#2571=VERTEX_POINT('',#8833);
#2572=VERTEX_POINT('',#8835);
#2573=VERTEX_POINT('',#8837);
#2574=VERTEX_POINT('',#8839);
#2575=VERTEX_POINT('',#8841);
#2576=VERTEX_POINT('',#8843);
#2577=VERTEX_POINT('',#8846);
#2578=VERTEX_POINT('',#8847);
#2579=VERTEX_POINT('',#8849);
#2580=VERTEX_POINT('',#8851);
#2581=VERTEX_POINT('',#8853);
#2582=VERTEX_POINT('',#8855);
#2583=VERTEX_POINT('',#8857);
#2584=VERTEX_POINT('',#8859);
#2585=VERTEX_POINT('',#8862);
#2586=VERTEX_POINT('',#8863);
#2587=VERTEX_POINT('',#8865);
#2588=VERTEX_POINT('',#8867);
#2589=VERTEX_POINT('',#8869);
#2590=VERTEX_POINT('',#8871);
#2591=VERTEX_POINT('',#8873);
#2592=VERTEX_POINT('',#8875);
#2593=VERTEX_POINT('',#8878);
#2594=VERTEX_POINT('',#8879);
#2595=VERTEX_POINT('',#8881);
#2596=VERTEX_POINT('',#8883);
#2597=VERTEX_POINT('',#8885);
#2598=VERTEX_POINT('',#8887);
#2599=VERTEX_POINT('',#8889);
#2600=VERTEX_POINT('',#8891);
#2601=VERTEX_POINT('',#8894);
#2602=VERTEX_POINT('',#8895);
#2603=VERTEX_POINT('',#8897);
#2604=VERTEX_POINT('',#8899);
#2605=VERTEX_POINT('',#8901);
#2606=VERTEX_POINT('',#8903);
#2607=VERTEX_POINT('',#8905);
#2608=VERTEX_POINT('',#8907);
#2609=VERTEX_POINT('',#8910);
#2610=VERTEX_POINT('',#8911);
#2611=VERTEX_POINT('',#8913);
#2612=VERTEX_POINT('',#8915);
#2613=VERTEX_POINT('',#8917);
#2614=VERTEX_POINT('',#8919);
#2615=VERTEX_POINT('',#8921);
#2616=VERTEX_POINT('',#8923);
#2617=VERTEX_POINT('',#8926);
#2618=VERTEX_POINT('',#8927);
#2619=VERTEX_POINT('',#8929);
#2620=VERTEX_POINT('',#8931);
#2621=VERTEX_POINT('',#8933);
#2622=VERTEX_POINT('',#8935);
#2623=VERTEX_POINT('',#8937);
#2624=VERTEX_POINT('',#8939);
#2625=VERTEX_POINT('',#8942);
#2626=VERTEX_POINT('',#8943);
#2627=VERTEX_POINT('',#8945);
#2628=VERTEX_POINT('',#8947);
#2629=VERTEX_POINT('',#8949);
#2630=VERTEX_POINT('',#8951);
#2631=VERTEX_POINT('',#8953);
#2632=VERTEX_POINT('',#8955);
#2633=VERTEX_POINT('',#8958);
#2634=VERTEX_POINT('',#8959);
#2635=VERTEX_POINT('',#8961);
#2636=VERTEX_POINT('',#8963);
#2637=VERTEX_POINT('',#8965);
#2638=VERTEX_POINT('',#8967);
#2639=VERTEX_POINT('',#8969);
#2640=VERTEX_POINT('',#8971);
#2641=VERTEX_POINT('',#8974);
#2642=VERTEX_POINT('',#8975);
#2643=VERTEX_POINT('',#8977);
#2644=VERTEX_POINT('',#8979);
#2645=VERTEX_POINT('',#8981);
#2646=VERTEX_POINT('',#8983);
#2647=VERTEX_POINT('',#8985);
#2648=VERTEX_POINT('',#8987);
#2649=VERTEX_POINT('',#8990);
#2650=VERTEX_POINT('',#8991);
#2651=VERTEX_POINT('',#8993);
#2652=VERTEX_POINT('',#8995);
#2653=VERTEX_POINT('',#8997);
#2654=VERTEX_POINT('',#8999);
#2655=VERTEX_POINT('',#9001);
#2656=VERTEX_POINT('',#9003);
#2657=VERTEX_POINT('',#9006);
#2658=VERTEX_POINT('',#9007);
#2659=VERTEX_POINT('',#9009);
#2660=VERTEX_POINT('',#9011);
#2661=VERTEX_POINT('',#9013);
#2662=VERTEX_POINT('',#9015);
#2663=VERTEX_POINT('',#9017);
#2664=VERTEX_POINT('',#9019);
#2665=VERTEX_POINT('',#9022);
#2666=VERTEX_POINT('',#9023);
#2667=VERTEX_POINT('',#9025);
#2668=VERTEX_POINT('',#9027);
#2669=VERTEX_POINT('',#9029);
#2670=VERTEX_POINT('',#9031);
#2671=VERTEX_POINT('',#9033);
#2672=VERTEX_POINT('',#9035);
#2673=VERTEX_POINT('',#9038);
#2674=VERTEX_POINT('',#9039);
#2675=VERTEX_POINT('',#9041);
#2676=VERTEX_POINT('',#9043);
#2677=VERTEX_POINT('',#9045);
#2678=VERTEX_POINT('',#9047);
#2679=VERTEX_POINT('',#9049);
#2680=VERTEX_POINT('',#9051);
#2681=VERTEX_POINT('',#9054);
#2682=VERTEX_POINT('',#9055);
#2683=VERTEX_POINT('',#9057);
#2684=VERTEX_POINT('',#9059);
#2685=VERTEX_POINT('',#9061);
#2686=VERTEX_POINT('',#9063);
#2687=VERTEX_POINT('',#9065);
#2688=VERTEX_POINT('',#9067);
#2689=VERTEX_POINT('',#9070);
#2690=VERTEX_POINT('',#9071);
#2691=VERTEX_POINT('',#9073);
#2692=VERTEX_POINT('',#9075);
#2693=VERTEX_POINT('',#9077);
#2694=VERTEX_POINT('',#9079);
#2695=VERTEX_POINT('',#9081);
#2696=VERTEX_POINT('',#9083);
#2697=VERTEX_POINT('',#9086);
#2698=VERTEX_POINT('',#9087);
#2699=VERTEX_POINT('',#9089);
#2700=VERTEX_POINT('',#9091);
#2701=VERTEX_POINT('',#9093);
#2702=VERTEX_POINT('',#9095);
#2703=VERTEX_POINT('',#9097);
#2704=VERTEX_POINT('',#9099);
#2705=VERTEX_POINT('',#9102);
#2706=VERTEX_POINT('',#9103);
#2707=VERTEX_POINT('',#9105);
#2708=VERTEX_POINT('',#9107);
#2709=VERTEX_POINT('',#9109);
#2710=VERTEX_POINT('',#9111);
#2711=VERTEX_POINT('',#9113);
#2712=VERTEX_POINT('',#9115);
#2713=VERTEX_POINT('',#9118);
#2714=VERTEX_POINT('',#9119);
#2715=VERTEX_POINT('',#9121);
#2716=VERTEX_POINT('',#9123);
#2717=VERTEX_POINT('',#9125);
#2718=VERTEX_POINT('',#9127);
#2719=VERTEX_POINT('',#9129);
#2720=VERTEX_POINT('',#9131);
#2721=VERTEX_POINT('',#9135);
#2722=VERTEX_POINT('',#9136);
#2723=VERTEX_POINT('',#9141);
#2724=VERTEX_POINT('',#9143);
#2725=VERTEX_POINT('',#9149);
#2726=VERTEX_POINT('',#9155);
#2727=VERTEX_POINT('',#9159);
#2728=VERTEX_POINT('',#9160);
#2729=VERTEX_POINT('',#9165);
#2730=VERTEX_POINT('',#9169);
#2731=VERTEX_POINT('',#9173);
#2732=VERTEX_POINT('',#9177);
#2733=VERTEX_POINT('',#9181);
#2734=VERTEX_POINT('',#9185);
#2735=VERTEX_POINT('',#9191);
#2736=VERTEX_POINT('',#9192);
#2737=VERTEX_POINT('',#9197);
#2738=VERTEX_POINT('',#9201);
#2739=VERTEX_POINT('',#9205);
#2740=VERTEX_POINT('',#9209);
#2741=VERTEX_POINT('',#9213);
#2742=VERTEX_POINT('',#9217);
#2743=VERTEX_POINT('',#9223);
#2744=VERTEX_POINT('',#9224);
#2745=VERTEX_POINT('',#9229);
#2746=VERTEX_POINT('',#9233);
#2747=VERTEX_POINT('',#9237);
#2748=VERTEX_POINT('',#9241);
#2749=VERTEX_POINT('',#9245);
#2750=VERTEX_POINT('',#9249);
#2751=VERTEX_POINT('',#9255);
#2752=VERTEX_POINT('',#9256);
#2753=VERTEX_POINT('',#9261);
#2754=VERTEX_POINT('',#9265);
#2755=VERTEX_POINT('',#9269);
#2756=VERTEX_POINT('',#9273);
#2757=VERTEX_POINT('',#9277);
#2758=VERTEX_POINT('',#9281);
#2759=VERTEX_POINT('',#9287);
#2760=VERTEX_POINT('',#9288);
#2761=VERTEX_POINT('',#9293);
#2762=VERTEX_POINT('',#9297);
#2763=VERTEX_POINT('',#9301);
#2764=VERTEX_POINT('',#9305);
#2765=VERTEX_POINT('',#9309);
#2766=VERTEX_POINT('',#9313);
#2767=VERTEX_POINT('',#9319);
#2768=VERTEX_POINT('',#9320);
#2769=VERTEX_POINT('',#9325);
#2770=VERTEX_POINT('',#9329);
#2771=VERTEX_POINT('',#9333);
#2772=VERTEX_POINT('',#9337);
#2773=VERTEX_POINT('',#9341);
#2774=VERTEX_POINT('',#9345);
#2775=VERTEX_POINT('',#9351);
#2776=VERTEX_POINT('',#9352);
#2777=VERTEX_POINT('',#9357);
#2778=VERTEX_POINT('',#9361);
#2779=VERTEX_POINT('',#9365);
#2780=VERTEX_POINT('',#9369);
#2781=VERTEX_POINT('',#9373);
#2782=VERTEX_POINT('',#9377);
#2783=VERTEX_POINT('',#9383);
#2784=VERTEX_POINT('',#9384);
#2785=VERTEX_POINT('',#9389);
#2786=VERTEX_POINT('',#9393);
#2787=VERTEX_POINT('',#9397);
#2788=VERTEX_POINT('',#9401);
#2789=VERTEX_POINT('',#9405);
#2790=VERTEX_POINT('',#9409);
#2791=VERTEX_POINT('',#9415);
#2792=VERTEX_POINT('',#9416);
#2793=VERTEX_POINT('',#9421);
#2794=VERTEX_POINT('',#9425);
#2795=VERTEX_POINT('',#9429);
#2796=VERTEX_POINT('',#9433);
#2797=VERTEX_POINT('',#9437);
#2798=VERTEX_POINT('',#9441);
#2799=VERTEX_POINT('',#9447);
#2800=VERTEX_POINT('',#9448);
#2801=VERTEX_POINT('',#9453);
#2802=VERTEX_POINT('',#9457);
#2803=VERTEX_POINT('',#9461);
#2804=VERTEX_POINT('',#9465);
#2805=VERTEX_POINT('',#9469);
#2806=VERTEX_POINT('',#9473);
#2807=VERTEX_POINT('',#9479);
#2808=VERTEX_POINT('',#9480);
#2809=VERTEX_POINT('',#9485);
#2810=VERTEX_POINT('',#9489);
#2811=VERTEX_POINT('',#9493);
#2812=VERTEX_POINT('',#9497);
#2813=VERTEX_POINT('',#9501);
#2814=VERTEX_POINT('',#9505);
#2815=VERTEX_POINT('',#9511);
#2816=VERTEX_POINT('',#9512);
#2817=VERTEX_POINT('',#9517);
#2818=VERTEX_POINT('',#9521);
#2819=VERTEX_POINT('',#9525);
#2820=VERTEX_POINT('',#9529);
#2821=VERTEX_POINT('',#9533);
#2822=VERTEX_POINT('',#9537);
#2823=VERTEX_POINT('',#9543);
#2824=VERTEX_POINT('',#9544);
#2825=VERTEX_POINT('',#9549);
#2826=VERTEX_POINT('',#9553);
#2827=VERTEX_POINT('',#9557);
#2828=VERTEX_POINT('',#9561);
#2829=VERTEX_POINT('',#9565);
#2830=VERTEX_POINT('',#9569);
#2831=VERTEX_POINT('',#9575);
#2832=VERTEX_POINT('',#9576);
#2833=VERTEX_POINT('',#9581);
#2834=VERTEX_POINT('',#9585);
#2835=VERTEX_POINT('',#9589);
#2836=VERTEX_POINT('',#9593);
#2837=VERTEX_POINT('',#9597);
#2838=VERTEX_POINT('',#9601);
#2839=VERTEX_POINT('',#9607);
#2840=VERTEX_POINT('',#9608);
#2841=VERTEX_POINT('',#9613);
#2842=VERTEX_POINT('',#9617);
#2843=VERTEX_POINT('',#9621);
#2844=VERTEX_POINT('',#9625);
#2845=VERTEX_POINT('',#9629);
#2846=VERTEX_POINT('',#9633);
#2847=VERTEX_POINT('',#9639);
#2848=VERTEX_POINT('',#9640);
#2849=VERTEX_POINT('',#9645);
#2850=VERTEX_POINT('',#9649);
#2851=VERTEX_POINT('',#9653);
#2852=VERTEX_POINT('',#9657);
#2853=VERTEX_POINT('',#9661);
#2854=VERTEX_POINT('',#9665);
#2855=VERTEX_POINT('',#9671);
#2856=VERTEX_POINT('',#9672);
#2857=VERTEX_POINT('',#9677);
#2858=VERTEX_POINT('',#9681);
#2859=VERTEX_POINT('',#9685);
#2860=VERTEX_POINT('',#9689);
#2861=VERTEX_POINT('',#9693);
#2862=VERTEX_POINT('',#9697);
#2863=VERTEX_POINT('',#9703);
#2864=VERTEX_POINT('',#9704);
#2865=VERTEX_POINT('',#9709);
#2866=VERTEX_POINT('',#9713);
#2867=VERTEX_POINT('',#9717);
#2868=VERTEX_POINT('',#9718);
#2869=VERTEX_POINT('',#9723);
#2870=VERTEX_POINT('',#9727);
#2871=VERTEX_POINT('',#9731);
#2872=VERTEX_POINT('',#9735);
#2873=VERTEX_POINT('',#9739);
#2874=VERTEX_POINT('',#9743);
#2875=VERTEX_POINT('',#9749);
#2876=VERTEX_POINT('',#9750);
#2877=VERTEX_POINT('',#9755);
#2878=VERTEX_POINT('',#9759);
#2879=VERTEX_POINT('',#9763);
#2880=VERTEX_POINT('',#9767);
#2881=VERTEX_POINT('',#9771);
#2882=VERTEX_POINT('',#9775);
#2883=VERTEX_POINT('',#9781);
#2884=VERTEX_POINT('',#9782);
#2885=VERTEX_POINT('',#9787);
#2886=VERTEX_POINT('',#9791);
#2887=VERTEX_POINT('',#9795);
#2888=VERTEX_POINT('',#9799);
#2889=VERTEX_POINT('',#9803);
#2890=VERTEX_POINT('',#9807);
#2891=VERTEX_POINT('',#9813);
#2892=VERTEX_POINT('',#9814);
#2893=VERTEX_POINT('',#9819);
#2894=VERTEX_POINT('',#9823);
#2895=VERTEX_POINT('',#9827);
#2896=VERTEX_POINT('',#9831);
#2897=VERTEX_POINT('',#9835);
#2898=VERTEX_POINT('',#9839);
#2899=VERTEX_POINT('',#9845);
#2900=VERTEX_POINT('',#9846);
#2901=VERTEX_POINT('',#9851);
#2902=VERTEX_POINT('',#9855);
#2903=VERTEX_POINT('',#9859);
#2904=VERTEX_POINT('',#9863);
#2905=VERTEX_POINT('',#9867);
#2906=VERTEX_POINT('',#9871);
#2907=VERTEX_POINT('',#9877);
#2908=VERTEX_POINT('',#9878);
#2909=VERTEX_POINT('',#9883);
#2910=VERTEX_POINT('',#9887);
#2911=VERTEX_POINT('',#9891);
#2912=VERTEX_POINT('',#9895);
#2913=VERTEX_POINT('',#9896);
#2914=VERTEX_POINT('',#9901);
#2915=VERTEX_POINT('',#9905);
#2916=VERTEX_POINT('',#9909);
#2917=VERTEX_POINT('',#9913);
#2918=VERTEX_POINT('',#9917);
#2919=VERTEX_POINT('',#9921);
#2920=VERTEX_POINT('',#9927);
#2921=VERTEX_POINT('',#9928);
#2922=VERTEX_POINT('',#9933);
#2923=VERTEX_POINT('',#9937);
#2924=VERTEX_POINT('',#9941);
#2925=VERTEX_POINT('',#9945);
#2926=VERTEX_POINT('',#9946);
#2927=VERTEX_POINT('',#9951);
#2928=VERTEX_POINT('',#9955);
#2929=VERTEX_POINT('',#9959);
#2930=VERTEX_POINT('',#9963);
#2931=VERTEX_POINT('',#9967);
#2932=VERTEX_POINT('',#9971);
#2933=VERTEX_POINT('',#9977);
#2934=VERTEX_POINT('',#9978);
#2935=VERTEX_POINT('',#9983);
#2936=VERTEX_POINT('',#9987);
#2937=VERTEX_POINT('',#9991);
#2938=VERTEX_POINT('',#9995);
#2939=VERTEX_POINT('',#9999);
#2940=VERTEX_POINT('',#10003);
#2941=VERTEX_POINT('',#10009);
#2942=VERTEX_POINT('',#10010);
#2943=VERTEX_POINT('',#10015);
#2944=VERTEX_POINT('',#10019);
#2945=VERTEX_POINT('',#10023);
#2946=VERTEX_POINT('',#10027);
#2947=VERTEX_POINT('',#10031);
#2948=VERTEX_POINT('',#10035);
#2949=VERTEX_POINT('',#10041);
#2950=VERTEX_POINT('',#10042);
#2951=VERTEX_POINT('',#10047);
#2952=VERTEX_POINT('',#10051);
#2953=VERTEX_POINT('',#10055);
#2954=VERTEX_POINT('',#10059);
#2955=VERTEX_POINT('',#10063);
#2956=VERTEX_POINT('',#10067);
#2957=VERTEX_POINT('',#10073);
#2958=VERTEX_POINT('',#10074);
#2959=VERTEX_POINT('',#10079);
#2960=VERTEX_POINT('',#10083);
#2961=VERTEX_POINT('',#10087);
#2962=VERTEX_POINT('',#10091);
#2963=VERTEX_POINT('',#10095);
#2964=VERTEX_POINT('',#10099);
#2965=VERTEX_POINT('',#10105);
#2966=VERTEX_POINT('',#10106);
#2967=VERTEX_POINT('',#10111);
#2968=VERTEX_POINT('',#10115);
#2969=VERTEX_POINT('',#10119);
#2970=VERTEX_POINT('',#10123);
#2971=VERTEX_POINT('',#10127);
#2972=VERTEX_POINT('',#10131);
#2973=VERTEX_POINT('',#10137);
#2974=VERTEX_POINT('',#10138);
#2975=VERTEX_POINT('',#10143);
#2976=VERTEX_POINT('',#10147);
#2977=VERTEX_POINT('',#10151);
#2978=VERTEX_POINT('',#10155);
#2979=VERTEX_POINT('',#10159);
#2980=VERTEX_POINT('',#10163);
#2981=VERTEX_POINT('',#10169);
#2982=VERTEX_POINT('',#10170);
#2983=VERTEX_POINT('',#10175);
#2984=VERTEX_POINT('',#10179);
#2985=VERTEX_POINT('',#10183);
#2986=VERTEX_POINT('',#10187);
#2987=VERTEX_POINT('',#10191);
#2988=VERTEX_POINT('',#10195);
#2989=VERTEX_POINT('',#10201);
#2990=VERTEX_POINT('',#10202);
#2991=VERTEX_POINT('',#10207);
#2992=VERTEX_POINT('',#10211);
#2993=VERTEX_POINT('',#10215);
#2994=VERTEX_POINT('',#10219);
#2995=VERTEX_POINT('',#10223);
#2996=VERTEX_POINT('',#10227);
#2997=VERTEX_POINT('',#10235);
#2998=VERTEX_POINT('',#10239);
#2999=VERTEX_POINT('',#10243);
#3000=VERTEX_POINT('',#10247);
#3001=VERTEX_POINT('',#10251);
#3002=VERTEX_POINT('',#10255);
#3003=VERTEX_POINT('',#10258);
#3004=VERTEX_POINT('',#10262);
#3005=EDGE_CURVE('',#2413,#2413,#2133,.T.);
#3006=EDGE_CURVE('',#2413,#2414,#917,.T.);
#3007=EDGE_CURVE('',#2414,#2414,#2134,.T.);
#3008=EDGE_CURVE('',#2415,#2415,#2135,.T.);
#3009=EDGE_CURVE('',#2415,#2416,#918,.T.);
#3010=EDGE_CURVE('',#2416,#2416,#2136,.T.);
#3011=EDGE_CURVE('',#2417,#2418,#919,.T.);
#3012=EDGE_CURVE('',#2417,#2419,#920,.T.);
#3013=EDGE_CURVE('',#2420,#2419,#921,.T.);
#3014=EDGE_CURVE('',#2421,#2420,#922,.T.);
#3015=EDGE_CURVE('',#2422,#2421,#923,.T.);
#3016=EDGE_CURVE('',#2418,#2422,#924,.T.);
#3017=EDGE_CURVE('',#2423,#2424,#925,.T.);
#3018=EDGE_CURVE('',#2425,#2423,#926,.T.);
#3019=EDGE_CURVE('',#2426,#2425,#927,.T.);
#3020=EDGE_CURVE('',#2426,#2424,#928,.T.);
#3021=EDGE_CURVE('',#2427,#2423,#929,.T.);
#3022=EDGE_CURVE('',#2428,#2427,#930,.T.);
#3023=EDGE_CURVE('',#2425,#2428,#931,.T.);
#3024=EDGE_CURVE('',#2429,#2430,#932,.T.);
#3025=EDGE_CURVE('',#2431,#2429,#933,.T.);
#3026=EDGE_CURVE('',#2432,#2431,#934,.T.);
#3027=EDGE_CURVE('',#2432,#2433,#935,.T.);
#3028=EDGE_CURVE('',#2433,#2434,#2137,.T.);
#3029=EDGE_CURVE('',#2434,#2430,#936,.T.);
#3030=EDGE_CURVE('',#2435,#2436,#937,.T.);
#3031=EDGE_CURVE('',#2418,#2435,#938,.T.);
#3032=EDGE_CURVE('',#2422,#2437,#2138,.T.);
#3033=EDGE_CURVE('',#2437,#2438,#939,.T.);
#3034=EDGE_CURVE('',#2436,#2438,#940,.T.);
#3035=EDGE_CURVE('',#2439,#2427,#941,.T.);
#3036=EDGE_CURVE('',#2439,#2440,#942,.T.);
#3037=EDGE_CURVE('',#2428,#2440,#943,.T.);
#3038=EDGE_CURVE('',#2441,#2439,#944,.T.);
#3039=EDGE_CURVE('',#2441,#2442,#945,.T.);
#3040=EDGE_CURVE('',#2440,#2442,#946,.T.);
#3041=EDGE_CURVE('',#2424,#2417,#947,.T.);
#3042=EDGE_CURVE('',#2419,#2426,#948,.T.);
#3043=EDGE_CURVE('',#2443,#2444,#949,.T.);
#3044=EDGE_CURVE('',#2443,#2445,#950,.T.);
#3045=EDGE_CURVE('',#2445,#2446,#2139,.T.);
#3046=EDGE_CURVE('',#2446,#2447,#951,.T.);
#3047=EDGE_CURVE('',#2447,#2429,#2140,.T.);
#3048=EDGE_CURVE('',#2430,#2441,#952,.T.);
#3049=EDGE_CURVE('',#2448,#2435,#953,.T.);
#3050=EDGE_CURVE('',#2448,#2449,#954,.T.);
#3051=EDGE_CURVE('',#2449,#2450,#2141,.T.);
#3052=EDGE_CURVE('',#2450,#2451,#955,.T.);
#3053=EDGE_CURVE('',#2451,#2452,#2142,.T.);
#3054=EDGE_CURVE('',#2452,#2453,#956,.T.);
#3055=EDGE_CURVE('',#2454,#2453,#957,.T.);
#3056=EDGE_CURVE('',#2454,#2455,#958,.T.);
#3057=EDGE_CURVE('',#2455,#2456,#2143,.T.);
#3058=EDGE_CURVE('',#2456,#2457,#959,.T.);
#3059=EDGE_CURVE('',#2457,#2458,#2144,.T.);
#3060=EDGE_CURVE('',#2458,#2459,#960,.T.);
#3061=EDGE_CURVE('',#2460,#2459,#961,.T.);
#3062=EDGE_CURVE('',#2460,#2461,#962,.T.);
#3063=EDGE_CURVE('',#2461,#2462,#2145,.T.);
#3064=EDGE_CURVE('',#2462,#2463,#963,.T.);
#3065=EDGE_CURVE('',#2463,#2464,#2146,.T.);
#3066=EDGE_CURVE('',#2464,#2444,#964,.T.);
#3067=EDGE_CURVE('',#2465,#2466,#2147,.T.);
#3068=EDGE_CURVE('',#2466,#2467,#965,.T.);
#3069=EDGE_CURVE('',#2467,#2468,#2148,.T.);
#3070=EDGE_CURVE('',#2468,#2469,#966,.T.);
#3071=EDGE_CURVE('',#2469,#2470,#2149,.T.);
#3072=EDGE_CURVE('',#2470,#2471,#967,.T.);
#3073=EDGE_CURVE('',#2471,#2472,#2150,.T.);
#3074=EDGE_CURVE('',#2472,#2465,#968,.T.);
#3075=EDGE_CURVE('',#2473,#2474,#2151,.T.);
#3076=EDGE_CURVE('',#2474,#2475,#969,.T.);
#3077=EDGE_CURVE('',#2475,#2476,#2152,.T.);
#3078=EDGE_CURVE('',#2476,#2477,#970,.T.);
#3079=EDGE_CURVE('',#2477,#2478,#2153,.T.);
#3080=EDGE_CURVE('',#2478,#2479,#971,.T.);
#3081=EDGE_CURVE('',#2479,#2480,#2154,.T.);
#3082=EDGE_CURVE('',#2480,#2473,#972,.T.);
#3083=EDGE_CURVE('',#2481,#2482,#2155,.T.);
#3084=EDGE_CURVE('',#2482,#2483,#973,.T.);
#3085=EDGE_CURVE('',#2483,#2484,#2156,.T.);
#3086=EDGE_CURVE('',#2484,#2485,#974,.T.);
#3087=EDGE_CURVE('',#2485,#2486,#2157,.T.);
#3088=EDGE_CURVE('',#2486,#2487,#975,.T.);
#3089=EDGE_CURVE('',#2487,#2488,#2158,.T.);
#3090=EDGE_CURVE('',#2488,#2481,#976,.T.);
#3091=EDGE_CURVE('',#2489,#2490,#2159,.T.);
#3092=EDGE_CURVE('',#2490,#2491,#977,.T.);
#3093=EDGE_CURVE('',#2491,#2492,#2160,.T.);
#3094=EDGE_CURVE('',#2492,#2493,#978,.T.);
#3095=EDGE_CURVE('',#2493,#2494,#2161,.T.);
#3096=EDGE_CURVE('',#2494,#2495,#979,.T.);
#3097=EDGE_CURVE('',#2495,#2496,#2162,.T.);
#3098=EDGE_CURVE('',#2496,#2489,#980,.T.);
#3099=EDGE_CURVE('',#2497,#2498,#2163,.T.);
#3100=EDGE_CURVE('',#2498,#2499,#981,.T.);
#3101=EDGE_CURVE('',#2499,#2500,#2164,.T.);
#3102=EDGE_CURVE('',#2500,#2501,#982,.T.);
#3103=EDGE_CURVE('',#2501,#2502,#2165,.T.);
#3104=EDGE_CURVE('',#2502,#2503,#983,.T.);
#3105=EDGE_CURVE('',#2503,#2504,#2166,.T.);
#3106=EDGE_CURVE('',#2504,#2497,#984,.T.);
#3107=EDGE_CURVE('',#2505,#2506,#2167,.T.);
#3108=EDGE_CURVE('',#2506,#2507,#985,.T.);
#3109=EDGE_CURVE('',#2507,#2508,#2168,.T.);
#3110=EDGE_CURVE('',#2508,#2509,#986,.T.);
#3111=EDGE_CURVE('',#2509,#2510,#2169,.T.);
#3112=EDGE_CURVE('',#2510,#2511,#987,.T.);
#3113=EDGE_CURVE('',#2511,#2512,#2170,.T.);
#3114=EDGE_CURVE('',#2512,#2505,#988,.T.);
#3115=EDGE_CURVE('',#2513,#2514,#2171,.T.);
#3116=EDGE_CURVE('',#2514,#2515,#989,.T.);
#3117=EDGE_CURVE('',#2515,#2516,#2172,.T.);
#3118=EDGE_CURVE('',#2516,#2517,#990,.T.);
#3119=EDGE_CURVE('',#2517,#2518,#2173,.T.);
#3120=EDGE_CURVE('',#2518,#2519,#991,.T.);
#3121=EDGE_CURVE('',#2519,#2520,#2174,.T.);
#3122=EDGE_CURVE('',#2520,#2513,#992,.T.);
#3123=EDGE_CURVE('',#2521,#2522,#2175,.T.);
#3124=EDGE_CURVE('',#2522,#2523,#993,.T.);
#3125=EDGE_CURVE('',#2523,#2524,#2176,.T.);
#3126=EDGE_CURVE('',#2524,#2525,#994,.T.);
#3127=EDGE_CURVE('',#2525,#2526,#2177,.T.);
#3128=EDGE_CURVE('',#2526,#2527,#995,.T.);
#3129=EDGE_CURVE('',#2527,#2528,#2178,.T.);
#3130=EDGE_CURVE('',#2528,#2521,#996,.T.);
#3131=EDGE_CURVE('',#2529,#2530,#2179,.T.);
#3132=EDGE_CURVE('',#2530,#2531,#997,.T.);
#3133=EDGE_CURVE('',#2531,#2532,#2180,.T.);
#3134=EDGE_CURVE('',#2532,#2533,#998,.T.);
#3135=EDGE_CURVE('',#2533,#2534,#2181,.T.);
#3136=EDGE_CURVE('',#2534,#2535,#999,.T.);
#3137=EDGE_CURVE('',#2535,#2536,#2182,.T.);
#3138=EDGE_CURVE('',#2536,#2529,#1000,.T.);
#3139=EDGE_CURVE('',#2537,#2538,#2183,.T.);
#3140=EDGE_CURVE('',#2538,#2539,#1001,.T.);
#3141=EDGE_CURVE('',#2539,#2540,#2184,.T.);
#3142=EDGE_CURVE('',#2540,#2541,#1002,.T.);
#3143=EDGE_CURVE('',#2541,#2542,#2185,.T.);
#3144=EDGE_CURVE('',#2542,#2543,#1003,.T.);
#3145=EDGE_CURVE('',#2543,#2544,#2186,.T.);
#3146=EDGE_CURVE('',#2544,#2537,#1004,.T.);
#3147=EDGE_CURVE('',#2545,#2546,#2187,.T.);
#3148=EDGE_CURVE('',#2546,#2547,#1005,.T.);
#3149=EDGE_CURVE('',#2547,#2548,#2188,.T.);
#3150=EDGE_CURVE('',#2548,#2549,#1006,.T.);
#3151=EDGE_CURVE('',#2549,#2550,#2189,.T.);
#3152=EDGE_CURVE('',#2550,#2551,#1007,.T.);
#3153=EDGE_CURVE('',#2551,#2552,#2190,.T.);
#3154=EDGE_CURVE('',#2552,#2545,#1008,.T.);
#3155=EDGE_CURVE('',#2553,#2554,#2191,.T.);
#3156=EDGE_CURVE('',#2554,#2555,#1009,.T.);
#3157=EDGE_CURVE('',#2555,#2556,#2192,.T.);
#3158=EDGE_CURVE('',#2556,#2557,#1010,.T.);
#3159=EDGE_CURVE('',#2557,#2558,#2193,.T.);
#3160=EDGE_CURVE('',#2558,#2559,#1011,.T.);
#3161=EDGE_CURVE('',#2559,#2560,#2194,.T.);
#3162=EDGE_CURVE('',#2560,#2553,#1012,.T.);
#3163=EDGE_CURVE('',#2561,#2562,#2195,.T.);
#3164=EDGE_CURVE('',#2562,#2563,#1013,.T.);
#3165=EDGE_CURVE('',#2563,#2564,#2196,.T.);
#3166=EDGE_CURVE('',#2564,#2565,#1014,.T.);
#3167=EDGE_CURVE('',#2565,#2566,#2197,.T.);
#3168=EDGE_CURVE('',#2566,#2567,#1015,.T.);
#3169=EDGE_CURVE('',#2567,#2568,#2198,.T.);
#3170=EDGE_CURVE('',#2568,#2561,#1016,.T.);
#3171=EDGE_CURVE('',#2569,#2570,#2199,.T.);
#3172=EDGE_CURVE('',#2570,#2571,#1017,.T.);
#3173=EDGE_CURVE('',#2571,#2572,#2200,.T.);
#3174=EDGE_CURVE('',#2572,#2573,#1018,.T.);
#3175=EDGE_CURVE('',#2573,#2574,#2201,.T.);
#3176=EDGE_CURVE('',#2574,#2575,#1019,.T.);
#3177=EDGE_CURVE('',#2575,#2576,#2202,.T.);
#3178=EDGE_CURVE('',#2576,#2569,#1020,.T.);
#3179=EDGE_CURVE('',#2577,#2578,#2203,.T.);
#3180=EDGE_CURVE('',#2578,#2579,#1021,.T.);
#3181=EDGE_CURVE('',#2579,#2580,#2204,.T.);
#3182=EDGE_CURVE('',#2580,#2581,#1022,.T.);
#3183=EDGE_CURVE('',#2581,#2582,#2205,.T.);
#3184=EDGE_CURVE('',#2582,#2583,#1023,.T.);
#3185=EDGE_CURVE('',#2583,#2584,#2206,.T.);
#3186=EDGE_CURVE('',#2584,#2577,#1024,.T.);
#3187=EDGE_CURVE('',#2585,#2586,#2207,.T.);
#3188=EDGE_CURVE('',#2586,#2587,#1025,.T.);
#3189=EDGE_CURVE('',#2587,#2588,#2208,.T.);
#3190=EDGE_CURVE('',#2588,#2589,#1026,.T.);
#3191=EDGE_CURVE('',#2589,#2590,#2209,.T.);
#3192=EDGE_CURVE('',#2590,#2591,#1027,.T.);
#3193=EDGE_CURVE('',#2591,#2592,#2210,.T.);
#3194=EDGE_CURVE('',#2592,#2585,#1028,.T.);
#3195=EDGE_CURVE('',#2593,#2594,#2211,.T.);
#3196=EDGE_CURVE('',#2594,#2595,#1029,.T.);
#3197=EDGE_CURVE('',#2595,#2596,#2212,.T.);
#3198=EDGE_CURVE('',#2596,#2597,#1030,.T.);
#3199=EDGE_CURVE('',#2597,#2598,#2213,.T.);
#3200=EDGE_CURVE('',#2598,#2599,#1031,.T.);
#3201=EDGE_CURVE('',#2599,#2600,#2214,.T.);
#3202=EDGE_CURVE('',#2600,#2593,#1032,.T.);
#3203=EDGE_CURVE('',#2601,#2602,#2215,.T.);
#3204=EDGE_CURVE('',#2602,#2603,#1033,.T.);
#3205=EDGE_CURVE('',#2603,#2604,#2216,.T.);
#3206=EDGE_CURVE('',#2604,#2605,#1034,.T.);
#3207=EDGE_CURVE('',#2605,#2606,#2217,.T.);
#3208=EDGE_CURVE('',#2606,#2607,#1035,.T.);
#3209=EDGE_CURVE('',#2607,#2608,#2218,.T.);
#3210=EDGE_CURVE('',#2608,#2601,#1036,.T.);
#3211=EDGE_CURVE('',#2609,#2610,#2219,.T.);
#3212=EDGE_CURVE('',#2610,#2611,#1037,.T.);
#3213=EDGE_CURVE('',#2611,#2612,#2220,.T.);
#3214=EDGE_CURVE('',#2612,#2613,#1038,.T.);
#3215=EDGE_CURVE('',#2613,#2614,#2221,.T.);
#3216=EDGE_CURVE('',#2614,#2615,#1039,.T.);
#3217=EDGE_CURVE('',#2615,#2616,#2222,.T.);
#3218=EDGE_CURVE('',#2616,#2609,#1040,.T.);
#3219=EDGE_CURVE('',#2617,#2618,#2223,.T.);
#3220=EDGE_CURVE('',#2618,#2619,#1041,.T.);
#3221=EDGE_CURVE('',#2619,#2620,#2224,.T.);
#3222=EDGE_CURVE('',#2620,#2621,#1042,.T.);
#3223=EDGE_CURVE('',#2621,#2622,#2225,.T.);
#3224=EDGE_CURVE('',#2622,#2623,#1043,.T.);
#3225=EDGE_CURVE('',#2623,#2624,#2226,.T.);
#3226=EDGE_CURVE('',#2624,#2617,#1044,.T.);
#3227=EDGE_CURVE('',#2625,#2626,#2227,.T.);
#3228=EDGE_CURVE('',#2626,#2627,#1045,.T.);
#3229=EDGE_CURVE('',#2627,#2628,#2228,.T.);
#3230=EDGE_CURVE('',#2628,#2629,#1046,.T.);
#3231=EDGE_CURVE('',#2629,#2630,#2229,.T.);
#3232=EDGE_CURVE('',#2630,#2631,#1047,.T.);
#3233=EDGE_CURVE('',#2631,#2632,#2230,.T.);
#3234=EDGE_CURVE('',#2632,#2625,#1048,.T.);
#3235=EDGE_CURVE('',#2633,#2634,#2231,.T.);
#3236=EDGE_CURVE('',#2634,#2635,#1049,.T.);
#3237=EDGE_CURVE('',#2635,#2636,#2232,.T.);
#3238=EDGE_CURVE('',#2636,#2637,#1050,.T.);
#3239=EDGE_CURVE('',#2637,#2638,#2233,.T.);
#3240=EDGE_CURVE('',#2638,#2639,#1051,.T.);
#3241=EDGE_CURVE('',#2639,#2640,#2234,.T.);
#3242=EDGE_CURVE('',#2640,#2633,#1052,.T.);
#3243=EDGE_CURVE('',#2641,#2642,#2235,.T.);
#3244=EDGE_CURVE('',#2642,#2643,#1053,.T.);
#3245=EDGE_CURVE('',#2643,#2644,#2236,.T.);
#3246=EDGE_CURVE('',#2644,#2645,#1054,.T.);
#3247=EDGE_CURVE('',#2645,#2646,#2237,.T.);
#3248=EDGE_CURVE('',#2646,#2647,#1055,.T.);
#3249=EDGE_CURVE('',#2647,#2648,#2238,.T.);
#3250=EDGE_CURVE('',#2648,#2641,#1056,.T.);
#3251=EDGE_CURVE('',#2649,#2650,#2239,.T.);
#3252=EDGE_CURVE('',#2650,#2651,#1057,.T.);
#3253=EDGE_CURVE('',#2651,#2652,#2240,.T.);
#3254=EDGE_CURVE('',#2652,#2653,#1058,.T.);
#3255=EDGE_CURVE('',#2653,#2654,#2241,.T.);
#3256=EDGE_CURVE('',#2654,#2655,#1059,.T.);
#3257=EDGE_CURVE('',#2655,#2656,#2242,.T.);
#3258=EDGE_CURVE('',#2656,#2649,#1060,.T.);
#3259=EDGE_CURVE('',#2657,#2658,#2243,.T.);
#3260=EDGE_CURVE('',#2658,#2659,#1061,.T.);
#3261=EDGE_CURVE('',#2659,#2660,#2244,.T.);
#3262=EDGE_CURVE('',#2660,#2661,#1062,.T.);
#3263=EDGE_CURVE('',#2661,#2662,#2245,.T.);
#3264=EDGE_CURVE('',#2662,#2663,#1063,.T.);
#3265=EDGE_CURVE('',#2663,#2664,#2246,.T.);
#3266=EDGE_CURVE('',#2664,#2657,#1064,.T.);
#3267=EDGE_CURVE('',#2665,#2666,#2247,.T.);
#3268=EDGE_CURVE('',#2666,#2667,#1065,.T.);
#3269=EDGE_CURVE('',#2667,#2668,#2248,.T.);
#3270=EDGE_CURVE('',#2668,#2669,#1066,.T.);
#3271=EDGE_CURVE('',#2669,#2670,#2249,.T.);
#3272=EDGE_CURVE('',#2670,#2671,#1067,.T.);
#3273=EDGE_CURVE('',#2671,#2672,#2250,.T.);
#3274=EDGE_CURVE('',#2672,#2665,#1068,.T.);
#3275=EDGE_CURVE('',#2673,#2674,#2251,.T.);
#3276=EDGE_CURVE('',#2674,#2675,#1069,.T.);
#3277=EDGE_CURVE('',#2675,#2676,#2252,.T.);
#3278=EDGE_CURVE('',#2676,#2677,#1070,.T.);
#3279=EDGE_CURVE('',#2677,#2678,#2253,.T.);
#3280=EDGE_CURVE('',#2678,#2679,#1071,.T.);
#3281=EDGE_CURVE('',#2679,#2680,#2254,.T.);
#3282=EDGE_CURVE('',#2680,#2673,#1072,.T.);
#3283=EDGE_CURVE('',#2681,#2682,#2255,.T.);
#3284=EDGE_CURVE('',#2682,#2683,#1073,.T.);
#3285=EDGE_CURVE('',#2683,#2684,#2256,.T.);
#3286=EDGE_CURVE('',#2684,#2685,#1074,.T.);
#3287=EDGE_CURVE('',#2685,#2686,#2257,.T.);
#3288=EDGE_CURVE('',#2686,#2687,#1075,.T.);
#3289=EDGE_CURVE('',#2687,#2688,#2258,.T.);
#3290=EDGE_CURVE('',#2688,#2681,#1076,.T.);
#3291=EDGE_CURVE('',#2689,#2690,#2259,.T.);
#3292=EDGE_CURVE('',#2690,#2691,#1077,.T.);
#3293=EDGE_CURVE('',#2691,#2692,#2260,.T.);
#3294=EDGE_CURVE('',#2692,#2693,#1078,.T.);
#3295=EDGE_CURVE('',#2693,#2694,#2261,.T.);
#3296=EDGE_CURVE('',#2694,#2695,#1079,.T.);
#3297=EDGE_CURVE('',#2695,#2696,#2262,.T.);
#3298=EDGE_CURVE('',#2696,#2689,#1080,.T.);
#3299=EDGE_CURVE('',#2697,#2698,#2263,.T.);
#3300=EDGE_CURVE('',#2698,#2699,#1081,.T.);
#3301=EDGE_CURVE('',#2699,#2700,#2264,.T.);
#3302=EDGE_CURVE('',#2700,#2701,#1082,.T.);
#3303=EDGE_CURVE('',#2701,#2702,#2265,.T.);
#3304=EDGE_CURVE('',#2702,#2703,#1083,.T.);
#3305=EDGE_CURVE('',#2703,#2704,#2266,.T.);
#3306=EDGE_CURVE('',#2704,#2697,#1084,.T.);
#3307=EDGE_CURVE('',#2705,#2706,#2267,.T.);
#3308=EDGE_CURVE('',#2706,#2707,#1085,.T.);
#3309=EDGE_CURVE('',#2707,#2708,#2268,.T.);
#3310=EDGE_CURVE('',#2708,#2709,#1086,.T.);
#3311=EDGE_CURVE('',#2709,#2710,#2269,.T.);
#3312=EDGE_CURVE('',#2710,#2711,#1087,.T.);
#3313=EDGE_CURVE('',#2711,#2712,#2270,.T.);
#3314=EDGE_CURVE('',#2712,#2705,#1088,.T.);
#3315=EDGE_CURVE('',#2713,#2714,#2271,.T.);
#3316=EDGE_CURVE('',#2714,#2715,#1089,.T.);
#3317=EDGE_CURVE('',#2715,#2716,#2272,.T.);
#3318=EDGE_CURVE('',#2716,#2717,#1090,.T.);
#3319=EDGE_CURVE('',#2717,#2718,#2273,.T.);
#3320=EDGE_CURVE('',#2718,#2719,#1091,.T.);
#3321=EDGE_CURVE('',#2719,#2720,#2274,.T.);
#3322=EDGE_CURVE('',#2720,#2713,#1092,.T.);
#3323=EDGE_CURVE('',#2721,#2722,#1093,.T.);
#3324=EDGE_CURVE('',#2433,#2721,#1094,.T.);
#3325=EDGE_CURVE('',#2722,#2432,#1095,.T.);
#3326=EDGE_CURVE('',#2438,#2723,#1096,.T.);
#3327=EDGE_CURVE('',#2437,#2724,#1097,.T.);
#3328=EDGE_CURVE('',#2723,#2724,#1098,.T.);
#3329=EDGE_CURVE('',#2724,#2421,#2275,.T.);
#3330=EDGE_CURVE('',#2725,#2721,#2276,.T.);
#3331=EDGE_CURVE('',#2434,#2725,#1099,.T.);
#3332=EDGE_CURVE('',#2723,#2420,#1100,.T.);
#3333=EDGE_CURVE('',#2726,#2722,#1101,.T.);
#3334=EDGE_CURVE('',#2725,#2726,#1102,.T.);
#3335=EDGE_CURVE('',#2727,#2728,#1103,.T.);
#3336=EDGE_CURVE('',#2728,#2713,#1104,.T.);
#3337=EDGE_CURVE('',#2727,#2720,#1105,.T.);
#3338=EDGE_CURVE('',#2729,#2727,#2277,.T.);
#3339=EDGE_CURVE('',#2729,#2719,#1106,.T.);
#3340=EDGE_CURVE('',#2730,#2729,#1107,.T.);
#3341=EDGE_CURVE('',#2730,#2718,#1108,.T.);
#3342=EDGE_CURVE('',#2731,#2730,#2278,.T.);
#3343=EDGE_CURVE('',#2731,#2717,#1109,.T.);
#3344=EDGE_CURVE('',#2732,#2731,#1110,.T.);
#3345=EDGE_CURVE('',#2732,#2716,#1111,.T.);
#3346=EDGE_CURVE('',#2733,#2732,#2279,.T.);
#3347=EDGE_CURVE('',#2733,#2715,#1112,.T.);
#3348=EDGE_CURVE('',#2734,#2733,#1113,.T.);
#3349=EDGE_CURVE('',#2734,#2714,#1114,.T.);
#3350=EDGE_CURVE('',#2728,#2734,#2280,.T.);
#3351=EDGE_CURVE('',#2735,#2736,#1115,.T.);
#3352=EDGE_CURVE('',#2736,#2705,#1116,.T.);
#3353=EDGE_CURVE('',#2735,#2712,#1117,.T.);
#3354=EDGE_CURVE('',#2737,#2735,#2281,.T.);
#3355=EDGE_CURVE('',#2737,#2711,#1118,.T.);
#3356=EDGE_CURVE('',#2738,#2737,#1119,.T.);
#3357=EDGE_CURVE('',#2738,#2710,#1120,.T.);
#3358=EDGE_CURVE('',#2739,#2738,#2282,.T.);
#3359=EDGE_CURVE('',#2739,#2709,#1121,.T.);
#3360=EDGE_CURVE('',#2740,#2739,#1122,.T.);
#3361=EDGE_CURVE('',#2740,#2708,#1123,.T.);
#3362=EDGE_CURVE('',#2741,#2740,#2283,.T.);
#3363=EDGE_CURVE('',#2741,#2707,#1124,.T.);
#3364=EDGE_CURVE('',#2742,#2741,#1125,.T.);
#3365=EDGE_CURVE('',#2742,#2706,#1126,.T.);
#3366=EDGE_CURVE('',#2736,#2742,#2284,.T.);
#3367=EDGE_CURVE('',#2743,#2744,#1127,.T.);
#3368=EDGE_CURVE('',#2744,#2697,#1128,.T.);
#3369=EDGE_CURVE('',#2743,#2704,#1129,.T.);
#3370=EDGE_CURVE('',#2745,#2743,#2285,.T.);
#3371=EDGE_CURVE('',#2745,#2703,#1130,.T.);
#3372=EDGE_CURVE('',#2746,#2745,#1131,.T.);
#3373=EDGE_CURVE('',#2746,#2702,#1132,.T.);
#3374=EDGE_CURVE('',#2747,#2746,#2286,.T.);
#3375=EDGE_CURVE('',#2747,#2701,#1133,.T.);
#3376=EDGE_CURVE('',#2748,#2747,#1134,.T.);
#3377=EDGE_CURVE('',#2748,#2700,#1135,.T.);
#3378=EDGE_CURVE('',#2749,#2748,#2287,.T.);
#3379=EDGE_CURVE('',#2749,#2699,#1136,.T.);
#3380=EDGE_CURVE('',#2750,#2749,#1137,.T.);
#3381=EDGE_CURVE('',#2750,#2698,#1138,.T.);
#3382=EDGE_CURVE('',#2744,#2750,#2288,.T.);
#3383=EDGE_CURVE('',#2751,#2752,#1139,.T.);
#3384=EDGE_CURVE('',#2752,#2689,#1140,.T.);
#3385=EDGE_CURVE('',#2751,#2696,#1141,.T.);
#3386=EDGE_CURVE('',#2753,#2751,#2289,.T.);
#3387=EDGE_CURVE('',#2753,#2695,#1142,.T.);
#3388=EDGE_CURVE('',#2754,#2753,#1143,.T.);
#3389=EDGE_CURVE('',#2754,#2694,#1144,.T.);
#3390=EDGE_CURVE('',#2755,#2754,#2290,.T.);
#3391=EDGE_CURVE('',#2755,#2693,#1145,.T.);
#3392=EDGE_CURVE('',#2756,#2755,#1146,.T.);
#3393=EDGE_CURVE('',#2756,#2692,#1147,.T.);
#3394=EDGE_CURVE('',#2757,#2756,#2291,.T.);
#3395=EDGE_CURVE('',#2757,#2691,#1148,.T.);
#3396=EDGE_CURVE('',#2758,#2757,#1149,.T.);
#3397=EDGE_CURVE('',#2758,#2690,#1150,.T.);
#3398=EDGE_CURVE('',#2752,#2758,#2292,.T.);
#3399=EDGE_CURVE('',#2759,#2760,#1151,.T.);
#3400=EDGE_CURVE('',#2760,#2681,#1152,.T.);
#3401=EDGE_CURVE('',#2759,#2688,#1153,.T.);
#3402=EDGE_CURVE('',#2761,#2759,#2293,.T.);
#3403=EDGE_CURVE('',#2761,#2687,#1154,.T.);
#3404=EDGE_CURVE('',#2762,#2761,#1155,.T.);
#3405=EDGE_CURVE('',#2762,#2686,#1156,.T.);
#3406=EDGE_CURVE('',#2763,#2762,#2294,.T.);
#3407=EDGE_CURVE('',#2763,#2685,#1157,.T.);
#3408=EDGE_CURVE('',#2764,#2763,#1158,.T.);
#3409=EDGE_CURVE('',#2764,#2684,#1159,.T.);
#3410=EDGE_CURVE('',#2765,#2764,#2295,.T.);
#3411=EDGE_CURVE('',#2765,#2683,#1160,.T.);
#3412=EDGE_CURVE('',#2766,#2765,#1161,.T.);
#3413=EDGE_CURVE('',#2766,#2682,#1162,.T.);
#3414=EDGE_CURVE('',#2760,#2766,#2296,.T.);
#3415=EDGE_CURVE('',#2767,#2768,#1163,.T.);
#3416=EDGE_CURVE('',#2768,#2673,#1164,.T.);
#3417=EDGE_CURVE('',#2767,#2680,#1165,.T.);
#3418=EDGE_CURVE('',#2769,#2767,#2297,.T.);
#3419=EDGE_CURVE('',#2769,#2679,#1166,.T.);
#3420=EDGE_CURVE('',#2770,#2769,#1167,.T.);
#3421=EDGE_CURVE('',#2770,#2678,#1168,.T.);
#3422=EDGE_CURVE('',#2771,#2770,#2298,.T.);
#3423=EDGE_CURVE('',#2771,#2677,#1169,.T.);
#3424=EDGE_CURVE('',#2772,#2771,#1170,.T.);
#3425=EDGE_CURVE('',#2772,#2676,#1171,.T.);
#3426=EDGE_CURVE('',#2773,#2772,#2299,.T.);
#3427=EDGE_CURVE('',#2773,#2675,#1172,.T.);
#3428=EDGE_CURVE('',#2774,#2773,#1173,.T.);
#3429=EDGE_CURVE('',#2774,#2674,#1174,.T.);
#3430=EDGE_CURVE('',#2768,#2774,#2300,.T.);
#3431=EDGE_CURVE('',#2775,#2776,#1175,.T.);
#3432=EDGE_CURVE('',#2776,#2665,#1176,.T.);
#3433=EDGE_CURVE('',#2775,#2672,#1177,.T.);
#3434=EDGE_CURVE('',#2777,#2775,#2301,.T.);
#3435=EDGE_CURVE('',#2777,#2671,#1178,.T.);
#3436=EDGE_CURVE('',#2778,#2777,#1179,.T.);
#3437=EDGE_CURVE('',#2778,#2670,#1180,.T.);
#3438=EDGE_CURVE('',#2779,#2778,#2302,.T.);
#3439=EDGE_CURVE('',#2779,#2669,#1181,.T.);
#3440=EDGE_CURVE('',#2780,#2779,#1182,.T.);
#3441=EDGE_CURVE('',#2780,#2668,#1183,.T.);
#3442=EDGE_CURVE('',#2781,#2780,#2303,.T.);
#3443=EDGE_CURVE('',#2781,#2667,#1184,.T.);
#3444=EDGE_CURVE('',#2782,#2781,#1185,.T.);
#3445=EDGE_CURVE('',#2782,#2666,#1186,.T.);
#3446=EDGE_CURVE('',#2776,#2782,#2304,.T.);
#3447=EDGE_CURVE('',#2783,#2784,#1187,.T.);
#3448=EDGE_CURVE('',#2784,#2657,#1188,.T.);
#3449=EDGE_CURVE('',#2783,#2664,#1189,.T.);
#3450=EDGE_CURVE('',#2785,#2783,#2305,.T.);
#3451=EDGE_CURVE('',#2785,#2663,#1190,.T.);
#3452=EDGE_CURVE('',#2786,#2785,#1191,.T.);
#3453=EDGE_CURVE('',#2786,#2662,#1192,.T.);
#3454=EDGE_CURVE('',#2787,#2786,#2306,.T.);
#3455=EDGE_CURVE('',#2787,#2661,#1193,.T.);
#3456=EDGE_CURVE('',#2788,#2787,#1194,.T.);
#3457=EDGE_CURVE('',#2788,#2660,#1195,.T.);
#3458=EDGE_CURVE('',#2789,#2788,#2307,.T.);
#3459=EDGE_CURVE('',#2789,#2659,#1196,.T.);
#3460=EDGE_CURVE('',#2790,#2789,#1197,.T.);
#3461=EDGE_CURVE('',#2790,#2658,#1198,.T.);
#3462=EDGE_CURVE('',#2784,#2790,#2308,.T.);
#3463=EDGE_CURVE('',#2791,#2792,#1199,.T.);
#3464=EDGE_CURVE('',#2792,#2649,#1200,.T.);
#3465=EDGE_CURVE('',#2791,#2656,#1201,.T.);
#3466=EDGE_CURVE('',#2793,#2791,#2309,.T.);
#3467=EDGE_CURVE('',#2793,#2655,#1202,.T.);
#3468=EDGE_CURVE('',#2794,#2793,#1203,.T.);
#3469=EDGE_CURVE('',#2794,#2654,#1204,.T.);
#3470=EDGE_CURVE('',#2795,#2794,#2310,.T.);
#3471=EDGE_CURVE('',#2795,#2653,#1205,.T.);
#3472=EDGE_CURVE('',#2796,#2795,#1206,.T.);
#3473=EDGE_CURVE('',#2796,#2652,#1207,.T.);
#3474=EDGE_CURVE('',#2797,#2796,#2311,.T.);
#3475=EDGE_CURVE('',#2797,#2651,#1208,.T.);
#3476=EDGE_CURVE('',#2798,#2797,#1209,.T.);
#3477=EDGE_CURVE('',#2798,#2650,#1210,.T.);
#3478=EDGE_CURVE('',#2792,#2798,#2312,.T.);
#3479=EDGE_CURVE('',#2799,#2800,#1211,.T.);
#3480=EDGE_CURVE('',#2800,#2641,#1212,.T.);
#3481=EDGE_CURVE('',#2799,#2648,#1213,.T.);
#3482=EDGE_CURVE('',#2801,#2799,#2313,.T.);
#3483=EDGE_CURVE('',#2801,#2647,#1214,.T.);
#3484=EDGE_CURVE('',#2802,#2801,#1215,.T.);
#3485=EDGE_CURVE('',#2802,#2646,#1216,.T.);
#3486=EDGE_CURVE('',#2803,#2802,#2314,.T.);
#3487=EDGE_CURVE('',#2803,#2645,#1217,.T.);
#3488=EDGE_CURVE('',#2804,#2803,#1218,.T.);
#3489=EDGE_CURVE('',#2804,#2644,#1219,.T.);
#3490=EDGE_CURVE('',#2805,#2804,#2315,.T.);
#3491=EDGE_CURVE('',#2805,#2643,#1220,.T.);
#3492=EDGE_CURVE('',#2806,#2805,#1221,.T.);
#3493=EDGE_CURVE('',#2806,#2642,#1222,.T.);
#3494=EDGE_CURVE('',#2800,#2806,#2316,.T.);
#3495=EDGE_CURVE('',#2807,#2808,#1223,.T.);
#3496=EDGE_CURVE('',#2808,#2633,#1224,.T.);
#3497=EDGE_CURVE('',#2807,#2640,#1225,.T.);
#3498=EDGE_CURVE('',#2809,#2807,#2317,.T.);
#3499=EDGE_CURVE('',#2809,#2639,#1226,.T.);
#3500=EDGE_CURVE('',#2810,#2809,#1227,.T.);
#3501=EDGE_CURVE('',#2810,#2638,#1228,.T.);
#3502=EDGE_CURVE('',#2811,#2810,#2318,.T.);
#3503=EDGE_CURVE('',#2811,#2637,#1229,.T.);
#3504=EDGE_CURVE('',#2812,#2811,#1230,.T.);
#3505=EDGE_CURVE('',#2812,#2636,#1231,.T.);
#3506=EDGE_CURVE('',#2813,#2812,#2319,.T.);
#3507=EDGE_CURVE('',#2813,#2635,#1232,.T.);
#3508=EDGE_CURVE('',#2814,#2813,#1233,.T.);
#3509=EDGE_CURVE('',#2814,#2634,#1234,.T.);
#3510=EDGE_CURVE('',#2808,#2814,#2320,.T.);
#3511=EDGE_CURVE('',#2815,#2816,#1235,.T.);
#3512=EDGE_CURVE('',#2816,#2625,#1236,.T.);
#3513=EDGE_CURVE('',#2815,#2632,#1237,.T.);
#3514=EDGE_CURVE('',#2817,#2815,#2321,.T.);
#3515=EDGE_CURVE('',#2817,#2631,#1238,.T.);
#3516=EDGE_CURVE('',#2818,#2817,#1239,.T.);
#3517=EDGE_CURVE('',#2818,#2630,#1240,.T.);
#3518=EDGE_CURVE('',#2819,#2818,#2322,.T.);
#3519=EDGE_CURVE('',#2819,#2629,#1241,.T.);
#3520=EDGE_CURVE('',#2820,#2819,#1242,.T.);
#3521=EDGE_CURVE('',#2820,#2628,#1243,.T.);
#3522=EDGE_CURVE('',#2821,#2820,#2323,.T.);
#3523=EDGE_CURVE('',#2821,#2627,#1244,.T.);
#3524=EDGE_CURVE('',#2822,#2821,#1245,.T.);
#3525=EDGE_CURVE('',#2822,#2626,#1246,.T.);
#3526=EDGE_CURVE('',#2816,#2822,#2324,.T.);
#3527=EDGE_CURVE('',#2823,#2824,#1247,.T.);
#3528=EDGE_CURVE('',#2824,#2617,#1248,.T.);
#3529=EDGE_CURVE('',#2823,#2624,#1249,.T.);
#3530=EDGE_CURVE('',#2825,#2823,#2325,.T.);
#3531=EDGE_CURVE('',#2825,#2623,#1250,.T.);
#3532=EDGE_CURVE('',#2826,#2825,#1251,.T.);
#3533=EDGE_CURVE('',#2826,#2622,#1252,.T.);
#3534=EDGE_CURVE('',#2827,#2826,#2326,.T.);
#3535=EDGE_CURVE('',#2827,#2621,#1253,.T.);
#3536=EDGE_CURVE('',#2828,#2827,#1254,.T.);
#3537=EDGE_CURVE('',#2828,#2620,#1255,.T.);
#3538=EDGE_CURVE('',#2829,#2828,#2327,.T.);
#3539=EDGE_CURVE('',#2829,#2619,#1256,.T.);
#3540=EDGE_CURVE('',#2830,#2829,#1257,.T.);
#3541=EDGE_CURVE('',#2830,#2618,#1258,.T.);
#3542=EDGE_CURVE('',#2824,#2830,#2328,.T.);
#3543=EDGE_CURVE('',#2831,#2832,#1259,.T.);
#3544=EDGE_CURVE('',#2832,#2609,#1260,.T.);
#3545=EDGE_CURVE('',#2831,#2616,#1261,.T.);
#3546=EDGE_CURVE('',#2833,#2831,#2329,.T.);
#3547=EDGE_CURVE('',#2833,#2615,#1262,.T.);
#3548=EDGE_CURVE('',#2834,#2833,#1263,.T.);
#3549=EDGE_CURVE('',#2834,#2614,#1264,.T.);
#3550=EDGE_CURVE('',#2835,#2834,#2330,.T.);
#3551=EDGE_CURVE('',#2835,#2613,#1265,.T.);
#3552=EDGE_CURVE('',#2836,#2835,#1266,.T.);
#3553=EDGE_CURVE('',#2836,#2612,#1267,.T.);
#3554=EDGE_CURVE('',#2837,#2836,#2331,.T.);
#3555=EDGE_CURVE('',#2837,#2611,#1268,.T.);
#3556=EDGE_CURVE('',#2838,#2837,#1269,.T.);
#3557=EDGE_CURVE('',#2838,#2610,#1270,.T.);
#3558=EDGE_CURVE('',#2832,#2838,#2332,.T.);
#3559=EDGE_CURVE('',#2839,#2840,#1271,.T.);
#3560=EDGE_CURVE('',#2840,#2601,#1272,.T.);
#3561=EDGE_CURVE('',#2839,#2608,#1273,.T.);
#3562=EDGE_CURVE('',#2841,#2839,#2333,.T.);
#3563=EDGE_CURVE('',#2841,#2607,#1274,.T.);
#3564=EDGE_CURVE('',#2842,#2841,#1275,.T.);
#3565=EDGE_CURVE('',#2842,#2606,#1276,.T.);
#3566=EDGE_CURVE('',#2843,#2842,#2334,.T.);
#3567=EDGE_CURVE('',#2843,#2605,#1277,.T.);
#3568=EDGE_CURVE('',#2844,#2843,#1278,.T.);
#3569=EDGE_CURVE('',#2844,#2604,#1279,.T.);
#3570=EDGE_CURVE('',#2845,#2844,#2335,.T.);
#3571=EDGE_CURVE('',#2845,#2603,#1280,.T.);
#3572=EDGE_CURVE('',#2846,#2845,#1281,.T.);
#3573=EDGE_CURVE('',#2846,#2602,#1282,.T.);
#3574=EDGE_CURVE('',#2840,#2846,#2336,.T.);
#3575=EDGE_CURVE('',#2847,#2848,#1283,.T.);
#3576=EDGE_CURVE('',#2848,#2593,#1284,.T.);
#3577=EDGE_CURVE('',#2847,#2600,#1285,.T.);
#3578=EDGE_CURVE('',#2849,#2847,#2337,.T.);
#3579=EDGE_CURVE('',#2849,#2599,#1286,.T.);
#3580=EDGE_CURVE('',#2850,#2849,#1287,.T.);
#3581=EDGE_CURVE('',#2850,#2598,#1288,.T.);
#3582=EDGE_CURVE('',#2851,#2850,#2338,.T.);
#3583=EDGE_CURVE('',#2851,#2597,#1289,.T.);
#3584=EDGE_CURVE('',#2852,#2851,#1290,.T.);
#3585=EDGE_CURVE('',#2852,#2596,#1291,.T.);
#3586=EDGE_CURVE('',#2853,#2852,#2339,.T.);
#3587=EDGE_CURVE('',#2853,#2595,#1292,.T.);
#3588=EDGE_CURVE('',#2854,#2853,#1293,.T.);
#3589=EDGE_CURVE('',#2854,#2594,#1294,.T.);
#3590=EDGE_CURVE('',#2848,#2854,#2340,.T.);
#3591=EDGE_CURVE('',#2855,#2856,#1295,.T.);
#3592=EDGE_CURVE('',#2856,#2585,#1296,.T.);
#3593=EDGE_CURVE('',#2855,#2592,#1297,.T.);
#3594=EDGE_CURVE('',#2857,#2855,#2341,.T.);
#3595=EDGE_CURVE('',#2857,#2591,#1298,.T.);
#3596=EDGE_CURVE('',#2858,#2857,#1299,.T.);
#3597=EDGE_CURVE('',#2858,#2590,#1300,.T.);
#3598=EDGE_CURVE('',#2859,#2858,#2342,.T.);
#3599=EDGE_CURVE('',#2859,#2589,#1301,.T.);
#3600=EDGE_CURVE('',#2860,#2859,#1302,.T.);
#3601=EDGE_CURVE('',#2860,#2588,#1303,.T.);
#3602=EDGE_CURVE('',#2861,#2860,#2343,.T.);
#3603=EDGE_CURVE('',#2861,#2587,#1304,.T.);
#3604=EDGE_CURVE('',#2862,#2861,#1305,.T.);
#3605=EDGE_CURVE('',#2862,#2586,#1306,.T.);
#3606=EDGE_CURVE('',#2856,#2862,#2344,.T.);
#3607=EDGE_CURVE('',#2863,#2864,#2345,.T.);
#3608=EDGE_CURVE('',#2864,#2452,#1307,.T.);
#3609=EDGE_CURVE('',#2863,#2451,#1308,.T.);
#3610=EDGE_CURVE('',#2865,#2863,#1309,.T.);
#3611=EDGE_CURVE('',#2865,#2450,#1310,.T.);
#3612=EDGE_CURVE('',#2866,#2865,#2346,.T.);
#3613=EDGE_CURVE('',#2866,#2449,#1311,.T.);
#3614=EDGE_CURVE('',#2867,#2868,#1312,.T.);
#3615=EDGE_CURVE('',#2868,#2577,#1313,.T.);
#3616=EDGE_CURVE('',#2867,#2584,#1314,.T.);
#3617=EDGE_CURVE('',#2869,#2867,#2347,.T.);
#3618=EDGE_CURVE('',#2869,#2583,#1315,.T.);
#3619=EDGE_CURVE('',#2870,#2869,#1316,.T.);
#3620=EDGE_CURVE('',#2870,#2582,#1317,.T.);
#3621=EDGE_CURVE('',#2871,#2870,#2348,.T.);
#3622=EDGE_CURVE('',#2871,#2581,#1318,.T.);
#3623=EDGE_CURVE('',#2872,#2871,#1319,.T.);
#3624=EDGE_CURVE('',#2872,#2580,#1320,.T.);
#3625=EDGE_CURVE('',#2873,#2872,#2349,.T.);
#3626=EDGE_CURVE('',#2873,#2579,#1321,.T.);
#3627=EDGE_CURVE('',#2874,#2873,#1322,.T.);
#3628=EDGE_CURVE('',#2874,#2578,#1323,.T.);
#3629=EDGE_CURVE('',#2868,#2874,#2350,.T.);
#3630=EDGE_CURVE('',#2875,#2876,#1324,.T.);
#3631=EDGE_CURVE('',#2876,#2569,#1325,.T.);
#3632=EDGE_CURVE('',#2875,#2576,#1326,.T.);
#3633=EDGE_CURVE('',#2877,#2875,#2351,.T.);
#3634=EDGE_CURVE('',#2877,#2575,#1327,.T.);
#3635=EDGE_CURVE('',#2878,#2877,#1328,.T.);
#3636=EDGE_CURVE('',#2878,#2574,#1329,.T.);
#3637=EDGE_CURVE('',#2879,#2878,#2352,.T.);
#3638=EDGE_CURVE('',#2879,#2573,#1330,.T.);
#3639=EDGE_CURVE('',#2880,#2879,#1331,.T.);
#3640=EDGE_CURVE('',#2880,#2572,#1332,.T.);
#3641=EDGE_CURVE('',#2881,#2880,#2353,.T.);
#3642=EDGE_CURVE('',#2881,#2571,#1333,.T.);
#3643=EDGE_CURVE('',#2882,#2881,#1334,.T.);
#3644=EDGE_CURVE('',#2882,#2570,#1335,.T.);
#3645=EDGE_CURVE('',#2876,#2882,#2354,.T.);
#3646=EDGE_CURVE('',#2883,#2884,#1336,.T.);
#3647=EDGE_CURVE('',#2884,#2561,#1337,.T.);
#3648=EDGE_CURVE('',#2883,#2568,#1338,.T.);
#3649=EDGE_CURVE('',#2885,#2883,#2355,.T.);
#3650=EDGE_CURVE('',#2885,#2567,#1339,.T.);
#3651=EDGE_CURVE('',#2886,#2885,#1340,.T.);
#3652=EDGE_CURVE('',#2886,#2566,#1341,.T.);
#3653=EDGE_CURVE('',#2887,#2886,#2356,.T.);
#3654=EDGE_CURVE('',#2887,#2565,#1342,.T.);
#3655=EDGE_CURVE('',#2888,#2887,#1343,.T.);
#3656=EDGE_CURVE('',#2888,#2564,#1344,.T.);
#3657=EDGE_CURVE('',#2889,#2888,#2357,.T.);
#3658=EDGE_CURVE('',#2889,#2563,#1345,.T.);
#3659=EDGE_CURVE('',#2890,#2889,#1346,.T.);
#3660=EDGE_CURVE('',#2890,#2562,#1347,.T.);
#3661=EDGE_CURVE('',#2884,#2890,#2358,.T.);
#3662=EDGE_CURVE('',#2891,#2892,#1348,.T.);
#3663=EDGE_CURVE('',#2892,#2553,#1349,.T.);
#3664=EDGE_CURVE('',#2891,#2560,#1350,.T.);
#3665=EDGE_CURVE('',#2893,#2891,#2359,.T.);
#3666=EDGE_CURVE('',#2893,#2559,#1351,.T.);
#3667=EDGE_CURVE('',#2894,#2893,#1352,.T.);
#3668=EDGE_CURVE('',#2894,#2558,#1353,.T.);
#3669=EDGE_CURVE('',#2895,#2894,#2360,.T.);
#3670=EDGE_CURVE('',#2895,#2557,#1354,.T.);
#3671=EDGE_CURVE('',#2896,#2895,#1355,.T.);
#3672=EDGE_CURVE('',#2896,#2556,#1356,.T.);
#3673=EDGE_CURVE('',#2897,#2896,#2361,.T.);
#3674=EDGE_CURVE('',#2897,#2555,#1357,.T.);
#3675=EDGE_CURVE('',#2898,#2897,#1358,.T.);
#3676=EDGE_CURVE('',#2898,#2554,#1359,.T.);
#3677=EDGE_CURVE('',#2892,#2898,#2362,.T.);
#3678=EDGE_CURVE('',#2899,#2900,#1360,.T.);
#3679=EDGE_CURVE('',#2900,#2545,#1361,.T.);
#3680=EDGE_CURVE('',#2899,#2552,#1362,.T.);
#3681=EDGE_CURVE('',#2901,#2899,#2363,.T.);
#3682=EDGE_CURVE('',#2901,#2551,#1363,.T.);
#3683=EDGE_CURVE('',#2902,#2901,#1364,.T.);
#3684=EDGE_CURVE('',#2902,#2550,#1365,.T.);
#3685=EDGE_CURVE('',#2903,#2902,#2364,.T.);
#3686=EDGE_CURVE('',#2903,#2549,#1366,.T.);
#3687=EDGE_CURVE('',#2904,#2903,#1367,.T.);
#3688=EDGE_CURVE('',#2904,#2548,#1368,.T.);
#3689=EDGE_CURVE('',#2905,#2904,#2365,.T.);
#3690=EDGE_CURVE('',#2905,#2547,#1369,.T.);
#3691=EDGE_CURVE('',#2906,#2905,#1370,.T.);
#3692=EDGE_CURVE('',#2906,#2546,#1371,.T.);
#3693=EDGE_CURVE('',#2900,#2906,#2366,.T.);
#3694=EDGE_CURVE('',#2907,#2908,#2367,.T.);
#3695=EDGE_CURVE('',#2908,#2458,#1372,.T.);
#3696=EDGE_CURVE('',#2907,#2457,#1373,.T.);
#3697=EDGE_CURVE('',#2909,#2907,#1374,.T.);
#3698=EDGE_CURVE('',#2909,#2456,#1375,.T.);
#3699=EDGE_CURVE('',#2910,#2909,#2368,.T.);
#3700=EDGE_CURVE('',#2910,#2455,#1376,.T.);
#3701=EDGE_CURVE('',#2911,#2454,#1377,.T.);
#3702=EDGE_CURVE('',#2911,#2910,#1378,.T.);
#3703=EDGE_CURVE('',#2912,#2913,#1379,.T.);
#3704=EDGE_CURVE('',#2913,#2537,#1380,.T.);
#3705=EDGE_CURVE('',#2912,#2544,#1381,.T.);
#3706=EDGE_CURVE('',#2914,#2912,#2369,.T.);
#3707=EDGE_CURVE('',#2914,#2543,#1382,.T.);
#3708=EDGE_CURVE('',#2915,#2914,#1383,.T.);
#3709=EDGE_CURVE('',#2915,#2542,#1384,.T.);
#3710=EDGE_CURVE('',#2916,#2915,#2370,.T.);
#3711=EDGE_CURVE('',#2916,#2541,#1385,.T.);
#3712=EDGE_CURVE('',#2917,#2916,#1386,.T.);
#3713=EDGE_CURVE('',#2917,#2540,#1387,.T.);
#3714=EDGE_CURVE('',#2918,#2917,#2371,.T.);
#3715=EDGE_CURVE('',#2918,#2539,#1388,.T.);
#3716=EDGE_CURVE('',#2919,#2918,#1389,.T.);
#3717=EDGE_CURVE('',#2919,#2538,#1390,.T.);
#3718=EDGE_CURVE('',#2913,#2919,#2372,.T.);
#3719=EDGE_CURVE('',#2920,#2921,#2373,.T.);
#3720=EDGE_CURVE('',#2921,#2464,#1391,.T.);
#3721=EDGE_CURVE('',#2920,#2463,#1392,.T.);
#3722=EDGE_CURVE('',#2922,#2920,#1393,.T.);
#3723=EDGE_CURVE('',#2922,#2462,#1394,.T.);
#3724=EDGE_CURVE('',#2923,#2922,#2374,.T.);
#3725=EDGE_CURVE('',#2923,#2461,#1395,.T.);
#3726=EDGE_CURVE('',#2924,#2460,#1396,.T.);
#3727=EDGE_CURVE('',#2924,#2923,#1397,.T.);
#3728=EDGE_CURVE('',#2925,#2926,#1398,.T.);
#3729=EDGE_CURVE('',#2926,#2529,#1399,.T.);
#3730=EDGE_CURVE('',#2925,#2536,#1400,.T.);
#3731=EDGE_CURVE('',#2927,#2925,#2375,.T.);
#3732=EDGE_CURVE('',#2927,#2535,#1401,.T.);
#3733=EDGE_CURVE('',#2928,#2927,#1402,.T.);
#3734=EDGE_CURVE('',#2928,#2534,#1403,.T.);
#3735=EDGE_CURVE('',#2929,#2928,#2376,.T.);
#3736=EDGE_CURVE('',#2929,#2533,#1404,.T.);
#3737=EDGE_CURVE('',#2930,#2929,#1405,.T.);
#3738=EDGE_CURVE('',#2930,#2532,#1406,.T.);
#3739=EDGE_CURVE('',#2931,#2930,#2377,.T.);
#3740=EDGE_CURVE('',#2931,#2531,#1407,.T.);
#3741=EDGE_CURVE('',#2932,#2931,#1408,.T.);
#3742=EDGE_CURVE('',#2932,#2530,#1409,.T.);
#3743=EDGE_CURVE('',#2926,#2932,#2378,.T.);
#3744=EDGE_CURVE('',#2933,#2934,#1410,.T.);
#3745=EDGE_CURVE('',#2934,#2521,#1411,.T.);
#3746=EDGE_CURVE('',#2933,#2528,#1412,.T.);
#3747=EDGE_CURVE('',#2935,#2933,#2379,.T.);
#3748=EDGE_CURVE('',#2935,#2527,#1413,.T.);
#3749=EDGE_CURVE('',#2936,#2935,#1414,.T.);
#3750=EDGE_CURVE('',#2936,#2526,#1415,.T.);
#3751=EDGE_CURVE('',#2937,#2936,#2380,.T.);
#3752=EDGE_CURVE('',#2937,#2525,#1416,.T.);
#3753=EDGE_CURVE('',#2938,#2937,#1417,.T.);
#3754=EDGE_CURVE('',#2938,#2524,#1418,.T.);
#3755=EDGE_CURVE('',#2939,#2938,#2381,.T.);
#3756=EDGE_CURVE('',#2939,#2523,#1419,.T.);
#3757=EDGE_CURVE('',#2940,#2939,#1420,.T.);
#3758=EDGE_CURVE('',#2940,#2522,#1421,.T.);
#3759=EDGE_CURVE('',#2934,#2940,#2382,.T.);
#3760=EDGE_CURVE('',#2941,#2942,#1422,.T.);
#3761=EDGE_CURVE('',#2942,#2513,#1423,.T.);
#3762=EDGE_CURVE('',#2941,#2520,#1424,.T.);
#3763=EDGE_CURVE('',#2943,#2941,#2383,.T.);
#3764=EDGE_CURVE('',#2943,#2519,#1425,.T.);
#3765=EDGE_CURVE('',#2944,#2943,#1426,.T.);
#3766=EDGE_CURVE('',#2944,#2518,#1427,.T.);
#3767=EDGE_CURVE('',#2945,#2944,#2384,.T.);
#3768=EDGE_CURVE('',#2945,#2517,#1428,.T.);
#3769=EDGE_CURVE('',#2946,#2945,#1429,.T.);
#3770=EDGE_CURVE('',#2946,#2516,#1430,.T.);
#3771=EDGE_CURVE('',#2947,#2946,#2385,.T.);
#3772=EDGE_CURVE('',#2947,#2515,#1431,.T.);
#3773=EDGE_CURVE('',#2948,#2947,#1432,.T.);
#3774=EDGE_CURVE('',#2948,#2514,#1433,.T.);
#3775=EDGE_CURVE('',#2942,#2948,#2386,.T.);
#3776=EDGE_CURVE('',#2949,#2950,#1434,.T.);
#3777=EDGE_CURVE('',#2950,#2505,#1435,.T.);
#3778=EDGE_CURVE('',#2949,#2512,#1436,.T.);
#3779=EDGE_CURVE('',#2951,#2949,#2387,.T.);
#3780=EDGE_CURVE('',#2951,#2511,#1437,.T.);
#3781=EDGE_CURVE('',#2952,#2951,#1438,.T.);
#3782=EDGE_CURVE('',#2952,#2510,#1439,.T.);
#3783=EDGE_CURVE('',#2953,#2952,#2388,.T.);
#3784=EDGE_CURVE('',#2953,#2509,#1440,.T.);
#3785=EDGE_CURVE('',#2954,#2953,#1441,.T.);
#3786=EDGE_CURVE('',#2954,#2508,#1442,.T.);
#3787=EDGE_CURVE('',#2955,#2954,#2389,.T.);
#3788=EDGE_CURVE('',#2955,#2507,#1443,.T.);
#3789=EDGE_CURVE('',#2956,#2955,#1444,.T.);
#3790=EDGE_CURVE('',#2956,#2506,#1445,.T.);
#3791=EDGE_CURVE('',#2950,#2956,#2390,.T.);
#3792=EDGE_CURVE('',#2957,#2958,#1446,.T.);
#3793=EDGE_CURVE('',#2958,#2497,#1447,.T.);
#3794=EDGE_CURVE('',#2957,#2504,#1448,.T.);
#3795=EDGE_CURVE('',#2959,#2957,#2391,.T.);
#3796=EDGE_CURVE('',#2959,#2503,#1449,.T.);
#3797=EDGE_CURVE('',#2960,#2959,#1450,.T.);
#3798=EDGE_CURVE('',#2960,#2502,#1451,.T.);
#3799=EDGE_CURVE('',#2961,#2960,#2392,.T.);
#3800=EDGE_CURVE('',#2961,#2501,#1452,.T.);
#3801=EDGE_CURVE('',#2962,#2961,#1453,.T.);
#3802=EDGE_CURVE('',#2962,#2500,#1454,.T.);
#3803=EDGE_CURVE('',#2963,#2962,#2393,.T.);
#3804=EDGE_CURVE('',#2963,#2499,#1455,.T.);
#3805=EDGE_CURVE('',#2964,#2963,#1456,.T.);
#3806=EDGE_CURVE('',#2964,#2498,#1457,.T.);
#3807=EDGE_CURVE('',#2958,#2964,#2394,.T.);
#3808=EDGE_CURVE('',#2965,#2966,#1458,.T.);
#3809=EDGE_CURVE('',#2966,#2489,#1459,.T.);
#3810=EDGE_CURVE('',#2965,#2496,#1460,.T.);
#3811=EDGE_CURVE('',#2967,#2965,#2395,.T.);
#3812=EDGE_CURVE('',#2967,#2495,#1461,.T.);
#3813=EDGE_CURVE('',#2968,#2967,#1462,.T.);
#3814=EDGE_CURVE('',#2968,#2494,#1463,.T.);
#3815=EDGE_CURVE('',#2969,#2968,#2396,.T.);
#3816=EDGE_CURVE('',#2969,#2493,#1464,.T.);
#3817=EDGE_CURVE('',#2970,#2969,#1465,.T.);
#3818=EDGE_CURVE('',#2970,#2492,#1466,.T.);
#3819=EDGE_CURVE('',#2971,#2970,#2397,.T.);
#3820=EDGE_CURVE('',#2971,#2491,#1467,.T.);
#3821=EDGE_CURVE('',#2972,#2971,#1468,.T.);
#3822=EDGE_CURVE('',#2972,#2490,#1469,.T.);
#3823=EDGE_CURVE('',#2966,#2972,#2398,.T.);
#3824=EDGE_CURVE('',#2973,#2974,#1470,.T.);
#3825=EDGE_CURVE('',#2974,#2481,#1471,.T.);
#3826=EDGE_CURVE('',#2973,#2488,#1472,.T.);
#3827=EDGE_CURVE('',#2975,#2973,#2399,.T.);
#3828=EDGE_CURVE('',#2975,#2487,#1473,.T.);
#3829=EDGE_CURVE('',#2976,#2975,#1474,.T.);
#3830=EDGE_CURVE('',#2976,#2486,#1475,.T.);
#3831=EDGE_CURVE('',#2977,#2976,#2400,.T.);
#3832=EDGE_CURVE('',#2977,#2485,#1476,.T.);
#3833=EDGE_CURVE('',#2978,#2977,#1477,.T.);
#3834=EDGE_CURVE('',#2978,#2484,#1478,.T.);
#3835=EDGE_CURVE('',#2979,#2978,#2401,.T.);
#3836=EDGE_CURVE('',#2979,#2483,#1479,.T.);
#3837=EDGE_CURVE('',#2980,#2979,#1480,.T.);
#3838=EDGE_CURVE('',#2980,#2482,#1481,.T.);
#3839=EDGE_CURVE('',#2974,#2980,#2402,.T.);
#3840=EDGE_CURVE('',#2981,#2982,#1482,.T.);
#3841=EDGE_CURVE('',#2982,#2473,#1483,.T.);
#3842=EDGE_CURVE('',#2981,#2480,#1484,.T.);
#3843=EDGE_CURVE('',#2983,#2981,#2403,.T.);
#3844=EDGE_CURVE('',#2983,#2479,#1485,.T.);
#3845=EDGE_CURVE('',#2984,#2983,#1486,.T.);
#3846=EDGE_CURVE('',#2984,#2478,#1487,.T.);
#3847=EDGE_CURVE('',#2985,#2984,#2404,.T.);
#3848=EDGE_CURVE('',#2985,#2477,#1488,.T.);
#3849=EDGE_CURVE('',#2986,#2985,#1489,.T.);
#3850=EDGE_CURVE('',#2986,#2476,#1490,.T.);
#3851=EDGE_CURVE('',#2987,#2986,#2405,.T.);
#3852=EDGE_CURVE('',#2987,#2475,#1491,.T.);
#3853=EDGE_CURVE('',#2988,#2987,#1492,.T.);
#3854=EDGE_CURVE('',#2988,#2474,#1493,.T.);
#3855=EDGE_CURVE('',#2982,#2988,#2406,.T.);
#3856=EDGE_CURVE('',#2989,#2990,#1494,.T.);
#3857=EDGE_CURVE('',#2990,#2465,#1495,.T.);
#3858=EDGE_CURVE('',#2989,#2472,#1496,.T.);
#3859=EDGE_CURVE('',#2991,#2989,#2407,.T.);
#3860=EDGE_CURVE('',#2991,#2471,#1497,.T.);
#3861=EDGE_CURVE('',#2992,#2991,#1498,.T.);
#3862=EDGE_CURVE('',#2992,#2470,#1499,.T.);
#3863=EDGE_CURVE('',#2993,#2992,#2408,.T.);
#3864=EDGE_CURVE('',#2993,#2469,#1500,.T.);
#3865=EDGE_CURVE('',#2994,#2993,#1501,.T.);
#3866=EDGE_CURVE('',#2994,#2468,#1502,.T.);
#3867=EDGE_CURVE('',#2995,#2994,#2409,.T.);
#3868=EDGE_CURVE('',#2995,#2467,#1503,.T.);
#3869=EDGE_CURVE('',#2996,#2995,#1504,.T.);
#3870=EDGE_CURVE('',#2996,#2466,#1505,.T.);
#3871=EDGE_CURVE('',#2990,#2996,#2410,.T.);
#3872=EDGE_CURVE('',#2442,#2726,#1506,.T.);
#3873=EDGE_CURVE('',#2997,#2447,#1507,.T.);
#3874=EDGE_CURVE('',#2431,#2997,#2411,.T.);
#3875=EDGE_CURVE('',#2998,#2446,#1508,.T.);
#3876=EDGE_CURVE('',#2997,#2998,#1509,.T.);
#3877=EDGE_CURVE('',#2999,#2445,#1510,.T.);
#3878=EDGE_CURVE('',#2998,#2999,#2412,.T.);
#3879=EDGE_CURVE('',#3000,#2443,#1511,.T.);
#3880=EDGE_CURVE('',#2999,#3000,#1512,.T.);
#3881=EDGE_CURVE('',#2453,#3001,#1513,.T.);
#3882=EDGE_CURVE('',#2864,#3001,#1514,.T.);
#3883=EDGE_CURVE('',#3002,#3000,#1515,.T.);
#3884=EDGE_CURVE('',#2921,#3002,#1516,.T.);
#3885=EDGE_CURVE('',#3003,#2924,#1517,.T.);
#3886=EDGE_CURVE('',#2908,#3003,#1518,.T.);
#3887=EDGE_CURVE('',#3001,#2911,#1519,.T.);
#3888=EDGE_CURVE('',#3004,#2866,#1520,.T.);
#3889=EDGE_CURVE('',#2436,#3004,#1521,.T.);
#3890=EDGE_CURVE('',#3004,#2448,#1522,.T.);
#3891=EDGE_CURVE('',#2459,#3003,#1523,.T.);
#3892=EDGE_CURVE('',#2444,#3002,#1524,.T.);
#3893=ORIENTED_EDGE('',*,*,#3005,.F.);
#3894=ORIENTED_EDGE('',*,*,#3006,.T.);
#3895=ORIENTED_EDGE('',*,*,#3007,.F.);
#3896=ORIENTED_EDGE('',*,*,#3006,.F.);
#3897=ORIENTED_EDGE('',*,*,#3008,.F.);
#3898=ORIENTED_EDGE('',*,*,#3009,.T.);
#3899=ORIENTED_EDGE('',*,*,#3010,.F.);
#3900=ORIENTED_EDGE('',*,*,#3009,.F.);
#3901=ORIENTED_EDGE('',*,*,#3011,.F.);
#3902=ORIENTED_EDGE('',*,*,#3012,.T.);
#3903=ORIENTED_EDGE('',*,*,#3013,.F.);
#3904=ORIENTED_EDGE('',*,*,#3014,.F.);
#3905=ORIENTED_EDGE('',*,*,#3015,.F.);
#3906=ORIENTED_EDGE('',*,*,#3016,.F.);
#3907=ORIENTED_EDGE('',*,*,#3017,.F.);
#3908=ORIENTED_EDGE('',*,*,#3018,.F.);
#3909=ORIENTED_EDGE('',*,*,#3019,.F.);
#3910=ORIENTED_EDGE('',*,*,#3020,.T.);
#3911=ORIENTED_EDGE('',*,*,#3021,.F.);
#3912=ORIENTED_EDGE('',*,*,#3022,.F.);
#3913=ORIENTED_EDGE('',*,*,#3023,.F.);
#3914=ORIENTED_EDGE('',*,*,#3018,.T.);
#3915=ORIENTED_EDGE('',*,*,#3024,.F.);
#3916=ORIENTED_EDGE('',*,*,#3025,.F.);
#3917=ORIENTED_EDGE('',*,*,#3026,.F.);
#3918=ORIENTED_EDGE('',*,*,#3027,.T.);
#3919=ORIENTED_EDGE('',*,*,#3028,.T.);
#3920=ORIENTED_EDGE('',*,*,#3029,.T.);
#3921=ORIENTED_EDGE('',*,*,#3030,.F.);
#3922=ORIENTED_EDGE('',*,*,#3031,.F.);
#3923=ORIENTED_EDGE('',*,*,#3016,.T.);
#3924=ORIENTED_EDGE('',*,*,#3032,.T.);
#3925=ORIENTED_EDGE('',*,*,#3033,.T.);
#3926=ORIENTED_EDGE('',*,*,#3034,.F.);
#3927=ORIENTED_EDGE('',*,*,#3035,.F.);
#3928=ORIENTED_EDGE('',*,*,#3036,.T.);
#3929=ORIENTED_EDGE('',*,*,#3037,.F.);
#3930=ORIENTED_EDGE('',*,*,#3022,.T.);
#3931=ORIENTED_EDGE('',*,*,#3038,.F.);
#3932=ORIENTED_EDGE('',*,*,#3039,.T.);
#3933=ORIENTED_EDGE('',*,*,#3040,.F.);
#3934=ORIENTED_EDGE('',*,*,#3036,.F.);
#3935=ORIENTED_EDGE('',*,*,#3041,.F.);
#3936=ORIENTED_EDGE('',*,*,#3020,.F.);
#3937=ORIENTED_EDGE('',*,*,#3042,.F.);
#3938=ORIENTED_EDGE('',*,*,#3012,.F.);
#3939=ORIENTED_EDGE('',*,*,#3043,.F.);
#3940=ORIENTED_EDGE('',*,*,#3044,.T.);
#3941=ORIENTED_EDGE('',*,*,#3045,.T.);
#3942=ORIENTED_EDGE('',*,*,#3046,.T.);
#3943=ORIENTED_EDGE('',*,*,#3047,.T.);
#3944=ORIENTED_EDGE('',*,*,#3024,.T.);
#3945=ORIENTED_EDGE('',*,*,#3048,.T.);
#3946=ORIENTED_EDGE('',*,*,#3038,.T.);
#3947=ORIENTED_EDGE('',*,*,#3035,.T.);
#3948=ORIENTED_EDGE('',*,*,#3021,.T.);
#3949=ORIENTED_EDGE('',*,*,#3017,.T.);
#3950=ORIENTED_EDGE('',*,*,#3041,.T.);
#3951=ORIENTED_EDGE('',*,*,#3011,.T.);
#3952=ORIENTED_EDGE('',*,*,#3031,.T.);
#3953=ORIENTED_EDGE('',*,*,#3049,.F.);
#3954=ORIENTED_EDGE('',*,*,#3050,.T.);
#3955=ORIENTED_EDGE('',*,*,#3051,.T.);
#3956=ORIENTED_EDGE('',*,*,#3052,.T.);
#3957=ORIENTED_EDGE('',*,*,#3053,.T.);
#3958=ORIENTED_EDGE('',*,*,#3054,.T.);
#3959=ORIENTED_EDGE('',*,*,#3055,.F.);
#3960=ORIENTED_EDGE('',*,*,#3056,.T.);
#3961=ORIENTED_EDGE('',*,*,#3057,.T.);
#3962=ORIENTED_EDGE('',*,*,#3058,.T.);
#3963=ORIENTED_EDGE('',*,*,#3059,.T.);
#3964=ORIENTED_EDGE('',*,*,#3060,.T.);
#3965=ORIENTED_EDGE('',*,*,#3061,.F.);
#3966=ORIENTED_EDGE('',*,*,#3062,.T.);
#3967=ORIENTED_EDGE('',*,*,#3063,.T.);
#3968=ORIENTED_EDGE('',*,*,#3064,.T.);
#3969=ORIENTED_EDGE('',*,*,#3065,.T.);
#3970=ORIENTED_EDGE('',*,*,#3066,.T.);
#3971=ORIENTED_EDGE('',*,*,#3067,.T.);
#3972=ORIENTED_EDGE('',*,*,#3068,.T.);
#3973=ORIENTED_EDGE('',*,*,#3069,.T.);
#3974=ORIENTED_EDGE('',*,*,#3070,.T.);
#3975=ORIENTED_EDGE('',*,*,#3071,.T.);
#3976=ORIENTED_EDGE('',*,*,#3072,.T.);
#3977=ORIENTED_EDGE('',*,*,#3073,.T.);
#3978=ORIENTED_EDGE('',*,*,#3074,.T.);
#3979=ORIENTED_EDGE('',*,*,#3075,.T.);
#3980=ORIENTED_EDGE('',*,*,#3076,.T.);
#3981=ORIENTED_EDGE('',*,*,#3077,.T.);
#3982=ORIENTED_EDGE('',*,*,#3078,.T.);
#3983=ORIENTED_EDGE('',*,*,#3079,.T.);
#3984=ORIENTED_EDGE('',*,*,#3080,.T.);
#3985=ORIENTED_EDGE('',*,*,#3081,.T.);
#3986=ORIENTED_EDGE('',*,*,#3082,.T.);
#3987=ORIENTED_EDGE('',*,*,#3083,.T.);
#3988=ORIENTED_EDGE('',*,*,#3084,.T.);
#3989=ORIENTED_EDGE('',*,*,#3085,.T.);
#3990=ORIENTED_EDGE('',*,*,#3086,.T.);
#3991=ORIENTED_EDGE('',*,*,#3087,.T.);
#3992=ORIENTED_EDGE('',*,*,#3088,.T.);
#3993=ORIENTED_EDGE('',*,*,#3089,.T.);
#3994=ORIENTED_EDGE('',*,*,#3090,.T.);
#3995=ORIENTED_EDGE('',*,*,#3091,.T.);
#3996=ORIENTED_EDGE('',*,*,#3092,.T.);
#3997=ORIENTED_EDGE('',*,*,#3093,.T.);
#3998=ORIENTED_EDGE('',*,*,#3094,.T.);
#3999=ORIENTED_EDGE('',*,*,#3095,.T.);
#4000=ORIENTED_EDGE('',*,*,#3096,.T.);
#4001=ORIENTED_EDGE('',*,*,#3097,.T.);
#4002=ORIENTED_EDGE('',*,*,#3098,.T.);
#4003=ORIENTED_EDGE('',*,*,#3099,.T.);
#4004=ORIENTED_EDGE('',*,*,#3100,.T.);
#4005=ORIENTED_EDGE('',*,*,#3101,.T.);
#4006=ORIENTED_EDGE('',*,*,#3102,.T.);
#4007=ORIENTED_EDGE('',*,*,#3103,.T.);
#4008=ORIENTED_EDGE('',*,*,#3104,.T.);
#4009=ORIENTED_EDGE('',*,*,#3105,.T.);
#4010=ORIENTED_EDGE('',*,*,#3106,.T.);
#4011=ORIENTED_EDGE('',*,*,#3107,.T.);
#4012=ORIENTED_EDGE('',*,*,#3108,.T.);
#4013=ORIENTED_EDGE('',*,*,#3109,.T.);
#4014=ORIENTED_EDGE('',*,*,#3110,.T.);
#4015=ORIENTED_EDGE('',*,*,#3111,.T.);
#4016=ORIENTED_EDGE('',*,*,#3112,.T.);
#4017=ORIENTED_EDGE('',*,*,#3113,.T.);
#4018=ORIENTED_EDGE('',*,*,#3114,.T.);
#4019=ORIENTED_EDGE('',*,*,#3115,.T.);
#4020=ORIENTED_EDGE('',*,*,#3116,.T.);
#4021=ORIENTED_EDGE('',*,*,#3117,.T.);
#4022=ORIENTED_EDGE('',*,*,#3118,.T.);
#4023=ORIENTED_EDGE('',*,*,#3119,.T.);
#4024=ORIENTED_EDGE('',*,*,#3120,.T.);
#4025=ORIENTED_EDGE('',*,*,#3121,.T.);
#4026=ORIENTED_EDGE('',*,*,#3122,.T.);
#4027=ORIENTED_EDGE('',*,*,#3123,.T.);
#4028=ORIENTED_EDGE('',*,*,#3124,.T.);
#4029=ORIENTED_EDGE('',*,*,#3125,.T.);
#4030=ORIENTED_EDGE('',*,*,#3126,.T.);
#4031=ORIENTED_EDGE('',*,*,#3127,.T.);
#4032=ORIENTED_EDGE('',*,*,#3128,.T.);
#4033=ORIENTED_EDGE('',*,*,#3129,.T.);
#4034=ORIENTED_EDGE('',*,*,#3130,.T.);
#4035=ORIENTED_EDGE('',*,*,#3131,.T.);
#4036=ORIENTED_EDGE('',*,*,#3132,.T.);
#4037=ORIENTED_EDGE('',*,*,#3133,.T.);
#4038=ORIENTED_EDGE('',*,*,#3134,.T.);
#4039=ORIENTED_EDGE('',*,*,#3135,.T.);
#4040=ORIENTED_EDGE('',*,*,#3136,.T.);
#4041=ORIENTED_EDGE('',*,*,#3137,.T.);
#4042=ORIENTED_EDGE('',*,*,#3138,.T.);
#4043=ORIENTED_EDGE('',*,*,#3139,.T.);
#4044=ORIENTED_EDGE('',*,*,#3140,.T.);
#4045=ORIENTED_EDGE('',*,*,#3141,.T.);
#4046=ORIENTED_EDGE('',*,*,#3142,.T.);
#4047=ORIENTED_EDGE('',*,*,#3143,.T.);
#4048=ORIENTED_EDGE('',*,*,#3144,.T.);
#4049=ORIENTED_EDGE('',*,*,#3145,.T.);
#4050=ORIENTED_EDGE('',*,*,#3146,.T.);
#4051=ORIENTED_EDGE('',*,*,#3147,.T.);
#4052=ORIENTED_EDGE('',*,*,#3148,.T.);
#4053=ORIENTED_EDGE('',*,*,#3149,.T.);
#4054=ORIENTED_EDGE('',*,*,#3150,.T.);
#4055=ORIENTED_EDGE('',*,*,#3151,.T.);
#4056=ORIENTED_EDGE('',*,*,#3152,.T.);
#4057=ORIENTED_EDGE('',*,*,#3153,.T.);
#4058=ORIENTED_EDGE('',*,*,#3154,.T.);
#4059=ORIENTED_EDGE('',*,*,#3155,.T.);
#4060=ORIENTED_EDGE('',*,*,#3156,.T.);
#4061=ORIENTED_EDGE('',*,*,#3157,.T.);
#4062=ORIENTED_EDGE('',*,*,#3158,.T.);
#4063=ORIENTED_EDGE('',*,*,#3159,.T.);
#4064=ORIENTED_EDGE('',*,*,#3160,.T.);
#4065=ORIENTED_EDGE('',*,*,#3161,.T.);
#4066=ORIENTED_EDGE('',*,*,#3162,.T.);
#4067=ORIENTED_EDGE('',*,*,#3163,.T.);
#4068=ORIENTED_EDGE('',*,*,#3164,.T.);
#4069=ORIENTED_EDGE('',*,*,#3165,.T.);
#4070=ORIENTED_EDGE('',*,*,#3166,.T.);
#4071=ORIENTED_EDGE('',*,*,#3167,.T.);
#4072=ORIENTED_EDGE('',*,*,#3168,.T.);
#4073=ORIENTED_EDGE('',*,*,#3169,.T.);
#4074=ORIENTED_EDGE('',*,*,#3170,.T.);
#4075=ORIENTED_EDGE('',*,*,#3171,.T.);
#4076=ORIENTED_EDGE('',*,*,#3172,.T.);
#4077=ORIENTED_EDGE('',*,*,#3173,.T.);
#4078=ORIENTED_EDGE('',*,*,#3174,.T.);
#4079=ORIENTED_EDGE('',*,*,#3175,.T.);
#4080=ORIENTED_EDGE('',*,*,#3176,.T.);
#4081=ORIENTED_EDGE('',*,*,#3177,.T.);
#4082=ORIENTED_EDGE('',*,*,#3178,.T.);
#4083=ORIENTED_EDGE('',*,*,#3179,.T.);
#4084=ORIENTED_EDGE('',*,*,#3180,.T.);
#4085=ORIENTED_EDGE('',*,*,#3181,.T.);
#4086=ORIENTED_EDGE('',*,*,#3182,.T.);
#4087=ORIENTED_EDGE('',*,*,#3183,.T.);
#4088=ORIENTED_EDGE('',*,*,#3184,.T.);
#4089=ORIENTED_EDGE('',*,*,#3185,.T.);
#4090=ORIENTED_EDGE('',*,*,#3186,.T.);
#4091=ORIENTED_EDGE('',*,*,#3187,.T.);
#4092=ORIENTED_EDGE('',*,*,#3188,.T.);
#4093=ORIENTED_EDGE('',*,*,#3189,.T.);
#4094=ORIENTED_EDGE('',*,*,#3190,.T.);
#4095=ORIENTED_EDGE('',*,*,#3191,.T.);
#4096=ORIENTED_EDGE('',*,*,#3192,.T.);
#4097=ORIENTED_EDGE('',*,*,#3193,.T.);
#4098=ORIENTED_EDGE('',*,*,#3194,.T.);
#4099=ORIENTED_EDGE('',*,*,#3195,.T.);
#4100=ORIENTED_EDGE('',*,*,#3196,.T.);
#4101=ORIENTED_EDGE('',*,*,#3197,.T.);
#4102=ORIENTED_EDGE('',*,*,#3198,.T.);
#4103=ORIENTED_EDGE('',*,*,#3199,.T.);
#4104=ORIENTED_EDGE('',*,*,#3200,.T.);
#4105=ORIENTED_EDGE('',*,*,#3201,.T.);
#4106=ORIENTED_EDGE('',*,*,#3202,.T.);
#4107=ORIENTED_EDGE('',*,*,#3203,.T.);
#4108=ORIENTED_EDGE('',*,*,#3204,.T.);
#4109=ORIENTED_EDGE('',*,*,#3205,.T.);
#4110=ORIENTED_EDGE('',*,*,#3206,.T.);
#4111=ORIENTED_EDGE('',*,*,#3207,.T.);
#4112=ORIENTED_EDGE('',*,*,#3208,.T.);
#4113=ORIENTED_EDGE('',*,*,#3209,.T.);
#4114=ORIENTED_EDGE('',*,*,#3210,.T.);
#4115=ORIENTED_EDGE('',*,*,#3211,.T.);
#4116=ORIENTED_EDGE('',*,*,#3212,.T.);
#4117=ORIENTED_EDGE('',*,*,#3213,.T.);
#4118=ORIENTED_EDGE('',*,*,#3214,.T.);
#4119=ORIENTED_EDGE('',*,*,#3215,.T.);
#4120=ORIENTED_EDGE('',*,*,#3216,.T.);
#4121=ORIENTED_EDGE('',*,*,#3217,.T.);
#4122=ORIENTED_EDGE('',*,*,#3218,.T.);
#4123=ORIENTED_EDGE('',*,*,#3219,.T.);
#4124=ORIENTED_EDGE('',*,*,#3220,.T.);
#4125=ORIENTED_EDGE('',*,*,#3221,.T.);
#4126=ORIENTED_EDGE('',*,*,#3222,.T.);
#4127=ORIENTED_EDGE('',*,*,#3223,.T.);
#4128=ORIENTED_EDGE('',*,*,#3224,.T.);
#4129=ORIENTED_EDGE('',*,*,#3225,.T.);
#4130=ORIENTED_EDGE('',*,*,#3226,.T.);
#4131=ORIENTED_EDGE('',*,*,#3227,.T.);
#4132=ORIENTED_EDGE('',*,*,#3228,.T.);
#4133=ORIENTED_EDGE('',*,*,#3229,.T.);
#4134=ORIENTED_EDGE('',*,*,#3230,.T.);
#4135=ORIENTED_EDGE('',*,*,#3231,.T.);
#4136=ORIENTED_EDGE('',*,*,#3232,.T.);
#4137=ORIENTED_EDGE('',*,*,#3233,.T.);
#4138=ORIENTED_EDGE('',*,*,#3234,.T.);
#4139=ORIENTED_EDGE('',*,*,#3235,.T.);
#4140=ORIENTED_EDGE('',*,*,#3236,.T.);
#4141=ORIENTED_EDGE('',*,*,#3237,.T.);
#4142=ORIENTED_EDGE('',*,*,#3238,.T.);
#4143=ORIENTED_EDGE('',*,*,#3239,.T.);
#4144=ORIENTED_EDGE('',*,*,#3240,.T.);
#4145=ORIENTED_EDGE('',*,*,#3241,.T.);
#4146=ORIENTED_EDGE('',*,*,#3242,.T.);
#4147=ORIENTED_EDGE('',*,*,#3243,.T.);
#4148=ORIENTED_EDGE('',*,*,#3244,.T.);
#4149=ORIENTED_EDGE('',*,*,#3245,.T.);
#4150=ORIENTED_EDGE('',*,*,#3246,.T.);
#4151=ORIENTED_EDGE('',*,*,#3247,.T.);
#4152=ORIENTED_EDGE('',*,*,#3248,.T.);
#4153=ORIENTED_EDGE('',*,*,#3249,.T.);
#4154=ORIENTED_EDGE('',*,*,#3250,.T.);
#4155=ORIENTED_EDGE('',*,*,#3251,.T.);
#4156=ORIENTED_EDGE('',*,*,#3252,.T.);
#4157=ORIENTED_EDGE('',*,*,#3253,.T.);
#4158=ORIENTED_EDGE('',*,*,#3254,.T.);
#4159=ORIENTED_EDGE('',*,*,#3255,.T.);
#4160=ORIENTED_EDGE('',*,*,#3256,.T.);
#4161=ORIENTED_EDGE('',*,*,#3257,.T.);
#4162=ORIENTED_EDGE('',*,*,#3258,.T.);
#4163=ORIENTED_EDGE('',*,*,#3259,.T.);
#4164=ORIENTED_EDGE('',*,*,#3260,.T.);
#4165=ORIENTED_EDGE('',*,*,#3261,.T.);
#4166=ORIENTED_EDGE('',*,*,#3262,.T.);
#4167=ORIENTED_EDGE('',*,*,#3263,.T.);
#4168=ORIENTED_EDGE('',*,*,#3264,.T.);
#4169=ORIENTED_EDGE('',*,*,#3265,.T.);
#4170=ORIENTED_EDGE('',*,*,#3266,.T.);
#4171=ORIENTED_EDGE('',*,*,#3267,.T.);
#4172=ORIENTED_EDGE('',*,*,#3268,.T.);
#4173=ORIENTED_EDGE('',*,*,#3269,.T.);
#4174=ORIENTED_EDGE('',*,*,#3270,.T.);
#4175=ORIENTED_EDGE('',*,*,#3271,.T.);
#4176=ORIENTED_EDGE('',*,*,#3272,.T.);
#4177=ORIENTED_EDGE('',*,*,#3273,.T.);
#4178=ORIENTED_EDGE('',*,*,#3274,.T.);
#4179=ORIENTED_EDGE('',*,*,#3275,.T.);
#4180=ORIENTED_EDGE('',*,*,#3276,.T.);
#4181=ORIENTED_EDGE('',*,*,#3277,.T.);
#4182=ORIENTED_EDGE('',*,*,#3278,.T.);
#4183=ORIENTED_EDGE('',*,*,#3279,.T.);
#4184=ORIENTED_EDGE('',*,*,#3280,.T.);
#4185=ORIENTED_EDGE('',*,*,#3281,.T.);
#4186=ORIENTED_EDGE('',*,*,#3282,.T.);
#4187=ORIENTED_EDGE('',*,*,#3283,.T.);
#4188=ORIENTED_EDGE('',*,*,#3284,.T.);
#4189=ORIENTED_EDGE('',*,*,#3285,.T.);
#4190=ORIENTED_EDGE('',*,*,#3286,.T.);
#4191=ORIENTED_EDGE('',*,*,#3287,.T.);
#4192=ORIENTED_EDGE('',*,*,#3288,.T.);
#4193=ORIENTED_EDGE('',*,*,#3289,.T.);
#4194=ORIENTED_EDGE('',*,*,#3290,.T.);
#4195=ORIENTED_EDGE('',*,*,#3291,.T.);
#4196=ORIENTED_EDGE('',*,*,#3292,.T.);
#4197=ORIENTED_EDGE('',*,*,#3293,.T.);
#4198=ORIENTED_EDGE('',*,*,#3294,.T.);
#4199=ORIENTED_EDGE('',*,*,#3295,.T.);
#4200=ORIENTED_EDGE('',*,*,#3296,.T.);
#4201=ORIENTED_EDGE('',*,*,#3297,.T.);
#4202=ORIENTED_EDGE('',*,*,#3298,.T.);
#4203=ORIENTED_EDGE('',*,*,#3299,.T.);
#4204=ORIENTED_EDGE('',*,*,#3300,.T.);
#4205=ORIENTED_EDGE('',*,*,#3301,.T.);
#4206=ORIENTED_EDGE('',*,*,#3302,.T.);
#4207=ORIENTED_EDGE('',*,*,#3303,.T.);
#4208=ORIENTED_EDGE('',*,*,#3304,.T.);
#4209=ORIENTED_EDGE('',*,*,#3305,.T.);
#4210=ORIENTED_EDGE('',*,*,#3306,.T.);
#4211=ORIENTED_EDGE('',*,*,#3307,.T.);
#4212=ORIENTED_EDGE('',*,*,#3308,.T.);
#4213=ORIENTED_EDGE('',*,*,#3309,.T.);
#4214=ORIENTED_EDGE('',*,*,#3310,.T.);
#4215=ORIENTED_EDGE('',*,*,#3311,.T.);
#4216=ORIENTED_EDGE('',*,*,#3312,.T.);
#4217=ORIENTED_EDGE('',*,*,#3313,.T.);
#4218=ORIENTED_EDGE('',*,*,#3314,.T.);
#4219=ORIENTED_EDGE('',*,*,#3315,.T.);
#4220=ORIENTED_EDGE('',*,*,#3316,.T.);
#4221=ORIENTED_EDGE('',*,*,#3317,.T.);
#4222=ORIENTED_EDGE('',*,*,#3318,.T.);
#4223=ORIENTED_EDGE('',*,*,#3319,.T.);
#4224=ORIENTED_EDGE('',*,*,#3320,.T.);
#4225=ORIENTED_EDGE('',*,*,#3321,.T.);
#4226=ORIENTED_EDGE('',*,*,#3322,.T.);
#4227=ORIENTED_EDGE('',*,*,#3010,.T.);
#4228=ORIENTED_EDGE('',*,*,#3007,.T.);
#4229=ORIENTED_EDGE('',*,*,#3323,.F.);
#4230=ORIENTED_EDGE('',*,*,#3324,.F.);
#4231=ORIENTED_EDGE('',*,*,#3027,.F.);
#4232=ORIENTED_EDGE('',*,*,#3325,.F.);
#4233=ORIENTED_EDGE('',*,*,#3326,.F.);
#4234=ORIENTED_EDGE('',*,*,#3033,.F.);
#4235=ORIENTED_EDGE('',*,*,#3327,.T.);
#4236=ORIENTED_EDGE('',*,*,#3328,.F.);
#4237=ORIENTED_EDGE('',*,*,#3329,.F.);
#4238=ORIENTED_EDGE('',*,*,#3327,.F.);
#4239=ORIENTED_EDGE('',*,*,#3032,.F.);
#4240=ORIENTED_EDGE('',*,*,#3015,.T.);
#4241=ORIENTED_EDGE('',*,*,#3330,.F.);
#4242=ORIENTED_EDGE('',*,*,#3331,.F.);
#4243=ORIENTED_EDGE('',*,*,#3028,.F.);
#4244=ORIENTED_EDGE('',*,*,#3324,.T.);
#4245=ORIENTED_EDGE('',*,*,#3328,.T.);
#4246=ORIENTED_EDGE('',*,*,#3329,.T.);
#4247=ORIENTED_EDGE('',*,*,#3014,.T.);
#4248=ORIENTED_EDGE('',*,*,#3332,.F.);
#4249=ORIENTED_EDGE('',*,*,#3330,.T.);
#4250=ORIENTED_EDGE('',*,*,#3323,.T.);
#4251=ORIENTED_EDGE('',*,*,#3333,.F.);
#4252=ORIENTED_EDGE('',*,*,#3334,.F.);
#4253=ORIENTED_EDGE('',*,*,#3335,.T.);
#4254=ORIENTED_EDGE('',*,*,#3336,.T.);
#4255=ORIENTED_EDGE('',*,*,#3322,.F.);
#4256=ORIENTED_EDGE('',*,*,#3337,.F.);
#4257=ORIENTED_EDGE('',*,*,#3338,.T.);
#4258=ORIENTED_EDGE('',*,*,#3337,.T.);
#4259=ORIENTED_EDGE('',*,*,#3321,.F.);
#4260=ORIENTED_EDGE('',*,*,#3339,.F.);
#4261=ORIENTED_EDGE('',*,*,#3340,.T.);
#4262=ORIENTED_EDGE('',*,*,#3339,.T.);
#4263=ORIENTED_EDGE('',*,*,#3320,.F.);
#4264=ORIENTED_EDGE('',*,*,#3341,.F.);
#4265=ORIENTED_EDGE('',*,*,#3342,.T.);
#4266=ORIENTED_EDGE('',*,*,#3341,.T.);
#4267=ORIENTED_EDGE('',*,*,#3319,.F.);
#4268=ORIENTED_EDGE('',*,*,#3343,.F.);
#4269=ORIENTED_EDGE('',*,*,#3344,.T.);
#4270=ORIENTED_EDGE('',*,*,#3343,.T.);
#4271=ORIENTED_EDGE('',*,*,#3318,.F.);
#4272=ORIENTED_EDGE('',*,*,#3345,.F.);
#4273=ORIENTED_EDGE('',*,*,#3346,.T.);
#4274=ORIENTED_EDGE('',*,*,#3345,.T.);
#4275=ORIENTED_EDGE('',*,*,#3317,.F.);
#4276=ORIENTED_EDGE('',*,*,#3347,.F.);
#4277=ORIENTED_EDGE('',*,*,#3348,.T.);
#4278=ORIENTED_EDGE('',*,*,#3347,.T.);
#4279=ORIENTED_EDGE('',*,*,#3316,.F.);
#4280=ORIENTED_EDGE('',*,*,#3349,.F.);
#4281=ORIENTED_EDGE('',*,*,#3350,.T.);
#4282=ORIENTED_EDGE('',*,*,#3349,.T.);
#4283=ORIENTED_EDGE('',*,*,#3315,.F.);
#4284=ORIENTED_EDGE('',*,*,#3336,.F.);
#4285=ORIENTED_EDGE('',*,*,#3351,.T.);
#4286=ORIENTED_EDGE('',*,*,#3352,.T.);
#4287=ORIENTED_EDGE('',*,*,#3314,.F.);
#4288=ORIENTED_EDGE('',*,*,#3353,.F.);
#4289=ORIENTED_EDGE('',*,*,#3354,.T.);
#4290=ORIENTED_EDGE('',*,*,#3353,.T.);
#4291=ORIENTED_EDGE('',*,*,#3313,.F.);
#4292=ORIENTED_EDGE('',*,*,#3355,.F.);
#4293=ORIENTED_EDGE('',*,*,#3356,.T.);
#4294=ORIENTED_EDGE('',*,*,#3355,.T.);
#4295=ORIENTED_EDGE('',*,*,#3312,.F.);
#4296=ORIENTED_EDGE('',*,*,#3357,.F.);
#4297=ORIENTED_EDGE('',*,*,#3358,.T.);
#4298=ORIENTED_EDGE('',*,*,#3357,.T.);
#4299=ORIENTED_EDGE('',*,*,#3311,.F.);
#4300=ORIENTED_EDGE('',*,*,#3359,.F.);
#4301=ORIENTED_EDGE('',*,*,#3360,.T.);
#4302=ORIENTED_EDGE('',*,*,#3359,.T.);
#4303=ORIENTED_EDGE('',*,*,#3310,.F.);
#4304=ORIENTED_EDGE('',*,*,#3361,.F.);
#4305=ORIENTED_EDGE('',*,*,#3362,.T.);
#4306=ORIENTED_EDGE('',*,*,#3361,.T.);
#4307=ORIENTED_EDGE('',*,*,#3309,.F.);
#4308=ORIENTED_EDGE('',*,*,#3363,.F.);
#4309=ORIENTED_EDGE('',*,*,#3364,.T.);
#4310=ORIENTED_EDGE('',*,*,#3363,.T.);
#4311=ORIENTED_EDGE('',*,*,#3308,.F.);
#4312=ORIENTED_EDGE('',*,*,#3365,.F.);
#4313=ORIENTED_EDGE('',*,*,#3366,.T.);
#4314=ORIENTED_EDGE('',*,*,#3365,.T.);
#4315=ORIENTED_EDGE('',*,*,#3307,.F.);
#4316=ORIENTED_EDGE('',*,*,#3352,.F.);
#4317=ORIENTED_EDGE('',*,*,#3367,.T.);
#4318=ORIENTED_EDGE('',*,*,#3368,.T.);
#4319=ORIENTED_EDGE('',*,*,#3306,.F.);
#4320=ORIENTED_EDGE('',*,*,#3369,.F.);
#4321=ORIENTED_EDGE('',*,*,#3370,.T.);
#4322=ORIENTED_EDGE('',*,*,#3369,.T.);
#4323=ORIENTED_EDGE('',*,*,#3305,.F.);
#4324=ORIENTED_EDGE('',*,*,#3371,.F.);
#4325=ORIENTED_EDGE('',*,*,#3372,.T.);
#4326=ORIENTED_EDGE('',*,*,#3371,.T.);
#4327=ORIENTED_EDGE('',*,*,#3304,.F.);
#4328=ORIENTED_EDGE('',*,*,#3373,.F.);
#4329=ORIENTED_EDGE('',*,*,#3374,.T.);
#4330=ORIENTED_EDGE('',*,*,#3373,.T.);
#4331=ORIENTED_EDGE('',*,*,#3303,.F.);
#4332=ORIENTED_EDGE('',*,*,#3375,.F.);
#4333=ORIENTED_EDGE('',*,*,#3376,.T.);
#4334=ORIENTED_EDGE('',*,*,#3375,.T.);
#4335=ORIENTED_EDGE('',*,*,#3302,.F.);
#4336=ORIENTED_EDGE('',*,*,#3377,.F.);
#4337=ORIENTED_EDGE('',*,*,#3378,.T.);
#4338=ORIENTED_EDGE('',*,*,#3377,.T.);
#4339=ORIENTED_EDGE('',*,*,#3301,.F.);
#4340=ORIENTED_EDGE('',*,*,#3379,.F.);
#4341=ORIENTED_EDGE('',*,*,#3380,.T.);
#4342=ORIENTED_EDGE('',*,*,#3379,.T.);
#4343=ORIENTED_EDGE('',*,*,#3300,.F.);
#4344=ORIENTED_EDGE('',*,*,#3381,.F.);
#4345=ORIENTED_EDGE('',*,*,#3382,.T.);
#4346=ORIENTED_EDGE('',*,*,#3381,.T.);
#4347=ORIENTED_EDGE('',*,*,#3299,.F.);
#4348=ORIENTED_EDGE('',*,*,#3368,.F.);
#4349=ORIENTED_EDGE('',*,*,#3383,.T.);
#4350=ORIENTED_EDGE('',*,*,#3384,.T.);
#4351=ORIENTED_EDGE('',*,*,#3298,.F.);
#4352=ORIENTED_EDGE('',*,*,#3385,.F.);
#4353=ORIENTED_EDGE('',*,*,#3386,.T.);
#4354=ORIENTED_EDGE('',*,*,#3385,.T.);
#4355=ORIENTED_EDGE('',*,*,#3297,.F.);
#4356=ORIENTED_EDGE('',*,*,#3387,.F.);
#4357=ORIENTED_EDGE('',*,*,#3388,.T.);
#4358=ORIENTED_EDGE('',*,*,#3387,.T.);
#4359=ORIENTED_EDGE('',*,*,#3296,.F.);
#4360=ORIENTED_EDGE('',*,*,#3389,.F.);
#4361=ORIENTED_EDGE('',*,*,#3390,.T.);
#4362=ORIENTED_EDGE('',*,*,#3389,.T.);
#4363=ORIENTED_EDGE('',*,*,#3295,.F.);
#4364=ORIENTED_EDGE('',*,*,#3391,.F.);
#4365=ORIENTED_EDGE('',*,*,#3392,.T.);
#4366=ORIENTED_EDGE('',*,*,#3391,.T.);
#4367=ORIENTED_EDGE('',*,*,#3294,.F.);
#4368=ORIENTED_EDGE('',*,*,#3393,.F.);
#4369=ORIENTED_EDGE('',*,*,#3394,.T.);
#4370=ORIENTED_EDGE('',*,*,#3393,.T.);
#4371=ORIENTED_EDGE('',*,*,#3293,.F.);
#4372=ORIENTED_EDGE('',*,*,#3395,.F.);
#4373=ORIENTED_EDGE('',*,*,#3396,.T.);
#4374=ORIENTED_EDGE('',*,*,#3395,.T.);
#4375=ORIENTED_EDGE('',*,*,#3292,.F.);
#4376=ORIENTED_EDGE('',*,*,#3397,.F.);
#4377=ORIENTED_EDGE('',*,*,#3398,.T.);
#4378=ORIENTED_EDGE('',*,*,#3397,.T.);
#4379=ORIENTED_EDGE('',*,*,#3291,.F.);
#4380=ORIENTED_EDGE('',*,*,#3384,.F.);
#4381=ORIENTED_EDGE('',*,*,#3399,.T.);
#4382=ORIENTED_EDGE('',*,*,#3400,.T.);
#4383=ORIENTED_EDGE('',*,*,#3290,.F.);
#4384=ORIENTED_EDGE('',*,*,#3401,.F.);
#4385=ORIENTED_EDGE('',*,*,#3402,.T.);
#4386=ORIENTED_EDGE('',*,*,#3401,.T.);
#4387=ORIENTED_EDGE('',*,*,#3289,.F.);
#4388=ORIENTED_EDGE('',*,*,#3403,.F.);
#4389=ORIENTED_EDGE('',*,*,#3404,.T.);
#4390=ORIENTED_EDGE('',*,*,#3403,.T.);
#4391=ORIENTED_EDGE('',*,*,#3288,.F.);
#4392=ORIENTED_EDGE('',*,*,#3405,.F.);
#4393=ORIENTED_EDGE('',*,*,#3406,.T.);
#4394=ORIENTED_EDGE('',*,*,#3405,.T.);
#4395=ORIENTED_EDGE('',*,*,#3287,.F.);
#4396=ORIENTED_EDGE('',*,*,#3407,.F.);
#4397=ORIENTED_EDGE('',*,*,#3408,.T.);
#4398=ORIENTED_EDGE('',*,*,#3407,.T.);
#4399=ORIENTED_EDGE('',*,*,#3286,.F.);
#4400=ORIENTED_EDGE('',*,*,#3409,.F.);
#4401=ORIENTED_EDGE('',*,*,#3410,.T.);
#4402=ORIENTED_EDGE('',*,*,#3409,.T.);
#4403=ORIENTED_EDGE('',*,*,#3285,.F.);
#4404=ORIENTED_EDGE('',*,*,#3411,.F.);
#4405=ORIENTED_EDGE('',*,*,#3412,.T.);
#4406=ORIENTED_EDGE('',*,*,#3411,.T.);
#4407=ORIENTED_EDGE('',*,*,#3284,.F.);
#4408=ORIENTED_EDGE('',*,*,#3413,.F.);
#4409=ORIENTED_EDGE('',*,*,#3414,.T.);
#4410=ORIENTED_EDGE('',*,*,#3413,.T.);
#4411=ORIENTED_EDGE('',*,*,#3283,.F.);
#4412=ORIENTED_EDGE('',*,*,#3400,.F.);
#4413=ORIENTED_EDGE('',*,*,#3415,.T.);
#4414=ORIENTED_EDGE('',*,*,#3416,.T.);
#4415=ORIENTED_EDGE('',*,*,#3282,.F.);
#4416=ORIENTED_EDGE('',*,*,#3417,.F.);
#4417=ORIENTED_EDGE('',*,*,#3418,.T.);
#4418=ORIENTED_EDGE('',*,*,#3417,.T.);
#4419=ORIENTED_EDGE('',*,*,#3281,.F.);
#4420=ORIENTED_EDGE('',*,*,#3419,.F.);
#4421=ORIENTED_EDGE('',*,*,#3420,.T.);
#4422=ORIENTED_EDGE('',*,*,#3419,.T.);
#4423=ORIENTED_EDGE('',*,*,#3280,.F.);
#4424=ORIENTED_EDGE('',*,*,#3421,.F.);
#4425=ORIENTED_EDGE('',*,*,#3422,.T.);
#4426=ORIENTED_EDGE('',*,*,#3421,.T.);
#4427=ORIENTED_EDGE('',*,*,#3279,.F.);
#4428=ORIENTED_EDGE('',*,*,#3423,.F.);
#4429=ORIENTED_EDGE('',*,*,#3424,.T.);
#4430=ORIENTED_EDGE('',*,*,#3423,.T.);
#4431=ORIENTED_EDGE('',*,*,#3278,.F.);
#4432=ORIENTED_EDGE('',*,*,#3425,.F.);
#4433=ORIENTED_EDGE('',*,*,#3426,.T.);
#4434=ORIENTED_EDGE('',*,*,#3425,.T.);
#4435=ORIENTED_EDGE('',*,*,#3277,.F.);
#4436=ORIENTED_EDGE('',*,*,#3427,.F.);
#4437=ORIENTED_EDGE('',*,*,#3428,.T.);
#4438=ORIENTED_EDGE('',*,*,#3427,.T.);
#4439=ORIENTED_EDGE('',*,*,#3276,.F.);
#4440=ORIENTED_EDGE('',*,*,#3429,.F.);
#4441=ORIENTED_EDGE('',*,*,#3430,.T.);
#4442=ORIENTED_EDGE('',*,*,#3429,.T.);
#4443=ORIENTED_EDGE('',*,*,#3275,.F.);
#4444=ORIENTED_EDGE('',*,*,#3416,.F.);
#4445=ORIENTED_EDGE('',*,*,#3431,.T.);
#4446=ORIENTED_EDGE('',*,*,#3432,.T.);
#4447=ORIENTED_EDGE('',*,*,#3274,.F.);
#4448=ORIENTED_EDGE('',*,*,#3433,.F.);
#4449=ORIENTED_EDGE('',*,*,#3434,.T.);
#4450=ORIENTED_EDGE('',*,*,#3433,.T.);
#4451=ORIENTED_EDGE('',*,*,#3273,.F.);
#4452=ORIENTED_EDGE('',*,*,#3435,.F.);
#4453=ORIENTED_EDGE('',*,*,#3436,.T.);
#4454=ORIENTED_EDGE('',*,*,#3435,.T.);
#4455=ORIENTED_EDGE('',*,*,#3272,.F.);
#4456=ORIENTED_EDGE('',*,*,#3437,.F.);
#4457=ORIENTED_EDGE('',*,*,#3438,.T.);
#4458=ORIENTED_EDGE('',*,*,#3437,.T.);
#4459=ORIENTED_EDGE('',*,*,#3271,.F.);
#4460=ORIENTED_EDGE('',*,*,#3439,.F.);
#4461=ORIENTED_EDGE('',*,*,#3440,.T.);
#4462=ORIENTED_EDGE('',*,*,#3439,.T.);
#4463=ORIENTED_EDGE('',*,*,#3270,.F.);
#4464=ORIENTED_EDGE('',*,*,#3441,.F.);
#4465=ORIENTED_EDGE('',*,*,#3442,.T.);
#4466=ORIENTED_EDGE('',*,*,#3441,.T.);
#4467=ORIENTED_EDGE('',*,*,#3269,.F.);
#4468=ORIENTED_EDGE('',*,*,#3443,.F.);
#4469=ORIENTED_EDGE('',*,*,#3444,.T.);
#4470=ORIENTED_EDGE('',*,*,#3443,.T.);
#4471=ORIENTED_EDGE('',*,*,#3268,.F.);
#4472=ORIENTED_EDGE('',*,*,#3445,.F.);
#4473=ORIENTED_EDGE('',*,*,#3446,.T.);
#4474=ORIENTED_EDGE('',*,*,#3445,.T.);
#4475=ORIENTED_EDGE('',*,*,#3267,.F.);
#4476=ORIENTED_EDGE('',*,*,#3432,.F.);
#4477=ORIENTED_EDGE('',*,*,#3447,.T.);
#4478=ORIENTED_EDGE('',*,*,#3448,.T.);
#4479=ORIENTED_EDGE('',*,*,#3266,.F.);
#4480=ORIENTED_EDGE('',*,*,#3449,.F.);
#4481=ORIENTED_EDGE('',*,*,#3450,.T.);
#4482=ORIENTED_EDGE('',*,*,#3449,.T.);
#4483=ORIENTED_EDGE('',*,*,#3265,.F.);
#4484=ORIENTED_EDGE('',*,*,#3451,.F.);
#4485=ORIENTED_EDGE('',*,*,#3452,.T.);
#4486=ORIENTED_EDGE('',*,*,#3451,.T.);
#4487=ORIENTED_EDGE('',*,*,#3264,.F.);
#4488=ORIENTED_EDGE('',*,*,#3453,.F.);
#4489=ORIENTED_EDGE('',*,*,#3454,.T.);
#4490=ORIENTED_EDGE('',*,*,#3453,.T.);
#4491=ORIENTED_EDGE('',*,*,#3263,.F.);
#4492=ORIENTED_EDGE('',*,*,#3455,.F.);
#4493=ORIENTED_EDGE('',*,*,#3456,.T.);
#4494=ORIENTED_EDGE('',*,*,#3455,.T.);
#4495=ORIENTED_EDGE('',*,*,#3262,.F.);
#4496=ORIENTED_EDGE('',*,*,#3457,.F.);
#4497=ORIENTED_EDGE('',*,*,#3458,.T.);
#4498=ORIENTED_EDGE('',*,*,#3457,.T.);
#4499=ORIENTED_EDGE('',*,*,#3261,.F.);
#4500=ORIENTED_EDGE('',*,*,#3459,.F.);
#4501=ORIENTED_EDGE('',*,*,#3460,.T.);
#4502=ORIENTED_EDGE('',*,*,#3459,.T.);
#4503=ORIENTED_EDGE('',*,*,#3260,.F.);
#4504=ORIENTED_EDGE('',*,*,#3461,.F.);
#4505=ORIENTED_EDGE('',*,*,#3462,.T.);
#4506=ORIENTED_EDGE('',*,*,#3461,.T.);
#4507=ORIENTED_EDGE('',*,*,#3259,.F.);
#4508=ORIENTED_EDGE('',*,*,#3448,.F.);
#4509=ORIENTED_EDGE('',*,*,#3463,.T.);
#4510=ORIENTED_EDGE('',*,*,#3464,.T.);
#4511=ORIENTED_EDGE('',*,*,#3258,.F.);
#4512=ORIENTED_EDGE('',*,*,#3465,.F.);
#4513=ORIENTED_EDGE('',*,*,#3466,.T.);
#4514=ORIENTED_EDGE('',*,*,#3465,.T.);
#4515=ORIENTED_EDGE('',*,*,#3257,.F.);
#4516=ORIENTED_EDGE('',*,*,#3467,.F.);
#4517=ORIENTED_EDGE('',*,*,#3468,.T.);
#4518=ORIENTED_EDGE('',*,*,#3467,.T.);
#4519=ORIENTED_EDGE('',*,*,#3256,.F.);
#4520=ORIENTED_EDGE('',*,*,#3469,.F.);
#4521=ORIENTED_EDGE('',*,*,#3470,.T.);
#4522=ORIENTED_EDGE('',*,*,#3469,.T.);
#4523=ORIENTED_EDGE('',*,*,#3255,.F.);
#4524=ORIENTED_EDGE('',*,*,#3471,.F.);
#4525=ORIENTED_EDGE('',*,*,#3472,.T.);
#4526=ORIENTED_EDGE('',*,*,#3471,.T.);
#4527=ORIENTED_EDGE('',*,*,#3254,.F.);
#4528=ORIENTED_EDGE('',*,*,#3473,.F.);
#4529=ORIENTED_EDGE('',*,*,#3474,.T.);
#4530=ORIENTED_EDGE('',*,*,#3473,.T.);
#4531=ORIENTED_EDGE('',*,*,#3253,.F.);
#4532=ORIENTED_EDGE('',*,*,#3475,.F.);
#4533=ORIENTED_EDGE('',*,*,#3476,.T.);
#4534=ORIENTED_EDGE('',*,*,#3475,.T.);
#4535=ORIENTED_EDGE('',*,*,#3252,.F.);
#4536=ORIENTED_EDGE('',*,*,#3477,.F.);
#4537=ORIENTED_EDGE('',*,*,#3478,.T.);
#4538=ORIENTED_EDGE('',*,*,#3477,.T.);
#4539=ORIENTED_EDGE('',*,*,#3251,.F.);
#4540=ORIENTED_EDGE('',*,*,#3464,.F.);
#4541=ORIENTED_EDGE('',*,*,#3479,.T.);
#4542=ORIENTED_EDGE('',*,*,#3480,.T.);
#4543=ORIENTED_EDGE('',*,*,#3250,.F.);
#4544=ORIENTED_EDGE('',*,*,#3481,.F.);
#4545=ORIENTED_EDGE('',*,*,#3482,.T.);
#4546=ORIENTED_EDGE('',*,*,#3481,.T.);
#4547=ORIENTED_EDGE('',*,*,#3249,.F.);
#4548=ORIENTED_EDGE('',*,*,#3483,.F.);
#4549=ORIENTED_EDGE('',*,*,#3484,.T.);
#4550=ORIENTED_EDGE('',*,*,#3483,.T.);
#4551=ORIENTED_EDGE('',*,*,#3248,.F.);
#4552=ORIENTED_EDGE('',*,*,#3485,.F.);
#4553=ORIENTED_EDGE('',*,*,#3486,.T.);
#4554=ORIENTED_EDGE('',*,*,#3485,.T.);
#4555=ORIENTED_EDGE('',*,*,#3247,.F.);
#4556=ORIENTED_EDGE('',*,*,#3487,.F.);
#4557=ORIENTED_EDGE('',*,*,#3488,.T.);
#4558=ORIENTED_EDGE('',*,*,#3487,.T.);
#4559=ORIENTED_EDGE('',*,*,#3246,.F.);
#4560=ORIENTED_EDGE('',*,*,#3489,.F.);
#4561=ORIENTED_EDGE('',*,*,#3490,.T.);
#4562=ORIENTED_EDGE('',*,*,#3489,.T.);
#4563=ORIENTED_EDGE('',*,*,#3245,.F.);
#4564=ORIENTED_EDGE('',*,*,#3491,.F.);
#4565=ORIENTED_EDGE('',*,*,#3492,.T.);
#4566=ORIENTED_EDGE('',*,*,#3491,.T.);
#4567=ORIENTED_EDGE('',*,*,#3244,.F.);
#4568=ORIENTED_EDGE('',*,*,#3493,.F.);
#4569=ORIENTED_EDGE('',*,*,#3494,.T.);
#4570=ORIENTED_EDGE('',*,*,#3493,.T.);
#4571=ORIENTED_EDGE('',*,*,#3243,.F.);
#4572=ORIENTED_EDGE('',*,*,#3480,.F.);
#4573=ORIENTED_EDGE('',*,*,#3495,.T.);
#4574=ORIENTED_EDGE('',*,*,#3496,.T.);
#4575=ORIENTED_EDGE('',*,*,#3242,.F.);
#4576=ORIENTED_EDGE('',*,*,#3497,.F.);
#4577=ORIENTED_EDGE('',*,*,#3498,.T.);
#4578=ORIENTED_EDGE('',*,*,#3497,.T.);
#4579=ORIENTED_EDGE('',*,*,#3241,.F.);
#4580=ORIENTED_EDGE('',*,*,#3499,.F.);
#4581=ORIENTED_EDGE('',*,*,#3500,.T.);
#4582=ORIENTED_EDGE('',*,*,#3499,.T.);
#4583=ORIENTED_EDGE('',*,*,#3240,.F.);
#4584=ORIENTED_EDGE('',*,*,#3501,.F.);
#4585=ORIENTED_EDGE('',*,*,#3502,.T.);
#4586=ORIENTED_EDGE('',*,*,#3501,.T.);
#4587=ORIENTED_EDGE('',*,*,#3239,.F.);
#4588=ORIENTED_EDGE('',*,*,#3503,.F.);
#4589=ORIENTED_EDGE('',*,*,#3504,.T.);
#4590=ORIENTED_EDGE('',*,*,#3503,.T.);
#4591=ORIENTED_EDGE('',*,*,#3238,.F.);
#4592=ORIENTED_EDGE('',*,*,#3505,.F.);
#4593=ORIENTED_EDGE('',*,*,#3506,.T.);
#4594=ORIENTED_EDGE('',*,*,#3505,.T.);
#4595=ORIENTED_EDGE('',*,*,#3237,.F.);
#4596=ORIENTED_EDGE('',*,*,#3507,.F.);
#4597=ORIENTED_EDGE('',*,*,#3508,.T.);
#4598=ORIENTED_EDGE('',*,*,#3507,.T.);
#4599=ORIENTED_EDGE('',*,*,#3236,.F.);
#4600=ORIENTED_EDGE('',*,*,#3509,.F.);
#4601=ORIENTED_EDGE('',*,*,#3510,.T.);
#4602=ORIENTED_EDGE('',*,*,#3509,.T.);
#4603=ORIENTED_EDGE('',*,*,#3235,.F.);
#4604=ORIENTED_EDGE('',*,*,#3496,.F.);
#4605=ORIENTED_EDGE('',*,*,#3511,.T.);
#4606=ORIENTED_EDGE('',*,*,#3512,.T.);
#4607=ORIENTED_EDGE('',*,*,#3234,.F.);
#4608=ORIENTED_EDGE('',*,*,#3513,.F.);
#4609=ORIENTED_EDGE('',*,*,#3514,.T.);
#4610=ORIENTED_EDGE('',*,*,#3513,.T.);
#4611=ORIENTED_EDGE('',*,*,#3233,.F.);
#4612=ORIENTED_EDGE('',*,*,#3515,.F.);
#4613=ORIENTED_EDGE('',*,*,#3516,.T.);
#4614=ORIENTED_EDGE('',*,*,#3515,.T.);
#4615=ORIENTED_EDGE('',*,*,#3232,.F.);
#4616=ORIENTED_EDGE('',*,*,#3517,.F.);
#4617=ORIENTED_EDGE('',*,*,#3518,.T.);
#4618=ORIENTED_EDGE('',*,*,#3517,.T.);
#4619=ORIENTED_EDGE('',*,*,#3231,.F.);
#4620=ORIENTED_EDGE('',*,*,#3519,.F.);
#4621=ORIENTED_EDGE('',*,*,#3520,.T.);
#4622=ORIENTED_EDGE('',*,*,#3519,.T.);
#4623=ORIENTED_EDGE('',*,*,#3230,.F.);
#4624=ORIENTED_EDGE('',*,*,#3521,.F.);
#4625=ORIENTED_EDGE('',*,*,#3522,.T.);
#4626=ORIENTED_EDGE('',*,*,#3521,.T.);
#4627=ORIENTED_EDGE('',*,*,#3229,.F.);
#4628=ORIENTED_EDGE('',*,*,#3523,.F.);
#4629=ORIENTED_EDGE('',*,*,#3524,.T.);
#4630=ORIENTED_EDGE('',*,*,#3523,.T.);
#4631=ORIENTED_EDGE('',*,*,#3228,.F.);
#4632=ORIENTED_EDGE('',*,*,#3525,.F.);
#4633=ORIENTED_EDGE('',*,*,#3526,.T.);
#4634=ORIENTED_EDGE('',*,*,#3525,.T.);
#4635=ORIENTED_EDGE('',*,*,#3227,.F.);
#4636=ORIENTED_EDGE('',*,*,#3512,.F.);
#4637=ORIENTED_EDGE('',*,*,#3527,.T.);
#4638=ORIENTED_EDGE('',*,*,#3528,.T.);
#4639=ORIENTED_EDGE('',*,*,#3226,.F.);
#4640=ORIENTED_EDGE('',*,*,#3529,.F.);
#4641=ORIENTED_EDGE('',*,*,#3530,.T.);
#4642=ORIENTED_EDGE('',*,*,#3529,.T.);
#4643=ORIENTED_EDGE('',*,*,#3225,.F.);
#4644=ORIENTED_EDGE('',*,*,#3531,.F.);
#4645=ORIENTED_EDGE('',*,*,#3532,.T.);
#4646=ORIENTED_EDGE('',*,*,#3531,.T.);
#4647=ORIENTED_EDGE('',*,*,#3224,.F.);
#4648=ORIENTED_EDGE('',*,*,#3533,.F.);
#4649=ORIENTED_EDGE('',*,*,#3534,.T.);
#4650=ORIENTED_EDGE('',*,*,#3533,.T.);
#4651=ORIENTED_EDGE('',*,*,#3223,.F.);
#4652=ORIENTED_EDGE('',*,*,#3535,.F.);
#4653=ORIENTED_EDGE('',*,*,#3536,.T.);
#4654=ORIENTED_EDGE('',*,*,#3535,.T.);
#4655=ORIENTED_EDGE('',*,*,#3222,.F.);
#4656=ORIENTED_EDGE('',*,*,#3537,.F.);
#4657=ORIENTED_EDGE('',*,*,#3538,.T.);
#4658=ORIENTED_EDGE('',*,*,#3537,.T.);
#4659=ORIENTED_EDGE('',*,*,#3221,.F.);
#4660=ORIENTED_EDGE('',*,*,#3539,.F.);
#4661=ORIENTED_EDGE('',*,*,#3540,.T.);
#4662=ORIENTED_EDGE('',*,*,#3539,.T.);
#4663=ORIENTED_EDGE('',*,*,#3220,.F.);
#4664=ORIENTED_EDGE('',*,*,#3541,.F.);
#4665=ORIENTED_EDGE('',*,*,#3542,.T.);
#4666=ORIENTED_EDGE('',*,*,#3541,.T.);
#4667=ORIENTED_EDGE('',*,*,#3219,.F.);
#4668=ORIENTED_EDGE('',*,*,#3528,.F.);
#4669=ORIENTED_EDGE('',*,*,#3543,.T.);
#4670=ORIENTED_EDGE('',*,*,#3544,.T.);
#4671=ORIENTED_EDGE('',*,*,#3218,.F.);
#4672=ORIENTED_EDGE('',*,*,#3545,.F.);
#4673=ORIENTED_EDGE('',*,*,#3546,.T.);
#4674=ORIENTED_EDGE('',*,*,#3545,.T.);
#4675=ORIENTED_EDGE('',*,*,#3217,.F.);
#4676=ORIENTED_EDGE('',*,*,#3547,.F.);
#4677=ORIENTED_EDGE('',*,*,#3548,.T.);
#4678=ORIENTED_EDGE('',*,*,#3547,.T.);
#4679=ORIENTED_EDGE('',*,*,#3216,.F.);
#4680=ORIENTED_EDGE('',*,*,#3549,.F.);
#4681=ORIENTED_EDGE('',*,*,#3550,.T.);
#4682=ORIENTED_EDGE('',*,*,#3549,.T.);
#4683=ORIENTED_EDGE('',*,*,#3215,.F.);
#4684=ORIENTED_EDGE('',*,*,#3551,.F.);
#4685=ORIENTED_EDGE('',*,*,#3552,.T.);
#4686=ORIENTED_EDGE('',*,*,#3551,.T.);
#4687=ORIENTED_EDGE('',*,*,#3214,.F.);
#4688=ORIENTED_EDGE('',*,*,#3553,.F.);
#4689=ORIENTED_EDGE('',*,*,#3554,.T.);
#4690=ORIENTED_EDGE('',*,*,#3553,.T.);
#4691=ORIENTED_EDGE('',*,*,#3213,.F.);
#4692=ORIENTED_EDGE('',*,*,#3555,.F.);
#4693=ORIENTED_EDGE('',*,*,#3556,.T.);
#4694=ORIENTED_EDGE('',*,*,#3555,.T.);
#4695=ORIENTED_EDGE('',*,*,#3212,.F.);
#4696=ORIENTED_EDGE('',*,*,#3557,.F.);
#4697=ORIENTED_EDGE('',*,*,#3558,.T.);
#4698=ORIENTED_EDGE('',*,*,#3557,.T.);
#4699=ORIENTED_EDGE('',*,*,#3211,.F.);
#4700=ORIENTED_EDGE('',*,*,#3544,.F.);
#4701=ORIENTED_EDGE('',*,*,#3559,.T.);
#4702=ORIENTED_EDGE('',*,*,#3560,.T.);
#4703=ORIENTED_EDGE('',*,*,#3210,.F.);
#4704=ORIENTED_EDGE('',*,*,#3561,.F.);
#4705=ORIENTED_EDGE('',*,*,#3562,.T.);
#4706=ORIENTED_EDGE('',*,*,#3561,.T.);
#4707=ORIENTED_EDGE('',*,*,#3209,.F.);
#4708=ORIENTED_EDGE('',*,*,#3563,.F.);
#4709=ORIENTED_EDGE('',*,*,#3564,.T.);
#4710=ORIENTED_EDGE('',*,*,#3563,.T.);
#4711=ORIENTED_EDGE('',*,*,#3208,.F.);
#4712=ORIENTED_EDGE('',*,*,#3565,.F.);
#4713=ORIENTED_EDGE('',*,*,#3566,.T.);
#4714=ORIENTED_EDGE('',*,*,#3565,.T.);
#4715=ORIENTED_EDGE('',*,*,#3207,.F.);
#4716=ORIENTED_EDGE('',*,*,#3567,.F.);
#4717=ORIENTED_EDGE('',*,*,#3568,.T.);
#4718=ORIENTED_EDGE('',*,*,#3567,.T.);
#4719=ORIENTED_EDGE('',*,*,#3206,.F.);
#4720=ORIENTED_EDGE('',*,*,#3569,.F.);
#4721=ORIENTED_EDGE('',*,*,#3570,.T.);
#4722=ORIENTED_EDGE('',*,*,#3569,.T.);
#4723=ORIENTED_EDGE('',*,*,#3205,.F.);
#4724=ORIENTED_EDGE('',*,*,#3571,.F.);
#4725=ORIENTED_EDGE('',*,*,#3572,.T.);
#4726=ORIENTED_EDGE('',*,*,#3571,.T.);
#4727=ORIENTED_EDGE('',*,*,#3204,.F.);
#4728=ORIENTED_EDGE('',*,*,#3573,.F.);
#4729=ORIENTED_EDGE('',*,*,#3574,.T.);
#4730=ORIENTED_EDGE('',*,*,#3573,.T.);
#4731=ORIENTED_EDGE('',*,*,#3203,.F.);
#4732=ORIENTED_EDGE('',*,*,#3560,.F.);
#4733=ORIENTED_EDGE('',*,*,#3575,.T.);
#4734=ORIENTED_EDGE('',*,*,#3576,.T.);
#4735=ORIENTED_EDGE('',*,*,#3202,.F.);
#4736=ORIENTED_EDGE('',*,*,#3577,.F.);
#4737=ORIENTED_EDGE('',*,*,#3578,.T.);
#4738=ORIENTED_EDGE('',*,*,#3577,.T.);
#4739=ORIENTED_EDGE('',*,*,#3201,.F.);
#4740=ORIENTED_EDGE('',*,*,#3579,.F.);
#4741=ORIENTED_EDGE('',*,*,#3580,.T.);
#4742=ORIENTED_EDGE('',*,*,#3579,.T.);
#4743=ORIENTED_EDGE('',*,*,#3200,.F.);
#4744=ORIENTED_EDGE('',*,*,#3581,.F.);
#4745=ORIENTED_EDGE('',*,*,#3582,.T.);
#4746=ORIENTED_EDGE('',*,*,#3581,.T.);
#4747=ORIENTED_EDGE('',*,*,#3199,.F.);
#4748=ORIENTED_EDGE('',*,*,#3583,.F.);
#4749=ORIENTED_EDGE('',*,*,#3584,.T.);
#4750=ORIENTED_EDGE('',*,*,#3583,.T.);
#4751=ORIENTED_EDGE('',*,*,#3198,.F.);
#4752=ORIENTED_EDGE('',*,*,#3585,.F.);
#4753=ORIENTED_EDGE('',*,*,#3586,.T.);
#4754=ORIENTED_EDGE('',*,*,#3585,.T.);
#4755=ORIENTED_EDGE('',*,*,#3197,.F.);
#4756=ORIENTED_EDGE('',*,*,#3587,.F.);
#4757=ORIENTED_EDGE('',*,*,#3588,.T.);
#4758=ORIENTED_EDGE('',*,*,#3587,.T.);
#4759=ORIENTED_EDGE('',*,*,#3196,.F.);
#4760=ORIENTED_EDGE('',*,*,#3589,.F.);
#4761=ORIENTED_EDGE('',*,*,#3590,.T.);
#4762=ORIENTED_EDGE('',*,*,#3589,.T.);
#4763=ORIENTED_EDGE('',*,*,#3195,.F.);
#4764=ORIENTED_EDGE('',*,*,#3576,.F.);
#4765=ORIENTED_EDGE('',*,*,#3591,.T.);
#4766=ORIENTED_EDGE('',*,*,#3592,.T.);
#4767=ORIENTED_EDGE('',*,*,#3194,.F.);
#4768=ORIENTED_EDGE('',*,*,#3593,.F.);
#4769=ORIENTED_EDGE('',*,*,#3594,.T.);
#4770=ORIENTED_EDGE('',*,*,#3593,.T.);
#4771=ORIENTED_EDGE('',*,*,#3193,.F.);
#4772=ORIENTED_EDGE('',*,*,#3595,.F.);
#4773=ORIENTED_EDGE('',*,*,#3596,.T.);
#4774=ORIENTED_EDGE('',*,*,#3595,.T.);
#4775=ORIENTED_EDGE('',*,*,#3192,.F.);
#4776=ORIENTED_EDGE('',*,*,#3597,.F.);
#4777=ORIENTED_EDGE('',*,*,#3598,.T.);
#4778=ORIENTED_EDGE('',*,*,#3597,.T.);
#4779=ORIENTED_EDGE('',*,*,#3191,.F.);
#4780=ORIENTED_EDGE('',*,*,#3599,.F.);
#4781=ORIENTED_EDGE('',*,*,#3600,.T.);
#4782=ORIENTED_EDGE('',*,*,#3599,.T.);
#4783=ORIENTED_EDGE('',*,*,#3190,.F.);
#4784=ORIENTED_EDGE('',*,*,#3601,.F.);
#4785=ORIENTED_EDGE('',*,*,#3602,.T.);
#4786=ORIENTED_EDGE('',*,*,#3601,.T.);
#4787=ORIENTED_EDGE('',*,*,#3189,.F.);
#4788=ORIENTED_EDGE('',*,*,#3603,.F.);
#4789=ORIENTED_EDGE('',*,*,#3604,.T.);
#4790=ORIENTED_EDGE('',*,*,#3603,.T.);
#4791=ORIENTED_EDGE('',*,*,#3188,.F.);
#4792=ORIENTED_EDGE('',*,*,#3605,.F.);
#4793=ORIENTED_EDGE('',*,*,#3606,.T.);
#4794=ORIENTED_EDGE('',*,*,#3605,.T.);
#4795=ORIENTED_EDGE('',*,*,#3187,.F.);
#4796=ORIENTED_EDGE('',*,*,#3592,.F.);
#4797=ORIENTED_EDGE('',*,*,#3607,.T.);
#4798=ORIENTED_EDGE('',*,*,#3608,.T.);
#4799=ORIENTED_EDGE('',*,*,#3053,.F.);
#4800=ORIENTED_EDGE('',*,*,#3609,.F.);
#4801=ORIENTED_EDGE('',*,*,#3610,.T.);
#4802=ORIENTED_EDGE('',*,*,#3609,.T.);
#4803=ORIENTED_EDGE('',*,*,#3052,.F.);
#4804=ORIENTED_EDGE('',*,*,#3611,.F.);
#4805=ORIENTED_EDGE('',*,*,#3612,.T.);
#4806=ORIENTED_EDGE('',*,*,#3611,.T.);
#4807=ORIENTED_EDGE('',*,*,#3051,.F.);
#4808=ORIENTED_EDGE('',*,*,#3613,.F.);
#4809=ORIENTED_EDGE('',*,*,#3614,.T.);
#4810=ORIENTED_EDGE('',*,*,#3615,.T.);
#4811=ORIENTED_EDGE('',*,*,#3186,.F.);
#4812=ORIENTED_EDGE('',*,*,#3616,.F.);
#4813=ORIENTED_EDGE('',*,*,#3617,.T.);
#4814=ORIENTED_EDGE('',*,*,#3616,.T.);
#4815=ORIENTED_EDGE('',*,*,#3185,.F.);
#4816=ORIENTED_EDGE('',*,*,#3618,.F.);
#4817=ORIENTED_EDGE('',*,*,#3619,.T.);
#4818=ORIENTED_EDGE('',*,*,#3618,.T.);
#4819=ORIENTED_EDGE('',*,*,#3184,.F.);
#4820=ORIENTED_EDGE('',*,*,#3620,.F.);
#4821=ORIENTED_EDGE('',*,*,#3621,.T.);
#4822=ORIENTED_EDGE('',*,*,#3620,.T.);
#4823=ORIENTED_EDGE('',*,*,#3183,.F.);
#4824=ORIENTED_EDGE('',*,*,#3622,.F.);
#4825=ORIENTED_EDGE('',*,*,#3623,.T.);
#4826=ORIENTED_EDGE('',*,*,#3622,.T.);
#4827=ORIENTED_EDGE('',*,*,#3182,.F.);
#4828=ORIENTED_EDGE('',*,*,#3624,.F.);
#4829=ORIENTED_EDGE('',*,*,#3625,.T.);
#4830=ORIENTED_EDGE('',*,*,#3624,.T.);
#4831=ORIENTED_EDGE('',*,*,#3181,.F.);
#4832=ORIENTED_EDGE('',*,*,#3626,.F.);
#4833=ORIENTED_EDGE('',*,*,#3627,.T.);
#4834=ORIENTED_EDGE('',*,*,#3626,.T.);
#4835=ORIENTED_EDGE('',*,*,#3180,.F.);
#4836=ORIENTED_EDGE('',*,*,#3628,.F.);
#4837=ORIENTED_EDGE('',*,*,#3629,.T.);
#4838=ORIENTED_EDGE('',*,*,#3628,.T.);
#4839=ORIENTED_EDGE('',*,*,#3179,.F.);
#4840=ORIENTED_EDGE('',*,*,#3615,.F.);
#4841=ORIENTED_EDGE('',*,*,#3630,.T.);
#4842=ORIENTED_EDGE('',*,*,#3631,.T.);
#4843=ORIENTED_EDGE('',*,*,#3178,.F.);
#4844=ORIENTED_EDGE('',*,*,#3632,.F.);
#4845=ORIENTED_EDGE('',*,*,#3633,.T.);
#4846=ORIENTED_EDGE('',*,*,#3632,.T.);
#4847=ORIENTED_EDGE('',*,*,#3177,.F.);
#4848=ORIENTED_EDGE('',*,*,#3634,.F.);
#4849=ORIENTED_EDGE('',*,*,#3635,.T.);
#4850=ORIENTED_EDGE('',*,*,#3634,.T.);
#4851=ORIENTED_EDGE('',*,*,#3176,.F.);
#4852=ORIENTED_EDGE('',*,*,#3636,.F.);
#4853=ORIENTED_EDGE('',*,*,#3637,.T.);
#4854=ORIENTED_EDGE('',*,*,#3636,.T.);
#4855=ORIENTED_EDGE('',*,*,#3175,.F.);
#4856=ORIENTED_EDGE('',*,*,#3638,.F.);
#4857=ORIENTED_EDGE('',*,*,#3639,.T.);
#4858=ORIENTED_EDGE('',*,*,#3638,.T.);
#4859=ORIENTED_EDGE('',*,*,#3174,.F.);
#4860=ORIENTED_EDGE('',*,*,#3640,.F.);
#4861=ORIENTED_EDGE('',*,*,#3641,.T.);
#4862=ORIENTED_EDGE('',*,*,#3640,.T.);
#4863=ORIENTED_EDGE('',*,*,#3173,.F.);
#4864=ORIENTED_EDGE('',*,*,#3642,.F.);
#4865=ORIENTED_EDGE('',*,*,#3643,.T.);
#4866=ORIENTED_EDGE('',*,*,#3642,.T.);
#4867=ORIENTED_EDGE('',*,*,#3172,.F.);
#4868=ORIENTED_EDGE('',*,*,#3644,.F.);
#4869=ORIENTED_EDGE('',*,*,#3645,.T.);
#4870=ORIENTED_EDGE('',*,*,#3644,.T.);
#4871=ORIENTED_EDGE('',*,*,#3171,.F.);
#4872=ORIENTED_EDGE('',*,*,#3631,.F.);
#4873=ORIENTED_EDGE('',*,*,#3646,.T.);
#4874=ORIENTED_EDGE('',*,*,#3647,.T.);
#4875=ORIENTED_EDGE('',*,*,#3170,.F.);
#4876=ORIENTED_EDGE('',*,*,#3648,.F.);
#4877=ORIENTED_EDGE('',*,*,#3649,.T.);
#4878=ORIENTED_EDGE('',*,*,#3648,.T.);
#4879=ORIENTED_EDGE('',*,*,#3169,.F.);
#4880=ORIENTED_EDGE('',*,*,#3650,.F.);
#4881=ORIENTED_EDGE('',*,*,#3651,.T.);
#4882=ORIENTED_EDGE('',*,*,#3650,.T.);
#4883=ORIENTED_EDGE('',*,*,#3168,.F.);
#4884=ORIENTED_EDGE('',*,*,#3652,.F.);
#4885=ORIENTED_EDGE('',*,*,#3653,.T.);
#4886=ORIENTED_EDGE('',*,*,#3652,.T.);
#4887=ORIENTED_EDGE('',*,*,#3167,.F.);
#4888=ORIENTED_EDGE('',*,*,#3654,.F.);
#4889=ORIENTED_EDGE('',*,*,#3655,.T.);
#4890=ORIENTED_EDGE('',*,*,#3654,.T.);
#4891=ORIENTED_EDGE('',*,*,#3166,.F.);
#4892=ORIENTED_EDGE('',*,*,#3656,.F.);
#4893=ORIENTED_EDGE('',*,*,#3657,.T.);
#4894=ORIENTED_EDGE('',*,*,#3656,.T.);
#4895=ORIENTED_EDGE('',*,*,#3165,.F.);
#4896=ORIENTED_EDGE('',*,*,#3658,.F.);
#4897=ORIENTED_EDGE('',*,*,#3659,.T.);
#4898=ORIENTED_EDGE('',*,*,#3658,.T.);
#4899=ORIENTED_EDGE('',*,*,#3164,.F.);
#4900=ORIENTED_EDGE('',*,*,#3660,.F.);
#4901=ORIENTED_EDGE('',*,*,#3661,.T.);
#4902=ORIENTED_EDGE('',*,*,#3660,.T.);
#4903=ORIENTED_EDGE('',*,*,#3163,.F.);
#4904=ORIENTED_EDGE('',*,*,#3647,.F.);
#4905=ORIENTED_EDGE('',*,*,#3662,.T.);
#4906=ORIENTED_EDGE('',*,*,#3663,.T.);
#4907=ORIENTED_EDGE('',*,*,#3162,.F.);
#4908=ORIENTED_EDGE('',*,*,#3664,.F.);
#4909=ORIENTED_EDGE('',*,*,#3665,.T.);
#4910=ORIENTED_EDGE('',*,*,#3664,.T.);
#4911=ORIENTED_EDGE('',*,*,#3161,.F.);
#4912=ORIENTED_EDGE('',*,*,#3666,.F.);
#4913=ORIENTED_EDGE('',*,*,#3667,.T.);
#4914=ORIENTED_EDGE('',*,*,#3666,.T.);
#4915=ORIENTED_EDGE('',*,*,#3160,.F.);
#4916=ORIENTED_EDGE('',*,*,#3668,.F.);
#4917=ORIENTED_EDGE('',*,*,#3669,.T.);
#4918=ORIENTED_EDGE('',*,*,#3668,.T.);
#4919=ORIENTED_EDGE('',*,*,#3159,.F.);
#4920=ORIENTED_EDGE('',*,*,#3670,.F.);
#4921=ORIENTED_EDGE('',*,*,#3671,.T.);
#4922=ORIENTED_EDGE('',*,*,#3670,.T.);
#4923=ORIENTED_EDGE('',*,*,#3158,.F.);
#4924=ORIENTED_EDGE('',*,*,#3672,.F.);
#4925=ORIENTED_EDGE('',*,*,#3673,.T.);
#4926=ORIENTED_EDGE('',*,*,#3672,.T.);
#4927=ORIENTED_EDGE('',*,*,#3157,.F.);
#4928=ORIENTED_EDGE('',*,*,#3674,.F.);
#4929=ORIENTED_EDGE('',*,*,#3675,.T.);
#4930=ORIENTED_EDGE('',*,*,#3674,.T.);
#4931=ORIENTED_EDGE('',*,*,#3156,.F.);
#4932=ORIENTED_EDGE('',*,*,#3676,.F.);
#4933=ORIENTED_EDGE('',*,*,#3677,.T.);
#4934=ORIENTED_EDGE('',*,*,#3676,.T.);
#4935=ORIENTED_EDGE('',*,*,#3155,.F.);
#4936=ORIENTED_EDGE('',*,*,#3663,.F.);
#4937=ORIENTED_EDGE('',*,*,#3678,.T.);
#4938=ORIENTED_EDGE('',*,*,#3679,.T.);
#4939=ORIENTED_EDGE('',*,*,#3154,.F.);
#4940=ORIENTED_EDGE('',*,*,#3680,.F.);
#4941=ORIENTED_EDGE('',*,*,#3681,.T.);
#4942=ORIENTED_EDGE('',*,*,#3680,.T.);
#4943=ORIENTED_EDGE('',*,*,#3153,.F.);
#4944=ORIENTED_EDGE('',*,*,#3682,.F.);
#4945=ORIENTED_EDGE('',*,*,#3683,.T.);
#4946=ORIENTED_EDGE('',*,*,#3682,.T.);
#4947=ORIENTED_EDGE('',*,*,#3152,.F.);
#4948=ORIENTED_EDGE('',*,*,#3684,.F.);
#4949=ORIENTED_EDGE('',*,*,#3685,.T.);
#4950=ORIENTED_EDGE('',*,*,#3684,.T.);
#4951=ORIENTED_EDGE('',*,*,#3151,.F.);
#4952=ORIENTED_EDGE('',*,*,#3686,.F.);
#4953=ORIENTED_EDGE('',*,*,#3687,.T.);
#4954=ORIENTED_EDGE('',*,*,#3686,.T.);
#4955=ORIENTED_EDGE('',*,*,#3150,.F.);
#4956=ORIENTED_EDGE('',*,*,#3688,.F.);
#4957=ORIENTED_EDGE('',*,*,#3689,.T.);
#4958=ORIENTED_EDGE('',*,*,#3688,.T.);
#4959=ORIENTED_EDGE('',*,*,#3149,.F.);
#4960=ORIENTED_EDGE('',*,*,#3690,.F.);
#4961=ORIENTED_EDGE('',*,*,#3691,.T.);
#4962=ORIENTED_EDGE('',*,*,#3690,.T.);
#4963=ORIENTED_EDGE('',*,*,#3148,.F.);
#4964=ORIENTED_EDGE('',*,*,#3692,.F.);
#4965=ORIENTED_EDGE('',*,*,#3693,.T.);
#4966=ORIENTED_EDGE('',*,*,#3692,.T.);
#4967=ORIENTED_EDGE('',*,*,#3147,.F.);
#4968=ORIENTED_EDGE('',*,*,#3679,.F.);
#4969=ORIENTED_EDGE('',*,*,#3694,.T.);
#4970=ORIENTED_EDGE('',*,*,#3695,.T.);
#4971=ORIENTED_EDGE('',*,*,#3059,.F.);
#4972=ORIENTED_EDGE('',*,*,#3696,.F.);
#4973=ORIENTED_EDGE('',*,*,#3697,.T.);
#4974=ORIENTED_EDGE('',*,*,#3696,.T.);
#4975=ORIENTED_EDGE('',*,*,#3058,.F.);
#4976=ORIENTED_EDGE('',*,*,#3698,.F.);
#4977=ORIENTED_EDGE('',*,*,#3699,.T.);
#4978=ORIENTED_EDGE('',*,*,#3698,.T.);
#4979=ORIENTED_EDGE('',*,*,#3057,.F.);
#4980=ORIENTED_EDGE('',*,*,#3700,.F.);
#4981=ORIENTED_EDGE('',*,*,#3701,.F.);
#4982=ORIENTED_EDGE('',*,*,#3702,.T.);
#4983=ORIENTED_EDGE('',*,*,#3700,.T.);
#4984=ORIENTED_EDGE('',*,*,#3056,.F.);
#4985=ORIENTED_EDGE('',*,*,#3703,.T.);
#4986=ORIENTED_EDGE('',*,*,#3704,.T.);
#4987=ORIENTED_EDGE('',*,*,#3146,.F.);
#4988=ORIENTED_EDGE('',*,*,#3705,.F.);
#4989=ORIENTED_EDGE('',*,*,#3706,.T.);
#4990=ORIENTED_EDGE('',*,*,#3705,.T.);
#4991=ORIENTED_EDGE('',*,*,#3145,.F.);
#4992=ORIENTED_EDGE('',*,*,#3707,.F.);
#4993=ORIENTED_EDGE('',*,*,#3708,.T.);
#4994=ORIENTED_EDGE('',*,*,#3707,.T.);
#4995=ORIENTED_EDGE('',*,*,#3144,.F.);
#4996=ORIENTED_EDGE('',*,*,#3709,.F.);
#4997=ORIENTED_EDGE('',*,*,#3710,.T.);
#4998=ORIENTED_EDGE('',*,*,#3709,.T.);
#4999=ORIENTED_EDGE('',*,*,#3143,.F.);
#5000=ORIENTED_EDGE('',*,*,#3711,.F.);
#5001=ORIENTED_EDGE('',*,*,#3712,.T.);
#5002=ORIENTED_EDGE('',*,*,#3711,.T.);
#5003=ORIENTED_EDGE('',*,*,#3142,.F.);
#5004=ORIENTED_EDGE('',*,*,#3713,.F.);
#5005=ORIENTED_EDGE('',*,*,#3714,.T.);
#5006=ORIENTED_EDGE('',*,*,#3713,.T.);
#5007=ORIENTED_EDGE('',*,*,#3141,.F.);
#5008=ORIENTED_EDGE('',*,*,#3715,.F.);
#5009=ORIENTED_EDGE('',*,*,#3716,.T.);
#5010=ORIENTED_EDGE('',*,*,#3715,.T.);
#5011=ORIENTED_EDGE('',*,*,#3140,.F.);
#5012=ORIENTED_EDGE('',*,*,#3717,.F.);
#5013=ORIENTED_EDGE('',*,*,#3718,.T.);
#5014=ORIENTED_EDGE('',*,*,#3717,.T.);
#5015=ORIENTED_EDGE('',*,*,#3139,.F.);
#5016=ORIENTED_EDGE('',*,*,#3704,.F.);
#5017=ORIENTED_EDGE('',*,*,#3719,.T.);
#5018=ORIENTED_EDGE('',*,*,#3720,.T.);
#5019=ORIENTED_EDGE('',*,*,#3065,.F.);
#5020=ORIENTED_EDGE('',*,*,#3721,.F.);
#5021=ORIENTED_EDGE('',*,*,#3722,.T.);
#5022=ORIENTED_EDGE('',*,*,#3721,.T.);
#5023=ORIENTED_EDGE('',*,*,#3064,.F.);
#5024=ORIENTED_EDGE('',*,*,#3723,.F.);
#5025=ORIENTED_EDGE('',*,*,#3724,.T.);
#5026=ORIENTED_EDGE('',*,*,#3723,.T.);
#5027=ORIENTED_EDGE('',*,*,#3063,.F.);
#5028=ORIENTED_EDGE('',*,*,#3725,.F.);
#5029=ORIENTED_EDGE('',*,*,#3726,.F.);
#5030=ORIENTED_EDGE('',*,*,#3727,.T.);
#5031=ORIENTED_EDGE('',*,*,#3725,.T.);
#5032=ORIENTED_EDGE('',*,*,#3062,.F.);
#5033=ORIENTED_EDGE('',*,*,#3728,.T.);
#5034=ORIENTED_EDGE('',*,*,#3729,.T.);
#5035=ORIENTED_EDGE('',*,*,#3138,.F.);
#5036=ORIENTED_EDGE('',*,*,#3730,.F.);
#5037=ORIENTED_EDGE('',*,*,#3731,.T.);
#5038=ORIENTED_EDGE('',*,*,#3730,.T.);
#5039=ORIENTED_EDGE('',*,*,#3137,.F.);
#5040=ORIENTED_EDGE('',*,*,#3732,.F.);
#5041=ORIENTED_EDGE('',*,*,#3733,.T.);
#5042=ORIENTED_EDGE('',*,*,#3732,.T.);
#5043=ORIENTED_EDGE('',*,*,#3136,.F.);
#5044=ORIENTED_EDGE('',*,*,#3734,.F.);
#5045=ORIENTED_EDGE('',*,*,#3735,.T.);
#5046=ORIENTED_EDGE('',*,*,#3734,.T.);
#5047=ORIENTED_EDGE('',*,*,#3135,.F.);
#5048=ORIENTED_EDGE('',*,*,#3736,.F.);
#5049=ORIENTED_EDGE('',*,*,#3737,.T.);
#5050=ORIENTED_EDGE('',*,*,#3736,.T.);
#5051=ORIENTED_EDGE('',*,*,#3134,.F.);
#5052=ORIENTED_EDGE('',*,*,#3738,.F.);
#5053=ORIENTED_EDGE('',*,*,#3739,.T.);
#5054=ORIENTED_EDGE('',*,*,#3738,.T.);
#5055=ORIENTED_EDGE('',*,*,#3133,.F.);
#5056=ORIENTED_EDGE('',*,*,#3740,.F.);
#5057=ORIENTED_EDGE('',*,*,#3741,.T.);
#5058=ORIENTED_EDGE('',*,*,#3740,.T.);
#5059=ORIENTED_EDGE('',*,*,#3132,.F.);
#5060=ORIENTED_EDGE('',*,*,#3742,.F.);
#5061=ORIENTED_EDGE('',*,*,#3743,.T.);
#5062=ORIENTED_EDGE('',*,*,#3742,.T.);
#5063=ORIENTED_EDGE('',*,*,#3131,.F.);
#5064=ORIENTED_EDGE('',*,*,#3729,.F.);
#5065=ORIENTED_EDGE('',*,*,#3744,.T.);
#5066=ORIENTED_EDGE('',*,*,#3745,.T.);
#5067=ORIENTED_EDGE('',*,*,#3130,.F.);
#5068=ORIENTED_EDGE('',*,*,#3746,.F.);
#5069=ORIENTED_EDGE('',*,*,#3747,.T.);
#5070=ORIENTED_EDGE('',*,*,#3746,.T.);
#5071=ORIENTED_EDGE('',*,*,#3129,.F.);
#5072=ORIENTED_EDGE('',*,*,#3748,.F.);
#5073=ORIENTED_EDGE('',*,*,#3749,.T.);
#5074=ORIENTED_EDGE('',*,*,#3748,.T.);
#5075=ORIENTED_EDGE('',*,*,#3128,.F.);
#5076=ORIENTED_EDGE('',*,*,#3750,.F.);
#5077=ORIENTED_EDGE('',*,*,#3751,.T.);
#5078=ORIENTED_EDGE('',*,*,#3750,.T.);
#5079=ORIENTED_EDGE('',*,*,#3127,.F.);
#5080=ORIENTED_EDGE('',*,*,#3752,.F.);
#5081=ORIENTED_EDGE('',*,*,#3753,.T.);
#5082=ORIENTED_EDGE('',*,*,#3752,.T.);
#5083=ORIENTED_EDGE('',*,*,#3126,.F.);
#5084=ORIENTED_EDGE('',*,*,#3754,.F.);
#5085=ORIENTED_EDGE('',*,*,#3755,.T.);
#5086=ORIENTED_EDGE('',*,*,#3754,.T.);
#5087=ORIENTED_EDGE('',*,*,#3125,.F.);
#5088=ORIENTED_EDGE('',*,*,#3756,.F.);
#5089=ORIENTED_EDGE('',*,*,#3757,.T.);
#5090=ORIENTED_EDGE('',*,*,#3756,.T.);
#5091=ORIENTED_EDGE('',*,*,#3124,.F.);
#5092=ORIENTED_EDGE('',*,*,#3758,.F.);
#5093=ORIENTED_EDGE('',*,*,#3759,.T.);
#5094=ORIENTED_EDGE('',*,*,#3758,.T.);
#5095=ORIENTED_EDGE('',*,*,#3123,.F.);
#5096=ORIENTED_EDGE('',*,*,#3745,.F.);
#5097=ORIENTED_EDGE('',*,*,#3760,.T.);
#5098=ORIENTED_EDGE('',*,*,#3761,.T.);
#5099=ORIENTED_EDGE('',*,*,#3122,.F.);
#5100=ORIENTED_EDGE('',*,*,#3762,.F.);
#5101=ORIENTED_EDGE('',*,*,#3763,.T.);
#5102=ORIENTED_EDGE('',*,*,#3762,.T.);
#5103=ORIENTED_EDGE('',*,*,#3121,.F.);
#5104=ORIENTED_EDGE('',*,*,#3764,.F.);
#5105=ORIENTED_EDGE('',*,*,#3765,.T.);
#5106=ORIENTED_EDGE('',*,*,#3764,.T.);
#5107=ORIENTED_EDGE('',*,*,#3120,.F.);
#5108=ORIENTED_EDGE('',*,*,#3766,.F.);
#5109=ORIENTED_EDGE('',*,*,#3767,.T.);
#5110=ORIENTED_EDGE('',*,*,#3766,.T.);
#5111=ORIENTED_EDGE('',*,*,#3119,.F.);
#5112=ORIENTED_EDGE('',*,*,#3768,.F.);
#5113=ORIENTED_EDGE('',*,*,#3769,.T.);
#5114=ORIENTED_EDGE('',*,*,#3768,.T.);
#5115=ORIENTED_EDGE('',*,*,#3118,.F.);
#5116=ORIENTED_EDGE('',*,*,#3770,.F.);
#5117=ORIENTED_EDGE('',*,*,#3771,.T.);
#5118=ORIENTED_EDGE('',*,*,#3770,.T.);
#5119=ORIENTED_EDGE('',*,*,#3117,.F.);
#5120=ORIENTED_EDGE('',*,*,#3772,.F.);
#5121=ORIENTED_EDGE('',*,*,#3773,.T.);
#5122=ORIENTED_EDGE('',*,*,#3772,.T.);
#5123=ORIENTED_EDGE('',*,*,#3116,.F.);
#5124=ORIENTED_EDGE('',*,*,#3774,.F.);
#5125=ORIENTED_EDGE('',*,*,#3775,.T.);
#5126=ORIENTED_EDGE('',*,*,#3774,.T.);
#5127=ORIENTED_EDGE('',*,*,#3115,.F.);
#5128=ORIENTED_EDGE('',*,*,#3761,.F.);
#5129=ORIENTED_EDGE('',*,*,#3776,.T.);
#5130=ORIENTED_EDGE('',*,*,#3777,.T.);
#5131=ORIENTED_EDGE('',*,*,#3114,.F.);
#5132=ORIENTED_EDGE('',*,*,#3778,.F.);
#5133=ORIENTED_EDGE('',*,*,#3779,.T.);
#5134=ORIENTED_EDGE('',*,*,#3778,.T.);
#5135=ORIENTED_EDGE('',*,*,#3113,.F.);
#5136=ORIENTED_EDGE('',*,*,#3780,.F.);
#5137=ORIENTED_EDGE('',*,*,#3781,.T.);
#5138=ORIENTED_EDGE('',*,*,#3780,.T.);
#5139=ORIENTED_EDGE('',*,*,#3112,.F.);
#5140=ORIENTED_EDGE('',*,*,#3782,.F.);
#5141=ORIENTED_EDGE('',*,*,#3783,.T.);
#5142=ORIENTED_EDGE('',*,*,#3782,.T.);
#5143=ORIENTED_EDGE('',*,*,#3111,.F.);
#5144=ORIENTED_EDGE('',*,*,#3784,.F.);
#5145=ORIENTED_EDGE('',*,*,#3785,.T.);
#5146=ORIENTED_EDGE('',*,*,#3784,.T.);
#5147=ORIENTED_EDGE('',*,*,#3110,.F.);
#5148=ORIENTED_EDGE('',*,*,#3786,.F.);
#5149=ORIENTED_EDGE('',*,*,#3787,.T.);
#5150=ORIENTED_EDGE('',*,*,#3786,.T.);
#5151=ORIENTED_EDGE('',*,*,#3109,.F.);
#5152=ORIENTED_EDGE('',*,*,#3788,.F.);
#5153=ORIENTED_EDGE('',*,*,#3789,.T.);
#5154=ORIENTED_EDGE('',*,*,#3788,.T.);
#5155=ORIENTED_EDGE('',*,*,#3108,.F.);
#5156=ORIENTED_EDGE('',*,*,#3790,.F.);
#5157=ORIENTED_EDGE('',*,*,#3791,.T.);
#5158=ORIENTED_EDGE('',*,*,#3790,.T.);
#5159=ORIENTED_EDGE('',*,*,#3107,.F.);
#5160=ORIENTED_EDGE('',*,*,#3777,.F.);
#5161=ORIENTED_EDGE('',*,*,#3792,.T.);
#5162=ORIENTED_EDGE('',*,*,#3793,.T.);
#5163=ORIENTED_EDGE('',*,*,#3106,.F.);
#5164=ORIENTED_EDGE('',*,*,#3794,.F.);
#5165=ORIENTED_EDGE('',*,*,#3795,.T.);
#5166=ORIENTED_EDGE('',*,*,#3794,.T.);
#5167=ORIENTED_EDGE('',*,*,#3105,.F.);
#5168=ORIENTED_EDGE('',*,*,#3796,.F.);
#5169=ORIENTED_EDGE('',*,*,#3797,.T.);
#5170=ORIENTED_EDGE('',*,*,#3796,.T.);
#5171=ORIENTED_EDGE('',*,*,#3104,.F.);
#5172=ORIENTED_EDGE('',*,*,#3798,.F.);
#5173=ORIENTED_EDGE('',*,*,#3799,.T.);
#5174=ORIENTED_EDGE('',*,*,#3798,.T.);
#5175=ORIENTED_EDGE('',*,*,#3103,.F.);
#5176=ORIENTED_EDGE('',*,*,#3800,.F.);
#5177=ORIENTED_EDGE('',*,*,#3801,.T.);
#5178=ORIENTED_EDGE('',*,*,#3800,.T.);
#5179=ORIENTED_EDGE('',*,*,#3102,.F.);
#5180=ORIENTED_EDGE('',*,*,#3802,.F.);
#5181=ORIENTED_EDGE('',*,*,#3803,.T.);
#5182=ORIENTED_EDGE('',*,*,#3802,.T.);
#5183=ORIENTED_EDGE('',*,*,#3101,.F.);
#5184=ORIENTED_EDGE('',*,*,#3804,.F.);
#5185=ORIENTED_EDGE('',*,*,#3805,.T.);
#5186=ORIENTED_EDGE('',*,*,#3804,.T.);
#5187=ORIENTED_EDGE('',*,*,#3100,.F.);
#5188=ORIENTED_EDGE('',*,*,#3806,.F.);
#5189=ORIENTED_EDGE('',*,*,#3807,.T.);
#5190=ORIENTED_EDGE('',*,*,#3806,.T.);
#5191=ORIENTED_EDGE('',*,*,#3099,.F.);
#5192=ORIENTED_EDGE('',*,*,#3793,.F.);
#5193=ORIENTED_EDGE('',*,*,#3808,.T.);
#5194=ORIENTED_EDGE('',*,*,#3809,.T.);
#5195=ORIENTED_EDGE('',*,*,#3098,.F.);
#5196=ORIENTED_EDGE('',*,*,#3810,.F.);
#5197=ORIENTED_EDGE('',*,*,#3811,.T.);
#5198=ORIENTED_EDGE('',*,*,#3810,.T.);
#5199=ORIENTED_EDGE('',*,*,#3097,.F.);
#5200=ORIENTED_EDGE('',*,*,#3812,.F.);
#5201=ORIENTED_EDGE('',*,*,#3813,.T.);
#5202=ORIENTED_EDGE('',*,*,#3812,.T.);
#5203=ORIENTED_EDGE('',*,*,#3096,.F.);
#5204=ORIENTED_EDGE('',*,*,#3814,.F.);
#5205=ORIENTED_EDGE('',*,*,#3815,.T.);
#5206=ORIENTED_EDGE('',*,*,#3814,.T.);
#5207=ORIENTED_EDGE('',*,*,#3095,.F.);
#5208=ORIENTED_EDGE('',*,*,#3816,.F.);
#5209=ORIENTED_EDGE('',*,*,#3817,.T.);
#5210=ORIENTED_EDGE('',*,*,#3816,.T.);
#5211=ORIENTED_EDGE('',*,*,#3094,.F.);
#5212=ORIENTED_EDGE('',*,*,#3818,.F.);
#5213=ORIENTED_EDGE('',*,*,#3819,.T.);
#5214=ORIENTED_EDGE('',*,*,#3818,.T.);
#5215=ORIENTED_EDGE('',*,*,#3093,.F.);
#5216=ORIENTED_EDGE('',*,*,#3820,.F.);
#5217=ORIENTED_EDGE('',*,*,#3821,.T.);
#5218=ORIENTED_EDGE('',*,*,#3820,.T.);
#5219=ORIENTED_EDGE('',*,*,#3092,.F.);
#5220=ORIENTED_EDGE('',*,*,#3822,.F.);
#5221=ORIENTED_EDGE('',*,*,#3823,.T.);
#5222=ORIENTED_EDGE('',*,*,#3822,.T.);
#5223=ORIENTED_EDGE('',*,*,#3091,.F.);
#5224=ORIENTED_EDGE('',*,*,#3809,.F.);
#5225=ORIENTED_EDGE('',*,*,#3824,.T.);
#5226=ORIENTED_EDGE('',*,*,#3825,.T.);
#5227=ORIENTED_EDGE('',*,*,#3090,.F.);
#5228=ORIENTED_EDGE('',*,*,#3826,.F.);
#5229=ORIENTED_EDGE('',*,*,#3827,.T.);
#5230=ORIENTED_EDGE('',*,*,#3826,.T.);
#5231=ORIENTED_EDGE('',*,*,#3089,.F.);
#5232=ORIENTED_EDGE('',*,*,#3828,.F.);
#5233=ORIENTED_EDGE('',*,*,#3829,.T.);
#5234=ORIENTED_EDGE('',*,*,#3828,.T.);
#5235=ORIENTED_EDGE('',*,*,#3088,.F.);
#5236=ORIENTED_EDGE('',*,*,#3830,.F.);
#5237=ORIENTED_EDGE('',*,*,#3831,.T.);
#5238=ORIENTED_EDGE('',*,*,#3830,.T.);
#5239=ORIENTED_EDGE('',*,*,#3087,.F.);
#5240=ORIENTED_EDGE('',*,*,#3832,.F.);
#5241=ORIENTED_EDGE('',*,*,#3833,.T.);
#5242=ORIENTED_EDGE('',*,*,#3832,.T.);
#5243=ORIENTED_EDGE('',*,*,#3086,.F.);
#5244=ORIENTED_EDGE('',*,*,#3834,.F.);
#5245=ORIENTED_EDGE('',*,*,#3835,.T.);
#5246=ORIENTED_EDGE('',*,*,#3834,.T.);
#5247=ORIENTED_EDGE('',*,*,#3085,.F.);
#5248=ORIENTED_EDGE('',*,*,#3836,.F.);
#5249=ORIENTED_EDGE('',*,*,#3837,.T.);
#5250=ORIENTED_EDGE('',*,*,#3836,.T.);
#5251=ORIENTED_EDGE('',*,*,#3084,.F.);
#5252=ORIENTED_EDGE('',*,*,#3838,.F.);
#5253=ORIENTED_EDGE('',*,*,#3839,.T.);
#5254=ORIENTED_EDGE('',*,*,#3838,.T.);
#5255=ORIENTED_EDGE('',*,*,#3083,.F.);
#5256=ORIENTED_EDGE('',*,*,#3825,.F.);
#5257=ORIENTED_EDGE('',*,*,#3840,.T.);
#5258=ORIENTED_EDGE('',*,*,#3841,.T.);
#5259=ORIENTED_EDGE('',*,*,#3082,.F.);
#5260=ORIENTED_EDGE('',*,*,#3842,.F.);
#5261=ORIENTED_EDGE('',*,*,#3843,.T.);
#5262=ORIENTED_EDGE('',*,*,#3842,.T.);
#5263=ORIENTED_EDGE('',*,*,#3081,.F.);
#5264=ORIENTED_EDGE('',*,*,#3844,.F.);
#5265=ORIENTED_EDGE('',*,*,#3845,.T.);
#5266=ORIENTED_EDGE('',*,*,#3844,.T.);
#5267=ORIENTED_EDGE('',*,*,#3080,.F.);
#5268=ORIENTED_EDGE('',*,*,#3846,.F.);
#5269=ORIENTED_EDGE('',*,*,#3847,.T.);
#5270=ORIENTED_EDGE('',*,*,#3846,.T.);
#5271=ORIENTED_EDGE('',*,*,#3079,.F.);
#5272=ORIENTED_EDGE('',*,*,#3848,.F.);
#5273=ORIENTED_EDGE('',*,*,#3849,.T.);
#5274=ORIENTED_EDGE('',*,*,#3848,.T.);
#5275=ORIENTED_EDGE('',*,*,#3078,.F.);
#5276=ORIENTED_EDGE('',*,*,#3850,.F.);
#5277=ORIENTED_EDGE('',*,*,#3851,.T.);
#5278=ORIENTED_EDGE('',*,*,#3850,.T.);
#5279=ORIENTED_EDGE('',*,*,#3077,.F.);
#5280=ORIENTED_EDGE('',*,*,#3852,.F.);
#5281=ORIENTED_EDGE('',*,*,#3853,.T.);
#5282=ORIENTED_EDGE('',*,*,#3852,.T.);
#5283=ORIENTED_EDGE('',*,*,#3076,.F.);
#5284=ORIENTED_EDGE('',*,*,#3854,.F.);
#5285=ORIENTED_EDGE('',*,*,#3855,.T.);
#5286=ORIENTED_EDGE('',*,*,#3854,.T.);
#5287=ORIENTED_EDGE('',*,*,#3075,.F.);
#5288=ORIENTED_EDGE('',*,*,#3841,.F.);
#5289=ORIENTED_EDGE('',*,*,#3856,.T.);
#5290=ORIENTED_EDGE('',*,*,#3857,.T.);
#5291=ORIENTED_EDGE('',*,*,#3074,.F.);
#5292=ORIENTED_EDGE('',*,*,#3858,.F.);
#5293=ORIENTED_EDGE('',*,*,#3859,.T.);
#5294=ORIENTED_EDGE('',*,*,#3858,.T.);
#5295=ORIENTED_EDGE('',*,*,#3073,.F.);
#5296=ORIENTED_EDGE('',*,*,#3860,.F.);
#5297=ORIENTED_EDGE('',*,*,#3861,.T.);
#5298=ORIENTED_EDGE('',*,*,#3860,.T.);
#5299=ORIENTED_EDGE('',*,*,#3072,.F.);
#5300=ORIENTED_EDGE('',*,*,#3862,.F.);
#5301=ORIENTED_EDGE('',*,*,#3863,.T.);
#5302=ORIENTED_EDGE('',*,*,#3862,.T.);
#5303=ORIENTED_EDGE('',*,*,#3071,.F.);
#5304=ORIENTED_EDGE('',*,*,#3864,.F.);
#5305=ORIENTED_EDGE('',*,*,#3865,.T.);
#5306=ORIENTED_EDGE('',*,*,#3864,.T.);
#5307=ORIENTED_EDGE('',*,*,#3070,.F.);
#5308=ORIENTED_EDGE('',*,*,#3866,.F.);
#5309=ORIENTED_EDGE('',*,*,#3867,.T.);
#5310=ORIENTED_EDGE('',*,*,#3866,.T.);
#5311=ORIENTED_EDGE('',*,*,#3069,.F.);
#5312=ORIENTED_EDGE('',*,*,#3868,.F.);
#5313=ORIENTED_EDGE('',*,*,#3869,.T.);
#5314=ORIENTED_EDGE('',*,*,#3868,.T.);
#5315=ORIENTED_EDGE('',*,*,#3068,.F.);
#5316=ORIENTED_EDGE('',*,*,#3870,.F.);
#5317=ORIENTED_EDGE('',*,*,#3871,.T.);
#5318=ORIENTED_EDGE('',*,*,#3870,.T.);
#5319=ORIENTED_EDGE('',*,*,#3067,.F.);
#5320=ORIENTED_EDGE('',*,*,#3857,.F.);
#5321=ORIENTED_EDGE('',*,*,#3048,.F.);
#5322=ORIENTED_EDGE('',*,*,#3029,.F.);
#5323=ORIENTED_EDGE('',*,*,#3331,.T.);
#5324=ORIENTED_EDGE('',*,*,#3334,.T.);
#5325=ORIENTED_EDGE('',*,*,#3872,.F.);
#5326=ORIENTED_EDGE('',*,*,#3039,.F.);
#5327=ORIENTED_EDGE('',*,*,#3047,.F.);
#5328=ORIENTED_EDGE('',*,*,#3873,.F.);
#5329=ORIENTED_EDGE('',*,*,#3874,.F.);
#5330=ORIENTED_EDGE('',*,*,#3025,.T.);
#5331=ORIENTED_EDGE('',*,*,#3046,.F.);
#5332=ORIENTED_EDGE('',*,*,#3875,.F.);
#5333=ORIENTED_EDGE('',*,*,#3876,.F.);
#5334=ORIENTED_EDGE('',*,*,#3873,.T.);
#5335=ORIENTED_EDGE('',*,*,#3045,.F.);
#5336=ORIENTED_EDGE('',*,*,#3877,.F.);
#5337=ORIENTED_EDGE('',*,*,#3878,.F.);
#5338=ORIENTED_EDGE('',*,*,#3875,.T.);
#5339=ORIENTED_EDGE('',*,*,#3879,.F.);
#5340=ORIENTED_EDGE('',*,*,#3880,.F.);
#5341=ORIENTED_EDGE('',*,*,#3877,.T.);
#5342=ORIENTED_EDGE('',*,*,#3044,.F.);
#5343=ORIENTED_EDGE('',*,*,#3881,.F.);
#5344=ORIENTED_EDGE('',*,*,#3054,.F.);
#5345=ORIENTED_EDGE('',*,*,#3608,.F.);
#5346=ORIENTED_EDGE('',*,*,#3882,.T.);
#5347=ORIENTED_EDGE('',*,*,#3883,.F.);
#5348=ORIENTED_EDGE('',*,*,#3884,.F.);
#5349=ORIENTED_EDGE('',*,*,#3719,.F.);
#5350=ORIENTED_EDGE('',*,*,#3722,.F.);
#5351=ORIENTED_EDGE('',*,*,#3724,.F.);
#5352=ORIENTED_EDGE('',*,*,#3727,.F.);
#5353=ORIENTED_EDGE('',*,*,#3885,.F.);
#5354=ORIENTED_EDGE('',*,*,#3886,.F.);
#5355=ORIENTED_EDGE('',*,*,#3694,.F.);
#5356=ORIENTED_EDGE('',*,*,#3697,.F.);
#5357=ORIENTED_EDGE('',*,*,#3699,.F.);
#5358=ORIENTED_EDGE('',*,*,#3702,.F.);
#5359=ORIENTED_EDGE('',*,*,#3887,.F.);
#5360=ORIENTED_EDGE('',*,*,#3882,.F.);
#5361=ORIENTED_EDGE('',*,*,#3607,.F.);
#5362=ORIENTED_EDGE('',*,*,#3610,.F.);
#5363=ORIENTED_EDGE('',*,*,#3612,.F.);
#5364=ORIENTED_EDGE('',*,*,#3888,.F.);
#5365=ORIENTED_EDGE('',*,*,#3889,.F.);
#5366=ORIENTED_EDGE('',*,*,#3034,.T.);
#5367=ORIENTED_EDGE('',*,*,#3326,.T.);
#5368=ORIENTED_EDGE('',*,*,#3332,.T.);
#5369=ORIENTED_EDGE('',*,*,#3013,.T.);
#5370=ORIENTED_EDGE('',*,*,#3042,.T.);
#5371=ORIENTED_EDGE('',*,*,#3019,.T.);
#5372=ORIENTED_EDGE('',*,*,#3023,.T.);
#5373=ORIENTED_EDGE('',*,*,#3037,.T.);
#5374=ORIENTED_EDGE('',*,*,#3040,.T.);
#5375=ORIENTED_EDGE('',*,*,#3872,.T.);
#5376=ORIENTED_EDGE('',*,*,#3333,.T.);
#5377=ORIENTED_EDGE('',*,*,#3325,.T.);
#5378=ORIENTED_EDGE('',*,*,#3026,.T.);
#5379=ORIENTED_EDGE('',*,*,#3874,.T.);
#5380=ORIENTED_EDGE('',*,*,#3876,.T.);
#5381=ORIENTED_EDGE('',*,*,#3878,.T.);
#5382=ORIENTED_EDGE('',*,*,#3880,.T.);
#5383=ORIENTED_EDGE('',*,*,#3350,.F.);
#5384=ORIENTED_EDGE('',*,*,#3335,.F.);
#5385=ORIENTED_EDGE('',*,*,#3338,.F.);
#5386=ORIENTED_EDGE('',*,*,#3340,.F.);
#5387=ORIENTED_EDGE('',*,*,#3342,.F.);
#5388=ORIENTED_EDGE('',*,*,#3344,.F.);
#5389=ORIENTED_EDGE('',*,*,#3346,.F.);
#5390=ORIENTED_EDGE('',*,*,#3348,.F.);
#5391=ORIENTED_EDGE('',*,*,#3366,.F.);
#5392=ORIENTED_EDGE('',*,*,#3351,.F.);
#5393=ORIENTED_EDGE('',*,*,#3354,.F.);
#5394=ORIENTED_EDGE('',*,*,#3356,.F.);
#5395=ORIENTED_EDGE('',*,*,#3358,.F.);
#5396=ORIENTED_EDGE('',*,*,#3360,.F.);
#5397=ORIENTED_EDGE('',*,*,#3362,.F.);
#5398=ORIENTED_EDGE('',*,*,#3364,.F.);
#5399=ORIENTED_EDGE('',*,*,#3382,.F.);
#5400=ORIENTED_EDGE('',*,*,#3367,.F.);
#5401=ORIENTED_EDGE('',*,*,#3370,.F.);
#5402=ORIENTED_EDGE('',*,*,#3372,.F.);
#5403=ORIENTED_EDGE('',*,*,#3374,.F.);
#5404=ORIENTED_EDGE('',*,*,#3376,.F.);
#5405=ORIENTED_EDGE('',*,*,#3378,.F.);
#5406=ORIENTED_EDGE('',*,*,#3380,.F.);
#5407=ORIENTED_EDGE('',*,*,#3398,.F.);
#5408=ORIENTED_EDGE('',*,*,#3383,.F.);
#5409=ORIENTED_EDGE('',*,*,#3386,.F.);
#5410=ORIENTED_EDGE('',*,*,#3388,.F.);
#5411=ORIENTED_EDGE('',*,*,#3390,.F.);
#5412=ORIENTED_EDGE('',*,*,#3392,.F.);
#5413=ORIENTED_EDGE('',*,*,#3394,.F.);
#5414=ORIENTED_EDGE('',*,*,#3396,.F.);
#5415=ORIENTED_EDGE('',*,*,#3414,.F.);
#5416=ORIENTED_EDGE('',*,*,#3399,.F.);
#5417=ORIENTED_EDGE('',*,*,#3402,.F.);
#5418=ORIENTED_EDGE('',*,*,#3404,.F.);
#5419=ORIENTED_EDGE('',*,*,#3406,.F.);
#5420=ORIENTED_EDGE('',*,*,#3408,.F.);
#5421=ORIENTED_EDGE('',*,*,#3410,.F.);
#5422=ORIENTED_EDGE('',*,*,#3412,.F.);
#5423=ORIENTED_EDGE('',*,*,#3430,.F.);
#5424=ORIENTED_EDGE('',*,*,#3415,.F.);
#5425=ORIENTED_EDGE('',*,*,#3418,.F.);
#5426=ORIENTED_EDGE('',*,*,#3420,.F.);
#5427=ORIENTED_EDGE('',*,*,#3422,.F.);
#5428=ORIENTED_EDGE('',*,*,#3424,.F.);
#5429=ORIENTED_EDGE('',*,*,#3426,.F.);
#5430=ORIENTED_EDGE('',*,*,#3428,.F.);
#5431=ORIENTED_EDGE('',*,*,#3446,.F.);
#5432=ORIENTED_EDGE('',*,*,#3431,.F.);
#5433=ORIENTED_EDGE('',*,*,#3434,.F.);
#5434=ORIENTED_EDGE('',*,*,#3436,.F.);
#5435=ORIENTED_EDGE('',*,*,#3438,.F.);
#5436=ORIENTED_EDGE('',*,*,#3440,.F.);
#5437=ORIENTED_EDGE('',*,*,#3442,.F.);
#5438=ORIENTED_EDGE('',*,*,#3444,.F.);
#5439=ORIENTED_EDGE('',*,*,#3462,.F.);
#5440=ORIENTED_EDGE('',*,*,#3447,.F.);
#5441=ORIENTED_EDGE('',*,*,#3450,.F.);
#5442=ORIENTED_EDGE('',*,*,#3452,.F.);
#5443=ORIENTED_EDGE('',*,*,#3454,.F.);
#5444=ORIENTED_EDGE('',*,*,#3456,.F.);
#5445=ORIENTED_EDGE('',*,*,#3458,.F.);
#5446=ORIENTED_EDGE('',*,*,#3460,.F.);
#5447=ORIENTED_EDGE('',*,*,#3478,.F.);
#5448=ORIENTED_EDGE('',*,*,#3463,.F.);
#5449=ORIENTED_EDGE('',*,*,#3466,.F.);
#5450=ORIENTED_EDGE('',*,*,#3468,.F.);
#5451=ORIENTED_EDGE('',*,*,#3470,.F.);
#5452=ORIENTED_EDGE('',*,*,#3472,.F.);
#5453=ORIENTED_EDGE('',*,*,#3474,.F.);
#5454=ORIENTED_EDGE('',*,*,#3476,.F.);
#5455=ORIENTED_EDGE('',*,*,#3494,.F.);
#5456=ORIENTED_EDGE('',*,*,#3479,.F.);
#5457=ORIENTED_EDGE('',*,*,#3482,.F.);
#5458=ORIENTED_EDGE('',*,*,#3484,.F.);
#5459=ORIENTED_EDGE('',*,*,#3486,.F.);
#5460=ORIENTED_EDGE('',*,*,#3488,.F.);
#5461=ORIENTED_EDGE('',*,*,#3490,.F.);
#5462=ORIENTED_EDGE('',*,*,#3492,.F.);
#5463=ORIENTED_EDGE('',*,*,#3510,.F.);
#5464=ORIENTED_EDGE('',*,*,#3495,.F.);
#5465=ORIENTED_EDGE('',*,*,#3498,.F.);
#5466=ORIENTED_EDGE('',*,*,#3500,.F.);
#5467=ORIENTED_EDGE('',*,*,#3502,.F.);
#5468=ORIENTED_EDGE('',*,*,#3504,.F.);
#5469=ORIENTED_EDGE('',*,*,#3506,.F.);
#5470=ORIENTED_EDGE('',*,*,#3508,.F.);
#5471=ORIENTED_EDGE('',*,*,#3526,.F.);
#5472=ORIENTED_EDGE('',*,*,#3511,.F.);
#5473=ORIENTED_EDGE('',*,*,#3514,.F.);
#5474=ORIENTED_EDGE('',*,*,#3516,.F.);
#5475=ORIENTED_EDGE('',*,*,#3518,.F.);
#5476=ORIENTED_EDGE('',*,*,#3520,.F.);
#5477=ORIENTED_EDGE('',*,*,#3522,.F.);
#5478=ORIENTED_EDGE('',*,*,#3524,.F.);
#5479=ORIENTED_EDGE('',*,*,#3542,.F.);
#5480=ORIENTED_EDGE('',*,*,#3527,.F.);
#5481=ORIENTED_EDGE('',*,*,#3530,.F.);
#5482=ORIENTED_EDGE('',*,*,#3532,.F.);
#5483=ORIENTED_EDGE('',*,*,#3534,.F.);
#5484=ORIENTED_EDGE('',*,*,#3536,.F.);
#5485=ORIENTED_EDGE('',*,*,#3538,.F.);
#5486=ORIENTED_EDGE('',*,*,#3540,.F.);
#5487=ORIENTED_EDGE('',*,*,#3558,.F.);
#5488=ORIENTED_EDGE('',*,*,#3543,.F.);
#5489=ORIENTED_EDGE('',*,*,#3546,.F.);
#5490=ORIENTED_EDGE('',*,*,#3548,.F.);
#5491=ORIENTED_EDGE('',*,*,#3550,.F.);
#5492=ORIENTED_EDGE('',*,*,#3552,.F.);
#5493=ORIENTED_EDGE('',*,*,#3554,.F.);
#5494=ORIENTED_EDGE('',*,*,#3556,.F.);
#5495=ORIENTED_EDGE('',*,*,#3574,.F.);
#5496=ORIENTED_EDGE('',*,*,#3559,.F.);
#5497=ORIENTED_EDGE('',*,*,#3562,.F.);
#5498=ORIENTED_EDGE('',*,*,#3564,.F.);
#5499=ORIENTED_EDGE('',*,*,#3566,.F.);
#5500=ORIENTED_EDGE('',*,*,#3568,.F.);
#5501=ORIENTED_EDGE('',*,*,#3570,.F.);
#5502=ORIENTED_EDGE('',*,*,#3572,.F.);
#5503=ORIENTED_EDGE('',*,*,#3590,.F.);
#5504=ORIENTED_EDGE('',*,*,#3575,.F.);
#5505=ORIENTED_EDGE('',*,*,#3578,.F.);
#5506=ORIENTED_EDGE('',*,*,#3580,.F.);
#5507=ORIENTED_EDGE('',*,*,#3582,.F.);
#5508=ORIENTED_EDGE('',*,*,#3584,.F.);
#5509=ORIENTED_EDGE('',*,*,#3586,.F.);
#5510=ORIENTED_EDGE('',*,*,#3588,.F.);
#5511=ORIENTED_EDGE('',*,*,#3606,.F.);
#5512=ORIENTED_EDGE('',*,*,#3591,.F.);
#5513=ORIENTED_EDGE('',*,*,#3594,.F.);
#5514=ORIENTED_EDGE('',*,*,#3596,.F.);
#5515=ORIENTED_EDGE('',*,*,#3598,.F.);
#5516=ORIENTED_EDGE('',*,*,#3600,.F.);
#5517=ORIENTED_EDGE('',*,*,#3602,.F.);
#5518=ORIENTED_EDGE('',*,*,#3604,.F.);
#5519=ORIENTED_EDGE('',*,*,#3629,.F.);
#5520=ORIENTED_EDGE('',*,*,#3614,.F.);
#5521=ORIENTED_EDGE('',*,*,#3617,.F.);
#5522=ORIENTED_EDGE('',*,*,#3619,.F.);
#5523=ORIENTED_EDGE('',*,*,#3621,.F.);
#5524=ORIENTED_EDGE('',*,*,#3623,.F.);
#5525=ORIENTED_EDGE('',*,*,#3625,.F.);
#5526=ORIENTED_EDGE('',*,*,#3627,.F.);
#5527=ORIENTED_EDGE('',*,*,#3645,.F.);
#5528=ORIENTED_EDGE('',*,*,#3630,.F.);
#5529=ORIENTED_EDGE('',*,*,#3633,.F.);
#5530=ORIENTED_EDGE('',*,*,#3635,.F.);
#5531=ORIENTED_EDGE('',*,*,#3637,.F.);
#5532=ORIENTED_EDGE('',*,*,#3639,.F.);
#5533=ORIENTED_EDGE('',*,*,#3641,.F.);
#5534=ORIENTED_EDGE('',*,*,#3643,.F.);
#5535=ORIENTED_EDGE('',*,*,#3661,.F.);
#5536=ORIENTED_EDGE('',*,*,#3646,.F.);
#5537=ORIENTED_EDGE('',*,*,#3649,.F.);
#5538=ORIENTED_EDGE('',*,*,#3651,.F.);
#5539=ORIENTED_EDGE('',*,*,#3653,.F.);
#5540=ORIENTED_EDGE('',*,*,#3655,.F.);
#5541=ORIENTED_EDGE('',*,*,#3657,.F.);
#5542=ORIENTED_EDGE('',*,*,#3659,.F.);
#5543=ORIENTED_EDGE('',*,*,#3677,.F.);
#5544=ORIENTED_EDGE('',*,*,#3662,.F.);
#5545=ORIENTED_EDGE('',*,*,#3665,.F.);
#5546=ORIENTED_EDGE('',*,*,#3667,.F.);
#5547=ORIENTED_EDGE('',*,*,#3669,.F.);
#5548=ORIENTED_EDGE('',*,*,#3671,.F.);
#5549=ORIENTED_EDGE('',*,*,#3673,.F.);
#5550=ORIENTED_EDGE('',*,*,#3675,.F.);
#5551=ORIENTED_EDGE('',*,*,#3693,.F.);
#5552=ORIENTED_EDGE('',*,*,#3678,.F.);
#5553=ORIENTED_EDGE('',*,*,#3681,.F.);
#5554=ORIENTED_EDGE('',*,*,#3683,.F.);
#5555=ORIENTED_EDGE('',*,*,#3685,.F.);
#5556=ORIENTED_EDGE('',*,*,#3687,.F.);
#5557=ORIENTED_EDGE('',*,*,#3689,.F.);
#5558=ORIENTED_EDGE('',*,*,#3691,.F.);
#5559=ORIENTED_EDGE('',*,*,#3718,.F.);
#5560=ORIENTED_EDGE('',*,*,#3703,.F.);
#5561=ORIENTED_EDGE('',*,*,#3706,.F.);
#5562=ORIENTED_EDGE('',*,*,#3708,.F.);
#5563=ORIENTED_EDGE('',*,*,#3710,.F.);
#5564=ORIENTED_EDGE('',*,*,#3712,.F.);
#5565=ORIENTED_EDGE('',*,*,#3714,.F.);
#5566=ORIENTED_EDGE('',*,*,#3716,.F.);
#5567=ORIENTED_EDGE('',*,*,#3743,.F.);
#5568=ORIENTED_EDGE('',*,*,#3728,.F.);
#5569=ORIENTED_EDGE('',*,*,#3731,.F.);
#5570=ORIENTED_EDGE('',*,*,#3733,.F.);
#5571=ORIENTED_EDGE('',*,*,#3735,.F.);
#5572=ORIENTED_EDGE('',*,*,#3737,.F.);
#5573=ORIENTED_EDGE('',*,*,#3739,.F.);
#5574=ORIENTED_EDGE('',*,*,#3741,.F.);
#5575=ORIENTED_EDGE('',*,*,#3759,.F.);
#5576=ORIENTED_EDGE('',*,*,#3744,.F.);
#5577=ORIENTED_EDGE('',*,*,#3747,.F.);
#5578=ORIENTED_EDGE('',*,*,#3749,.F.);
#5579=ORIENTED_EDGE('',*,*,#3751,.F.);
#5580=ORIENTED_EDGE('',*,*,#3753,.F.);
#5581=ORIENTED_EDGE('',*,*,#3755,.F.);
#5582=ORIENTED_EDGE('',*,*,#3757,.F.);
#5583=ORIENTED_EDGE('',*,*,#3775,.F.);
#5584=ORIENTED_EDGE('',*,*,#3760,.F.);
#5585=ORIENTED_EDGE('',*,*,#3763,.F.);
#5586=ORIENTED_EDGE('',*,*,#3765,.F.);
#5587=ORIENTED_EDGE('',*,*,#3767,.F.);
#5588=ORIENTED_EDGE('',*,*,#3769,.F.);
#5589=ORIENTED_EDGE('',*,*,#3771,.F.);
#5590=ORIENTED_EDGE('',*,*,#3773,.F.);
#5591=ORIENTED_EDGE('',*,*,#3791,.F.);
#5592=ORIENTED_EDGE('',*,*,#3776,.F.);
#5593=ORIENTED_EDGE('',*,*,#3779,.F.);
#5594=ORIENTED_EDGE('',*,*,#3781,.F.);
#5595=ORIENTED_EDGE('',*,*,#3783,.F.);
#5596=ORIENTED_EDGE('',*,*,#3785,.F.);
#5597=ORIENTED_EDGE('',*,*,#3787,.F.);
#5598=ORIENTED_EDGE('',*,*,#3789,.F.);
#5599=ORIENTED_EDGE('',*,*,#3807,.F.);
#5600=ORIENTED_EDGE('',*,*,#3792,.F.);
#5601=ORIENTED_EDGE('',*,*,#3795,.F.);
#5602=ORIENTED_EDGE('',*,*,#3797,.F.);
#5603=ORIENTED_EDGE('',*,*,#3799,.F.);
#5604=ORIENTED_EDGE('',*,*,#3801,.F.);
#5605=ORIENTED_EDGE('',*,*,#3803,.F.);
#5606=ORIENTED_EDGE('',*,*,#3805,.F.);
#5607=ORIENTED_EDGE('',*,*,#3823,.F.);
#5608=ORIENTED_EDGE('',*,*,#3808,.F.);
#5609=ORIENTED_EDGE('',*,*,#3811,.F.);
#5610=ORIENTED_EDGE('',*,*,#3813,.F.);
#5611=ORIENTED_EDGE('',*,*,#3815,.F.);
#5612=ORIENTED_EDGE('',*,*,#3817,.F.);
#5613=ORIENTED_EDGE('',*,*,#3819,.F.);
#5614=ORIENTED_EDGE('',*,*,#3821,.F.);
#5615=ORIENTED_EDGE('',*,*,#3839,.F.);
#5616=ORIENTED_EDGE('',*,*,#3824,.F.);
#5617=ORIENTED_EDGE('',*,*,#3827,.F.);
#5618=ORIENTED_EDGE('',*,*,#3829,.F.);
#5619=ORIENTED_EDGE('',*,*,#3831,.F.);
#5620=ORIENTED_EDGE('',*,*,#3833,.F.);
#5621=ORIENTED_EDGE('',*,*,#3835,.F.);
#5622=ORIENTED_EDGE('',*,*,#3837,.F.);
#5623=ORIENTED_EDGE('',*,*,#3855,.F.);
#5624=ORIENTED_EDGE('',*,*,#3840,.F.);
#5625=ORIENTED_EDGE('',*,*,#3843,.F.);
#5626=ORIENTED_EDGE('',*,*,#3845,.F.);
#5627=ORIENTED_EDGE('',*,*,#3847,.F.);
#5628=ORIENTED_EDGE('',*,*,#3849,.F.);
#5629=ORIENTED_EDGE('',*,*,#3851,.F.);
#5630=ORIENTED_EDGE('',*,*,#3853,.F.);
#5631=ORIENTED_EDGE('',*,*,#3871,.F.);
#5632=ORIENTED_EDGE('',*,*,#3856,.F.);
#5633=ORIENTED_EDGE('',*,*,#3859,.F.);
#5634=ORIENTED_EDGE('',*,*,#3861,.F.);
#5635=ORIENTED_EDGE('',*,*,#3863,.F.);
#5636=ORIENTED_EDGE('',*,*,#3865,.F.);
#5637=ORIENTED_EDGE('',*,*,#3867,.F.);
#5638=ORIENTED_EDGE('',*,*,#3869,.F.);
#5639=ORIENTED_EDGE('',*,*,#3008,.T.);
#5640=ORIENTED_EDGE('',*,*,#3005,.T.);
#5641=ORIENTED_EDGE('',*,*,#3890,.F.);
#5642=ORIENTED_EDGE('',*,*,#3888,.T.);
#5643=ORIENTED_EDGE('',*,*,#3613,.T.);
#5644=ORIENTED_EDGE('',*,*,#3050,.F.);
#5645=ORIENTED_EDGE('',*,*,#3891,.F.);
#5646=ORIENTED_EDGE('',*,*,#3060,.F.);
#5647=ORIENTED_EDGE('',*,*,#3695,.F.);
#5648=ORIENTED_EDGE('',*,*,#3886,.T.);
#5649=ORIENTED_EDGE('',*,*,#3892,.F.);
#5650=ORIENTED_EDGE('',*,*,#3066,.F.);
#5651=ORIENTED_EDGE('',*,*,#3720,.F.);
#5652=ORIENTED_EDGE('',*,*,#3884,.T.);
#5653=ORIENTED_EDGE('',*,*,#3892,.T.);
#5654=ORIENTED_EDGE('',*,*,#3883,.T.);
#5655=ORIENTED_EDGE('',*,*,#3879,.T.);
#5656=ORIENTED_EDGE('',*,*,#3043,.T.);
#5657=ORIENTED_EDGE('',*,*,#3891,.T.);
#5658=ORIENTED_EDGE('',*,*,#3885,.T.);
#5659=ORIENTED_EDGE('',*,*,#3726,.T.);
#5660=ORIENTED_EDGE('',*,*,#3061,.T.);
#5661=ORIENTED_EDGE('',*,*,#3890,.T.);
#5662=ORIENTED_EDGE('',*,*,#3049,.T.);
#5663=ORIENTED_EDGE('',*,*,#3030,.T.);
#5664=ORIENTED_EDGE('',*,*,#3889,.T.);
#5665=ORIENTED_EDGE('',*,*,#3881,.T.);
#5666=ORIENTED_EDGE('',*,*,#3887,.T.);
#5667=ORIENTED_EDGE('',*,*,#3701,.T.);
#5668=ORIENTED_EDGE('',*,*,#3055,.T.);
#5669=CYLINDRICAL_SURFACE('',#6134,1.49999999999999);
#5670=CYLINDRICAL_SURFACE('',#6137,1.49999999999999);
#5671=CYLINDRICAL_SURFACE('',#6289,0.825000000000665);
#5672=CYLINDRICAL_SURFACE('',#6291,0.825000000000387);
#5673=CYLINDRICAL_SURFACE('',#6296,0.500000000000007);
#5674=CYLINDRICAL_SURFACE('',#6299,0.499999999999989);
#5675=CYLINDRICAL_SURFACE('',#6302,0.500000000000007);
#5676=CYLINDRICAL_SURFACE('',#6305,0.500000000000007);
#5677=CYLINDRICAL_SURFACE('',#6308,0.500000000000007);
#5678=CYLINDRICAL_SURFACE('',#6311,0.499999999999998);
#5679=CYLINDRICAL_SURFACE('',#6314,0.500000000000007);
#5680=CYLINDRICAL_SURFACE('',#6317,0.499999999999989);
#5681=CYLINDRICAL_SURFACE('',#6320,0.500000000000007);
#5682=CYLINDRICAL_SURFACE('',#6323,0.500000000000007);
#5683=CYLINDRICAL_SURFACE('',#6326,0.500000000000007);
#5684=CYLINDRICAL_SURFACE('',#6329,0.500000000000007);
#5685=CYLINDRICAL_SURFACE('',#6332,0.500000000000007);
#5686=CYLINDRICAL_SURFACE('',#6335,0.500000000000007);
#5687=CYLINDRICAL_SURFACE('',#6338,0.500000000000007);
#5688=CYLINDRICAL_SURFACE('',#6341,0.499999999999998);
#5689=CYLINDRICAL_SURFACE('',#6344,0.499999999999972);
#5690=CYLINDRICAL_SURFACE('',#6347,0.499999999999989);
#5691=CYLINDRICAL_SURFACE('',#6350,0.500000000000007);
#5692=CYLINDRICAL_SURFACE('',#6353,0.499999999999998);
#5693=CYLINDRICAL_SURFACE('',#6356,0.500000000000007);
#5694=CYLINDRICAL_SURFACE('',#6359,0.500000000000007);
#5695=CYLINDRICAL_SURFACE('',#6362,0.500000000000007);
#5696=CYLINDRICAL_SURFACE('',#6365,0.499999999999998);
#5697=CYLINDRICAL_SURFACE('',#6368,0.500000000000007);
#5698=CYLINDRICAL_SURFACE('',#6371,0.500000000000007);
#5699=CYLINDRICAL_SURFACE('',#6374,0.499999999999972);
#5700=CYLINDRICAL_SURFACE('',#6377,0.499999999999998);
#5701=CYLINDRICAL_SURFACE('',#6380,0.500000000000007);
#5702=CYLINDRICAL_SURFACE('',#6383,0.500000000000007);
#5703=CYLINDRICAL_SURFACE('',#6386,0.499999999999972);
#5704=CYLINDRICAL_SURFACE('',#6389,0.499999999999998);
#5705=CYLINDRICAL_SURFACE('',#6392,0.500000000000007);
#5706=CYLINDRICAL_SURFACE('',#6395,0.499999999999998);
#5707=CYLINDRICAL_SURFACE('',#6398,0.500000000000007);
#5708=CYLINDRICAL_SURFACE('',#6401,0.499999999999998);
#5709=CYLINDRICAL_SURFACE('',#6404,0.500000000000007);
#5710=CYLINDRICAL_SURFACE('',#6407,0.499999999999998);
#5711=CYLINDRICAL_SURFACE('',#6410,0.500000000000007);
#5712=CYLINDRICAL_SURFACE('',#6413,0.499999999999989);
#5713=CYLINDRICAL_SURFACE('',#6416,0.500000000000007);
#5714=CYLINDRICAL_SURFACE('',#6419,0.500000000000007);
#5715=CYLINDRICAL_SURFACE('',#6422,0.500000000000007);
#5716=CYLINDRICAL_SURFACE('',#6425,0.500000000000007);
#5717=CYLINDRICAL_SURFACE('',#6428,0.500000000000007);
#5718=CYLINDRICAL_SURFACE('',#6431,0.500000000000007);
#5719=CYLINDRICAL_SURFACE('',#6434,0.499999999999972);
#5720=CYLINDRICAL_SURFACE('',#6437,0.500000000000007);
#5721=CYLINDRICAL_SURFACE('',#6440,0.500000000000007);
#5722=CYLINDRICAL_SURFACE('',#6443,0.499999999999989);
#5723=CYLINDRICAL_SURFACE('',#6446,0.500000000000007);
#5724=CYLINDRICAL_SURFACE('',#6449,0.499999999999998);
#5725=CYLINDRICAL_SURFACE('',#6452,0.500000000000007);
#5726=CYLINDRICAL_SURFACE('',#6455,0.499999999999998);
#5727=CYLINDRICAL_SURFACE('',#6458,0.499999999999972);
#5728=CYLINDRICAL_SURFACE('',#6461,0.499999999999989);
#5729=CYLINDRICAL_SURFACE('',#6464,0.500000000000007);
#5730=CYLINDRICAL_SURFACE('',#6467,0.499999999999998);
#5731=CYLINDRICAL_SURFACE('',#6470,0.500000000000007);
#5732=CYLINDRICAL_SURFACE('',#6473,0.499999999999998);
#5733=CYLINDRICAL_SURFACE('',#6476,0.499999999999972);
#5734=CYLINDRICAL_SURFACE('',#6479,0.499999999999998);
#5735=CYLINDRICAL_SURFACE('',#6482,0.500000000000007);
#5736=CYLINDRICAL_SURFACE('',#6485,0.499999999999998);
#5737=CYLINDRICAL_SURFACE('',#6488,0.500000000000007);
#5738=CYLINDRICAL_SURFACE('',#6491,0.500000000000007);
#5739=CYLINDRICAL_SURFACE('',#6494,0.500000000000007);
#5740=CYLINDRICAL_SURFACE('',#6497,0.500000000000007);
#5741=CYLINDRICAL_SURFACE('',#6499,0.499999999999998);
#5742=CYLINDRICAL_SURFACE('',#6502,0.499999999999972);
#5743=CYLINDRICAL_SURFACE('',#6505,0.500000000000007);
#5744=CYLINDRICAL_SURFACE('',#6508,0.499999999999998);
#5745=CYLINDRICAL_SURFACE('',#6511,0.500000000000007);
#5746=CYLINDRICAL_SURFACE('',#6514,0.499999999999998);
#5747=CYLINDRICAL_SURFACE('',#6517,0.500000000000007);
#5748=CYLINDRICAL_SURFACE('',#6520,0.499999999999998);
#5749=CYLINDRICAL_SURFACE('',#6523,0.500000000000007);
#5750=CYLINDRICAL_SURFACE('',#6526,0.499999999999998);
#5751=CYLINDRICAL_SURFACE('',#6529,0.500000000000007);
#5752=CYLINDRICAL_SURFACE('',#6532,0.499999999999998);
#5753=CYLINDRICAL_SURFACE('',#6535,0.500000000000007);
#5754=CYLINDRICAL_SURFACE('',#6538,0.499999999999998);
#5755=CYLINDRICAL_SURFACE('',#6541,0.500000000000007);
#5756=CYLINDRICAL_SURFACE('',#6544,0.499999999999998);
#5757=CYLINDRICAL_SURFACE('',#6547,0.500000000000007);
#5758=CYLINDRICAL_SURFACE('',#6550,0.499999999999989);
#5759=CYLINDRICAL_SURFACE('',#6553,0.500000000000007);
#5760=CYLINDRICAL_SURFACE('',#6556,0.500000000000007);
#5761=CYLINDRICAL_SURFACE('',#6559,0.500000000000007);
#5762=CYLINDRICAL_SURFACE('',#6562,0.500000000000007);
#5763=CYLINDRICAL_SURFACE('',#6564,0.499999999999998);
#5764=CYLINDRICAL_SURFACE('',#6567,0.500000000000007);
#5765=CYLINDRICAL_SURFACE('',#6571,0.499999999999972);
#5766=CYLINDRICAL_SURFACE('',#6574,0.500000000000007);
#5767=CYLINDRICAL_SURFACE('',#6577,0.500000000000007);
#5768=CYLINDRICAL_SURFACE('',#6580,0.500000000000007);
#5769=CYLINDRICAL_SURFACE('',#6582,0.500000000000007);
#5770=CYLINDRICAL_SURFACE('',#6585,0.500000000000007);
#5771=CYLINDRICAL_SURFACE('',#6589,0.500000000000007);
#5772=CYLINDRICAL_SURFACE('',#6592,0.500000000000007);
#5773=CYLINDRICAL_SURFACE('',#6595,0.499999999999972);
#5774=CYLINDRICAL_SURFACE('',#6598,0.500000000000007);
#5775=CYLINDRICAL_SURFACE('',#6601,0.500000000000007);
#5776=CYLINDRICAL_SURFACE('',#6604,0.499999999999998);
#5777=CYLINDRICAL_SURFACE('',#6607,0.500000000000007);
#5778=CYLINDRICAL_SURFACE('',#6610,0.499999999999998);
#5779=CYLINDRICAL_SURFACE('',#6613,0.500000000000007);
#5780=CYLINDRICAL_SURFACE('',#6616,0.500000000000007);
#5781=CYLINDRICAL_SURFACE('',#6619,0.499999999999972);
#5782=CYLINDRICAL_SURFACE('',#6622,0.499999999999998);
#5783=CYLINDRICAL_SURFACE('',#6625,0.499999999999972);
#5784=CYLINDRICAL_SURFACE('',#6628,0.500000000000007);
#5785=CYLINDRICAL_SURFACE('',#6631,0.500000000000007);
#5786=CYLINDRICAL_SURFACE('',#6634,0.500000000000007);
#5787=CYLINDRICAL_SURFACE('',#6637,0.500000000000007);
#5788=CYLINDRICAL_SURFACE('',#6640,0.499999999999998);
#5789=CYLINDRICAL_SURFACE('',#6643,0.500000000000007);
#5790=CYLINDRICAL_SURFACE('',#6646,0.499999999999989);
#5791=CYLINDRICAL_SURFACE('',#6649,0.500000000000007);
#5792=CYLINDRICAL_SURFACE('',#6652,0.500000000000007);
#5793=CYLINDRICAL_SURFACE('',#6655,0.500000000000007);
#5794=CYLINDRICAL_SURFACE('',#6658,0.500000000000007);
#5795=CYLINDRICAL_SURFACE('',#6661,0.500000000000007);
#5796=CYLINDRICAL_SURFACE('',#6664,0.500000000000007);
#5797=CYLINDRICAL_SURFACE('',#6667,0.500000000000007);
#5798=CYLINDRICAL_SURFACE('',#6670,0.500000000000007);
#5799=CYLINDRICAL_SURFACE('',#6673,0.500000000000007);
#5800=CYLINDRICAL_SURFACE('',#6676,0.499999999999998);
#5801=CYLINDRICAL_SURFACE('',#6679,0.500000000000007);
#5802=CYLINDRICAL_SURFACE('',#6682,0.499999999999989);
#5803=CYLINDRICAL_SURFACE('',#6685,0.499999999999972);
#5804=CYLINDRICAL_SURFACE('',#6688,0.500000000000007);
#5805=CYLINDRICAL_SURFACE('',#6691,0.499999999999972);
#5806=CYLINDRICAL_SURFACE('',#6694,0.500000000000007);
#5807=CYLINDRICAL_SURFACE('',#6697,4.99999999999993);
#5808=CYLINDRICAL_SURFACE('',#6700,4.99999999999996);
#5809=ADVANCED_FACE('',(#253),#5669,.F.);
#5810=ADVANCED_FACE('',(#254),#5670,.F.);
#5811=ADVANCED_FACE('',(#255),#95,.F.);
#5812=ADVANCED_FACE('',(#256),#96,.T.);
#5813=ADVANCED_FACE('',(#257),#97,.T.);
#5814=ADVANCED_FACE('',(#258),#98,.T.);
#5815=ADVANCED_FACE('',(#259),#99,.T.);
#5816=ADVANCED_FACE('',(#260),#100,.T.);
#5817=ADVANCED_FACE('',(#261),#101,.T.);
#5818=ADVANCED_FACE('',(#262),#102,.T.);
#5819=ADVANCED_FACE('',(#263,#27,#28,#29,#30,#31,#32,#33,#34,#35,#36,#37,
#38,#39,#40,#41,#42,#43,#44,#45,#46,#47,#48,#49,#50,#51,#52,#53,#54,#55,
#56,#57,#58,#59,#60),#103,.T.);
#5820=ADVANCED_FACE('',(#264),#104,.F.);
#5821=ADVANCED_FACE('',(#265),#105,.F.);
#5822=ADVANCED_FACE('',(#266),#5671,.F.);
#5823=ADVANCED_FACE('',(#267),#5672,.F.);
#5824=ADVANCED_FACE('',(#268),#106,.T.);
#5825=ADVANCED_FACE('',(#269),#107,.T.);
#5826=ADVANCED_FACE('',(#270),#108,.T.);
#5827=ADVANCED_FACE('',(#271),#5673,.F.);
#5828=ADVANCED_FACE('',(#272),#109,.T.);
#5829=ADVANCED_FACE('',(#273),#5674,.F.);
#5830=ADVANCED_FACE('',(#274),#110,.T.);
#5831=ADVANCED_FACE('',(#275),#5675,.F.);
#5832=ADVANCED_FACE('',(#276),#111,.T.);
#5833=ADVANCED_FACE('',(#277),#5676,.F.);
#5834=ADVANCED_FACE('',(#278),#112,.T.);
#5835=ADVANCED_FACE('',(#279),#5677,.F.);
#5836=ADVANCED_FACE('',(#280),#113,.T.);
#5837=ADVANCED_FACE('',(#281),#5678,.F.);
#5838=ADVANCED_FACE('',(#282),#114,.T.);
#5839=ADVANCED_FACE('',(#283),#5679,.F.);
#5840=ADVANCED_FACE('',(#284),#115,.T.);
#5841=ADVANCED_FACE('',(#285),#5680,.F.);
#5842=ADVANCED_FACE('',(#286),#116,.T.);
#5843=ADVANCED_FACE('',(#287),#5681,.F.);
#5844=ADVANCED_FACE('',(#288),#117,.T.);
#5845=ADVANCED_FACE('',(#289),#5682,.F.);
#5846=ADVANCED_FACE('',(#290),#118,.T.);
#5847=ADVANCED_FACE('',(#291),#5683,.F.);
#5848=ADVANCED_FACE('',(#292),#119,.T.);
#5849=ADVANCED_FACE('',(#293),#5684,.F.);
#5850=ADVANCED_FACE('',(#294),#120,.T.);
#5851=ADVANCED_FACE('',(#295),#5685,.F.);
#5852=ADVANCED_FACE('',(#296),#121,.T.);
#5853=ADVANCED_FACE('',(#297),#5686,.F.);
#5854=ADVANCED_FACE('',(#298),#122,.T.);
#5855=ADVANCED_FACE('',(#299),#5687,.F.);
#5856=ADVANCED_FACE('',(#300),#123,.T.);
#5857=ADVANCED_FACE('',(#301),#5688,.F.);
#5858=ADVANCED_FACE('',(#302),#124,.T.);
#5859=ADVANCED_FACE('',(#303),#5689,.F.);
#5860=ADVANCED_FACE('',(#304),#125,.T.);
#5861=ADVANCED_FACE('',(#305),#5690,.F.);
#5862=ADVANCED_FACE('',(#306),#126,.T.);
#5863=ADVANCED_FACE('',(#307),#5691,.F.);
#5864=ADVANCED_FACE('',(#308),#127,.T.);
#5865=ADVANCED_FACE('',(#309),#5692,.F.);
#5866=ADVANCED_FACE('',(#310),#128,.T.);
#5867=ADVANCED_FACE('',(#311),#5693,.F.);
#5868=ADVANCED_FACE('',(#312),#129,.T.);
#5869=ADVANCED_FACE('',(#313),#5694,.F.);
#5870=ADVANCED_FACE('',(#314),#130,.T.);
#5871=ADVANCED_FACE('',(#315),#5695,.F.);
#5872=ADVANCED_FACE('',(#316),#131,.T.);
#5873=ADVANCED_FACE('',(#317),#5696,.F.);
#5874=ADVANCED_FACE('',(#318),#132,.T.);
#5875=ADVANCED_FACE('',(#319),#5697,.F.);
#5876=ADVANCED_FACE('',(#320),#133,.T.);
#5877=ADVANCED_FACE('',(#321),#5698,.F.);
#5878=ADVANCED_FACE('',(#322),#134,.T.);
#5879=ADVANCED_FACE('',(#323),#5699,.F.);
#5880=ADVANCED_FACE('',(#324),#135,.T.);
#5881=ADVANCED_FACE('',(#325),#5700,.F.);
#5882=ADVANCED_FACE('',(#326),#136,.T.);
#5883=ADVANCED_FACE('',(#327),#5701,.F.);
#5884=ADVANCED_FACE('',(#328),#137,.T.);
#5885=ADVANCED_FACE('',(#329),#5702,.F.);
#5886=ADVANCED_FACE('',(#330),#138,.T.);
#5887=ADVANCED_FACE('',(#331),#5703,.F.);
#5888=ADVANCED_FACE('',(#332),#139,.T.);
#5889=ADVANCED_FACE('',(#333),#5704,.F.);
#5890=ADVANCED_FACE('',(#334),#140,.T.);
#5891=ADVANCED_FACE('',(#335),#5705,.F.);
#5892=ADVANCED_FACE('',(#336),#141,.T.);
#5893=ADVANCED_FACE('',(#337),#5706,.F.);
#5894=ADVANCED_FACE('',(#338),#142,.T.);
#5895=ADVANCED_FACE('',(#339),#5707,.F.);
#5896=ADVANCED_FACE('',(#340),#143,.T.);
#5897=ADVANCED_FACE('',(#341),#5708,.F.);
#5898=ADVANCED_FACE('',(#342),#144,.T.);
#5899=ADVANCED_FACE('',(#343),#5709,.F.);
#5900=ADVANCED_FACE('',(#344),#145,.T.);
#5901=ADVANCED_FACE('',(#345),#5710,.F.);
#5902=ADVANCED_FACE('',(#346),#146,.T.);
#5903=ADVANCED_FACE('',(#347),#5711,.F.);
#5904=ADVANCED_FACE('',(#348),#147,.T.);
#5905=ADVANCED_FACE('',(#349),#5712,.F.);
#5906=ADVANCED_FACE('',(#350),#148,.T.);
#5907=ADVANCED_FACE('',(#351),#5713,.F.);
#5908=ADVANCED_FACE('',(#352),#149,.T.);
#5909=ADVANCED_FACE('',(#353),#5714,.F.);
#5910=ADVANCED_FACE('',(#354),#150,.T.);
#5911=ADVANCED_FACE('',(#355),#5715,.F.);
#5912=ADVANCED_FACE('',(#356),#151,.T.);
#5913=ADVANCED_FACE('',(#357),#5716,.F.);
#5914=ADVANCED_FACE('',(#358),#152,.T.);
#5915=ADVANCED_FACE('',(#359),#5717,.F.);
#5916=ADVANCED_FACE('',(#360),#153,.T.);
#5917=ADVANCED_FACE('',(#361),#5718,.F.);
#5918=ADVANCED_FACE('',(#362),#154,.T.);
#5919=ADVANCED_FACE('',(#363),#5719,.F.);
#5920=ADVANCED_FACE('',(#364),#155,.T.);
#5921=ADVANCED_FACE('',(#365),#5720,.F.);
#5922=ADVANCED_FACE('',(#366),#156,.T.);
#5923=ADVANCED_FACE('',(#367),#5721,.F.);
#5924=ADVANCED_FACE('',(#368),#157,.T.);
#5925=ADVANCED_FACE('',(#369),#5722,.F.);
#5926=ADVANCED_FACE('',(#370),#158,.T.);
#5927=ADVANCED_FACE('',(#371),#5723,.F.);
#5928=ADVANCED_FACE('',(#372),#159,.T.);
#5929=ADVANCED_FACE('',(#373),#5724,.F.);
#5930=ADVANCED_FACE('',(#374),#160,.T.);
#5931=ADVANCED_FACE('',(#375),#5725,.F.);
#5932=ADVANCED_FACE('',(#376),#161,.T.);
#5933=ADVANCED_FACE('',(#377),#5726,.F.);
#5934=ADVANCED_FACE('',(#378),#162,.T.);
#5935=ADVANCED_FACE('',(#379),#5727,.F.);
#5936=ADVANCED_FACE('',(#380),#163,.T.);
#5937=ADVANCED_FACE('',(#381),#5728,.F.);
#5938=ADVANCED_FACE('',(#382),#164,.T.);
#5939=ADVANCED_FACE('',(#383),#5729,.F.);
#5940=ADVANCED_FACE('',(#384),#165,.T.);
#5941=ADVANCED_FACE('',(#385),#5730,.F.);
#5942=ADVANCED_FACE('',(#386),#166,.T.);
#5943=ADVANCED_FACE('',(#387),#5731,.F.);
#5944=ADVANCED_FACE('',(#388),#167,.T.);
#5945=ADVANCED_FACE('',(#389),#5732,.F.);
#5946=ADVANCED_FACE('',(#390),#168,.T.);
#5947=ADVANCED_FACE('',(#391),#5733,.F.);
#5948=ADVANCED_FACE('',(#392),#169,.T.);
#5949=ADVANCED_FACE('',(#393),#5734,.F.);
#5950=ADVANCED_FACE('',(#394),#170,.T.);
#5951=ADVANCED_FACE('',(#395),#5735,.F.);
#5952=ADVANCED_FACE('',(#396),#171,.T.);
#5953=ADVANCED_FACE('',(#397),#5736,.F.);
#5954=ADVANCED_FACE('',(#398),#172,.T.);
#5955=ADVANCED_FACE('',(#399),#5737,.F.);
#5956=ADVANCED_FACE('',(#400),#173,.T.);
#5957=ADVANCED_FACE('',(#401),#5738,.F.);
#5958=ADVANCED_FACE('',(#402),#174,.T.);
#5959=ADVANCED_FACE('',(#403),#5739,.F.);
#5960=ADVANCED_FACE('',(#404),#175,.T.);
#5961=ADVANCED_FACE('',(#405),#5740,.F.);
#5962=ADVANCED_FACE('',(#406),#5741,.F.);
#5963=ADVANCED_FACE('',(#407),#176,.T.);
#5964=ADVANCED_FACE('',(#408),#5742,.F.);
#5965=ADVANCED_FACE('',(#409),#177,.T.);
#5966=ADVANCED_FACE('',(#410),#5743,.F.);
#5967=ADVANCED_FACE('',(#411),#178,.T.);
#5968=ADVANCED_FACE('',(#412),#5744,.F.);
#5969=ADVANCED_FACE('',(#413),#179,.T.);
#5970=ADVANCED_FACE('',(#414),#5745,.F.);
#5971=ADVANCED_FACE('',(#415),#180,.T.);
#5972=ADVANCED_FACE('',(#416),#5746,.F.);
#5973=ADVANCED_FACE('',(#417),#181,.T.);
#5974=ADVANCED_FACE('',(#418),#5747,.F.);
#5975=ADVANCED_FACE('',(#419),#182,.T.);
#5976=ADVANCED_FACE('',(#420),#5748,.F.);
#5977=ADVANCED_FACE('',(#421),#183,.T.);
#5978=ADVANCED_FACE('',(#422),#5749,.F.);
#5979=ADVANCED_FACE('',(#423),#184,.T.);
#5980=ADVANCED_FACE('',(#424),#5750,.F.);
#5981=ADVANCED_FACE('',(#425),#185,.T.);
#5982=ADVANCED_FACE('',(#426),#5751,.F.);
#5983=ADVANCED_FACE('',(#427),#186,.T.);
#5984=ADVANCED_FACE('',(#428),#5752,.F.);
#5985=ADVANCED_FACE('',(#429),#187,.T.);
#5986=ADVANCED_FACE('',(#430),#5753,.F.);
#5987=ADVANCED_FACE('',(#431),#188,.T.);
#5988=ADVANCED_FACE('',(#432),#5754,.F.);
#5989=ADVANCED_FACE('',(#433),#189,.T.);
#5990=ADVANCED_FACE('',(#434),#5755,.F.);
#5991=ADVANCED_FACE('',(#435),#190,.T.);
#5992=ADVANCED_FACE('',(#436),#5756,.F.);
#5993=ADVANCED_FACE('',(#437),#191,.T.);
#5994=ADVANCED_FACE('',(#438),#5757,.F.);
#5995=ADVANCED_FACE('',(#439),#192,.T.);
#5996=ADVANCED_FACE('',(#440),#5758,.F.);
#5997=ADVANCED_FACE('',(#441),#193,.T.);
#5998=ADVANCED_FACE('',(#442),#5759,.F.);
#5999=ADVANCED_FACE('',(#443),#194,.T.);
#6000=ADVANCED_FACE('',(#444),#5760,.F.);
#6001=ADVANCED_FACE('',(#445),#195,.T.);
#6002=ADVANCED_FACE('',(#446),#5761,.F.);
#6003=ADVANCED_FACE('',(#447),#196,.T.);
#6004=ADVANCED_FACE('',(#448),#5762,.F.);
#6005=ADVANCED_FACE('',(#449),#5763,.F.);
#6006=ADVANCED_FACE('',(#450),#197,.T.);
#6007=ADVANCED_FACE('',(#451),#5764,.F.);
#6008=ADVANCED_FACE('',(#452),#198,.T.);
#6009=ADVANCED_FACE('',(#453),#199,.T.);
#6010=ADVANCED_FACE('',(#454),#5765,.F.);
#6011=ADVANCED_FACE('',(#455),#200,.T.);
#6012=ADVANCED_FACE('',(#456),#5766,.F.);
#6013=ADVANCED_FACE('',(#457),#201,.T.);
#6014=ADVANCED_FACE('',(#458),#5767,.F.);
#6015=ADVANCED_FACE('',(#459),#202,.T.);
#6016=ADVANCED_FACE('',(#460),#5768,.F.);
#6017=ADVANCED_FACE('',(#461),#5769,.F.);
#6018=ADVANCED_FACE('',(#462),#203,.T.);
#6019=ADVANCED_FACE('',(#463),#5770,.F.);
#6020=ADVANCED_FACE('',(#464),#204,.T.);
#6021=ADVANCED_FACE('',(#465),#205,.T.);
#6022=ADVANCED_FACE('',(#466),#5771,.F.);
#6023=ADVANCED_FACE('',(#467),#206,.T.);
#6024=ADVANCED_FACE('',(#468),#5772,.F.);
#6025=ADVANCED_FACE('',(#469),#207,.T.);
#6026=ADVANCED_FACE('',(#470),#5773,.F.);
#6027=ADVANCED_FACE('',(#471),#208,.T.);
#6028=ADVANCED_FACE('',(#472),#5774,.F.);
#6029=ADVANCED_FACE('',(#473),#209,.T.);
#6030=ADVANCED_FACE('',(#474),#5775,.F.);
#6031=ADVANCED_FACE('',(#475),#210,.T.);
#6032=ADVANCED_FACE('',(#476),#5776,.F.);
#6033=ADVANCED_FACE('',(#477),#211,.T.);
#6034=ADVANCED_FACE('',(#478),#5777,.F.);
#6035=ADVANCED_FACE('',(#479),#212,.T.);
#6036=ADVANCED_FACE('',(#480),#5778,.F.);
#6037=ADVANCED_FACE('',(#481),#213,.T.);
#6038=ADVANCED_FACE('',(#482),#5779,.F.);
#6039=ADVANCED_FACE('',(#483),#214,.T.);
#6040=ADVANCED_FACE('',(#484),#5780,.F.);
#6041=ADVANCED_FACE('',(#485),#215,.T.);
#6042=ADVANCED_FACE('',(#486),#5781,.F.);
#6043=ADVANCED_FACE('',(#487),#216,.T.);
#6044=ADVANCED_FACE('',(#488),#5782,.F.);
#6045=ADVANCED_FACE('',(#489),#217,.T.);
#6046=ADVANCED_FACE('',(#490),#5783,.F.);
#6047=ADVANCED_FACE('',(#491),#218,.T.);
#6048=ADVANCED_FACE('',(#492),#5784,.F.);
#6049=ADVANCED_FACE('',(#493),#219,.T.);
#6050=ADVANCED_FACE('',(#494),#5785,.F.);
#6051=ADVANCED_FACE('',(#495),#220,.T.);
#6052=ADVANCED_FACE('',(#496),#5786,.F.);
#6053=ADVANCED_FACE('',(#497),#221,.T.);
#6054=ADVANCED_FACE('',(#498),#5787,.F.);
#6055=ADVANCED_FACE('',(#499),#222,.T.);
#6056=ADVANCED_FACE('',(#500),#5788,.F.);
#6057=ADVANCED_FACE('',(#501),#223,.T.);
#6058=ADVANCED_FACE('',(#502),#5789,.F.);
#6059=ADVANCED_FACE('',(#503),#224,.T.);
#6060=ADVANCED_FACE('',(#504),#5790,.F.);
#6061=ADVANCED_FACE('',(#505),#225,.T.);
#6062=ADVANCED_FACE('',(#506),#5791,.F.);
#6063=ADVANCED_FACE('',(#507),#226,.T.);
#6064=ADVANCED_FACE('',(#508),#5792,.F.);
#6065=ADVANCED_FACE('',(#509),#227,.T.);
#6066=ADVANCED_FACE('',(#510),#5793,.F.);
#6067=ADVANCED_FACE('',(#511),#228,.T.);
#6068=ADVANCED_FACE('',(#512),#5794,.F.);
#6069=ADVANCED_FACE('',(#513),#229,.T.);
#6070=ADVANCED_FACE('',(#514),#5795,.F.);
#6071=ADVANCED_FACE('',(#515),#230,.T.);
#6072=ADVANCED_FACE('',(#516),#5796,.F.);
#6073=ADVANCED_FACE('',(#517),#231,.T.);
#6074=ADVANCED_FACE('',(#518),#5797,.F.);
#6075=ADVANCED_FACE('',(#519),#232,.T.);
#6076=ADVANCED_FACE('',(#520),#5798,.F.);
#6077=ADVANCED_FACE('',(#521),#233,.T.);
#6078=ADVANCED_FACE('',(#522),#5799,.F.);
#6079=ADVANCED_FACE('',(#523),#234,.T.);
#6080=ADVANCED_FACE('',(#524),#5800,.F.);
#6081=ADVANCED_FACE('',(#525),#235,.T.);
#6082=ADVANCED_FACE('',(#526),#5801,.F.);
#6083=ADVANCED_FACE('',(#527),#236,.T.);
#6084=ADVANCED_FACE('',(#528),#5802,.F.);
#6085=ADVANCED_FACE('',(#529),#237,.T.);
#6086=ADVANCED_FACE('',(#530),#5803,.F.);
#6087=ADVANCED_FACE('',(#531),#238,.T.);
#6088=ADVANCED_FACE('',(#532),#5804,.F.);
#6089=ADVANCED_FACE('',(#533),#239,.T.);
#6090=ADVANCED_FACE('',(#534),#5805,.F.);
#6091=ADVANCED_FACE('',(#535),#240,.T.);
#6092=ADVANCED_FACE('',(#536),#5806,.F.);
#6093=ADVANCED_FACE('',(#537),#241,.F.);
#6094=ADVANCED_FACE('',(#538),#5807,.T.);
#6095=ADVANCED_FACE('',(#539),#242,.T.);
#6096=ADVANCED_FACE('',(#540),#5808,.T.);
#6097=ADVANCED_FACE('',(#541),#243,.T.);
#6098=ADVANCED_FACE('',(#542),#244,.T.);
#6099=ADVANCED_FACE('',(#543,#61,#62,#63,#64,#65,#66,#67,#68,#69,#70,#71,
#72,#73,#74,#75,#76,#77,#78,#79,#80,#81,#82,#83,#84,#85,#86,#87,#88,#89,
#90,#91,#92,#93,#94),#245,.F.);
#6100=ADVANCED_FACE('',(#544),#246,.T.);
#6101=ADVANCED_FACE('',(#545),#247,.T.);
#6102=ADVANCED_FACE('',(#546),#248,.T.);
#6103=ADVANCED_FACE('',(#547),#249,.T.);
#6104=ADVANCED_FACE('',(#548),#250,.T.);
#6105=ADVANCED_FACE('',(#549),#251,.T.);
#6106=ADVANCED_FACE('',(#550),#252,.T.);
#6107=CLOSED_SHELL('',(#5809,#5810,#5811,#5812,#5813,#5814,#5815,#5816,
#5817,#5818,#5819,#5820,#5821,#5822,#5823,#5824,#5825,#5826,#5827,#5828,
#5829,#5830,#5831,#5832,#5833,#5834,#5835,#5836,#5837,#5838,#5839,#5840,
#5841,#5842,#5843,#5844,#5845,#5846,#5847,#5848,#5849,#5850,#5851,#5852,
#5853,#5854,#5855,#5856,#5857,#5858,#5859,#5860,#5861,#5862,#5863,#5864,
#5865,#5866,#5867,#5868,#5869,#5870,#5871,#5872,#5873,#5874,#5875,#5876,
#5877,#5878,#5879,#5880,#5881,#5882,#5883,#5884,#5885,#5886,#5887,#5888,
#5889,#5890,#5891,#5892,#5893,#5894,#5895,#5896,#5897,#5898,#5899,#5900,
#5901,#5902,#5903,#5904,#5905,#5906,#5907,#5908,#5909,#5910,#5911,#5912,
#5913,#5914,#5915,#5916,#5917,#5918,#5919,#5920,#5921,#5922,#5923,#5924,
#5925,#5926,#5927,#5928,#5929,#5930,#5931,#5932,#5933,#5934,#5935,#5936,
#5937,#5938,#5939,#5940,#5941,#5942,#5943,#5944,#5945,#5946,#5947,#5948,
#5949,#5950,#5951,#5952,#5953,#5954,#5955,#5956,#5957,#5958,#5959,#5960,
#5961,#5962,#5963,#5964,#5965,#5966,#5967,#5968,#5969,#5970,#5971,#5972,
#5973,#5974,#5975,#5976,#5977,#5978,#5979,#5980,#5981,#5982,#5983,#5984,
#5985,#5986,#5987,#5988,#5989,#5990,#5991,#5992,#5993,#5994,#5995,#5996,
#5997,#5998,#5999,#6000,#6001,#6002,#6003,#6004,#6005,#6006,#6007,#6008,
#6009,#6010,#6011,#6012,#6013,#6014,#6015,#6016,#6017,#6018,#6019,#6020,
#6021,#6022,#6023,#6024,#6025,#6026,#6027,#6028,#6029,#6030,#6031,#6032,
#6033,#6034,#6035,#6036,#6037,#6038,#6039,#6040,#6041,#6042,#6043,#6044,
#6045,#6046,#6047,#6048,#6049,#6050,#6051,#6052,#6053,#6054,#6055,#6056,
#6057,#6058,#6059,#6060,#6061,#6062,#6063,#6064,#6065,#6066,#6067,#6068,
#6069,#6070,#6071,#6072,#6073,#6074,#6075,#6076,#6077,#6078,#6079,#6080,
#6081,#6082,#6083,#6084,#6085,#6086,#6087,#6088,#6089,#6090,#6091,#6092,
#6093,#6094,#6095,#6096,#6097,#6098,#6099,#6100,#6101,#6102,#6103,#6104,
#6105,#6106));
#6108=DERIVED_UNIT_ELEMENT(#6112,1.);
#6109=DERIVED_UNIT_ELEMENT(#10290,-3.);
#6110=DERIVED_UNIT_ELEMENT(#6112,1.);
#6111=DERIVED_UNIT_ELEMENT(#10290,-3.);
#6112=(
MASS_UNIT()
NAMED_UNIT(*)
SI_UNIT(.KILO.,.GRAM.)
);
#6113=DERIVED_UNIT((#6108,#6109));
#6114=DERIVED_UNIT((#6110,#6111));
#6115=MEASURE_REPRESENTATION_ITEM('density measure',
POSITIVE_RATIO_MEASURE(7850.),#6113);
#6116=MEASURE_REPRESENTATION_ITEM('density measure',
POSITIVE_RATIO_MEASURE(7850.),#6114);
#6117=PROPERTY_DEFINITION_REPRESENTATION(#6127,#6121);
#6118=PROPERTY_DEFINITION_REPRESENTATION(#6128,#6122);
#6119=PROPERTY_DEFINITION_REPRESENTATION(#6129,#6123);
#6120=PROPERTY_DEFINITION_REPRESENTATION(#6130,#6124);
#6121=REPRESENTATION('material name',(#6125),#10286);
#6122=REPRESENTATION('density',(#6115),#10286);
#6123=REPRESENTATION('material name',(#6126),#10287);
#6124=REPRESENTATION('density',(#6116),#10287);
#6125=DESCRIPTIVE_REPRESENTATION_ITEM('Steel','Steel');
#6126=DESCRIPTIVE_REPRESENTATION_ITEM('Steel','Steel');
#6127=PROPERTY_DEFINITION('material property','material name',#10311);
#6128=PROPERTY_DEFINITION('material property','density of part',#10311);
#6129=PROPERTY_DEFINITION('material property','material name',#10312);
#6130=PROPERTY_DEFINITION('material property','density of part',#10312);
#6131=AXIS2_PLACEMENT_3D('',#8494,#6716,#6717);
#6132=AXIS2_PLACEMENT_3D('',#8495,#6718,#6719);
#6133=AXIS2_PLACEMENT_3D('',#8496,#6720,#6721);
#6134=AXIS2_PLACEMENT_3D('',#8497,#6722,#6723);
#6135=AXIS2_PLACEMENT_3D('',#8499,#6724,#6725);
#6136=AXIS2_PLACEMENT_3D('',#8502,#6727,#6728);
#6137=AXIS2_PLACEMENT_3D('',#8503,#6729,#6730);
#6138=AXIS2_PLACEMENT_3D('',#8505,#6731,#6732);
#6139=AXIS2_PLACEMENT_3D('',#8508,#6734,#6735);
#6140=AXIS2_PLACEMENT_3D('',#8509,#6736,#6737);
#6141=AXIS2_PLACEMENT_3D('',#8522,#6744,#6745);
#6142=AXIS2_PLACEMENT_3D('',#8531,#6750,#6751);
#6143=AXIS2_PLACEMENT_3D('',#8537,#6755,#6756);
#6144=AXIS2_PLACEMENT_3D('',#8548,#6761,#6762);
#6145=AXIS2_PLACEMENT_3D('',#8550,#6764,#6765);
#6146=AXIS2_PLACEMENT_3D('',#8556,#6768,#6769);
#6147=AXIS2_PLACEMENT_3D('',#8560,#6772,#6773);
#6148=AXIS2_PLACEMENT_3D('',#8566,#6777,#6778);
#6149=AXIS2_PLACEMENT_3D('',#8572,#6782,#6783);
#6150=AXIS2_PLACEMENT_3D('',#8575,#6786,#6787);
#6151=AXIS2_PLACEMENT_3D('',#8582,#6790,#6791);
#6152=AXIS2_PLACEMENT_3D('',#8585,#6793,#6794);
#6153=AXIS2_PLACEMENT_3D('',#8592,#6798,#6799);
#6154=AXIS2_PLACEMENT_3D('',#8596,#6801,#6802);
#6155=AXIS2_PLACEMENT_3D('',#8604,#6806,#6807);
#6156=AXIS2_PLACEMENT_3D('',#8608,#6809,#6810);
#6157=AXIS2_PLACEMENT_3D('',#8616,#6814,#6815);
#6158=AXIS2_PLACEMENT_3D('',#8620,#6817,#6818);
#6159=AXIS2_PLACEMENT_3D('',#8624,#6820,#6821);
#6160=AXIS2_PLACEMENT_3D('',#8628,#6823,#6824);
#6161=AXIS2_PLACEMENT_3D('',#8632,#6826,#6827);
#6162=AXIS2_PLACEMENT_3D('',#8636,#6829,#6830);
#6163=AXIS2_PLACEMENT_3D('',#8640,#6832,#6833);
#6164=AXIS2_PLACEMENT_3D('',#8644,#6835,#6836);
#6165=AXIS2_PLACEMENT_3D('',#8648,#6838,#6839);
#6166=AXIS2_PLACEMENT_3D('',#8652,#6841,#6842);
#6167=AXIS2_PLACEMENT_3D('',#8656,#6844,#6845);
#6168=AXIS2_PLACEMENT_3D('',#8660,#6847,#6848);
#6169=AXIS2_PLACEMENT_3D('',#8664,#6850,#6851);
#6170=AXIS2_PLACEMENT_3D('',#8668,#6853,#6854);
#6171=AXIS2_PLACEMENT_3D('',#8672,#6856,#6857);
#6172=AXIS2_PLACEMENT_3D('',#8676,#6859,#6860);
#6173=AXIS2_PLACEMENT_3D('',#8680,#6862,#6863);
#6174=AXIS2_PLACEMENT_3D('',#8684,#6865,#6866);
#6175=AXIS2_PLACEMENT_3D('',#8688,#6868,#6869);
#6176=AXIS2_PLACEMENT_3D('',#8692,#6871,#6872);
#6177=AXIS2_PLACEMENT_3D('',#8696,#6874,#6875);
#6178=AXIS2_PLACEMENT_3D('',#8700,#6877,#6878);
#6179=AXIS2_PLACEMENT_3D('',#8704,#6880,#6881);
#6180=AXIS2_PLACEMENT_3D('',#8708,#6883,#6884);
#6181=AXIS2_PLACEMENT_3D('',#8712,#6886,#6887);
#6182=AXIS2_PLACEMENT_3D('',#8716,#6889,#6890);
#6183=AXIS2_PLACEMENT_3D('',#8720,#6892,#6893);
#6184=AXIS2_PLACEMENT_3D('',#8724,#6895,#6896);
#6185=AXIS2_PLACEMENT_3D('',#8728,#6898,#6899);
#6186=AXIS2_PLACEMENT_3D('',#8732,#6901,#6902);
#6187=AXIS2_PLACEMENT_3D('',#8736,#6904,#6905);
#6188=AXIS2_PLACEMENT_3D('',#8740,#6907,#6908);
#6189=AXIS2_PLACEMENT_3D('',#8744,#6910,#6911);
#6190=AXIS2_PLACEMENT_3D('',#8748,#6913,#6914);
#6191=AXIS2_PLACEMENT_3D('',#8752,#6916,#6917);
#6192=AXIS2_PLACEMENT_3D('',#8756,#6919,#6920);
#6193=AXIS2_PLACEMENT_3D('',#8760,#6922,#6923);
#6194=AXIS2_PLACEMENT_3D('',#8764,#6925,#6926);
#6195=AXIS2_PLACEMENT_3D('',#8768,#6928,#6929);
#6196=AXIS2_PLACEMENT_3D('',#8772,#6931,#6932);
#6197=AXIS2_PLACEMENT_3D('',#8776,#6934,#6935);
#6198=AXIS2_PLACEMENT_3D('',#8780,#6937,#6938);
#6199=AXIS2_PLACEMENT_3D('',#8784,#6940,#6941);
#6200=AXIS2_PLACEMENT_3D('',#8788,#6943,#6944);
#6201=AXIS2_PLACEMENT_3D('',#8792,#6946,#6947);
#6202=AXIS2_PLACEMENT_3D('',#8796,#6949,#6950);
#6203=AXIS2_PLACEMENT_3D('',#8800,#6952,#6953);
#6204=AXIS2_PLACEMENT_3D('',#8804,#6955,#6956);
#6205=AXIS2_PLACEMENT_3D('',#8808,#6958,#6959);
#6206=AXIS2_PLACEMENT_3D('',#8812,#6961,#6962);
#6207=AXIS2_PLACEMENT_3D('',#8816,#6964,#6965);
#6208=AXIS2_PLACEMENT_3D('',#8820,#6967,#6968);
#6209=AXIS2_PLACEMENT_3D('',#8824,#6970,#6971);
#6210=AXIS2_PLACEMENT_3D('',#8828,#6973,#6974);
#6211=AXIS2_PLACEMENT_3D('',#8832,#6976,#6977);
#6212=AXIS2_PLACEMENT_3D('',#8836,#6979,#6980);
#6213=AXIS2_PLACEMENT_3D('',#8840,#6982,#6983);
#6214=AXIS2_PLACEMENT_3D('',#8844,#6985,#6986);
#6215=AXIS2_PLACEMENT_3D('',#8848,#6988,#6989);
#6216=AXIS2_PLACEMENT_3D('',#8852,#6991,#6992);
#6217=AXIS2_PLACEMENT_3D('',#8856,#6994,#6995);
#6218=AXIS2_PLACEMENT_3D('',#8860,#6997,#6998);
#6219=AXIS2_PLACEMENT_3D('',#8864,#7000,#7001);
#6220=AXIS2_PLACEMENT_3D('',#8868,#7003,#7004);
#6221=AXIS2_PLACEMENT_3D('',#8872,#7006,#7007);
#6222=AXIS2_PLACEMENT_3D('',#8876,#7009,#7010);
#6223=AXIS2_PLACEMENT_3D('',#8880,#7012,#7013);
#6224=AXIS2_PLACEMENT_3D('',#8884,#7015,#7016);
#6225=AXIS2_PLACEMENT_3D('',#8888,#7018,#7019);
#6226=AXIS2_PLACEMENT_3D('',#8892,#7021,#7022);
#6227=AXIS2_PLACEMENT_3D('',#8896,#7024,#7025);
#6228=AXIS2_PLACEMENT_3D('',#8900,#7027,#7028);
#6229=AXIS2_PLACEMENT_3D('',#8904,#7030,#7031);
#6230=AXIS2_PLACEMENT_3D('',#8908,#7033,#7034);
#6231=AXIS2_PLACEMENT_3D('',#8912,#7036,#7037);
#6232=AXIS2_PLACEMENT_3D('',#8916,#7039,#7040);
#6233=AXIS2_PLACEMENT_3D('',#8920,#7042,#7043);
#6234=AXIS2_PLACEMENT_3D('',#8924,#7045,#7046);
#6235=AXIS2_PLACEMENT_3D('',#8928,#7048,#7049);
#6236=AXIS2_PLACEMENT_3D('',#8932,#7051,#7052);
#6237=AXIS2_PLACEMENT_3D('',#8936,#7054,#7055);
#6238=AXIS2_PLACEMENT_3D('',#8940,#7057,#7058);
#6239=AXIS2_PLACEMENT_3D('',#8944,#7060,#7061);
#6240=AXIS2_PLACEMENT_3D('',#8948,#7063,#7064);
#6241=AXIS2_PLACEMENT_3D('',#8952,#7066,#7067);
#6242=AXIS2_PLACEMENT_3D('',#8956,#7069,#7070);
#6243=AXIS2_PLACEMENT_3D('',#8960,#7072,#7073);
#6244=AXIS2_PLACEMENT_3D('',#8964,#7075,#7076);
#6245=AXIS2_PLACEMENT_3D('',#8968,#7078,#7079);
#6246=AXIS2_PLACEMENT_3D('',#8972,#7081,#7082);
#6247=AXIS2_PLACEMENT_3D('',#8976,#7084,#7085);
#6248=AXIS2_PLACEMENT_3D('',#8980,#7087,#7088);
#6249=AXIS2_PLACEMENT_3D('',#8984,#7090,#7091);
#6250=AXIS2_PLACEMENT_3D('',#8988,#7093,#7094);
#6251=AXIS2_PLACEMENT_3D('',#8992,#7096,#7097);
#6252=AXIS2_PLACEMENT_3D('',#8996,#7099,#7100);
#6253=AXIS2_PLACEMENT_3D('',#9000,#7102,#7103);
#6254=AXIS2_PLACEMENT_3D('',#9004,#7105,#7106);
#6255=AXIS2_PLACEMENT_3D('',#9008,#7108,#7109);
#6256=AXIS2_PLACEMENT_3D('',#9012,#7111,#7112);
#6257=AXIS2_PLACEMENT_3D('',#9016,#7114,#7115);
#6258=AXIS2_PLACEMENT_3D('',#9020,#7117,#7118);
#6259=AXIS2_PLACEMENT_3D('',#9024,#7120,#7121);
#6260=AXIS2_PLACEMENT_3D('',#9028,#7123,#7124);
#6261=AXIS2_PLACEMENT_3D('',#9032,#7126,#7127);
#6262=AXIS2_PLACEMENT_3D('',#9036,#7129,#7130);
#6263=AXIS2_PLACEMENT_3D('',#9040,#7132,#7133);
#6264=AXIS2_PLACEMENT_3D('',#9044,#7135,#7136);
#6265=AXIS2_PLACEMENT_3D('',#9048,#7138,#7139);
#6266=AXIS2_PLACEMENT_3D('',#9052,#7141,#7142);
#6267=AXIS2_PLACEMENT_3D('',#9056,#7144,#7145);
#6268=AXIS2_PLACEMENT_3D('',#9060,#7147,#7148);
#6269=AXIS2_PLACEMENT_3D('',#9064,#7150,#7151);
#6270=AXIS2_PLACEMENT_3D('',#9068,#7153,#7154);
#6271=AXIS2_PLACEMENT_3D('',#9072,#7156,#7157);
#6272=AXIS2_PLACEMENT_3D('',#9076,#7159,#7160);
#6273=AXIS2_PLACEMENT_3D('',#9080,#7162,#7163);
#6274=AXIS2_PLACEMENT_3D('',#9084,#7165,#7166);
#6275=AXIS2_PLACEMENT_3D('',#9088,#7168,#7169);
#6276=AXIS2_PLACEMENT_3D('',#9092,#7171,#7172);
#6277=AXIS2_PLACEMENT_3D('',#9096,#7174,#7175);
#6278=AXIS2_PLACEMENT_3D('',#9100,#7177,#7178);
#6279=AXIS2_PLACEMENT_3D('',#9104,#7180,#7181);
#6280=AXIS2_PLACEMENT_3D('',#9108,#7183,#7184);
#6281=AXIS2_PLACEMENT_3D('',#9112,#7186,#7187);
#6282=AXIS2_PLACEMENT_3D('',#9116,#7189,#7190);
#6283=AXIS2_PLACEMENT_3D('',#9120,#7192,#7193);
#6284=AXIS2_PLACEMENT_3D('',#9124,#7195,#7196);
#6285=AXIS2_PLACEMENT_3D('',#9128,#7198,#7199);
#6286=AXIS2_PLACEMENT_3D('',#9132,#7201,#7202);
#6287=AXIS2_PLACEMENT_3D('',#9134,#7204,#7205);
#6288=AXIS2_PLACEMENT_3D('',#9140,#7209,#7210);
#6289=AXIS2_PLACEMENT_3D('',#9146,#7214,#7215);
#6290=AXIS2_PLACEMENT_3D('',#9147,#7216,#7217);
#6291=AXIS2_PLACEMENT_3D('',#9148,#7218,#7219);
#6292=AXIS2_PLACEMENT_3D('',#9150,#7220,#7221);
#6293=AXIS2_PLACEMENT_3D('',#9152,#7223,#7224);
#6294=AXIS2_PLACEMENT_3D('',#9154,#7226,#7227);
#6295=AXIS2_PLACEMENT_3D('',#9158,#7230,#7231);
#6296=AXIS2_PLACEMENT_3D('',#9164,#7235,#7236);
#6297=AXIS2_PLACEMENT_3D('',#9166,#7237,#7238);
#6298=AXIS2_PLACEMENT_3D('',#9168,#7240,#7241);
#6299=AXIS2_PLACEMENT_3D('',#9172,#7244,#7245);
#6300=AXIS2_PLACEMENT_3D('',#9174,#7246,#7247);
#6301=AXIS2_PLACEMENT_3D('',#9176,#7249,#7250);
#6302=AXIS2_PLACEMENT_3D('',#9180,#7253,#7254);
#6303=AXIS2_PLACEMENT_3D('',#9182,#7255,#7256);
#6304=AXIS2_PLACEMENT_3D('',#9184,#7258,#7259);
#6305=AXIS2_PLACEMENT_3D('',#9188,#7262,#7263);
#6306=AXIS2_PLACEMENT_3D('',#9189,#7264,#7265);
#6307=AXIS2_PLACEMENT_3D('',#9190,#7266,#7267);
#6308=AXIS2_PLACEMENT_3D('',#9196,#7271,#7272);
#6309=AXIS2_PLACEMENT_3D('',#9198,#7273,#7274);
#6310=AXIS2_PLACEMENT_3D('',#9200,#7276,#7277);
#6311=AXIS2_PLACEMENT_3D('',#9204,#7280,#7281);
#6312=AXIS2_PLACEMENT_3D('',#9206,#7282,#7283);
#6313=AXIS2_PLACEMENT_3D('',#9208,#7285,#7286);
#6314=AXIS2_PLACEMENT_3D('',#9212,#7289,#7290);
#6315=AXIS2_PLACEMENT_3D('',#9214,#7291,#7292);
#6316=AXIS2_PLACEMENT_3D('',#9216,#7294,#7295);
#6317=AXIS2_PLACEMENT_3D('',#9220,#7298,#7299);
#6318=AXIS2_PLACEMENT_3D('',#9221,#7300,#7301);
#6319=AXIS2_PLACEMENT_3D('',#9222,#7302,#7303);
#6320=AXIS2_PLACEMENT_3D('',#9228,#7307,#7308);
#6321=AXIS2_PLACEMENT_3D('',#9230,#7309,#7310);
#6322=AXIS2_PLACEMENT_3D('',#9232,#7312,#7313);
#6323=AXIS2_PLACEMENT_3D('',#9236,#7316,#7317);
#6324=AXIS2_PLACEMENT_3D('',#9238,#7318,#7319);
#6325=AXIS2_PLACEMENT_3D('',#9240,#7321,#7322);
#6326=AXIS2_PLACEMENT_3D('',#9244,#7325,#7326);
#6327=AXIS2_PLACEMENT_3D('',#9246,#7327,#7328);
#6328=AXIS2_PLACEMENT_3D('',#9248,#7330,#7331);
#6329=AXIS2_PLACEMENT_3D('',#9252,#7334,#7335);
#6330=AXIS2_PLACEMENT_3D('',#9253,#7336,#7337);
#6331=AXIS2_PLACEMENT_3D('',#9254,#7338,#7339);
#6332=AXIS2_PLACEMENT_3D('',#9260,#7343,#7344);
#6333=AXIS2_PLACEMENT_3D('',#9262,#7345,#7346);
#6334=AXIS2_PLACEMENT_3D('',#9264,#7348,#7349);
#6335=AXIS2_PLACEMENT_3D('',#9268,#7352,#7353);
#6336=AXIS2_PLACEMENT_3D('',#9270,#7354,#7355);
#6337=AXIS2_PLACEMENT_3D('',#9272,#7357,#7358);
#6338=AXIS2_PLACEMENT_3D('',#9276,#7361,#7362);
#6339=AXIS2_PLACEMENT_3D('',#9278,#7363,#7364);
#6340=AXIS2_PLACEMENT_3D('',#9280,#7366,#7367);
#6341=AXIS2_PLACEMENT_3D('',#9284,#7370,#7371);
#6342=AXIS2_PLACEMENT_3D('',#9285,#7372,#7373);
#6343=AXIS2_PLACEMENT_3D('',#9286,#7374,#7375);
#6344=AXIS2_PLACEMENT_3D('',#9292,#7379,#7380);
#6345=AXIS2_PLACEMENT_3D('',#9294,#7381,#7382);
#6346=AXIS2_PLACEMENT_3D('',#9296,#7384,#7385);
#6347=AXIS2_PLACEMENT_3D('',#9300,#7388,#7389);
#6348=AXIS2_PLACEMENT_3D('',#9302,#7390,#7391);
#6349=AXIS2_PLACEMENT_3D('',#9304,#7393,#7394);
#6350=AXIS2_PLACEMENT_3D('',#9308,#7397,#7398);
#6351=AXIS2_PLACEMENT_3D('',#9310,#7399,#7400);
#6352=AXIS2_PLACEMENT_3D('',#9312,#7402,#7403);
#6353=AXIS2_PLACEMENT_3D('',#9316,#7406,#7407);
#6354=AXIS2_PLACEMENT_3D('',#9317,#7408,#7409);
#6355=AXIS2_PLACEMENT_3D('',#9318,#7410,#7411);
#6356=AXIS2_PLACEMENT_3D('',#9324,#7415,#7416);
#6357=AXIS2_PLACEMENT_3D('',#9326,#7417,#7418);
#6358=AXIS2_PLACEMENT_3D('',#9328,#7420,#7421);
#6359=AXIS2_PLACEMENT_3D('',#9332,#7424,#7425);
#6360=AXIS2_PLACEMENT_3D('',#9334,#7426,#7427);
#6361=AXIS2_PLACEMENT_3D('',#9336,#7429,#7430);
#6362=AXIS2_PLACEMENT_3D('',#9340,#7433,#7434);
#6363=AXIS2_PLACEMENT_3D('',#9342,#7435,#7436);
#6364=AXIS2_PLACEMENT_3D('',#9344,#7438,#7439);
#6365=AXIS2_PLACEMENT_3D('',#9348,#7442,#7443);
#6366=AXIS2_PLACEMENT_3D('',#9349,#7444,#7445);
#6367=AXIS2_PLACEMENT_3D('',#9350,#7446,#7447);
#6368=AXIS2_PLACEMENT_3D('',#9356,#7451,#7452);
#6369=AXIS2_PLACEMENT_3D('',#9358,#7453,#7454);
#6370=AXIS2_PLACEMENT_3D('',#9360,#7456,#7457);
#6371=AXIS2_PLACEMENT_3D('',#9364,#7460,#7461);
#6372=AXIS2_PLACEMENT_3D('',#9366,#7462,#7463);
#6373=AXIS2_PLACEMENT_3D('',#9368,#7465,#7466);
#6374=AXIS2_PLACEMENT_3D('',#9372,#7469,#7470);
#6375=AXIS2_PLACEMENT_3D('',#9374,#7471,#7472);
#6376=AXIS2_PLACEMENT_3D('',#9376,#7474,#7475);
#6377=AXIS2_PLACEMENT_3D('',#9380,#7478,#7479);
#6378=AXIS2_PLACEMENT_3D('',#9381,#7480,#7481);
#6379=AXIS2_PLACEMENT_3D('',#9382,#7482,#7483);
#6380=AXIS2_PLACEMENT_3D('',#9388,#7487,#7488);
#6381=AXIS2_PLACEMENT_3D('',#9390,#7489,#7490);
#6382=AXIS2_PLACEMENT_3D('',#9392,#7492,#7493);
#6383=AXIS2_PLACEMENT_3D('',#9396,#7496,#7497);
#6384=AXIS2_PLACEMENT_3D('',#9398,#7498,#7499);
#6385=AXIS2_PLACEMENT_3D('',#9400,#7501,#7502);
#6386=AXIS2_PLACEMENT_3D('',#9404,#7505,#7506);
#6387=AXIS2_PLACEMENT_3D('',#9406,#7507,#7508);
#6388=AXIS2_PLACEMENT_3D('',#9408,#7510,#7511);
#6389=AXIS2_PLACEMENT_3D('',#9412,#7514,#7515);
#6390=AXIS2_PLACEMENT_3D('',#9413,#7516,#7517);
#6391=AXIS2_PLACEMENT_3D('',#9414,#7518,#7519);
#6392=AXIS2_PLACEMENT_3D('',#9420,#7523,#7524);
#6393=AXIS2_PLACEMENT_3D('',#9422,#7525,#7526);
#6394=AXIS2_PLACEMENT_3D('',#9424,#7528,#7529);
#6395=AXIS2_PLACEMENT_3D('',#9428,#7532,#7533);
#6396=AXIS2_PLACEMENT_3D('',#9430,#7534,#7535);
#6397=AXIS2_PLACEMENT_3D('',#9432,#7537,#7538);
#6398=AXIS2_PLACEMENT_3D('',#9436,#7541,#7542);
#6399=AXIS2_PLACEMENT_3D('',#9438,#7543,#7544);
#6400=AXIS2_PLACEMENT_3D('',#9440,#7546,#7547);
#6401=AXIS2_PLACEMENT_3D('',#9444,#7550,#7551);
#6402=AXIS2_PLACEMENT_3D('',#9445,#7552,#7553);
#6403=AXIS2_PLACEMENT_3D('',#9446,#7554,#7555);
#6404=AXIS2_PLACEMENT_3D('',#9452,#7559,#7560);
#6405=AXIS2_PLACEMENT_3D('',#9454,#7561,#7562);
#6406=AXIS2_PLACEMENT_3D('',#9456,#7564,#7565);
#6407=AXIS2_PLACEMENT_3D('',#9460,#7568,#7569);
#6408=AXIS2_PLACEMENT_3D('',#9462,#7570,#7571);
#6409=AXIS2_PLACEMENT_3D('',#9464,#7573,#7574);
#6410=AXIS2_PLACEMENT_3D('',#9468,#7577,#7578);
#6411=AXIS2_PLACEMENT_3D('',#9470,#7579,#7580);
#6412=AXIS2_PLACEMENT_3D('',#9472,#7582,#7583);
#6413=AXIS2_PLACEMENT_3D('',#9476,#7586,#7587);
#6414=AXIS2_PLACEMENT_3D('',#9477,#7588,#7589);
#6415=AXIS2_PLACEMENT_3D('',#9478,#7590,#7591);
#6416=AXIS2_PLACEMENT_3D('',#9484,#7595,#7596);
#6417=AXIS2_PLACEMENT_3D('',#9486,#7597,#7598);
#6418=AXIS2_PLACEMENT_3D('',#9488,#7600,#7601);
#6419=AXIS2_PLACEMENT_3D('',#9492,#7604,#7605);
#6420=AXIS2_PLACEMENT_3D('',#9494,#7606,#7607);
#6421=AXIS2_PLACEMENT_3D('',#9496,#7609,#7610);
#6422=AXIS2_PLACEMENT_3D('',#9500,#7613,#7614);
#6423=AXIS2_PLACEMENT_3D('',#9502,#7615,#7616);
#6424=AXIS2_PLACEMENT_3D('',#9504,#7618,#7619);
#6425=AXIS2_PLACEMENT_3D('',#9508,#7622,#7623);
#6426=AXIS2_PLACEMENT_3D('',#9509,#7624,#7625);
#6427=AXIS2_PLACEMENT_3D('',#9510,#7626,#7627);
#6428=AXIS2_PLACEMENT_3D('',#9516,#7631,#7632);
#6429=AXIS2_PLACEMENT_3D('',#9518,#7633,#7634);
#6430=AXIS2_PLACEMENT_3D('',#9520,#7636,#7637);
#6431=AXIS2_PLACEMENT_3D('',#9524,#7640,#7641);
#6432=AXIS2_PLACEMENT_3D('',#9526,#7642,#7643);
#6433=AXIS2_PLACEMENT_3D('',#9528,#7645,#7646);
#6434=AXIS2_PLACEMENT_3D('',#9532,#7649,#7650);
#6435=AXIS2_PLACEMENT_3D('',#9534,#7651,#7652);
#6436=AXIS2_PLACEMENT_3D('',#9536,#7654,#7655);
#6437=AXIS2_PLACEMENT_3D('',#9540,#7658,#7659);
#6438=AXIS2_PLACEMENT_3D('',#9541,#7660,#7661);
#6439=AXIS2_PLACEMENT_3D('',#9542,#7662,#7663);
#6440=AXIS2_PLACEMENT_3D('',#9548,#7667,#7668);
#6441=AXIS2_PLACEMENT_3D('',#9550,#7669,#7670);
#6442=AXIS2_PLACEMENT_3D('',#9552,#7672,#7673);
#6443=AXIS2_PLACEMENT_3D('',#9556,#7676,#7677);
#6444=AXIS2_PLACEMENT_3D('',#9558,#7678,#7679);
#6445=AXIS2_PLACEMENT_3D('',#9560,#7681,#7682);
#6446=AXIS2_PLACEMENT_3D('',#9564,#7685,#7686);
#6447=AXIS2_PLACEMENT_3D('',#9566,#7687,#7688);
#6448=AXIS2_PLACEMENT_3D('',#9568,#7690,#7691);
#6449=AXIS2_PLACEMENT_3D('',#9572,#7694,#7695);
#6450=AXIS2_PLACEMENT_3D('',#9573,#7696,#7697);
#6451=AXIS2_PLACEMENT_3D('',#9574,#7698,#7699);
#6452=AXIS2_PLACEMENT_3D('',#9580,#7703,#7704);
#6453=AXIS2_PLACEMENT_3D('',#9582,#7705,#7706);
#6454=AXIS2_PLACEMENT_3D('',#9584,#7708,#7709);
#6455=AXIS2_PLACEMENT_3D('',#9588,#7712,#7713);
#6456=AXIS2_PLACEMENT_3D('',#9590,#7714,#7715);
#6457=AXIS2_PLACEMENT_3D('',#9592,#7717,#7718);
#6458=AXIS2_PLACEMENT_3D('',#9596,#7721,#7722);
#6459=AXIS2_PLACEMENT_3D('',#9598,#7723,#7724);
#6460=AXIS2_PLACEMENT_3D('',#9600,#7726,#7727);
#6461=AXIS2_PLACEMENT_3D('',#9604,#7730,#7731);
#6462=AXIS2_PLACEMENT_3D('',#9605,#7732,#7733);
#6463=AXIS2_PLACEMENT_3D('',#9606,#7734,#7735);
#6464=AXIS2_PLACEMENT_3D('',#9612,#7739,#7740);
#6465=AXIS2_PLACEMENT_3D('',#9614,#7741,#7742);
#6466=AXIS2_PLACEMENT_3D('',#9616,#7744,#7745);
#6467=AXIS2_PLACEMENT_3D('',#9620,#7748,#7749);
#6468=AXIS2_PLACEMENT_3D('',#9622,#7750,#7751);
#6469=AXIS2_PLACEMENT_3D('',#9624,#7753,#7754);
#6470=AXIS2_PLACEMENT_3D('',#9628,#7757,#7758);
#6471=AXIS2_PLACEMENT_3D('',#9630,#7759,#7760);
#6472=AXIS2_PLACEMENT_3D('',#9632,#7762,#7763);
#6473=AXIS2_PLACEMENT_3D('',#9636,#7766,#7767);
#6474=AXIS2_PLACEMENT_3D('',#9637,#7768,#7769);
#6475=AXIS2_PLACEMENT_3D('',#9638,#7770,#7771);
#6476=AXIS2_PLACEMENT_3D('',#9644,#7775,#7776);
#6477=AXIS2_PLACEMENT_3D('',#9646,#7777,#7778);
#6478=AXIS2_PLACEMENT_3D('',#9648,#7780,#7781);
#6479=AXIS2_PLACEMENT_3D('',#9652,#7784,#7785);
#6480=AXIS2_PLACEMENT_3D('',#9654,#7786,#7787);
#6481=AXIS2_PLACEMENT_3D('',#9656,#7789,#7790);
#6482=AXIS2_PLACEMENT_3D('',#9660,#7793,#7794);
#6483=AXIS2_PLACEMENT_3D('',#9662,#7795,#7796);
#6484=AXIS2_PLACEMENT_3D('',#9664,#7798,#7799);
#6485=AXIS2_PLACEMENT_3D('',#9668,#7802,#7803);
#6486=AXIS2_PLACEMENT_3D('',#9669,#7804,#7805);
#6487=AXIS2_PLACEMENT_3D('',#9670,#7806,#7807);
#6488=AXIS2_PLACEMENT_3D('',#9676,#7811,#7812);
#6489=AXIS2_PLACEMENT_3D('',#9678,#7813,#7814);
#6490=AXIS2_PLACEMENT_3D('',#9680,#7816,#7817);
#6491=AXIS2_PLACEMENT_3D('',#9684,#7820,#7821);
#6492=AXIS2_PLACEMENT_3D('',#9686,#7822,#7823);
#6493=AXIS2_PLACEMENT_3D('',#9688,#7825,#7826);
#6494=AXIS2_PLACEMENT_3D('',#9692,#7829,#7830);
#6495=AXIS2_PLACEMENT_3D('',#9694,#7831,#7832);
#6496=AXIS2_PLACEMENT_3D('',#9696,#7834,#7835);
#6497=AXIS2_PLACEMENT_3D('',#9700,#7838,#7839);
#6498=AXIS2_PLACEMENT_3D('',#9701,#7840,#7841);
#6499=AXIS2_PLACEMENT_3D('',#9702,#7842,#7843);
#6500=AXIS2_PLACEMENT_3D('',#9705,#7844,#7845);
#6501=AXIS2_PLACEMENT_3D('',#9708,#7848,#7849);
#6502=AXIS2_PLACEMENT_3D('',#9712,#7852,#7853);
#6503=AXIS2_PLACEMENT_3D('',#9714,#7854,#7855);
#6504=AXIS2_PLACEMENT_3D('',#9716,#7857,#7858);
#6505=AXIS2_PLACEMENT_3D('',#9722,#7862,#7863);
#6506=AXIS2_PLACEMENT_3D('',#9724,#7864,#7865);
#6507=AXIS2_PLACEMENT_3D('',#9726,#7867,#7868);
#6508=AXIS2_PLACEMENT_3D('',#9730,#7871,#7872);
#6509=AXIS2_PLACEMENT_3D('',#9732,#7873,#7874);
#6510=AXIS2_PLACEMENT_3D('',#9734,#7876,#7877);
#6511=AXIS2_PLACEMENT_3D('',#9738,#7880,#7881);
#6512=AXIS2_PLACEMENT_3D('',#9740,#7882,#7883);
#6513=AXIS2_PLACEMENT_3D('',#9742,#7885,#7886);
#6514=AXIS2_PLACEMENT_3D('',#9746,#7889,#7890);
#6515=AXIS2_PLACEMENT_3D('',#9747,#7891,#7892);
#6516=AXIS2_PLACEMENT_3D('',#9748,#7893,#7894);
#6517=AXIS2_PLACEMENT_3D('',#9754,#7898,#7899);
#6518=AXIS2_PLACEMENT_3D('',#9756,#7900,#7901);
#6519=AXIS2_PLACEMENT_3D('',#9758,#7903,#7904);
#6520=AXIS2_PLACEMENT_3D('',#9762,#7907,#7908);
#6521=AXIS2_PLACEMENT_3D('',#9764,#7909,#7910);
#6522=AXIS2_PLACEMENT_3D('',#9766,#7912,#7913);
#6523=AXIS2_PLACEMENT_3D('',#9770,#7916,#7917);
#6524=AXIS2_PLACEMENT_3D('',#9772,#7918,#7919);
#6525=AXIS2_PLACEMENT_3D('',#9774,#7921,#7922);
#6526=AXIS2_PLACEMENT_3D('',#9778,#7925,#7926);
#6527=AXIS2_PLACEMENT_3D('',#9779,#7927,#7928);
#6528=AXIS2_PLACEMENT_3D('',#9780,#7929,#7930);
#6529=AXIS2_PLACEMENT_3D('',#9786,#7934,#7935);
#6530=AXIS2_PLACEMENT_3D('',#9788,#7936,#7937);
#6531=AXIS2_PLACEMENT_3D('',#9790,#7939,#7940);
#6532=AXIS2_PLACEMENT_3D('',#9794,#7943,#7944);
#6533=AXIS2_PLACEMENT_3D('',#9796,#7945,#7946);
#6534=AXIS2_PLACEMENT_3D('',#9798,#7948,#7949);
#6535=AXIS2_PLACEMENT_3D('',#9802,#7952,#7953);
#6536=AXIS2_PLACEMENT_3D('',#9804,#7954,#7955);
#6537=AXIS2_PLACEMENT_3D('',#9806,#7957,#7958);
#6538=AXIS2_PLACEMENT_3D('',#9810,#7961,#7962);
#6539=AXIS2_PLACEMENT_3D('',#9811,#7963,#7964);
#6540=AXIS2_PLACEMENT_3D('',#9812,#7965,#7966);
#6541=AXIS2_PLACEMENT_3D('',#9818,#7970,#7971);
#6542=AXIS2_PLACEMENT_3D('',#9820,#7972,#7973);
#6543=AXIS2_PLACEMENT_3D('',#9822,#7975,#7976);
#6544=AXIS2_PLACEMENT_3D('',#9826,#7979,#7980);
#6545=AXIS2_PLACEMENT_3D('',#9828,#7981,#7982);
#6546=AXIS2_PLACEMENT_3D('',#9830,#7984,#7985);
#6547=AXIS2_PLACEMENT_3D('',#9834,#7988,#7989);
#6548=AXIS2_PLACEMENT_3D('',#9836,#7990,#7991);
#6549=AXIS2_PLACEMENT_3D('',#9838,#7993,#7994);
#6550=AXIS2_PLACEMENT_3D('',#9842,#7997,#7998);
#6551=AXIS2_PLACEMENT_3D('',#9843,#7999,#8000);
#6552=AXIS2_PLACEMENT_3D('',#9844,#8001,#8002);
#6553=AXIS2_PLACEMENT_3D('',#9850,#8006,#8007);
#6554=AXIS2_PLACEMENT_3D('',#9852,#8008,#8009);
#6555=AXIS2_PLACEMENT_3D('',#9854,#8011,#8012);
#6556=AXIS2_PLACEMENT_3D('',#9858,#8015,#8016);
#6557=AXIS2_PLACEMENT_3D('',#9860,#8017,#8018);
#6558=AXIS2_PLACEMENT_3D('',#9862,#8020,#8021);
#6559=AXIS2_PLACEMENT_3D('',#9866,#8024,#8025);
#6560=AXIS2_PLACEMENT_3D('',#9868,#8026,#8027);
#6561=AXIS2_PLACEMENT_3D('',#9870,#8029,#8030);
#6562=AXIS2_PLACEMENT_3D('',#9874,#8033,#8034);
#6563=AXIS2_PLACEMENT_3D('',#9875,#8035,#8036);
#6564=AXIS2_PLACEMENT_3D('',#9876,#8037,#8038);
#6565=AXIS2_PLACEMENT_3D('',#9879,#8039,#8040);
#6566=AXIS2_PLACEMENT_3D('',#9882,#8043,#8044);
#6567=AXIS2_PLACEMENT_3D('',#9886,#8047,#8048);
#6568=AXIS2_PLACEMENT_3D('',#9888,#8049,#8050);
#6569=AXIS2_PLACEMENT_3D('',#9890,#8052,#8053);
#6570=AXIS2_PLACEMENT_3D('',#9894,#8056,#8057);
#6571=AXIS2_PLACEMENT_3D('',#9900,#8061,#8062);
#6572=AXIS2_PLACEMENT_3D('',#9902,#8063,#8064);
#6573=AXIS2_PLACEMENT_3D('',#9904,#8066,#8067);
#6574=AXIS2_PLACEMENT_3D('',#9908,#8070,#8071);
#6575=AXIS2_PLACEMENT_3D('',#9910,#8072,#8073);
#6576=AXIS2_PLACEMENT_3D('',#9912,#8075,#8076);
#6577=AXIS2_PLACEMENT_3D('',#9916,#8079,#8080);
#6578=AXIS2_PLACEMENT_3D('',#9918,#8081,#8082);
#6579=AXIS2_PLACEMENT_3D('',#9920,#8084,#8085);
#6580=AXIS2_PLACEMENT_3D('',#9924,#8088,#8089);
#6581=AXIS2_PLACEMENT_3D('',#9925,#8090,#8091);
#6582=AXIS2_PLACEMENT_3D('',#9926,#8092,#8093);
#6583=AXIS2_PLACEMENT_3D('',#9929,#8094,#8095);
#6584=AXIS2_PLACEMENT_3D('',#9932,#8098,#8099);
#6585=AXIS2_PLACEMENT_3D('',#9936,#8102,#8103);
#6586=AXIS2_PLACEMENT_3D('',#9938,#8104,#8105);
#6587=AXIS2_PLACEMENT_3D('',#9940,#8107,#8108);
#6588=AXIS2_PLACEMENT_3D('',#9944,#8111,#8112);
#6589=AXIS2_PLACEMENT_3D('',#9950,#8116,#8117);
#6590=AXIS2_PLACEMENT_3D('',#9952,#8118,#8119);
#6591=AXIS2_PLACEMENT_3D('',#9954,#8121,#8122);
#6592=AXIS2_PLACEMENT_3D('',#9958,#8125,#8126);
#6593=AXIS2_PLACEMENT_3D('',#9960,#8127,#8128);
#6594=AXIS2_PLACEMENT_3D('',#9962,#8130,#8131);
#6595=AXIS2_PLACEMENT_3D('',#9966,#8134,#8135);
#6596=AXIS2_PLACEMENT_3D('',#9968,#8136,#8137);
#6597=AXIS2_PLACEMENT_3D('',#9970,#8139,#8140);
#6598=AXIS2_PLACEMENT_3D('',#9974,#8143,#8144);
#6599=AXIS2_PLACEMENT_3D('',#9975,#8145,#8146);
#6600=AXIS2_PLACEMENT_3D('',#9976,#8147,#8148);
#6601=AXIS2_PLACEMENT_3D('',#9982,#8152,#8153);
#6602=AXIS2_PLACEMENT_3D('',#9984,#8154,#8155);
#6603=AXIS2_PLACEMENT_3D('',#9986,#8157,#8158);
#6604=AXIS2_PLACEMENT_3D('',#9990,#8161,#8162);
#6605=AXIS2_PLACEMENT_3D('',#9992,#8163,#8164);
#6606=AXIS2_PLACEMENT_3D('',#9994,#8166,#8167);
#6607=AXIS2_PLACEMENT_3D('',#9998,#8170,#8171);
#6608=AXIS2_PLACEMENT_3D('',#10000,#8172,#8173);
#6609=AXIS2_PLACEMENT_3D('',#10002,#8175,#8176);
#6610=AXIS2_PLACEMENT_3D('',#10006,#8179,#8180);
#6611=AXIS2_PLACEMENT_3D('',#10007,#8181,#8182);
#6612=AXIS2_PLACEMENT_3D('',#10008,#8183,#8184);
#6613=AXIS2_PLACEMENT_3D('',#10014,#8188,#8189);
#6614=AXIS2_PLACEMENT_3D('',#10016,#8190,#8191);
#6615=AXIS2_PLACEMENT_3D('',#10018,#8193,#8194);
#6616=AXIS2_PLACEMENT_3D('',#10022,#8197,#8198);
#6617=AXIS2_PLACEMENT_3D('',#10024,#8199,#8200);
#6618=AXIS2_PLACEMENT_3D('',#10026,#8202,#8203);
#6619=AXIS2_PLACEMENT_3D('',#10030,#8206,#8207);
#6620=AXIS2_PLACEMENT_3D('',#10032,#8208,#8209);
#6621=AXIS2_PLACEMENT_3D('',#10034,#8211,#8212);
#6622=AXIS2_PLACEMENT_3D('',#10038,#8215,#8216);
#6623=AXIS2_PLACEMENT_3D('',#10039,#8217,#8218);
#6624=AXIS2_PLACEMENT_3D('',#10040,#8219,#8220);
#6625=AXIS2_PLACEMENT_3D('',#10046,#8224,#8225);
#6626=AXIS2_PLACEMENT_3D('',#10048,#8226,#8227);
#6627=AXIS2_PLACEMENT_3D('',#10050,#8229,#8230);
#6628=AXIS2_PLACEMENT_3D('',#10054,#8233,#8234);
#6629=AXIS2_PLACEMENT_3D('',#10056,#8235,#8236);
#6630=AXIS2_PLACEMENT_3D('',#10058,#8238,#8239);
#6631=AXIS2_PLACEMENT_3D('',#10062,#8242,#8243);
#6632=AXIS2_PLACEMENT_3D('',#10064,#8244,#8245);
#6633=AXIS2_PLACEMENT_3D('',#10066,#8247,#8248);
#6634=AXIS2_PLACEMENT_3D('',#10070,#8251,#8252);
#6635=AXIS2_PLACEMENT_3D('',#10071,#8253,#8254);
#6636=AXIS2_PLACEMENT_3D('',#10072,#8255,#8256);
#6637=AXIS2_PLACEMENT_3D('',#10078,#8260,#8261);
#6638=AXIS2_PLACEMENT_3D('',#10080,#8262,#8263);
#6639=AXIS2_PLACEMENT_3D('',#10082,#8265,#8266);
#6640=AXIS2_PLACEMENT_3D('',#10086,#8269,#8270);
#6641=AXIS2_PLACEMENT_3D('',#10088,#8271,#8272);
#6642=AXIS2_PLACEMENT_3D('',#10090,#8274,#8275);
#6643=AXIS2_PLACEMENT_3D('',#10094,#8278,#8279);
#6644=AXIS2_PLACEMENT_3D('',#10096,#8280,#8281);
#6645=AXIS2_PLACEMENT_3D('',#10098,#8283,#8284);
#6646=AXIS2_PLACEMENT_3D('',#10102,#8287,#8288);
#6647=AXIS2_PLACEMENT_3D('',#10103,#8289,#8290);
#6648=AXIS2_PLACEMENT_3D('',#10104,#8291,#8292);
#6649=AXIS2_PLACEMENT_3D('',#10110,#8296,#8297);
#6650=AXIS2_PLACEMENT_3D('',#10112,#8298,#8299);
#6651=AXIS2_PLACEMENT_3D('',#10114,#8301,#8302);
#6652=AXIS2_PLACEMENT_3D('',#10118,#8305,#8306);
#6653=AXIS2_PLACEMENT_3D('',#10120,#8307,#8308);
#6654=AXIS2_PLACEMENT_3D('',#10122,#8310,#8311);
#6655=AXIS2_PLACEMENT_3D('',#10126,#8314,#8315);
#6656=AXIS2_PLACEMENT_3D('',#10128,#8316,#8317);
#6657=AXIS2_PLACEMENT_3D('',#10130,#8319,#8320);
#6658=AXIS2_PLACEMENT_3D('',#10134,#8323,#8324);
#6659=AXIS2_PLACEMENT_3D('',#10135,#8325,#8326);
#6660=AXIS2_PLACEMENT_3D('',#10136,#8327,#8328);
#6661=AXIS2_PLACEMENT_3D('',#10142,#8332,#8333);
#6662=AXIS2_PLACEMENT_3D('',#10144,#8334,#8335);
#6663=AXIS2_PLACEMENT_3D('',#10146,#8337,#8338);
#6664=AXIS2_PLACEMENT_3D('',#10150,#8341,#8342);
#6665=AXIS2_PLACEMENT_3D('',#10152,#8343,#8344);
#6666=AXIS2_PLACEMENT_3D('',#10154,#8346,#8347);
#6667=AXIS2_PLACEMENT_3D('',#10158,#8350,#8351);
#6668=AXIS2_PLACEMENT_3D('',#10160,#8352,#8353);
#6669=AXIS2_PLACEMENT_3D('',#10162,#8355,#8356);
#6670=AXIS2_PLACEMENT_3D('',#10166,#8359,#8360);
#6671=AXIS2_PLACEMENT_3D('',#10167,#8361,#8362);
#6672=AXIS2_PLACEMENT_3D('',#10168,#8363,#8364);
#6673=AXIS2_PLACEMENT_3D('',#10174,#8368,#8369);
#6674=AXIS2_PLACEMENT_3D('',#10176,#8370,#8371);
#6675=AXIS2_PLACEMENT_3D('',#10178,#8373,#8374);
#6676=AXIS2_PLACEMENT_3D('',#10182,#8377,#8378);
#6677=AXIS2_PLACEMENT_3D('',#10184,#8379,#8380);
#6678=AXIS2_PLACEMENT_3D('',#10186,#8382,#8383);
#6679=AXIS2_PLACEMENT_3D('',#10190,#8386,#8387);
#6680=AXIS2_PLACEMENT_3D('',#10192,#8388,#8389);
#6681=AXIS2_PLACEMENT_3D('',#10194,#8391,#8392);
#6682=AXIS2_PLACEMENT_3D('',#10198,#8395,#8396);
#6683=AXIS2_PLACEMENT_3D('',#10199,#8397,#8398);
#6684=AXIS2_PLACEMENT_3D('',#10200,#8399,#8400);
#6685=AXIS2_PLACEMENT_3D('',#10206,#8404,#8405);
#6686=AXIS2_PLACEMENT_3D('',#10208,#8406,#8407);
#6687=AXIS2_PLACEMENT_3D('',#10210,#8409,#8410);
#6688=AXIS2_PLACEMENT_3D('',#10214,#8413,#8414);
#6689=AXIS2_PLACEMENT_3D('',#10216,#8415,#8416);
#6690=AXIS2_PLACEMENT_3D('',#10218,#8418,#8419);
#6691=AXIS2_PLACEMENT_3D('',#10222,#8422,#8423);
#6692=AXIS2_PLACEMENT_3D('',#10224,#8424,#8425);
#6693=AXIS2_PLACEMENT_3D('',#10226,#8427,#8428);
#6694=AXIS2_PLACEMENT_3D('',#10230,#8431,#8432);
#6695=AXIS2_PLACEMENT_3D('',#10231,#8433,#8434);
#6696=AXIS2_PLACEMENT_3D('',#10232,#8435,#8436);
#6697=AXIS2_PLACEMENT_3D('',#10234,#8438,#8439);
#6698=AXIS2_PLACEMENT_3D('',#10237,#8441,#8442);
#6699=AXIS2_PLACEMENT_3D('',#10238,#8443,#8444);
#6700=AXIS2_PLACEMENT_3D('',#10242,#8447,#8448);
#6701=AXIS2_PLACEMENT_3D('',#10245,#8450,#8451);
#6702=AXIS2_PLACEMENT_3D('',#10246,#8452,#8453);
#6703=AXIS2_PLACEMENT_3D('',#10250,#8456,#8457);
#6704=AXIS2_PLACEMENT_3D('',#10254,#8460,#8461);
#6705=AXIS2_PLACEMENT_3D('',#10265,#8469,#8470);
#6706=AXIS2_PLACEMENT_3D('',#10267,#8472,#8473);
#6707=AXIS2_PLACEMENT_3D('',#10269,#8475,#8476);
#6708=AXIS2_PLACEMENT_3D('',#10271,#8478,#8479);
#6709=AXIS2_PLACEMENT_3D('',#10272,#8480,#8481);
#6710=AXIS2_PLACEMENT_3D('',#10273,#8482,#8483);
#6711=AXIS2_PLACEMENT_3D('',#10274,#8484,#8485);
#6712=AXIS2_PLACEMENT_3D('',#10275,#8486,#8487);
#6713=AXIS2_PLACEMENT_3D('',#10276,#8488,#8489);
#6714=AXIS2_PLACEMENT_3D('',#10277,#8490,#8491);
#6715=AXIS2_PLACEMENT_3D('',#10278,#8492,#8493);
#6716=DIRECTION('axis',(0.,0.,1.));
#6717=DIRECTION('refdir',(1.,0.,0.));
#6718=DIRECTION('axis',(0.,0.,1.));
#6719=DIRECTION('refdir',(1.,0.,0.));
#6720=DIRECTION('axis',(0.,0.,1.));
#6721=DIRECTION('refdir',(1.,0.,0.));
#6722=DIRECTION('center_axis',(0.,0.,1.));
#6723=DIRECTION('ref_axis',(1.,0.,0.));
#6724=DIRECTION('center_axis',(-1.22464679914735E-16,-1.224646799147E-16,
1.));
#6725=DIRECTION('ref_axis',(1.,0.,0.));
#6726=DIRECTION('',(0.,0.,1.));
#6727=DIRECTION('center_axis',(1.22464679914735E-16,1.224646799147E-16,
-1.));
#6728=DIRECTION('ref_axis',(1.,0.,0.));
#6729=DIRECTION('center_axis',(0.,0.,1.));
#6730=DIRECTION('ref_axis',(1.,0.,0.));
#6731=DIRECTION('center_axis',(-1.22464679914735E-16,-1.224646799147E-16,
1.));
#6732=DIRECTION('ref_axis',(1.,0.,0.));
#6733=DIRECTION('',(0.,0.,1.));
#6734=DIRECTION('center_axis',(1.22464679914735E-16,1.224646799147E-16,
-1.));
#6735=DIRECTION('ref_axis',(1.,0.,0.));
#6736=DIRECTION('center_axis',(-1.,0.,-7.59351329809595E-14));
#6737=DIRECTION('ref_axis',(7.59351329809595E-14,0.,-1.));
#6738=DIRECTION('',(-9.29937175479339E-30,1.,1.224646799147E-16));
#6739=DIRECTION('',(0.,0.,-1.));
#6740=DIRECTION('',(-1.4210854715202E-14,-1.,0.));
#6741=DIRECTION('',(0.,0.,-1.));
#6742=DIRECTION('',(0.,-1.,0.));
#6743=DIRECTION('',(7.59351329809595E-14,0.,-1.));
#6744=DIRECTION('center_axis',(1.,0.,0.));
#6745=DIRECTION('ref_axis',(0.,1.,0.));
#6746=DIRECTION('',(0.,1.,1.224646799147E-16));
#6747=DIRECTION('',(0.,0.,1.));
#6748=DIRECTION('',(0.,-1.,0.));
#6749=DIRECTION('',(0.,0.,1.));
#6750=DIRECTION('center_axis',(3.28954970259305E-16,1.,0.));
#6751=DIRECTION('ref_axis',(-1.,3.28954970259305E-16,0.));
#6752=DIRECTION('',(-1.,3.28954970259305E-16,-1.22464679914735E-16));
#6753=DIRECTION('',(0.,0.,1.));
#6754=DIRECTION('',(1.,0.,0.));
#6755=DIRECTION('center_axis',(0.,1.,0.));
#6756=DIRECTION('ref_axis',(-1.,0.,-1.69994475971103E-49));
#6757=DIRECTION('',(-1.,0.,-1.22464679914735E-16));
#6758=DIRECTION('',(0.,0.,1.));
#6759=DIRECTION('',(1.,0.,-3.44789759200359E-18));
#6760=DIRECTION('',(0.707106781186548,0.,0.707106781186548));
#6761=DIRECTION('center_axis',(0.,-1.,0.));
#6762=DIRECTION('ref_axis',(1.,0.,-9.68921912399683E-14));
#6763=DIRECTION('',(-1.51870265961937E-13,0.,1.));
#6764=DIRECTION('center_axis',(0.,1.,0.));
#6765=DIRECTION('ref_axis',(-1.,0.,-1.69994475971103E-49));
#6766=DIRECTION('',(0.,0.,-1.));
#6767=DIRECTION('',(-1.,0.,-1.22464679914735E-16));
#6768=DIRECTION('center_axis',(0.,-1.,0.));
#6769=DIRECTION('ref_axis',(-0.707106781186214,0.,-0.707106781186881));
#6770=DIRECTION('',(0.707106781186585,0.,-0.70710678118651));
#6771=DIRECTION('',(1.,0.,-3.44789759200359E-18));
#6772=DIRECTION('center_axis',(-1.,0.,0.));
#6773=DIRECTION('ref_axis',(0.,-1.,0.));
#6774=DIRECTION('',(0.,-1.,-1.224646799147E-16));
#6775=DIRECTION('',(0.,0.,-1.));
#6776=DIRECTION('',(0.,1.,0.));
#6777=DIRECTION('center_axis',(1.41396074882353E-14,-1.,0.));
#6778=DIRECTION('ref_axis',(1.,1.41396074882353E-14,0.));
#6779=DIRECTION('',(1.,1.41396074882353E-14,1.22464679914737E-16));
#6780=DIRECTION('',(0.,0.,-1.));
#6781=DIRECTION('',(-1.,-2.34457036256244E-16,3.44789759200359E-18));
#6782=DIRECTION('center_axis',(1.41396074882353E-14,-1.,0.));
#6783=DIRECTION('ref_axis',(1.,1.41396074882353E-14,0.));
#6784=DIRECTION('',(1.,1.41396074882353E-14,1.22464679914737E-16));
#6785=DIRECTION('',(-1.,-2.34457036256244E-16,3.44789759200359E-18));
#6786=DIRECTION('center_axis',(-1.22464679914735E-16,-1.224646799147E-16,
1.));
#6787=DIRECTION('ref_axis',(1.,-1.49975978266142E-32,1.22464679914735E-16));
#6788=DIRECTION('',(2.01858731750028E-17,1.,1.224646799147E-16));
#6789=DIRECTION('',(1.,5.51663614720575E-17,1.22464679914735E-16));
#6790=DIRECTION('center_axis',(-1.22464679914735E-16,-1.224646799147E-16,
1.));
#6791=DIRECTION('ref_axis',(0.,-1.,0.));
#6792=DIRECTION('',(0.,1.,1.224646799147E-16));
#6793=DIRECTION('center_axis',(-1.22464679914735E-16,-1.224646799147E-16,
1.));
#6794=DIRECTION('ref_axis',(1.,-4.44089209850069E-16,0.));
#6795=DIRECTION('',(1.85987435095889E-29,-1.,-1.224646799147E-16));
#6796=DIRECTION('',(2.01858731750028E-17,1.,1.224646799147E-16));
#6797=DIRECTION('',(1.,-1.49975978266142E-32,1.22464679914735E-16));
#6798=DIRECTION('center_axis',(1.22464679914735E-16,1.224646799147E-16,
-1.));
#6799=DIRECTION('ref_axis',(1.,-1.49975978266142E-32,1.22464679914735E-16));
#6800=DIRECTION('',(0.,-1.,-1.224646799147E-16));
#6801=DIRECTION('center_axis',(1.22464679914735E-16,1.224646799147E-16,
-1.));
#6802=DIRECTION('ref_axis',(0.,-1.,-1.224646799147E-16));
#6803=DIRECTION('',(-1.,1.49975978266142E-32,-1.22464679914735E-16));
#6804=DIRECTION('',(2.01858731750028E-17,1.,1.224646799147E-16));
#6805=DIRECTION('',(1.,-1.49975978266142E-32,1.22464679914735E-16));
#6806=DIRECTION('center_axis',(1.22464679914735E-16,1.224646799147E-16,
-1.));
#6807=DIRECTION('ref_axis',(1.,-1.49975978266142E-32,1.22464679914735E-16));
#6808=DIRECTION('',(0.,-1.,-1.224646799147E-16));
#6809=DIRECTION('center_axis',(1.22464679914735E-16,1.224646799147E-16,
-1.));
#6810=DIRECTION('ref_axis',(-7.10542735760103E-14,-1.,-1.22464679914709E-16));
#6811=DIRECTION('',(-1.,1.49975978266142E-32,-1.22464679914735E-16));
#6812=DIRECTION('',(2.01858731750028E-17,1.,1.224646799147E-16));
#6813=DIRECTION('',(1.,-1.49975978266142E-32,1.22464679914735E-16));
#6814=DIRECTION('center_axis',(1.22464679914735E-16,1.224646799147E-16,
-1.));
#6815=DIRECTION('ref_axis',(1.,-1.49975978266142E-32,1.22464679914735E-16));
#6816=DIRECTION('',(0.,-1.,-1.224646799147E-16));
#6817=DIRECTION('center_axis',(1.22464679914735E-16,1.224646799147E-16,
-1.));
#6818=DIRECTION('ref_axis',(1.71056941445898E-48,-1.,-1.224646799147E-16));
#6819=DIRECTION('',(-1.,1.49975978266142E-32,-1.22464679914735E-16));
#6820=DIRECTION('center_axis',(1.22464679914735E-16,1.224646799147E-16,
-1.));
#6821=DIRECTION('ref_axis',(-1.71056941445898E-48,1.,1.224646799147E-16));
#6822=DIRECTION('',(1.,-1.49975978266142E-32,1.22464679914735E-16));
#6823=DIRECTION('center_axis',(1.22464679914735E-16,1.224646799147E-16,
-1.));
#6824=DIRECTION('ref_axis',(1.,-1.49975978266142E-32,1.22464679914735E-16));
#6825=DIRECTION('',(0.,-1.,-1.224646799147E-16));
#6826=DIRECTION('center_axis',(1.22464679914735E-16,1.224646799147E-16,
-1.));
#6827=DIRECTION('ref_axis',(1.71056941445898E-48,-1.,-1.224646799147E-16));
#6828=DIRECTION('',(-1.,1.49975978266142E-32,-1.22464679914735E-16));
#6829=DIRECTION('center_axis',(1.22464679914735E-16,1.224646799147E-16,
-1.));
#6830=DIRECTION('ref_axis',(-1.,-3.5527136788007E-14,-1.2246467991474E-16));
#6831=DIRECTION('',(0.,1.,1.224646799147E-16));
#6832=DIRECTION('center_axis',(1.22464679914735E-16,1.224646799147E-16,
-1.));
#6833=DIRECTION('ref_axis',(-3.42113882891808E-48,1.,1.224646799147E-16));
#6834=DIRECTION('',(1.,-1.49975978266142E-32,1.22464679914735E-16));
#6835=DIRECTION('center_axis',(1.22464679914735E-16,1.224646799147E-16,
-1.));
#6836=DIRECTION('ref_axis',(1.,-1.49975978266142E-32,1.22464679914735E-16));
#6837=DIRECTION('',(0.,-1.,-1.224646799147E-16));
#6838=DIRECTION('center_axis',(1.22464679914735E-16,1.224646799147E-16,
-1.));
#6839=DIRECTION('ref_axis',(0.,-1.,-1.224646799147E-16));
#6840=DIRECTION('',(-1.,1.49975978266142E-32,-1.22464679914735E-16));
#6841=DIRECTION('center_axis',(1.22464679914735E-16,1.224646799147E-16,
-1.));
#6842=DIRECTION('ref_axis',(-1.,1.49975978266142E-32,-1.22464679914735E-16));
#6843=DIRECTION('',(0.,1.,1.224646799147E-16));
#6844=DIRECTION('center_axis',(1.22464679914735E-16,1.224646799147E-16,
-1.));
#6845=DIRECTION('ref_axis',(-1.71056941445898E-48,1.,1.224646799147E-16));
#6846=DIRECTION('',(1.,-1.49975978266142E-32,1.22464679914735E-16));
#6847=DIRECTION('center_axis',(1.22464679914735E-16,1.224646799147E-16,
-1.));
#6848=DIRECTION('ref_axis',(1.,-1.49975978266142E-32,1.22464679914735E-16));
#6849=DIRECTION('',(0.,-1.,-1.224646799147E-16));
#6850=DIRECTION('center_axis',(1.22464679914735E-16,1.224646799147E-16,
-1.));
#6851=DIRECTION('ref_axis',(1.71056941445898E-48,-1.,-1.224646799147E-16));
#6852=DIRECTION('',(-1.,1.49975978266142E-32,-1.22464679914735E-16));
#6853=DIRECTION('center_axis',(1.22464679914735E-16,1.224646799147E-16,
-1.));
#6854=DIRECTION('ref_axis',(-1.,-3.55271367880045E-14,-1.2246467991474E-16));
#6855=DIRECTION('',(0.,1.,1.224646799147E-16));
#6856=DIRECTION('center_axis',(1.22464679914735E-16,1.224646799147E-16,
-1.));
#6857=DIRECTION('ref_axis',(-1.71056941445898E-48,1.,1.224646799147E-16));
#6858=DIRECTION('',(1.,-1.49975978266142E-32,1.22464679914735E-16));
#6859=DIRECTION('center_axis',(1.22464679914735E-16,1.224646799147E-16,
-1.));
#6860=DIRECTION('ref_axis',(1.,-1.49975978266142E-32,1.22464679914735E-16));
#6861=DIRECTION('',(0.,-1.,-1.224646799147E-16));
#6862=DIRECTION('center_axis',(1.22464679914735E-16,1.224646799147E-16,
-1.));
#6863=DIRECTION('ref_axis',(1.71056941445898E-48,-1.,-1.224646799147E-16));
#6864=DIRECTION('',(-1.,1.49975978266142E-32,-1.22464679914735E-16));
#6865=DIRECTION('center_axis',(1.22464679914735E-16,1.224646799147E-16,
-1.));
#6866=DIRECTION('ref_axis',(-1.,1.49975978266142E-32,-1.22464679914735E-16));
#6867=DIRECTION('',(0.,1.,1.224646799147E-16));
#6868=DIRECTION('center_axis',(1.22464679914735E-16,1.224646799147E-16,
-1.));
#6869=DIRECTION('ref_axis',(-3.42113882891808E-48,1.,1.224646799147E-16));
#6870=DIRECTION('',(1.,-1.49975978266142E-32,1.22464679914735E-16));
#6871=DIRECTION('center_axis',(1.22464679914735E-16,1.224646799147E-16,
-1.));
#6872=DIRECTION('ref_axis',(1.,-1.49975978266142E-32,1.22464679914735E-16));
#6873=DIRECTION('',(0.,-1.,-1.224646799147E-16));
#6874=DIRECTION('center_axis',(1.22464679914735E-16,1.224646799147E-16,
-1.));
#6875=DIRECTION('ref_axis',(0.,-1.,-1.224646799147E-16));
#6876=DIRECTION('',(-1.,1.49975978266142E-32,-1.22464679914735E-16));
#6877=DIRECTION('center_axis',(1.22464679914735E-16,1.224646799147E-16,
-1.));
#6878=DIRECTION('ref_axis',(-1.,1.49975978266142E-32,-1.22464679914735E-16));
#6879=DIRECTION('',(0.,1.,1.224646799147E-16));
#6880=DIRECTION('center_axis',(1.22464679914735E-16,1.224646799147E-16,
-1.));
#6881=DIRECTION('ref_axis',(-1.71056941445898E-48,1.,1.224646799147E-16));
#6882=DIRECTION('',(1.,-1.49975978266142E-32,1.22464679914735E-16));
#6883=DIRECTION('center_axis',(1.22464679914735E-16,1.224646799147E-16,
-1.));
#6884=DIRECTION('ref_axis',(1.,-1.49975978266142E-32,1.22464679914735E-16));
#6885=DIRECTION('',(0.,-1.,-1.224646799147E-16));
#6886=DIRECTION('center_axis',(1.22464679914735E-16,1.224646799147E-16,
-1.));
#6887=DIRECTION('ref_axis',(1.71056941445898E-48,-1.,-1.224646799147E-16));
#6888=DIRECTION('',(-1.,1.49975978266142E-32,-1.22464679914735E-16));
#6889=DIRECTION('center_axis',(1.22464679914735E-16,1.224646799147E-16,
-1.));
#6890=DIRECTION('ref_axis',(-1.,1.49975978266142E-32,-1.22464679914735E-16));
#6891=DIRECTION('',(0.,1.,1.224646799147E-16));
#6892=DIRECTION('center_axis',(1.22464679914735E-16,1.224646799147E-16,
-1.));
#6893=DIRECTION('ref_axis',(0.,1.,1.224646799147E-16));
#6894=DIRECTION('',(1.,-1.49975978266142E-32,1.22464679914735E-16));
#6895=DIRECTION('center_axis',(1.22464679914735E-16,1.224646799147E-16,
-1.));
#6896=DIRECTION('ref_axis',(1.,-1.49975978266142E-32,1.22464679914735E-16));
#6897=DIRECTION('',(0.,-1.,-1.224646799147E-16));
#6898=DIRECTION('center_axis',(1.22464679914735E-16,1.224646799147E-16,
-1.));
#6899=DIRECTION('ref_axis',(1.71056941445898E-48,-1.,-1.224646799147E-16));
#6900=DIRECTION('',(-1.,1.49975978266142E-32,-1.22464679914735E-16));
#6901=DIRECTION('center_axis',(1.22464679914735E-16,1.224646799147E-16,
-1.));
#6902=DIRECTION('ref_axis',(-1.,1.49975978266142E-32,-1.22464679914735E-16));
#6903=DIRECTION('',(0.,1.,1.224646799147E-16));
#6904=DIRECTION('center_axis',(1.22464679914735E-16,1.224646799147E-16,
-1.));
#6905=DIRECTION('ref_axis',(0.,1.,1.224646799147E-16));
#6906=DIRECTION('',(1.,-1.49975978266142E-32,1.22464679914735E-16));
#6907=DIRECTION('center_axis',(1.22464679914735E-16,1.224646799147E-16,
-1.));
#6908=DIRECTION('ref_axis',(1.,-1.49975978266142E-32,1.22464679914735E-16));
#6909=DIRECTION('',(0.,-1.,-1.224646799147E-16));
#6910=DIRECTION('center_axis',(1.22464679914735E-16,1.224646799147E-16,
-1.));
#6911=DIRECTION('ref_axis',(0.,-1.,-1.224646799147E-16));
#6912=DIRECTION('',(-1.,1.49975978266142E-32,-1.22464679914735E-16));
#6913=DIRECTION('center_axis',(1.22464679914735E-16,1.224646799147E-16,
-1.));
#6914=DIRECTION('ref_axis',(-1.,1.49975978266142E-32,-1.22464679914735E-16));
#6915=DIRECTION('',(0.,1.,1.224646799147E-16));
#6916=DIRECTION('center_axis',(1.22464679914735E-16,1.224646799147E-16,
-1.));
#6917=DIRECTION('ref_axis',(-1.71056941445898E-48,1.,1.224646799147E-16));
#6918=DIRECTION('',(1.,-1.49975978266142E-32,1.22464679914735E-16));
#6919=DIRECTION('center_axis',(1.22464679914735E-16,1.224646799147E-16,
-1.));
#6920=DIRECTION('ref_axis',(1.,-1.49975978266142E-32,1.22464679914735E-16));
#6921=DIRECTION('',(0.,-1.,-1.224646799147E-16));
#6922=DIRECTION('center_axis',(1.22464679914735E-16,1.224646799147E-16,
-1.));
#6923=DIRECTION('ref_axis',(1.71056941445898E-48,-1.,-1.224646799147E-16));
#6924=DIRECTION('',(-1.,1.49975978266142E-32,-1.22464679914735E-16));
#6925=DIRECTION('center_axis',(1.22464679914735E-16,1.224646799147E-16,
-1.));
#6926=DIRECTION('ref_axis',(-1.,1.49975978266142E-32,-1.22464679914735E-16));
#6927=DIRECTION('',(0.,1.,1.224646799147E-16));
#6928=DIRECTION('center_axis',(1.22464679914735E-16,1.224646799147E-16,
-1.));
#6929=DIRECTION('ref_axis',(-1.71056941445898E-48,1.,1.224646799147E-16));
#6930=DIRECTION('',(1.,-1.49975978266142E-32,1.22464679914735E-16));
#6931=DIRECTION('center_axis',(1.22464679914735E-16,1.224646799147E-16,
-1.));
#6932=DIRECTION('ref_axis',(1.,-1.49975978266142E-32,1.22464679914735E-16));
#6933=DIRECTION('',(0.,-1.,-1.224646799147E-16));
#6934=DIRECTION('center_axis',(1.22464679914735E-16,1.224646799147E-16,
-1.));
#6935=DIRECTION('ref_axis',(1.71056941445898E-48,-1.,-1.224646799147E-16));
#6936=DIRECTION('',(-1.,1.49975978266142E-32,-1.22464679914735E-16));
#6937=DIRECTION('center_axis',(1.22464679914735E-16,1.224646799147E-16,
-1.));
#6938=DIRECTION('ref_axis',(-1.,-3.5527136788007E-14,-1.2246467991474E-16));
#6939=DIRECTION('',(0.,1.,1.224646799147E-16));
#6940=DIRECTION('center_axis',(1.22464679914735E-16,1.224646799147E-16,
-1.));
#6941=DIRECTION('ref_axis',(-1.71056941445898E-48,1.,1.224646799147E-16));
#6942=DIRECTION('',(1.,-1.49975978266142E-32,1.22464679914735E-16));
#6943=DIRECTION('center_axis',(1.22464679914735E-16,1.224646799147E-16,
-1.));
#6944=DIRECTION('ref_axis',(1.,-1.49975978266142E-32,1.22464679914735E-16));
#6945=DIRECTION('',(0.,-1.,-1.224646799147E-16));
#6946=DIRECTION('center_axis',(1.22464679914735E-16,1.224646799147E-16,
-1.));
#6947=DIRECTION('ref_axis',(1.71056941445898E-48,-1.,-1.224646799147E-16));
#6948=DIRECTION('',(-1.,1.49975978266142E-32,-1.22464679914735E-16));
#6949=DIRECTION('center_axis',(1.22464679914735E-16,1.224646799147E-16,
-1.));
#6950=DIRECTION('ref_axis',(-1.,-3.55271367880045E-14,-1.2246467991474E-16));
#6951=DIRECTION('',(0.,1.,1.224646799147E-16));
#6952=DIRECTION('center_axis',(1.22464679914735E-16,1.224646799147E-16,
-1.));
#6953=DIRECTION('ref_axis',(-3.42113882891808E-48,1.,1.224646799147E-16));
#6954=DIRECTION('',(1.,-1.49975978266142E-32,1.22464679914735E-16));
#6955=DIRECTION('center_axis',(1.22464679914735E-16,1.224646799147E-16,
-1.));
#6956=DIRECTION('ref_axis',(1.,-1.49975978266142E-32,1.22464679914735E-16));
#6957=DIRECTION('',(0.,-1.,-1.224646799147E-16));
#6958=DIRECTION('center_axis',(1.22464679914735E-16,1.224646799147E-16,
-1.));
#6959=DIRECTION('ref_axis',(0.,-1.,-1.224646799147E-16));
#6960=DIRECTION('',(-1.,1.49975978266142E-32,-1.22464679914735E-16));
#6961=DIRECTION('center_axis',(1.22464679914735E-16,1.224646799147E-16,
-1.));
#6962=DIRECTION('ref_axis',(-1.,1.49975978266142E-32,-1.22464679914735E-16));
#6963=DIRECTION('',(0.,1.,1.224646799147E-16));
#6964=DIRECTION('center_axis',(1.22464679914735E-16,1.224646799147E-16,
-1.));
#6965=DIRECTION('ref_axis',(0.,1.,1.224646799147E-16));
#6966=DIRECTION('',(1.,-1.49975978266142E-32,1.22464679914735E-16));
#6967=DIRECTION('center_axis',(1.22464679914735E-16,1.224646799147E-16,
-1.));
#6968=DIRECTION('ref_axis',(1.,-1.49975978266142E-32,1.22464679914735E-16));
#6969=DIRECTION('',(0.,-1.,-1.224646799147E-16));
#6970=DIRECTION('center_axis',(1.22464679914735E-16,1.224646799147E-16,
-1.));
#6971=DIRECTION('ref_axis',(0.,-1.,-1.224646799147E-16));
#6972=DIRECTION('',(-1.,1.49975978266142E-32,-1.22464679914735E-16));
#6973=DIRECTION('center_axis',(1.22464679914735E-16,1.224646799147E-16,
-1.));
#6974=DIRECTION('ref_axis',(-1.,1.49975978266142E-32,-1.22464679914735E-16));
#6975=DIRECTION('',(0.,1.,1.224646799147E-16));
#6976=DIRECTION('center_axis',(1.22464679914735E-16,1.224646799147E-16,
-1.));
#6977=DIRECTION('ref_axis',(0.,1.,1.224646799147E-16));
#6978=DIRECTION('',(1.,-1.49975978266142E-32,1.22464679914735E-16));
#6979=DIRECTION('center_axis',(1.22464679914735E-16,1.224646799147E-16,
-1.));
#6980=DIRECTION('ref_axis',(1.,-1.49975978266142E-32,1.22464679914735E-16));
#6981=DIRECTION('',(0.,-1.,-1.224646799147E-16));
#6982=DIRECTION('center_axis',(1.22464679914735E-16,1.224646799147E-16,
-1.));
#6983=DIRECTION('ref_axis',(0.,-1.,-1.224646799147E-16));
#6984=DIRECTION('',(-1.,1.49975978266142E-32,-1.22464679914735E-16));
#6985=DIRECTION('center_axis',(1.22464679914735E-16,1.224646799147E-16,
-1.));
#6986=DIRECTION('ref_axis',(-1.,1.49975978266142E-32,-1.22464679914735E-16));
#6987=DIRECTION('',(0.,1.,1.224646799147E-16));
#6988=DIRECTION('center_axis',(1.22464679914735E-16,1.224646799147E-16,
-1.));
#6989=DIRECTION('ref_axis',(0.,1.,1.224646799147E-16));
#6990=DIRECTION('',(1.,-1.49975978266142E-32,1.22464679914735E-16));
#6991=DIRECTION('center_axis',(1.22464679914735E-16,1.224646799147E-16,
-1.));
#6992=DIRECTION('ref_axis',(1.,-1.49975978266142E-32,1.22464679914735E-16));
#6993=DIRECTION('',(0.,-1.,-1.224646799147E-16));
#6994=DIRECTION('center_axis',(1.22464679914735E-16,1.224646799147E-16,
-1.));
#6995=DIRECTION('ref_axis',(0.,-1.,-1.224646799147E-16));
#6996=DIRECTION('',(-1.,1.49975978266142E-32,-1.22464679914735E-16));
#6997=DIRECTION('center_axis',(1.22464679914735E-16,1.224646799147E-16,
-1.));
#6998=DIRECTION('ref_axis',(-1.,1.49975978266142E-32,-1.22464679914735E-16));
#6999=DIRECTION('',(0.,1.,1.224646799147E-16));
#7000=DIRECTION('center_axis',(1.22464679914735E-16,1.224646799147E-16,
-1.));
#7001=DIRECTION('ref_axis',(-1.71056941445898E-48,1.,1.224646799147E-16));
#7002=DIRECTION('',(1.,-1.49975978266142E-32,1.22464679914735E-16));
#7003=DIRECTION('center_axis',(1.22464679914735E-16,1.224646799147E-16,
-1.));
#7004=DIRECTION('ref_axis',(1.,-1.49975978266142E-32,1.22464679914735E-16));
#7005=DIRECTION('',(0.,-1.,-1.224646799147E-16));
#7006=DIRECTION('center_axis',(1.22464679914735E-16,1.224646799147E-16,
-1.));
#7007=DIRECTION('ref_axis',(1.71056941445898E-48,-1.,-1.224646799147E-16));
#7008=DIRECTION('',(-1.,1.49975978266142E-32,-1.22464679914735E-16));
#7009=DIRECTION('center_axis',(1.22464679914735E-16,1.224646799147E-16,
-1.));
#7010=DIRECTION('ref_axis',(-1.,-3.55271367880045E-14,-1.2246467991474E-16));
#7011=DIRECTION('',(0.,1.,1.224646799147E-16));
#7012=DIRECTION('center_axis',(1.22464679914735E-16,1.224646799147E-16,
-1.));
#7013=DIRECTION('ref_axis',(0.,1.,1.224646799147E-16));
#7014=DIRECTION('',(1.,-1.49975978266142E-32,1.22464679914735E-16));
#7015=DIRECTION('center_axis',(1.22464679914735E-16,1.224646799147E-16,
-1.));
#7016=DIRECTION('ref_axis',(1.,-1.49975978266142E-32,1.22464679914735E-16));
#7017=DIRECTION('',(0.,-1.,-1.224646799147E-16));
#7018=DIRECTION('center_axis',(1.22464679914735E-16,1.224646799147E-16,
-1.));
#7019=DIRECTION('ref_axis',(0.,-1.,-1.224646799147E-16));
#7020=DIRECTION('',(-1.,1.49975978266142E-32,-1.22464679914735E-16));
#7021=DIRECTION('center_axis',(1.22464679914735E-16,1.224646799147E-16,
-1.));
#7022=DIRECTION('ref_axis',(-1.,1.49975978266142E-32,-1.22464679914735E-16));
#7023=DIRECTION('',(0.,1.,1.224646799147E-16));
#7024=DIRECTION('center_axis',(1.22464679914735E-16,1.224646799147E-16,
-1.));
#7025=DIRECTION('ref_axis',(0.,1.,1.224646799147E-16));
#7026=DIRECTION('',(1.,-1.49975978266142E-32,1.22464679914735E-16));
#7027=DIRECTION('center_axis',(1.22464679914735E-16,1.224646799147E-16,
-1.));
#7028=DIRECTION('ref_axis',(1.,-1.49975978266142E-32,1.22464679914735E-16));
#7029=DIRECTION('',(0.,-1.,-1.224646799147E-16));
#7030=DIRECTION('center_axis',(1.22464679914735E-16,1.224646799147E-16,
-1.));
#7031=DIRECTION('ref_axis',(0.,-1.,-1.224646799147E-16));
#7032=DIRECTION('',(-1.,1.49975978266142E-32,-1.22464679914735E-16));
#7033=DIRECTION('center_axis',(1.22464679914735E-16,1.224646799147E-16,
-1.));
#7034=DIRECTION('ref_axis',(-1.,1.49975978266142E-32,-1.22464679914735E-16));
#7035=DIRECTION('',(0.,1.,1.224646799147E-16));
#7036=DIRECTION('center_axis',(1.22464679914735E-16,1.224646799147E-16,
-1.));
#7037=DIRECTION('ref_axis',(-3.42113882891808E-48,1.,1.224646799147E-16));
#7038=DIRECTION('',(1.,-1.49975978266142E-32,1.22464679914735E-16));
#7039=DIRECTION('center_axis',(1.22464679914735E-16,1.224646799147E-16,
-1.));
#7040=DIRECTION('ref_axis',(1.,-1.49975978266142E-32,1.22464679914735E-16));
#7041=DIRECTION('',(0.,-1.,-1.224646799147E-16));
#7042=DIRECTION('center_axis',(1.22464679914735E-16,1.224646799147E-16,
-1.));
#7043=DIRECTION('ref_axis',(0.,-1.,-1.224646799147E-16));
#7044=DIRECTION('',(-1.,1.49975978266142E-32,-1.22464679914735E-16));
#7045=DIRECTION('center_axis',(1.22464679914735E-16,1.224646799147E-16,
-1.));
#7046=DIRECTION('ref_axis',(-1.,1.49975978266142E-32,-1.22464679914735E-16));
#7047=DIRECTION('',(0.,1.,1.224646799147E-16));
#7048=DIRECTION('center_axis',(1.22464679914735E-16,1.224646799147E-16,
-1.));
#7049=DIRECTION('ref_axis',(0.,1.,1.224646799147E-16));
#7050=DIRECTION('',(1.,-1.49975978266142E-32,1.22464679914735E-16));
#7051=DIRECTION('center_axis',(1.22464679914735E-16,1.224646799147E-16,
-1.));
#7052=DIRECTION('ref_axis',(1.,-1.49975978266142E-32,1.22464679914735E-16));
#7053=DIRECTION('',(0.,-1.,-1.224646799147E-16));
#7054=DIRECTION('center_axis',(1.22464679914735E-16,1.224646799147E-16,
-1.));
#7055=DIRECTION('ref_axis',(3.42113882891808E-48,-1.,-1.224646799147E-16));
#7056=DIRECTION('',(-1.,1.49975978266142E-32,-1.22464679914735E-16));
#7057=DIRECTION('center_axis',(1.22464679914735E-16,1.224646799147E-16,
-1.));
#7058=DIRECTION('ref_axis',(-1.,1.49975978266142E-32,-1.22464679914735E-16));
#7059=DIRECTION('',(0.,1.,1.224646799147E-16));
#7060=DIRECTION('center_axis',(1.22464679914735E-16,1.224646799147E-16,
-1.));
#7061=DIRECTION('ref_axis',(-1.71056941445898E-48,1.,1.224646799147E-16));
#7062=DIRECTION('',(1.,-1.49975978266142E-32,1.22464679914735E-16));
#7063=DIRECTION('center_axis',(1.22464679914735E-16,1.224646799147E-16,
-1.));
#7064=DIRECTION('ref_axis',(1.,-1.49975978266142E-32,1.22464679914735E-16));
#7065=DIRECTION('',(0.,-1.,-1.224646799147E-16));
#7066=DIRECTION('center_axis',(1.22464679914735E-16,1.224646799147E-16,
-1.));
#7067=DIRECTION('ref_axis',(1.71056941445898E-48,-1.,-1.224646799147E-16));
#7068=DIRECTION('',(-1.,1.49975978266142E-32,-1.22464679914735E-16));
#7069=DIRECTION('center_axis',(1.22464679914735E-16,1.224646799147E-16,
-1.));
#7070=DIRECTION('ref_axis',(-1.,1.49975978266142E-32,-1.22464679914735E-16));
#7071=DIRECTION('',(0.,1.,1.224646799147E-16));
#7072=DIRECTION('center_axis',(1.22464679914735E-16,1.224646799147E-16,
-1.));
#7073=DIRECTION('ref_axis',(-1.71056941445898E-48,1.,1.224646799147E-16));
#7074=DIRECTION('',(1.,-1.49975978266142E-32,1.22464679914735E-16));
#7075=DIRECTION('center_axis',(1.22464679914735E-16,1.224646799147E-16,
-1.));
#7076=DIRECTION('ref_axis',(1.,-1.49975978266142E-32,1.22464679914735E-16));
#7077=DIRECTION('',(0.,-1.,-1.224646799147E-16));
#7078=DIRECTION('center_axis',(1.22464679914735E-16,1.224646799147E-16,
-1.));
#7079=DIRECTION('ref_axis',(1.71056941445898E-48,-1.,-1.224646799147E-16));
#7080=DIRECTION('',(-1.,1.49975978266142E-32,-1.22464679914735E-16));
#7081=DIRECTION('center_axis',(1.22464679914735E-16,1.224646799147E-16,
-1.));
#7082=DIRECTION('ref_axis',(-1.,-3.55271367880045E-14,-1.2246467991474E-16));
#7083=DIRECTION('',(0.,1.,1.224646799147E-16));
#7084=DIRECTION('center_axis',(1.22464679914735E-16,1.224646799147E-16,
-1.));
#7085=DIRECTION('ref_axis',(-3.42113882891808E-48,1.,1.224646799147E-16));
#7086=DIRECTION('',(1.,-1.49975978266142E-32,1.22464679914735E-16));
#7087=DIRECTION('center_axis',(1.22464679914735E-16,1.224646799147E-16,
-1.));
#7088=DIRECTION('ref_axis',(1.,-1.49975978266142E-32,1.22464679914735E-16));
#7089=DIRECTION('',(0.,-1.,-1.224646799147E-16));
#7090=DIRECTION('center_axis',(1.22464679914735E-16,1.224646799147E-16,
-1.));
#7091=DIRECTION('ref_axis',(0.,-1.,-1.224646799147E-16));
#7092=DIRECTION('',(-1.,1.49975978266142E-32,-1.22464679914735E-16));
#7093=DIRECTION('center_axis',(1.22464679914735E-16,1.224646799147E-16,
-1.));
#7094=DIRECTION('ref_axis',(-1.,1.49975978266142E-32,-1.22464679914735E-16));
#7095=DIRECTION('',(0.,1.,1.224646799147E-16));
#7096=DIRECTION('center_axis',(1.22464679914735E-16,1.224646799147E-16,
-1.));
#7097=DIRECTION('ref_axis',(0.,1.,1.224646799147E-16));
#7098=DIRECTION('',(1.,-1.49975978266142E-32,1.22464679914735E-16));
#7099=DIRECTION('center_axis',(1.22464679914735E-16,1.224646799147E-16,
-1.));
#7100=DIRECTION('ref_axis',(1.,-1.49975978266142E-32,1.22464679914735E-16));
#7101=DIRECTION('',(0.,-1.,-1.224646799147E-16));
#7102=DIRECTION('center_axis',(1.22464679914735E-16,1.224646799147E-16,
-1.));
#7103=DIRECTION('ref_axis',(0.,-1.,-1.224646799147E-16));
#7104=DIRECTION('',(-1.,1.49975978266142E-32,-1.22464679914735E-16));
#7105=DIRECTION('center_axis',(1.22464679914735E-16,1.224646799147E-16,
-1.));
#7106=DIRECTION('ref_axis',(-1.,1.49975978266142E-32,-1.22464679914735E-16));
#7107=DIRECTION('',(0.,1.,1.224646799147E-16));
#7108=DIRECTION('center_axis',(1.22464679914735E-16,1.224646799147E-16,
-1.));
#7109=DIRECTION('ref_axis',(0.,1.,1.224646799147E-16));
#7110=DIRECTION('',(1.,-1.49975978266142E-32,1.22464679914735E-16));
#7111=DIRECTION('center_axis',(1.22464679914735E-16,1.224646799147E-16,
-1.));
#7112=DIRECTION('ref_axis',(1.,-1.49975978266142E-32,1.22464679914735E-16));
#7113=DIRECTION('',(0.,-1.,-1.224646799147E-16));
#7114=DIRECTION('center_axis',(1.22464679914735E-16,1.224646799147E-16,
-1.));
#7115=DIRECTION('ref_axis',(1.71056941445898E-48,-1.,-1.224646799147E-16));
#7116=DIRECTION('',(-1.,1.49975978266142E-32,-1.22464679914735E-16));
#7117=DIRECTION('center_axis',(1.22464679914735E-16,1.224646799147E-16,
-1.));
#7118=DIRECTION('ref_axis',(-1.,1.49975978266142E-32,-1.22464679914735E-16));
#7119=DIRECTION('',(0.,1.,1.224646799147E-16));
#7120=DIRECTION('center_axis',(1.22464679914735E-16,1.224646799147E-16,
-1.));
#7121=DIRECTION('ref_axis',(0.,1.,1.224646799147E-16));
#7122=DIRECTION('',(1.,-1.49975978266142E-32,1.22464679914735E-16));
#7123=DIRECTION('center_axis',(1.22464679914735E-16,1.224646799147E-16,
-1.));
#7124=DIRECTION('ref_axis',(1.,-1.49975978266142E-32,1.22464679914735E-16));
#7125=DIRECTION('',(0.,-1.,-1.224646799147E-16));
#7126=DIRECTION('center_axis',(1.22464679914735E-16,1.224646799147E-16,
-1.));
#7127=DIRECTION('ref_axis',(1.71056941445898E-48,-1.,-1.224646799147E-16));
#7128=DIRECTION('',(-1.,1.49975978266142E-32,-1.22464679914735E-16));
#7129=DIRECTION('center_axis',(1.22464679914735E-16,1.224646799147E-16,
-1.));
#7130=DIRECTION('ref_axis',(-1.,1.49975978266142E-32,-1.22464679914735E-16));
#7131=DIRECTION('',(0.,1.,1.224646799147E-16));
#7132=DIRECTION('center_axis',(1.22464679914735E-16,1.224646799147E-16,
-1.));
#7133=DIRECTION('ref_axis',(0.,1.,1.224646799147E-16));
#7134=DIRECTION('',(1.,-1.49975978266142E-32,1.22464679914735E-16));
#7135=DIRECTION('center_axis',(1.22464679914735E-16,1.224646799147E-16,
-1.));
#7136=DIRECTION('ref_axis',(1.,-1.49975978266142E-32,1.22464679914735E-16));
#7137=DIRECTION('',(0.,-1.,-1.224646799147E-16));
#7138=DIRECTION('center_axis',(1.22464679914735E-16,1.224646799147E-16,
-1.));
#7139=DIRECTION('ref_axis',(1.71056941445898E-48,-1.,-1.224646799147E-16));
#7140=DIRECTION('',(-1.,1.49975978266142E-32,-1.22464679914735E-16));
#7141=DIRECTION('center_axis',(1.22464679914735E-16,1.224646799147E-16,
-1.));
#7142=DIRECTION('ref_axis',(-1.,1.49975978266142E-32,-1.22464679914735E-16));
#7143=DIRECTION('',(0.,1.,1.224646799147E-16));
#7144=DIRECTION('center_axis',(1.22464679914735E-16,1.224646799147E-16,
-1.));
#7145=DIRECTION('ref_axis',(0.,1.,1.224646799147E-16));
#7146=DIRECTION('',(1.,-1.49975978266142E-32,1.22464679914735E-16));
#7147=DIRECTION('center_axis',(1.22464679914735E-16,1.224646799147E-16,
-1.));
#7148=DIRECTION('ref_axis',(1.,-1.49975978266142E-32,1.22464679914735E-16));
#7149=DIRECTION('',(0.,-1.,-1.224646799147E-16));
#7150=DIRECTION('center_axis',(1.22464679914735E-16,1.224646799147E-16,
-1.));
#7151=DIRECTION('ref_axis',(3.42113882891808E-48,-1.,-1.224646799147E-16));
#7152=DIRECTION('',(-1.,1.49975978266142E-32,-1.22464679914735E-16));
#7153=DIRECTION('center_axis',(1.22464679914735E-16,1.224646799147E-16,
-1.));
#7154=DIRECTION('ref_axis',(-1.,1.49975978266142E-32,-1.22464679914735E-16));
#7155=DIRECTION('',(0.,1.,1.224646799147E-16));
#7156=DIRECTION('center_axis',(1.22464679914735E-16,1.224646799147E-16,
-1.));
#7157=DIRECTION('ref_axis',(0.,1.,1.224646799147E-16));
#7158=DIRECTION('',(1.,-1.49975978266142E-32,1.22464679914735E-16));
#7159=DIRECTION('center_axis',(1.22464679914735E-16,1.224646799147E-16,
-1.));
#7160=DIRECTION('ref_axis',(1.,-1.49975978266142E-32,1.22464679914735E-16));
#7161=DIRECTION('',(0.,-1.,-1.224646799147E-16));
#7162=DIRECTION('center_axis',(1.22464679914735E-16,1.224646799147E-16,
-1.));
#7163=DIRECTION('ref_axis',(1.71056941445898E-48,-1.,-1.224646799147E-16));
#7164=DIRECTION('',(-1.,1.49975978266142E-32,-1.22464679914735E-16));
#7165=DIRECTION('center_axis',(1.22464679914735E-16,1.224646799147E-16,
-1.));
#7166=DIRECTION('ref_axis',(-1.,1.49975978266142E-32,-1.22464679914735E-16));
#7167=DIRECTION('',(0.,1.,1.224646799147E-16));
#7168=DIRECTION('center_axis',(1.22464679914735E-16,1.224646799147E-16,
-1.));
#7169=DIRECTION('ref_axis',(-1.71056941445898E-48,1.,1.224646799147E-16));
#7170=DIRECTION('',(1.,-1.49975978266142E-32,1.22464679914735E-16));
#7171=DIRECTION('center_axis',(1.22464679914735E-16,1.224646799147E-16,
-1.));
#7172=DIRECTION('ref_axis',(1.,-1.49975978266142E-32,1.22464679914735E-16));
#7173=DIRECTION('',(0.,-1.,-1.224646799147E-16));
#7174=DIRECTION('center_axis',(1.22464679914735E-16,1.224646799147E-16,
-1.));
#7175=DIRECTION('ref_axis',(1.71056941445898E-48,-1.,-1.224646799147E-16));
#7176=DIRECTION('',(-1.,1.49975978266142E-32,-1.22464679914735E-16));
#7177=DIRECTION('center_axis',(1.22464679914735E-16,1.224646799147E-16,
-1.));
#7178=DIRECTION('ref_axis',(-1.,1.49975978266142E-32,-1.22464679914735E-16));
#7179=DIRECTION('',(0.,1.,1.224646799147E-16));
#7180=DIRECTION('center_axis',(1.22464679914735E-16,1.224646799147E-16,
-1.));
#7181=DIRECTION('ref_axis',(-3.42113882891808E-48,1.,1.224646799147E-16));
#7182=DIRECTION('',(1.,-1.49975978266142E-32,1.22464679914735E-16));
#7183=DIRECTION('center_axis',(1.22464679914735E-16,1.224646799147E-16,
-1.));
#7184=DIRECTION('ref_axis',(1.,-1.49975978266142E-32,1.22464679914735E-16));
#7185=DIRECTION('',(0.,-1.,-1.224646799147E-16));
#7186=DIRECTION('center_axis',(1.22464679914735E-16,1.224646799147E-16,
-1.));
#7187=DIRECTION('ref_axis',(0.,-1.,-1.224646799147E-16));
#7188=DIRECTION('',(-1.,1.49975978266142E-32,-1.22464679914735E-16));
#7189=DIRECTION('center_axis',(1.22464679914735E-16,1.224646799147E-16,
-1.));
#7190=DIRECTION('ref_axis',(-1.,1.49975978266142E-32,-1.22464679914735E-16));
#7191=DIRECTION('',(0.,1.,1.224646799147E-16));
#7192=DIRECTION('center_axis',(1.22464679914735E-16,1.224646799147E-16,
-1.));
#7193=DIRECTION('ref_axis',(-1.71056941445898E-48,1.,1.224646799147E-16));
#7194=DIRECTION('',(1.,-1.49975978266142E-32,1.22464679914735E-16));
#7195=DIRECTION('center_axis',(1.22464679914735E-16,1.224646799147E-16,
-1.));
#7196=DIRECTION('ref_axis',(1.,-1.49975978266142E-32,1.22464679914735E-16));
#7197=DIRECTION('',(0.,-1.,-1.224646799147E-16));
#7198=DIRECTION('center_axis',(1.22464679914735E-16,1.224646799147E-16,
-1.));
#7199=DIRECTION('ref_axis',(3.42113882891808E-48,-1.,-1.224646799147E-16));
#7200=DIRECTION('',(-1.,1.49975978266142E-32,-1.22464679914735E-16));
#7201=DIRECTION('center_axis',(1.22464679914735E-16,1.224646799147E-16,
-1.));
#7202=DIRECTION('ref_axis',(-1.,1.49975978266142E-32,-1.22464679914735E-16));
#7203=DIRECTION('',(0.,1.,1.224646799147E-16));
#7204=DIRECTION('center_axis',(0.707106781186548,0.,-0.707106781186548));
#7205=DIRECTION('ref_axis',(0.707106781186548,0.,0.707106781186548));
#7206=DIRECTION('',(-0.707106781186548,1.16303145087687E-16,-0.707106781186548));
#7207=DIRECTION('',(0.,-1.,0.));
#7208=DIRECTION('',(1.224646799147E-16,1.,1.224646799147E-16));
#7209=DIRECTION('center_axis',(-0.70710678118651,0.,-0.707106781186585));
#7210=DIRECTION('ref_axis',(0.707106781186585,0.,-0.70710678118651));
#7211=DIRECTION('',(1.22464679914713E-16,-1.,-1.224646799147E-16));
#7212=DIRECTION('',(0.,-1.,0.));
#7213=DIRECTION('',(-0.707106781186585,1.16303145087693E-16,0.70710678118651));
#7214=DIRECTION('center_axis',(0.,-1.,0.));
#7215=DIRECTION('ref_axis',(-0.707106781186214,0.,-0.707106781186881));
#7216=DIRECTION('center_axis',(1.64477485129653E-16,1.,0.));
#7217=DIRECTION('ref_axis',(-0.707106781186214,0.,-0.707106781186881));
#7218=DIRECTION('center_axis',(0.,-1.,0.));
#7219=DIRECTION('ref_axis',(1.,0.,-9.68921912399683E-14));
#7220=DIRECTION('center_axis',(1.64477485129653E-16,1.,0.));
#7221=DIRECTION('ref_axis',(1.,0.,-9.68921912399683E-14));
#7222=DIRECTION('',(0.,-1.,0.));
#7223=DIRECTION('center_axis',(-1.64477485129653E-16,-1.,0.));
#7224=DIRECTION('ref_axis',(-1.,1.64477485129653E-16,0.));
#7225=DIRECTION('',(-1.,1.64477485129653E-16,0.));
#7226=DIRECTION('center_axis',(-1.64477485129653E-16,-1.,0.));
#7227=DIRECTION('ref_axis',(-1.,1.64477485129653E-16,0.));
#7228=DIRECTION('',(-1.,1.64477485129653E-16,0.));
#7229=DIRECTION('',(0.,0.,-1.));
#7230=DIRECTION('center_axis',(1.,-1.49975978266142E-32,1.22464679914735E-16));
#7231=DIRECTION('ref_axis',(0.,1.,1.224646799147E-16));
#7232=DIRECTION('',(0.,1.,1.224646799147E-16));
#7233=DIRECTION('',(-1.22464679914735E-16,-2.449293598294E-16,1.));
#7234=DIRECTION('',(-1.22464679914735E-16,-2.449293598294E-16,1.));
#7235=DIRECTION('center_axis',(-1.22464679914735E-16,-2.449293598294E-16,
1.));
#7236=DIRECTION('ref_axis',(-1.,1.49975978266142E-32,-1.22464679914735E-16));
#7237=DIRECTION('center_axis',(1.22464679914735E-16,1.224646799147E-16,
-1.));
#7238=DIRECTION('ref_axis',(-1.,1.49975978266142E-32,-1.22464679914735E-16));
#7239=DIRECTION('',(-1.22464679914735E-16,-2.449293598294E-16,1.));
#7240=DIRECTION('center_axis',(-1.49975978266143E-32,1.,2.449293598294E-16));
#7241=DIRECTION('ref_axis',(-1.,1.49975978266142E-32,-1.22464679914735E-16));
#7242=DIRECTION('',(-1.,1.49975978266142E-32,-1.22464679914735E-16));
#7243=DIRECTION('',(-1.22464679914735E-16,-2.449293598294E-16,1.));
#7244=DIRECTION('center_axis',(-1.22464679914735E-16,-2.449293598294E-16,
1.));
#7245=DIRECTION('ref_axis',(1.49975978266143E-32,-1.,-2.449293598294E-16));
#7246=DIRECTION('center_axis',(1.22464679914735E-16,1.224646799147E-16,
-1.));
#7247=DIRECTION('ref_axis',(3.42113882891808E-48,-1.,-1.224646799147E-16));
#7248=DIRECTION('',(-1.22464679914735E-16,-2.449293598294E-16,1.));
#7249=DIRECTION('center_axis',(-1.,1.49975978266142E-32,-1.22464679914735E-16));
#7250=DIRECTION('ref_axis',(0.,-1.,-1.224646799147E-16));
#7251=DIRECTION('',(0.,-1.,-1.224646799147E-16));
#7252=DIRECTION('',(-1.22464679914735E-16,-2.449293598294E-16,1.));
#7253=DIRECTION('center_axis',(-1.22464679914735E-16,-2.449293598294E-16,
1.));
#7254=DIRECTION('ref_axis',(1.,-1.49975978266142E-32,1.22464679914735E-16));
#7255=DIRECTION('center_axis',(1.22464679914735E-16,1.224646799147E-16,
-1.));
#7256=DIRECTION('ref_axis',(1.,-1.49975978266142E-32,1.22464679914735E-16));
#7257=DIRECTION('',(-1.22464679914735E-16,-2.449293598294E-16,1.));
#7258=DIRECTION('center_axis',(1.49975978266143E-32,-1.,-2.449293598294E-16));
#7259=DIRECTION('ref_axis',(1.,-1.49975978266142E-32,1.22464679914735E-16));
#7260=DIRECTION('',(1.,-1.49975978266142E-32,1.22464679914735E-16));
#7261=DIRECTION('',(-1.22464679914735E-16,-2.449293598294E-16,1.));
#7262=DIRECTION('center_axis',(-1.22464679914735E-16,-2.449293598294E-16,
1.));
#7263=DIRECTION('ref_axis',(-1.49975978266143E-32,1.,2.449293598294E-16));
#7264=DIRECTION('center_axis',(1.22464679914735E-16,1.224646799147E-16,
-1.));
#7265=DIRECTION('ref_axis',(-1.71056941445898E-48,1.,1.224646799147E-16));
#7266=DIRECTION('center_axis',(1.,-1.49975978266142E-32,1.22464679914735E-16));
#7267=DIRECTION('ref_axis',(0.,1.,1.224646799147E-16));
#7268=DIRECTION('',(0.,1.,1.224646799147E-16));
#7269=DIRECTION('',(-1.22464679914735E-16,-2.449293598294E-16,1.));
#7270=DIRECTION('',(-1.22464679914735E-16,-2.449293598294E-16,1.));
#7271=DIRECTION('center_axis',(-1.22464679914735E-16,-2.449293598294E-16,
1.));
#7272=DIRECTION('ref_axis',(-1.,1.49975978266142E-32,-1.22464679914735E-16));
#7273=DIRECTION('center_axis',(1.22464679914735E-16,1.224646799147E-16,
-1.));
#7274=DIRECTION('ref_axis',(-1.,1.49975978266142E-32,-1.22464679914735E-16));
#7275=DIRECTION('',(-1.22464679914735E-16,-2.449293598294E-16,1.));
#7276=DIRECTION('center_axis',(-1.49975978266143E-32,1.,2.449293598294E-16));
#7277=DIRECTION('ref_axis',(-1.,1.49975978266142E-32,-1.22464679914735E-16));
#7278=DIRECTION('',(-1.,1.49975978266142E-32,-1.22464679914735E-16));
#7279=DIRECTION('',(-1.22464679914735E-16,-2.449293598294E-16,1.));
#7280=DIRECTION('center_axis',(-1.22464679914735E-16,-2.449293598294E-16,
1.));
#7281=DIRECTION('ref_axis',(1.49975978266143E-32,-1.,-2.449293598294E-16));
#7282=DIRECTION('center_axis',(1.22464679914735E-16,1.224646799147E-16,
-1.));
#7283=DIRECTION('ref_axis',(0.,-1.,-1.224646799147E-16));
#7284=DIRECTION('',(-1.22464679914735E-16,-2.449293598294E-16,1.));
#7285=DIRECTION('center_axis',(-1.,1.49975978266142E-32,-1.22464679914735E-16));
#7286=DIRECTION('ref_axis',(0.,-1.,-1.224646799147E-16));
#7287=DIRECTION('',(0.,-1.,-1.224646799147E-16));
#7288=DIRECTION('',(-1.22464679914735E-16,-2.449293598294E-16,1.));
#7289=DIRECTION('center_axis',(-1.22464679914735E-16,-2.449293598294E-16,
1.));
#7290=DIRECTION('ref_axis',(1.,-1.49975978266142E-32,1.22464679914735E-16));
#7291=DIRECTION('center_axis',(1.22464679914735E-16,1.224646799147E-16,
-1.));
#7292=DIRECTION('ref_axis',(1.,-1.49975978266142E-32,1.22464679914735E-16));
#7293=DIRECTION('',(-1.22464679914735E-16,-2.449293598294E-16,1.));
#7294=DIRECTION('center_axis',(1.49975978266143E-32,-1.,-2.449293598294E-16));
#7295=DIRECTION('ref_axis',(1.,-1.49975978266142E-32,1.22464679914735E-16));
#7296=DIRECTION('',(1.,-1.49975978266142E-32,1.22464679914735E-16));
#7297=DIRECTION('',(-1.22464679914735E-16,-2.449293598294E-16,1.));
#7298=DIRECTION('center_axis',(-1.22464679914735E-16,-2.449293598294E-16,
1.));
#7299=DIRECTION('ref_axis',(-1.49975978266143E-32,1.,2.449293598294E-16));
#7300=DIRECTION('center_axis',(1.22464679914735E-16,1.224646799147E-16,
-1.));
#7301=DIRECTION('ref_axis',(-3.42113882891808E-48,1.,1.224646799147E-16));
#7302=DIRECTION('center_axis',(1.,-1.49975978266142E-32,1.22464679914735E-16));
#7303=DIRECTION('ref_axis',(0.,1.,1.224646799147E-16));
#7304=DIRECTION('',(0.,1.,1.224646799147E-16));
#7305=DIRECTION('',(-1.22464679914735E-16,-2.449293598294E-16,1.));
#7306=DIRECTION('',(-1.22464679914735E-16,-2.449293598294E-16,1.));
#7307=DIRECTION('center_axis',(-1.22464679914735E-16,-2.449293598294E-16,
1.));
#7308=DIRECTION('ref_axis',(-1.,1.49975978266142E-32,-1.22464679914735E-16));
#7309=DIRECTION('center_axis',(1.22464679914735E-16,1.224646799147E-16,
-1.));
#7310=DIRECTION('ref_axis',(-1.,1.49975978266142E-32,-1.22464679914735E-16));
#7311=DIRECTION('',(-1.22464679914735E-16,-2.449293598294E-16,1.));
#7312=DIRECTION('center_axis',(-1.49975978266143E-32,1.,2.449293598294E-16));
#7313=DIRECTION('ref_axis',(-1.,1.49975978266142E-32,-1.22464679914735E-16));
#7314=DIRECTION('',(-1.,1.49975978266142E-32,-1.22464679914735E-16));
#7315=DIRECTION('',(-1.22464679914735E-16,-2.449293598294E-16,1.));
#7316=DIRECTION('center_axis',(-1.22464679914735E-16,-2.449293598294E-16,
1.));
#7317=DIRECTION('ref_axis',(1.49975978266143E-32,-1.,-2.449293598294E-16));
#7318=DIRECTION('center_axis',(1.22464679914735E-16,1.224646799147E-16,
-1.));
#7319=DIRECTION('ref_axis',(1.71056941445898E-48,-1.,-1.224646799147E-16));
#7320=DIRECTION('',(-1.22464679914735E-16,-2.449293598294E-16,1.));
#7321=DIRECTION('center_axis',(-1.,1.49975978266142E-32,-1.22464679914735E-16));
#7322=DIRECTION('ref_axis',(0.,-1.,-1.224646799147E-16));
#7323=DIRECTION('',(0.,-1.,-1.224646799147E-16));
#7324=DIRECTION('',(-1.22464679914735E-16,-2.449293598294E-16,1.));
#7325=DIRECTION('center_axis',(-1.22464679914735E-16,-2.449293598294E-16,
1.));
#7326=DIRECTION('ref_axis',(1.,-1.49975978266142E-32,1.22464679914735E-16));
#7327=DIRECTION('center_axis',(1.22464679914735E-16,1.224646799147E-16,
-1.));
#7328=DIRECTION('ref_axis',(1.,-1.49975978266142E-32,1.22464679914735E-16));
#7329=DIRECTION('',(-1.22464679914735E-16,-2.449293598294E-16,1.));
#7330=DIRECTION('center_axis',(1.49975978266143E-32,-1.,-2.449293598294E-16));
#7331=DIRECTION('ref_axis',(1.,-1.49975978266142E-32,1.22464679914735E-16));
#7332=DIRECTION('',(1.,-1.49975978266142E-32,1.22464679914735E-16));
#7333=DIRECTION('',(-1.22464679914735E-16,-2.449293598294E-16,1.));
#7334=DIRECTION('center_axis',(-1.22464679914735E-16,-2.449293598294E-16,
1.));
#7335=DIRECTION('ref_axis',(-1.49975978266143E-32,1.,2.449293598294E-16));
#7336=DIRECTION('center_axis',(1.22464679914735E-16,1.224646799147E-16,
-1.));
#7337=DIRECTION('ref_axis',(-1.71056941445898E-48,1.,1.224646799147E-16));
#7338=DIRECTION('center_axis',(1.,-1.49975978266142E-32,1.22464679914735E-16));
#7339=DIRECTION('ref_axis',(0.,1.,1.224646799147E-16));
#7340=DIRECTION('',(0.,1.,1.224646799147E-16));
#7341=DIRECTION('',(-1.22464679914735E-16,-2.449293598294E-16,1.));
#7342=DIRECTION('',(-1.22464679914735E-16,-2.449293598294E-16,1.));
#7343=DIRECTION('center_axis',(-1.22464679914735E-16,-2.449293598294E-16,
1.));
#7344=DIRECTION('ref_axis',(-1.,1.49975978266142E-32,-1.22464679914735E-16));
#7345=DIRECTION('center_axis',(1.22464679914735E-16,1.224646799147E-16,
-1.));
#7346=DIRECTION('ref_axis',(-1.,1.49975978266142E-32,-1.22464679914735E-16));
#7347=DIRECTION('',(-1.22464679914735E-16,-2.449293598294E-16,1.));
#7348=DIRECTION('center_axis',(-1.49975978266143E-32,1.,2.449293598294E-16));
#7349=DIRECTION('ref_axis',(-1.,1.49975978266142E-32,-1.22464679914735E-16));
#7350=DIRECTION('',(-1.,1.49975978266142E-32,-1.22464679914735E-16));
#7351=DIRECTION('',(-1.22464679914735E-16,-2.449293598294E-16,1.));
#7352=DIRECTION('center_axis',(-1.22464679914735E-16,-2.449293598294E-16,
1.));
#7353=DIRECTION('ref_axis',(1.49975978266143E-32,-1.,-2.449293598294E-16));
#7354=DIRECTION('center_axis',(1.22464679914735E-16,1.224646799147E-16,
-1.));
#7355=DIRECTION('ref_axis',(1.71056941445898E-48,-1.,-1.224646799147E-16));
#7356=DIRECTION('',(-1.22464679914735E-16,-2.449293598294E-16,1.));
#7357=DIRECTION('center_axis',(-1.,1.49975978266142E-32,-1.22464679914735E-16));
#7358=DIRECTION('ref_axis',(0.,-1.,-1.224646799147E-16));
#7359=DIRECTION('',(0.,-1.,-1.224646799147E-16));
#7360=DIRECTION('',(-1.22464679914735E-16,-2.449293598294E-16,1.));
#7361=DIRECTION('center_axis',(-1.22464679914735E-16,-2.449293598294E-16,
1.));
#7362=DIRECTION('ref_axis',(1.,-1.49975978266142E-32,1.22464679914735E-16));
#7363=DIRECTION('center_axis',(1.22464679914735E-16,1.224646799147E-16,
-1.));
#7364=DIRECTION('ref_axis',(1.,-1.49975978266142E-32,1.22464679914735E-16));
#7365=DIRECTION('',(-1.22464679914735E-16,-2.449293598294E-16,1.));
#7366=DIRECTION('center_axis',(1.49975978266143E-32,-1.,-2.449293598294E-16));
#7367=DIRECTION('ref_axis',(1.,-1.49975978266142E-32,1.22464679914735E-16));
#7368=DIRECTION('',(1.,-1.49975978266142E-32,1.22464679914735E-16));
#7369=DIRECTION('',(-1.22464679914735E-16,-2.449293598294E-16,1.));
#7370=DIRECTION('center_axis',(-1.22464679914735E-16,-2.449293598294E-16,
1.));
#7371=DIRECTION('ref_axis',(-1.49975978266143E-32,1.,2.449293598294E-16));
#7372=DIRECTION('center_axis',(1.22464679914735E-16,1.224646799147E-16,
-1.));
#7373=DIRECTION('ref_axis',(0.,1.,1.224646799147E-16));
#7374=DIRECTION('center_axis',(1.,-1.49975978266142E-32,1.22464679914735E-16));
#7375=DIRECTION('ref_axis',(0.,1.,1.224646799147E-16));
#7376=DIRECTION('',(0.,1.,1.224646799147E-16));
#7377=DIRECTION('',(-1.22464679914735E-16,-2.449293598294E-16,1.));
#7378=DIRECTION('',(-1.22464679914735E-16,-2.449293598294E-16,1.));
#7379=DIRECTION('center_axis',(-1.22464679914735E-16,-2.449293598294E-16,
1.));
#7380=DIRECTION('ref_axis',(-1.,1.49975978266142E-32,-1.22464679914735E-16));
#7381=DIRECTION('center_axis',(1.22464679914735E-16,1.224646799147E-16,
-1.));
#7382=DIRECTION('ref_axis',(-1.,1.49975978266142E-32,-1.22464679914735E-16));
#7383=DIRECTION('',(-1.22464679914735E-16,-2.449293598294E-16,1.));
#7384=DIRECTION('center_axis',(-1.49975978266143E-32,1.,2.449293598294E-16));
#7385=DIRECTION('ref_axis',(-1.,1.49975978266142E-32,-1.22464679914735E-16));
#7386=DIRECTION('',(-1.,1.49975978266142E-32,-1.22464679914735E-16));
#7387=DIRECTION('',(-1.22464679914735E-16,-2.449293598294E-16,1.));
#7388=DIRECTION('center_axis',(-1.22464679914735E-16,-2.449293598294E-16,
1.));
#7389=DIRECTION('ref_axis',(1.49975978266143E-32,-1.,-2.449293598294E-16));
#7390=DIRECTION('center_axis',(1.22464679914735E-16,1.224646799147E-16,
-1.));
#7391=DIRECTION('ref_axis',(3.42113882891808E-48,-1.,-1.224646799147E-16));
#7392=DIRECTION('',(-1.22464679914735E-16,-2.449293598294E-16,1.));
#7393=DIRECTION('center_axis',(-1.,1.49975978266142E-32,-1.22464679914735E-16));
#7394=DIRECTION('ref_axis',(0.,-1.,-1.224646799147E-16));
#7395=DIRECTION('',(0.,-1.,-1.224646799147E-16));
#7396=DIRECTION('',(-1.22464679914735E-16,-2.449293598294E-16,1.));
#7397=DIRECTION('center_axis',(-1.22464679914735E-16,-2.449293598294E-16,
1.));
#7398=DIRECTION('ref_axis',(1.,-1.49975978266142E-32,1.22464679914735E-16));
#7399=DIRECTION('center_axis',(1.22464679914735E-16,1.224646799147E-16,
-1.));
#7400=DIRECTION('ref_axis',(1.,-1.49975978266142E-32,1.22464679914735E-16));
#7401=DIRECTION('',(-1.22464679914735E-16,-2.449293598294E-16,1.));
#7402=DIRECTION('center_axis',(1.49975978266143E-32,-1.,-2.449293598294E-16));
#7403=DIRECTION('ref_axis',(1.,-1.49975978266142E-32,1.22464679914735E-16));
#7404=DIRECTION('',(1.,-1.49975978266142E-32,1.22464679914735E-16));
#7405=DIRECTION('',(-1.22464679914735E-16,-2.449293598294E-16,1.));
#7406=DIRECTION('center_axis',(-1.22464679914735E-16,-2.449293598294E-16,
1.));
#7407=DIRECTION('ref_axis',(-1.49975978266143E-32,1.,2.449293598294E-16));
#7408=DIRECTION('center_axis',(1.22464679914735E-16,1.224646799147E-16,
-1.));
#7409=DIRECTION('ref_axis',(0.,1.,1.224646799147E-16));
#7410=DIRECTION('center_axis',(1.,-1.49975978266142E-32,1.22464679914735E-16));
#7411=DIRECTION('ref_axis',(0.,1.,1.224646799147E-16));
#7412=DIRECTION('',(0.,1.,1.224646799147E-16));
#7413=DIRECTION('',(-1.22464679914735E-16,-2.449293598294E-16,1.));
#7414=DIRECTION('',(-1.22464679914735E-16,-2.449293598294E-16,1.));
#7415=DIRECTION('center_axis',(-1.22464679914735E-16,-2.449293598294E-16,
1.));
#7416=DIRECTION('ref_axis',(-1.,1.49975978266142E-32,-1.22464679914735E-16));
#7417=DIRECTION('center_axis',(1.22464679914735E-16,1.224646799147E-16,
-1.));
#7418=DIRECTION('ref_axis',(-1.,1.49975978266142E-32,-1.22464679914735E-16));
#7419=DIRECTION('',(-1.22464679914735E-16,-2.449293598294E-16,1.));
#7420=DIRECTION('center_axis',(-1.49975978266143E-32,1.,2.449293598294E-16));
#7421=DIRECTION('ref_axis',(-1.,1.49975978266142E-32,-1.22464679914735E-16));
#7422=DIRECTION('',(-1.,1.49975978266142E-32,-1.22464679914735E-16));
#7423=DIRECTION('',(-1.22464679914735E-16,-2.449293598294E-16,1.));
#7424=DIRECTION('center_axis',(-1.22464679914735E-16,-2.449293598294E-16,
1.));
#7425=DIRECTION('ref_axis',(1.49975978266143E-32,-1.,-2.449293598294E-16));
#7426=DIRECTION('center_axis',(1.22464679914735E-16,1.224646799147E-16,
-1.));
#7427=DIRECTION('ref_axis',(1.71056941445898E-48,-1.,-1.224646799147E-16));
#7428=DIRECTION('',(-1.22464679914735E-16,-2.449293598294E-16,1.));
#7429=DIRECTION('center_axis',(-1.,1.49975978266142E-32,-1.22464679914735E-16));
#7430=DIRECTION('ref_axis',(0.,-1.,-1.224646799147E-16));
#7431=DIRECTION('',(0.,-1.,-1.224646799147E-16));
#7432=DIRECTION('',(-1.22464679914735E-16,-2.449293598294E-16,1.));
#7433=DIRECTION('center_axis',(-1.22464679914735E-16,-2.449293598294E-16,
1.));
#7434=DIRECTION('ref_axis',(1.,-1.49975978266142E-32,1.22464679914735E-16));
#7435=DIRECTION('center_axis',(1.22464679914735E-16,1.224646799147E-16,
-1.));
#7436=DIRECTION('ref_axis',(1.,-1.49975978266142E-32,1.22464679914735E-16));
#7437=DIRECTION('',(-1.22464679914735E-16,-2.449293598294E-16,1.));
#7438=DIRECTION('center_axis',(1.49975978266143E-32,-1.,-2.449293598294E-16));
#7439=DIRECTION('ref_axis',(1.,-1.49975978266142E-32,1.22464679914735E-16));
#7440=DIRECTION('',(1.,-1.49975978266142E-32,1.22464679914735E-16));
#7441=DIRECTION('',(-1.22464679914735E-16,-2.449293598294E-16,1.));
#7442=DIRECTION('center_axis',(-1.22464679914735E-16,-2.449293598294E-16,
1.));
#7443=DIRECTION('ref_axis',(-1.49975978266143E-32,1.,2.449293598294E-16));
#7444=DIRECTION('center_axis',(1.22464679914735E-16,1.224646799147E-16,
-1.));
#7445=DIRECTION('ref_axis',(0.,1.,1.224646799147E-16));
#7446=DIRECTION('center_axis',(1.,-1.49975978266142E-32,1.22464679914735E-16));
#7447=DIRECTION('ref_axis',(0.,1.,1.224646799147E-16));
#7448=DIRECTION('',(0.,1.,1.224646799147E-16));
#7449=DIRECTION('',(-1.22464679914735E-16,-2.449293598294E-16,1.));
#7450=DIRECTION('',(-1.22464679914735E-16,-2.449293598294E-16,1.));
#7451=DIRECTION('center_axis',(-1.22464679914735E-16,-2.449293598294E-16,
1.));
#7452=DIRECTION('ref_axis',(-1.,1.49975978266142E-32,-1.22464679914735E-16));
#7453=DIRECTION('center_axis',(1.22464679914735E-16,1.224646799147E-16,
-1.));
#7454=DIRECTION('ref_axis',(-1.,1.49975978266142E-32,-1.22464679914735E-16));
#7455=DIRECTION('',(-1.22464679914735E-16,-2.449293598294E-16,1.));
#7456=DIRECTION('center_axis',(-1.49975978266143E-32,1.,2.449293598294E-16));
#7457=DIRECTION('ref_axis',(-1.,1.49975978266142E-32,-1.22464679914735E-16));
#7458=DIRECTION('',(-1.,1.49975978266142E-32,-1.22464679914735E-16));
#7459=DIRECTION('',(-1.22464679914735E-16,-2.449293598294E-16,1.));
#7460=DIRECTION('center_axis',(-1.22464679914735E-16,-2.449293598294E-16,
1.));
#7461=DIRECTION('ref_axis',(1.49975978266143E-32,-1.,-2.449293598294E-16));
#7462=DIRECTION('center_axis',(1.22464679914735E-16,1.224646799147E-16,
-1.));
#7463=DIRECTION('ref_axis',(1.71056941445898E-48,-1.,-1.224646799147E-16));
#7464=DIRECTION('',(-1.22464679914735E-16,-2.449293598294E-16,1.));
#7465=DIRECTION('center_axis',(-1.,1.49975978266142E-32,-1.22464679914735E-16));
#7466=DIRECTION('ref_axis',(0.,-1.,-1.224646799147E-16));
#7467=DIRECTION('',(0.,-1.,-1.224646799147E-16));
#7468=DIRECTION('',(-1.22464679914735E-16,-2.449293598294E-16,1.));
#7469=DIRECTION('center_axis',(-1.22464679914735E-16,-2.449293598294E-16,
1.));
#7470=DIRECTION('ref_axis',(1.,-1.49975978266142E-32,1.22464679914735E-16));
#7471=DIRECTION('center_axis',(1.22464679914735E-16,1.224646799147E-16,
-1.));
#7472=DIRECTION('ref_axis',(1.,-1.49975978266142E-32,1.22464679914735E-16));
#7473=DIRECTION('',(-1.22464679914735E-16,-2.449293598294E-16,1.));
#7474=DIRECTION('center_axis',(1.49975978266143E-32,-1.,-2.449293598294E-16));
#7475=DIRECTION('ref_axis',(1.,-1.49975978266142E-32,1.22464679914735E-16));
#7476=DIRECTION('',(1.,-1.49975978266142E-32,1.22464679914735E-16));
#7477=DIRECTION('',(-1.22464679914735E-16,-2.449293598294E-16,1.));
#7478=DIRECTION('center_axis',(-1.22464679914735E-16,-2.449293598294E-16,
1.));
#7479=DIRECTION('ref_axis',(-1.49975978266143E-32,1.,2.449293598294E-16));
#7480=DIRECTION('center_axis',(1.22464679914735E-16,1.224646799147E-16,
-1.));
#7481=DIRECTION('ref_axis',(0.,1.,1.224646799147E-16));
#7482=DIRECTION('center_axis',(1.,-1.49975978266142E-32,1.22464679914735E-16));
#7483=DIRECTION('ref_axis',(0.,1.,1.224646799147E-16));
#7484=DIRECTION('',(0.,1.,1.224646799147E-16));
#7485=DIRECTION('',(-1.22464679914735E-16,-2.449293598294E-16,1.));
#7486=DIRECTION('',(-1.22464679914735E-16,-2.449293598294E-16,1.));
#7487=DIRECTION('center_axis',(-1.22464679914735E-16,-2.449293598294E-16,
1.));
#7488=DIRECTION('ref_axis',(-1.,1.49975978266142E-32,-1.22464679914735E-16));
#7489=DIRECTION('center_axis',(1.22464679914735E-16,1.224646799147E-16,
-1.));
#7490=DIRECTION('ref_axis',(-1.,1.49975978266142E-32,-1.22464679914735E-16));
#7491=DIRECTION('',(-1.22464679914735E-16,-2.449293598294E-16,1.));
#7492=DIRECTION('center_axis',(-1.49975978266143E-32,1.,2.449293598294E-16));
#7493=DIRECTION('ref_axis',(-1.,1.49975978266142E-32,-1.22464679914735E-16));
#7494=DIRECTION('',(-1.,1.49975978266142E-32,-1.22464679914735E-16));
#7495=DIRECTION('',(-1.22464679914735E-16,-2.449293598294E-16,1.));
#7496=DIRECTION('center_axis',(-1.22464679914735E-16,-2.449293598294E-16,
1.));
#7497=DIRECTION('ref_axis',(1.49975978266143E-32,-1.,-2.449293598294E-16));
#7498=DIRECTION('center_axis',(1.22464679914735E-16,1.224646799147E-16,
-1.));
#7499=DIRECTION('ref_axis',(1.71056941445898E-48,-1.,-1.224646799147E-16));
#7500=DIRECTION('',(-1.22464679914735E-16,-2.449293598294E-16,1.));
#7501=DIRECTION('center_axis',(-1.,1.49975978266142E-32,-1.22464679914735E-16));
#7502=DIRECTION('ref_axis',(0.,-1.,-1.224646799147E-16));
#7503=DIRECTION('',(0.,-1.,-1.224646799147E-16));
#7504=DIRECTION('',(-1.22464679914735E-16,-2.449293598294E-16,1.));
#7505=DIRECTION('center_axis',(-1.22464679914735E-16,-2.449293598294E-16,
1.));
#7506=DIRECTION('ref_axis',(1.,-1.49975978266142E-32,1.22464679914735E-16));
#7507=DIRECTION('center_axis',(1.22464679914735E-16,1.224646799147E-16,
-1.));
#7508=DIRECTION('ref_axis',(1.,-1.49975978266142E-32,1.22464679914735E-16));
#7509=DIRECTION('',(-1.22464679914735E-16,-2.449293598294E-16,1.));
#7510=DIRECTION('center_axis',(1.49975978266143E-32,-1.,-2.449293598294E-16));
#7511=DIRECTION('ref_axis',(1.,-1.49975978266142E-32,1.22464679914735E-16));
#7512=DIRECTION('',(1.,-1.49975978266142E-32,1.22464679914735E-16));
#7513=DIRECTION('',(-1.22464679914735E-16,-2.449293598294E-16,1.));
#7514=DIRECTION('center_axis',(-1.22464679914735E-16,-2.449293598294E-16,
1.));
#7515=DIRECTION('ref_axis',(-1.49975978266143E-32,1.,2.449293598294E-16));
#7516=DIRECTION('center_axis',(1.22464679914735E-16,1.224646799147E-16,
-1.));
#7517=DIRECTION('ref_axis',(0.,1.,1.224646799147E-16));
#7518=DIRECTION('center_axis',(1.,-1.49975978266142E-32,1.22464679914735E-16));
#7519=DIRECTION('ref_axis',(0.,1.,1.224646799147E-16));
#7520=DIRECTION('',(0.,1.,1.224646799147E-16));
#7521=DIRECTION('',(-1.22464679914735E-16,-2.449293598294E-16,1.));
#7522=DIRECTION('',(-1.22464679914735E-16,-2.449293598294E-16,1.));
#7523=DIRECTION('center_axis',(-1.22464679914735E-16,-2.449293598294E-16,
1.));
#7524=DIRECTION('ref_axis',(-1.,1.49975978266142E-32,-1.22464679914735E-16));
#7525=DIRECTION('center_axis',(1.22464679914735E-16,1.224646799147E-16,
-1.));
#7526=DIRECTION('ref_axis',(-1.,1.49975978266142E-32,-1.22464679914735E-16));
#7527=DIRECTION('',(-1.22464679914735E-16,-2.449293598294E-16,1.));
#7528=DIRECTION('center_axis',(-1.49975978266143E-32,1.,2.449293598294E-16));
#7529=DIRECTION('ref_axis',(-1.,1.49975978266142E-32,-1.22464679914735E-16));
#7530=DIRECTION('',(-1.,1.49975978266142E-32,-1.22464679914735E-16));
#7531=DIRECTION('',(-1.22464679914735E-16,-2.449293598294E-16,1.));
#7532=DIRECTION('center_axis',(-1.22464679914735E-16,-2.449293598294E-16,
1.));
#7533=DIRECTION('ref_axis',(1.49975978266143E-32,-1.,-2.449293598294E-16));
#7534=DIRECTION('center_axis',(1.22464679914735E-16,1.224646799147E-16,
-1.));
#7535=DIRECTION('ref_axis',(0.,-1.,-1.224646799147E-16));
#7536=DIRECTION('',(-1.22464679914735E-16,-2.449293598294E-16,1.));
#7537=DIRECTION('center_axis',(-1.,1.49975978266142E-32,-1.22464679914735E-16));
#7538=DIRECTION('ref_axis',(0.,-1.,-1.224646799147E-16));
#7539=DIRECTION('',(0.,-1.,-1.224646799147E-16));
#7540=DIRECTION('',(-1.22464679914735E-16,-2.449293598294E-16,1.));
#7541=DIRECTION('center_axis',(-1.22464679914735E-16,-2.449293598294E-16,
1.));
#7542=DIRECTION('ref_axis',(1.,-1.49975978266142E-32,1.22464679914735E-16));
#7543=DIRECTION('center_axis',(1.22464679914735E-16,1.224646799147E-16,
-1.));
#7544=DIRECTION('ref_axis',(1.,-1.49975978266142E-32,1.22464679914735E-16));
#7545=DIRECTION('',(-1.22464679914735E-16,-2.449293598294E-16,1.));
#7546=DIRECTION('center_axis',(1.49975978266143E-32,-1.,-2.449293598294E-16));
#7547=DIRECTION('ref_axis',(1.,-1.49975978266142E-32,1.22464679914735E-16));
#7548=DIRECTION('',(1.,-1.49975978266142E-32,1.22464679914735E-16));
#7549=DIRECTION('',(-1.22464679914735E-16,-2.449293598294E-16,1.));
#7550=DIRECTION('center_axis',(-1.22464679914735E-16,-2.449293598294E-16,
1.));
#7551=DIRECTION('ref_axis',(-1.49975978266143E-32,1.,2.449293598294E-16));
#7552=DIRECTION('center_axis',(1.22464679914735E-16,1.224646799147E-16,
-1.));
#7553=DIRECTION('ref_axis',(0.,1.,1.224646799147E-16));
#7554=DIRECTION('center_axis',(1.,-1.49975978266142E-32,1.22464679914735E-16));
#7555=DIRECTION('ref_axis',(0.,1.,1.224646799147E-16));
#7556=DIRECTION('',(0.,1.,1.224646799147E-16));
#7557=DIRECTION('',(-1.22464679914735E-16,-2.449293598294E-16,1.));
#7558=DIRECTION('',(-1.22464679914735E-16,-2.449293598294E-16,1.));
#7559=DIRECTION('center_axis',(-1.22464679914735E-16,-2.449293598294E-16,
1.));
#7560=DIRECTION('ref_axis',(-1.,1.49975978266142E-32,-1.22464679914735E-16));
#7561=DIRECTION('center_axis',(1.22464679914735E-16,1.224646799147E-16,
-1.));
#7562=DIRECTION('ref_axis',(-1.,1.49975978266142E-32,-1.22464679914735E-16));
#7563=DIRECTION('',(-1.22464679914735E-16,-2.449293598294E-16,1.));
#7564=DIRECTION('center_axis',(-1.49975978266143E-32,1.,2.449293598294E-16));
#7565=DIRECTION('ref_axis',(-1.,1.49975978266142E-32,-1.22464679914735E-16));
#7566=DIRECTION('',(-1.,1.49975978266142E-32,-1.22464679914735E-16));
#7567=DIRECTION('',(-1.22464679914735E-16,-2.449293598294E-16,1.));
#7568=DIRECTION('center_axis',(-1.22464679914735E-16,-2.449293598294E-16,
1.));
#7569=DIRECTION('ref_axis',(1.49975978266143E-32,-1.,-2.449293598294E-16));
#7570=DIRECTION('center_axis',(1.22464679914735E-16,1.224646799147E-16,
-1.));
#7571=DIRECTION('ref_axis',(0.,-1.,-1.224646799147E-16));
#7572=DIRECTION('',(-1.22464679914735E-16,-2.449293598294E-16,1.));
#7573=DIRECTION('center_axis',(-1.,1.49975978266142E-32,-1.22464679914735E-16));
#7574=DIRECTION('ref_axis',(0.,-1.,-1.224646799147E-16));
#7575=DIRECTION('',(0.,-1.,-1.224646799147E-16));
#7576=DIRECTION('',(-1.22464679914735E-16,-2.449293598294E-16,1.));
#7577=DIRECTION('center_axis',(-1.22464679914735E-16,-2.449293598294E-16,
1.));
#7578=DIRECTION('ref_axis',(1.,-1.49975978266142E-32,1.22464679914735E-16));
#7579=DIRECTION('center_axis',(1.22464679914735E-16,1.224646799147E-16,
-1.));
#7580=DIRECTION('ref_axis',(1.,-1.49975978266142E-32,1.22464679914735E-16));
#7581=DIRECTION('',(-1.22464679914735E-16,-2.449293598294E-16,1.));
#7582=DIRECTION('center_axis',(1.49975978266143E-32,-1.,-2.449293598294E-16));
#7583=DIRECTION('ref_axis',(1.,-1.49975978266142E-32,1.22464679914735E-16));
#7584=DIRECTION('',(1.,-1.49975978266142E-32,1.22464679914735E-16));
#7585=DIRECTION('',(-1.22464679914735E-16,-2.449293598294E-16,1.));
#7586=DIRECTION('center_axis',(-1.22464679914735E-16,-2.449293598294E-16,
1.));
#7587=DIRECTION('ref_axis',(-1.49975978266143E-32,1.,2.449293598294E-16));
#7588=DIRECTION('center_axis',(1.22464679914735E-16,1.224646799147E-16,
-1.));
#7589=DIRECTION('ref_axis',(-3.42113882891808E-48,1.,1.224646799147E-16));
#7590=DIRECTION('center_axis',(1.,-1.49975978266142E-32,1.22464679914735E-16));
#7591=DIRECTION('ref_axis',(0.,1.,1.224646799147E-16));
#7592=DIRECTION('',(0.,1.,1.224646799147E-16));
#7593=DIRECTION('',(-1.22464679914735E-16,-2.449293598294E-16,1.));
#7594=DIRECTION('',(-1.22464679914735E-16,-2.449293598294E-16,1.));
#7595=DIRECTION('center_axis',(-1.22464679914735E-16,-2.449293598294E-16,
1.));
#7596=DIRECTION('ref_axis',(-1.,-3.55271367880045E-14,-1.22464679914744E-16));
#7597=DIRECTION('center_axis',(1.22464679914735E-16,1.224646799147E-16,
-1.));
#7598=DIRECTION('ref_axis',(-1.,-3.55271367880045E-14,-1.2246467991474E-16));
#7599=DIRECTION('',(-1.22464679914735E-16,-2.449293598294E-16,1.));
#7600=DIRECTION('center_axis',(-1.49975978266143E-32,1.,2.449293598294E-16));
#7601=DIRECTION('ref_axis',(-1.,1.49975978266142E-32,-1.22464679914735E-16));
#7602=DIRECTION('',(-1.,1.49975978266142E-32,-1.22464679914735E-16));
#7603=DIRECTION('',(-1.22464679914735E-16,-2.449293598294E-16,1.));
#7604=DIRECTION('center_axis',(-1.22464679914735E-16,-2.449293598294E-16,
1.));
#7605=DIRECTION('ref_axis',(1.49975978266143E-32,-1.,-2.449293598294E-16));
#7606=DIRECTION('center_axis',(1.22464679914735E-16,1.224646799147E-16,
-1.));
#7607=DIRECTION('ref_axis',(1.71056941445898E-48,-1.,-1.224646799147E-16));
#7608=DIRECTION('',(-1.22464679914735E-16,-2.449293598294E-16,1.));
#7609=DIRECTION('center_axis',(-1.,1.49975978266142E-32,-1.22464679914735E-16));
#7610=DIRECTION('ref_axis',(0.,-1.,-1.224646799147E-16));
#7611=DIRECTION('',(0.,-1.,-1.224646799147E-16));
#7612=DIRECTION('',(-1.22464679914735E-16,-2.449293598294E-16,1.));
#7613=DIRECTION('center_axis',(-1.22464679914735E-16,-2.449293598294E-16,
1.));
#7614=DIRECTION('ref_axis',(1.,-1.49975978266142E-32,1.22464679914735E-16));
#7615=DIRECTION('center_axis',(1.22464679914735E-16,1.224646799147E-16,
-1.));
#7616=DIRECTION('ref_axis',(1.,-1.49975978266142E-32,1.22464679914735E-16));
#7617=DIRECTION('',(-1.22464679914735E-16,-2.449293598294E-16,1.));
#7618=DIRECTION('center_axis',(1.49975978266143E-32,-1.,-2.449293598294E-16));
#7619=DIRECTION('ref_axis',(1.,-1.49975978266142E-32,1.22464679914735E-16));
#7620=DIRECTION('',(1.,-1.49975978266142E-32,1.22464679914735E-16));
#7621=DIRECTION('',(-1.22464679914735E-16,-2.449293598294E-16,1.));
#7622=DIRECTION('center_axis',(-1.22464679914735E-16,-2.449293598294E-16,
1.));
#7623=DIRECTION('ref_axis',(-1.49975978266143E-32,1.,2.449293598294E-16));
#7624=DIRECTION('center_axis',(1.22464679914735E-16,1.224646799147E-16,
-1.));
#7625=DIRECTION('ref_axis',(-1.71056941445898E-48,1.,1.224646799147E-16));
#7626=DIRECTION('center_axis',(1.,-1.49975978266142E-32,1.22464679914735E-16));
#7627=DIRECTION('ref_axis',(0.,1.,1.224646799147E-16));
#7628=DIRECTION('',(0.,1.,1.224646799147E-16));
#7629=DIRECTION('',(-1.22464679914735E-16,-2.449293598294E-16,1.));
#7630=DIRECTION('',(-1.22464679914735E-16,-2.449293598294E-16,1.));
#7631=DIRECTION('center_axis',(-1.22464679914735E-16,-2.449293598294E-16,
1.));
#7632=DIRECTION('ref_axis',(-1.,1.49975978266142E-32,-1.22464679914735E-16));
#7633=DIRECTION('center_axis',(1.22464679914735E-16,1.224646799147E-16,
-1.));
#7634=DIRECTION('ref_axis',(-1.,1.49975978266142E-32,-1.22464679914735E-16));
#7635=DIRECTION('',(-1.22464679914735E-16,-2.449293598294E-16,1.));
#7636=DIRECTION('center_axis',(-1.49975978266143E-32,1.,2.449293598294E-16));
#7637=DIRECTION('ref_axis',(-1.,1.49975978266142E-32,-1.22464679914735E-16));
#7638=DIRECTION('',(-1.,1.49975978266142E-32,-1.22464679914735E-16));
#7639=DIRECTION('',(-1.22464679914735E-16,-2.449293598294E-16,1.));
#7640=DIRECTION('center_axis',(-1.22464679914735E-16,-2.449293598294E-16,
1.));
#7641=DIRECTION('ref_axis',(1.49975978266143E-32,-1.,-2.449293598294E-16));
#7642=DIRECTION('center_axis',(1.22464679914735E-16,1.224646799147E-16,
-1.));
#7643=DIRECTION('ref_axis',(1.71056941445898E-48,-1.,-1.224646799147E-16));
#7644=DIRECTION('',(-1.22464679914735E-16,-2.449293598294E-16,1.));
#7645=DIRECTION('center_axis',(-1.,1.49975978266142E-32,-1.22464679914735E-16));
#7646=DIRECTION('ref_axis',(0.,-1.,-1.224646799147E-16));
#7647=DIRECTION('',(0.,-1.,-1.224646799147E-16));
#7648=DIRECTION('',(-1.22464679914735E-16,-2.449293598294E-16,1.));
#7649=DIRECTION('center_axis',(-1.22464679914735E-16,-2.449293598294E-16,
1.));
#7650=DIRECTION('ref_axis',(1.,-1.49975978266142E-32,1.22464679914735E-16));
#7651=DIRECTION('center_axis',(1.22464679914735E-16,1.224646799147E-16,
-1.));
#7652=DIRECTION('ref_axis',(1.,-1.49975978266142E-32,1.22464679914735E-16));
#7653=DIRECTION('',(-1.22464679914735E-16,-2.449293598294E-16,1.));
#7654=DIRECTION('center_axis',(1.49975978266143E-32,-1.,-2.449293598294E-16));
#7655=DIRECTION('ref_axis',(1.,-1.49975978266142E-32,1.22464679914735E-16));
#7656=DIRECTION('',(1.,-1.49975978266142E-32,1.22464679914735E-16));
#7657=DIRECTION('',(-1.22464679914735E-16,-2.449293598294E-16,1.));
#7658=DIRECTION('center_axis',(-1.22464679914735E-16,-2.449293598294E-16,
1.));
#7659=DIRECTION('ref_axis',(-1.49975978266143E-32,1.,2.449293598294E-16));
#7660=DIRECTION('center_axis',(1.22464679914735E-16,1.224646799147E-16,
-1.));
#7661=DIRECTION('ref_axis',(-1.71056941445898E-48,1.,1.224646799147E-16));
#7662=DIRECTION('center_axis',(1.,-1.49975978266142E-32,1.22464679914735E-16));
#7663=DIRECTION('ref_axis',(0.,1.,1.224646799147E-16));
#7664=DIRECTION('',(0.,1.,1.224646799147E-16));
#7665=DIRECTION('',(-1.22464679914735E-16,-2.449293598294E-16,1.));
#7666=DIRECTION('',(-1.22464679914735E-16,-2.449293598294E-16,1.));
#7667=DIRECTION('center_axis',(-1.22464679914735E-16,-2.449293598294E-16,
1.));
#7668=DIRECTION('ref_axis',(-1.,1.49975978266142E-32,-1.22464679914735E-16));
#7669=DIRECTION('center_axis',(1.22464679914735E-16,1.224646799147E-16,
-1.));
#7670=DIRECTION('ref_axis',(-1.,1.49975978266142E-32,-1.22464679914735E-16));
#7671=DIRECTION('',(-1.22464679914735E-16,-2.449293598294E-16,1.));
#7672=DIRECTION('center_axis',(-1.49975978266143E-32,1.,2.449293598294E-16));
#7673=DIRECTION('ref_axis',(-1.,1.49975978266142E-32,-1.22464679914735E-16));
#7674=DIRECTION('',(-1.,1.49975978266142E-32,-1.22464679914735E-16));
#7675=DIRECTION('',(-1.22464679914735E-16,-2.449293598294E-16,1.));
#7676=DIRECTION('center_axis',(-1.22464679914735E-16,-2.449293598294E-16,
1.));
#7677=DIRECTION('ref_axis',(1.49975978266143E-32,-1.,-2.449293598294E-16));
#7678=DIRECTION('center_axis',(1.22464679914735E-16,1.224646799147E-16,
-1.));
#7679=DIRECTION('ref_axis',(3.42113882891808E-48,-1.,-1.224646799147E-16));
#7680=DIRECTION('',(-1.22464679914735E-16,-2.449293598294E-16,1.));
#7681=DIRECTION('center_axis',(-1.,1.49975978266142E-32,-1.22464679914735E-16));
#7682=DIRECTION('ref_axis',(0.,-1.,-1.224646799147E-16));
#7683=DIRECTION('',(0.,-1.,-1.224646799147E-16));
#7684=DIRECTION('',(-1.22464679914735E-16,-2.449293598294E-16,1.));
#7685=DIRECTION('center_axis',(-1.22464679914735E-16,-2.449293598294E-16,
1.));
#7686=DIRECTION('ref_axis',(1.,-1.49975978266142E-32,1.22464679914735E-16));
#7687=DIRECTION('center_axis',(1.22464679914735E-16,1.224646799147E-16,
-1.));
#7688=DIRECTION('ref_axis',(1.,-1.49975978266142E-32,1.22464679914735E-16));
#7689=DIRECTION('',(-1.22464679914735E-16,-2.449293598294E-16,1.));
#7690=DIRECTION('center_axis',(1.49975978266143E-32,-1.,-2.449293598294E-16));
#7691=DIRECTION('ref_axis',(1.,-1.49975978266142E-32,1.22464679914735E-16));
#7692=DIRECTION('',(1.,-1.49975978266142E-32,1.22464679914735E-16));
#7693=DIRECTION('',(-1.22464679914735E-16,-2.449293598294E-16,1.));
#7694=DIRECTION('center_axis',(-1.22464679914735E-16,-2.449293598294E-16,
1.));
#7695=DIRECTION('ref_axis',(-1.49975978266143E-32,1.,2.449293598294E-16));
#7696=DIRECTION('center_axis',(1.22464679914735E-16,1.224646799147E-16,
-1.));
#7697=DIRECTION('ref_axis',(0.,1.,1.224646799147E-16));
#7698=DIRECTION('center_axis',(1.,-1.49975978266142E-32,1.22464679914735E-16));
#7699=DIRECTION('ref_axis',(0.,1.,1.224646799147E-16));
#7700=DIRECTION('',(0.,1.,1.224646799147E-16));
#7701=DIRECTION('',(-1.22464679914735E-16,-2.449293598294E-16,1.));
#7702=DIRECTION('',(-1.22464679914735E-16,-2.449293598294E-16,1.));
#7703=DIRECTION('center_axis',(-1.22464679914735E-16,-2.449293598294E-16,
1.));
#7704=DIRECTION('ref_axis',(-1.,1.49975978266142E-32,-1.22464679914735E-16));
#7705=DIRECTION('center_axis',(1.22464679914735E-16,1.224646799147E-16,
-1.));
#7706=DIRECTION('ref_axis',(-1.,1.49975978266142E-32,-1.22464679914735E-16));
#7707=DIRECTION('',(-1.22464679914735E-16,-2.449293598294E-16,1.));
#7708=DIRECTION('center_axis',(-1.49975978266143E-32,1.,2.449293598294E-16));
#7709=DIRECTION('ref_axis',(-1.,1.49975978266142E-32,-1.22464679914735E-16));
#7710=DIRECTION('',(-1.,1.49975978266142E-32,-1.22464679914735E-16));
#7711=DIRECTION('',(-1.22464679914735E-16,-2.449293598294E-16,1.));
#7712=DIRECTION('center_axis',(-1.22464679914735E-16,-2.449293598294E-16,
1.));
#7713=DIRECTION('ref_axis',(1.49975978266143E-32,-1.,-2.449293598294E-16));
#7714=DIRECTION('center_axis',(1.22464679914735E-16,1.224646799147E-16,
-1.));
#7715=DIRECTION('ref_axis',(0.,-1.,-1.224646799147E-16));
#7716=DIRECTION('',(-1.22464679914735E-16,-2.449293598294E-16,1.));
#7717=DIRECTION('center_axis',(-1.,1.49975978266142E-32,-1.22464679914735E-16));
#7718=DIRECTION('ref_axis',(0.,-1.,-1.224646799147E-16));
#7719=DIRECTION('',(0.,-1.,-1.224646799147E-16));
#7720=DIRECTION('',(-1.22464679914735E-16,-2.449293598294E-16,1.));
#7721=DIRECTION('center_axis',(-1.22464679914735E-16,-2.449293598294E-16,
1.));
#7722=DIRECTION('ref_axis',(1.,-1.49975978266142E-32,1.22464679914735E-16));
#7723=DIRECTION('center_axis',(1.22464679914735E-16,1.224646799147E-16,
-1.));
#7724=DIRECTION('ref_axis',(1.,-1.49975978266142E-32,1.22464679914735E-16));
#7725=DIRECTION('',(-1.22464679914735E-16,-2.449293598294E-16,1.));
#7726=DIRECTION('center_axis',(1.49975978266143E-32,-1.,-2.449293598294E-16));
#7727=DIRECTION('ref_axis',(1.,-1.49975978266142E-32,1.22464679914735E-16));
#7728=DIRECTION('',(1.,-1.49975978266142E-32,1.22464679914735E-16));
#7729=DIRECTION('',(-1.22464679914735E-16,-2.449293598294E-16,1.));
#7730=DIRECTION('center_axis',(-1.22464679914735E-16,-2.449293598294E-16,
1.));
#7731=DIRECTION('ref_axis',(-1.49975978266143E-32,1.,2.449293598294E-16));
#7732=DIRECTION('center_axis',(1.22464679914735E-16,1.224646799147E-16,
-1.));
#7733=DIRECTION('ref_axis',(-3.42113882891808E-48,1.,1.224646799147E-16));
#7734=DIRECTION('center_axis',(1.,-1.49975978266142E-32,1.22464679914735E-16));
#7735=DIRECTION('ref_axis',(0.,1.,1.224646799147E-16));
#7736=DIRECTION('',(0.,1.,1.224646799147E-16));
#7737=DIRECTION('',(-1.22464679914735E-16,-2.449293598294E-16,1.));
#7738=DIRECTION('',(-1.22464679914735E-16,-2.449293598294E-16,1.));
#7739=DIRECTION('center_axis',(-1.22464679914735E-16,-2.449293598294E-16,
1.));
#7740=DIRECTION('ref_axis',(-1.,1.49975978266142E-32,-1.22464679914735E-16));
#7741=DIRECTION('center_axis',(1.22464679914735E-16,1.224646799147E-16,
-1.));
#7742=DIRECTION('ref_axis',(-1.,1.49975978266142E-32,-1.22464679914735E-16));
#7743=DIRECTION('',(-1.22464679914735E-16,-2.449293598294E-16,1.));
#7744=DIRECTION('center_axis',(-1.49975978266143E-32,1.,2.449293598294E-16));
#7745=DIRECTION('ref_axis',(-1.,1.49975978266142E-32,-1.22464679914735E-16));
#7746=DIRECTION('',(-1.,1.49975978266142E-32,-1.22464679914735E-16));
#7747=DIRECTION('',(-1.22464679914735E-16,-2.449293598294E-16,1.));
#7748=DIRECTION('center_axis',(-1.22464679914735E-16,-2.449293598294E-16,
1.));
#7749=DIRECTION('ref_axis',(1.49975978266143E-32,-1.,-2.449293598294E-16));
#7750=DIRECTION('center_axis',(1.22464679914735E-16,1.224646799147E-16,
-1.));
#7751=DIRECTION('ref_axis',(0.,-1.,-1.224646799147E-16));
#7752=DIRECTION('',(-1.22464679914735E-16,-2.449293598294E-16,1.));
#7753=DIRECTION('center_axis',(-1.,1.49975978266142E-32,-1.22464679914735E-16));
#7754=DIRECTION('ref_axis',(0.,-1.,-1.224646799147E-16));
#7755=DIRECTION('',(0.,-1.,-1.224646799147E-16));
#7756=DIRECTION('',(-1.22464679914735E-16,-2.449293598294E-16,1.));
#7757=DIRECTION('center_axis',(-1.22464679914735E-16,-2.449293598294E-16,
1.));
#7758=DIRECTION('ref_axis',(1.,-1.49975978266142E-32,1.22464679914735E-16));
#7759=DIRECTION('center_axis',(1.22464679914735E-16,1.224646799147E-16,
-1.));
#7760=DIRECTION('ref_axis',(1.,-1.49975978266142E-32,1.22464679914735E-16));
#7761=DIRECTION('',(-1.22464679914735E-16,-2.449293598294E-16,1.));
#7762=DIRECTION('center_axis',(1.49975978266143E-32,-1.,-2.449293598294E-16));
#7763=DIRECTION('ref_axis',(1.,-1.49975978266142E-32,1.22464679914735E-16));
#7764=DIRECTION('',(1.,-1.49975978266142E-32,1.22464679914735E-16));
#7765=DIRECTION('',(-1.22464679914735E-16,-2.449293598294E-16,1.));
#7766=DIRECTION('center_axis',(-1.22464679914735E-16,-2.449293598294E-16,
1.));
#7767=DIRECTION('ref_axis',(-1.49975978266143E-32,1.,2.449293598294E-16));
#7768=DIRECTION('center_axis',(1.22464679914735E-16,1.224646799147E-16,
-1.));
#7769=DIRECTION('ref_axis',(0.,1.,1.224646799147E-16));
#7770=DIRECTION('center_axis',(1.,-1.49975978266142E-32,1.22464679914735E-16));
#7771=DIRECTION('ref_axis',(0.,1.,1.224646799147E-16));
#7772=DIRECTION('',(0.,1.,1.224646799147E-16));
#7773=DIRECTION('',(-1.22464679914735E-16,-2.449293598294E-16,1.));
#7774=DIRECTION('',(-1.22464679914735E-16,-2.449293598294E-16,1.));
#7775=DIRECTION('center_axis',(-1.22464679914735E-16,-2.449293598294E-16,
1.));
#7776=DIRECTION('ref_axis',(-1.,1.49975978266142E-32,-1.22464679914735E-16));
#7777=DIRECTION('center_axis',(1.22464679914735E-16,1.224646799147E-16,
-1.));
#7778=DIRECTION('ref_axis',(-1.,1.49975978266142E-32,-1.22464679914735E-16));
#7779=DIRECTION('',(-1.22464679914735E-16,-2.449293598294E-16,1.));
#7780=DIRECTION('center_axis',(-1.49975978266143E-32,1.,2.449293598294E-16));
#7781=DIRECTION('ref_axis',(-1.,1.49975978266142E-32,-1.22464679914735E-16));
#7782=DIRECTION('',(-1.,1.49975978266142E-32,-1.22464679914735E-16));
#7783=DIRECTION('',(-1.22464679914735E-16,-2.449293598294E-16,1.));
#7784=DIRECTION('center_axis',(-1.22464679914735E-16,-2.449293598294E-16,
1.));
#7785=DIRECTION('ref_axis',(1.49975978266143E-32,-1.,-2.449293598294E-16));
#7786=DIRECTION('center_axis',(1.22464679914735E-16,1.224646799147E-16,
-1.));
#7787=DIRECTION('ref_axis',(0.,-1.,-1.224646799147E-16));
#7788=DIRECTION('',(-1.22464679914735E-16,-2.449293598294E-16,1.));
#7789=DIRECTION('center_axis',(-1.,1.49975978266142E-32,-1.22464679914735E-16));
#7790=DIRECTION('ref_axis',(0.,-1.,-1.224646799147E-16));
#7791=DIRECTION('',(0.,-1.,-1.224646799147E-16));
#7792=DIRECTION('',(-1.22464679914735E-16,-2.449293598294E-16,1.));
#7793=DIRECTION('center_axis',(-1.22464679914735E-16,-2.449293598294E-16,
1.));
#7794=DIRECTION('ref_axis',(1.,-1.49975978266142E-32,1.22464679914735E-16));
#7795=DIRECTION('center_axis',(1.22464679914735E-16,1.224646799147E-16,
-1.));
#7796=DIRECTION('ref_axis',(1.,-1.49975978266142E-32,1.22464679914735E-16));
#7797=DIRECTION('',(-1.22464679914735E-16,-2.449293598294E-16,1.));
#7798=DIRECTION('center_axis',(1.49975978266143E-32,-1.,-2.449293598294E-16));
#7799=DIRECTION('ref_axis',(1.,-1.49975978266142E-32,1.22464679914735E-16));
#7800=DIRECTION('',(1.,-1.49975978266142E-32,1.22464679914735E-16));
#7801=DIRECTION('',(-1.22464679914735E-16,-2.449293598294E-16,1.));
#7802=DIRECTION('center_axis',(-1.22464679914735E-16,-2.449293598294E-16,
1.));
#7803=DIRECTION('ref_axis',(-1.49975978266143E-32,1.,2.449293598294E-16));
#7804=DIRECTION('center_axis',(1.22464679914735E-16,1.224646799147E-16,
-1.));
#7805=DIRECTION('ref_axis',(0.,1.,1.224646799147E-16));
#7806=DIRECTION('center_axis',(1.,-1.49975978266142E-32,1.22464679914735E-16));
#7807=DIRECTION('ref_axis',(0.,1.,1.224646799147E-16));
#7808=DIRECTION('',(0.,1.,1.224646799147E-16));
#7809=DIRECTION('',(-1.22464679914735E-16,-2.449293598294E-16,1.));
#7810=DIRECTION('',(-1.22464679914735E-16,-2.449293598294E-16,1.));
#7811=DIRECTION('center_axis',(-1.22464679914735E-16,-2.449293598294E-16,
1.));
#7812=DIRECTION('ref_axis',(-1.,-3.55271367880045E-14,-1.22464679914744E-16));
#7813=DIRECTION('center_axis',(1.22464679914735E-16,1.224646799147E-16,
-1.));
#7814=DIRECTION('ref_axis',(-1.,-3.55271367880045E-14,-1.2246467991474E-16));
#7815=DIRECTION('',(-1.22464679914735E-16,-2.449293598294E-16,1.));
#7816=DIRECTION('center_axis',(-1.49975978266143E-32,1.,2.449293598294E-16));
#7817=DIRECTION('ref_axis',(-1.,1.49975978266142E-32,-1.22464679914735E-16));
#7818=DIRECTION('',(-1.,1.49975978266142E-32,-1.22464679914735E-16));
#7819=DIRECTION('',(-1.22464679914735E-16,-2.449293598294E-16,1.));
#7820=DIRECTION('center_axis',(-1.22464679914735E-16,-2.449293598294E-16,
1.));
#7821=DIRECTION('ref_axis',(1.49975978266143E-32,-1.,-2.449293598294E-16));
#7822=DIRECTION('center_axis',(1.22464679914735E-16,1.224646799147E-16,
-1.));
#7823=DIRECTION('ref_axis',(1.71056941445898E-48,-1.,-1.224646799147E-16));
#7824=DIRECTION('',(-1.22464679914735E-16,-2.449293598294E-16,1.));
#7825=DIRECTION('center_axis',(-1.,1.49975978266142E-32,-1.22464679914735E-16));
#7826=DIRECTION('ref_axis',(0.,-1.,-1.224646799147E-16));
#7827=DIRECTION('',(0.,-1.,-1.224646799147E-16));
#7828=DIRECTION('',(-1.22464679914735E-16,-2.449293598294E-16,1.));
#7829=DIRECTION('center_axis',(-1.22464679914735E-16,-2.449293598294E-16,
1.));
#7830=DIRECTION('ref_axis',(1.,-1.49975978266142E-32,1.22464679914735E-16));
#7831=DIRECTION('center_axis',(1.22464679914735E-16,1.224646799147E-16,
-1.));
#7832=DIRECTION('ref_axis',(1.,-1.49975978266142E-32,1.22464679914735E-16));
#7833=DIRECTION('',(-1.22464679914735E-16,-2.449293598294E-16,1.));
#7834=DIRECTION('center_axis',(1.49975978266143E-32,-1.,-2.449293598294E-16));
#7835=DIRECTION('ref_axis',(1.,-1.49975978266142E-32,1.22464679914735E-16));
#7836=DIRECTION('',(1.,-1.49975978266142E-32,1.22464679914735E-16));
#7837=DIRECTION('',(-1.22464679914735E-16,-2.449293598294E-16,1.));
#7838=DIRECTION('center_axis',(-1.22464679914735E-16,-2.449293598294E-16,
1.));
#7839=DIRECTION('ref_axis',(-1.49975978266143E-32,1.,2.449293598294E-16));
#7840=DIRECTION('center_axis',(1.22464679914735E-16,1.224646799147E-16,
-1.));
#7841=DIRECTION('ref_axis',(-1.71056941445898E-48,1.,1.224646799147E-16));
#7842=DIRECTION('center_axis',(-1.22464679914735E-16,-2.449293598294E-16,
1.));
#7843=DIRECTION('ref_axis',(1.49975978266143E-32,-1.,-2.449293598294E-16));
#7844=DIRECTION('center_axis',(1.22464679914735E-16,1.224646799147E-16,
-1.));
#7845=DIRECTION('ref_axis',(0.,-1.,-1.224646799147E-16));
#7846=DIRECTION('',(-1.22464679914735E-16,-2.449293598294E-16,1.));
#7847=DIRECTION('',(-1.22464679914735E-16,-2.449293598294E-16,1.));
#7848=DIRECTION('center_axis',(-1.,1.49975978266142E-32,-1.22464679914735E-16));
#7849=DIRECTION('ref_axis',(0.,-1.,-1.224646799147E-16));
#7850=DIRECTION('',(0.,-1.,-1.224646799147E-16));
#7851=DIRECTION('',(-1.22464679914735E-16,-2.449293598294E-16,1.));
#7852=DIRECTION('center_axis',(-1.22464679914735E-16,-2.449293598294E-16,
1.));
#7853=DIRECTION('ref_axis',(1.,-1.49975978266142E-32,1.22464679914735E-16));
#7854=DIRECTION('center_axis',(1.22464679914735E-16,1.224646799147E-16,
-1.));
#7855=DIRECTION('ref_axis',(1.,-1.49975978266142E-32,1.22464679914735E-16));
#7856=DIRECTION('',(-1.22464679914735E-16,-2.449293598294E-16,1.));
#7857=DIRECTION('center_axis',(1.,-1.49975978266142E-32,1.22464679914735E-16));
#7858=DIRECTION('ref_axis',(0.,1.,1.224646799147E-16));
#7859=DIRECTION('',(0.,1.,1.224646799147E-16));
#7860=DIRECTION('',(-1.22464679914735E-16,-2.449293598294E-16,1.));
#7861=DIRECTION('',(-1.22464679914735E-16,-2.449293598294E-16,1.));
#7862=DIRECTION('center_axis',(-1.22464679914735E-16,-2.449293598294E-16,
1.));
#7863=DIRECTION('ref_axis',(-1.,1.49975978266142E-32,-1.22464679914735E-16));
#7864=DIRECTION('center_axis',(1.22464679914735E-16,1.224646799147E-16,
-1.));
#7865=DIRECTION('ref_axis',(-1.,1.49975978266142E-32,-1.22464679914735E-16));
#7866=DIRECTION('',(-1.22464679914735E-16,-2.449293598294E-16,1.));
#7867=DIRECTION('center_axis',(-1.49975978266143E-32,1.,2.449293598294E-16));
#7868=DIRECTION('ref_axis',(-1.,1.49975978266142E-32,-1.22464679914735E-16));
#7869=DIRECTION('',(-1.,1.49975978266142E-32,-1.22464679914735E-16));
#7870=DIRECTION('',(-1.22464679914735E-16,-2.449293598294E-16,1.));
#7871=DIRECTION('center_axis',(-1.22464679914735E-16,-2.449293598294E-16,
1.));
#7872=DIRECTION('ref_axis',(1.49975978266143E-32,-1.,-2.449293598294E-16));
#7873=DIRECTION('center_axis',(1.22464679914735E-16,1.224646799147E-16,
-1.));
#7874=DIRECTION('ref_axis',(0.,-1.,-1.224646799147E-16));
#7875=DIRECTION('',(-1.22464679914735E-16,-2.449293598294E-16,1.));
#7876=DIRECTION('center_axis',(-1.,1.49975978266142E-32,-1.22464679914735E-16));
#7877=DIRECTION('ref_axis',(0.,-1.,-1.224646799147E-16));
#7878=DIRECTION('',(0.,-1.,-1.224646799147E-16));
#7879=DIRECTION('',(-1.22464679914735E-16,-2.449293598294E-16,1.));
#7880=DIRECTION('center_axis',(-1.22464679914735E-16,-2.449293598294E-16,
1.));
#7881=DIRECTION('ref_axis',(1.,-1.49975978266142E-32,1.22464679914735E-16));
#7882=DIRECTION('center_axis',(1.22464679914735E-16,1.224646799147E-16,
-1.));
#7883=DIRECTION('ref_axis',(1.,-1.49975978266142E-32,1.22464679914735E-16));
#7884=DIRECTION('',(-1.22464679914735E-16,-2.449293598294E-16,1.));
#7885=DIRECTION('center_axis',(1.49975978266143E-32,-1.,-2.449293598294E-16));
#7886=DIRECTION('ref_axis',(1.,-1.49975978266142E-32,1.22464679914735E-16));
#7887=DIRECTION('',(1.,-1.49975978266142E-32,1.22464679914735E-16));
#7888=DIRECTION('',(-1.22464679914735E-16,-2.449293598294E-16,1.));
#7889=DIRECTION('center_axis',(-1.22464679914735E-16,-2.449293598294E-16,
1.));
#7890=DIRECTION('ref_axis',(-1.49975978266143E-32,1.,2.449293598294E-16));
#7891=DIRECTION('center_axis',(1.22464679914735E-16,1.224646799147E-16,
-1.));
#7892=DIRECTION('ref_axis',(0.,1.,1.224646799147E-16));
#7893=DIRECTION('center_axis',(1.,-1.49975978266142E-32,1.22464679914735E-16));
#7894=DIRECTION('ref_axis',(0.,1.,1.224646799147E-16));
#7895=DIRECTION('',(0.,1.,1.224646799147E-16));
#7896=DIRECTION('',(-1.22464679914735E-16,-2.449293598294E-16,1.));
#7897=DIRECTION('',(-1.22464679914735E-16,-2.449293598294E-16,1.));
#7898=DIRECTION('center_axis',(-1.22464679914735E-16,-2.449293598294E-16,
1.));
#7899=DIRECTION('ref_axis',(-1.,1.49975978266142E-32,-1.22464679914735E-16));
#7900=DIRECTION('center_axis',(1.22464679914735E-16,1.224646799147E-16,
-1.));
#7901=DIRECTION('ref_axis',(-1.,1.49975978266142E-32,-1.22464679914735E-16));
#7902=DIRECTION('',(-1.22464679914735E-16,-2.449293598294E-16,1.));
#7903=DIRECTION('center_axis',(-1.49975978266143E-32,1.,2.449293598294E-16));
#7904=DIRECTION('ref_axis',(-1.,1.49975978266142E-32,-1.22464679914735E-16));
#7905=DIRECTION('',(-1.,1.49975978266142E-32,-1.22464679914735E-16));
#7906=DIRECTION('',(-1.22464679914735E-16,-2.449293598294E-16,1.));
#7907=DIRECTION('center_axis',(-1.22464679914735E-16,-2.449293598294E-16,
1.));
#7908=DIRECTION('ref_axis',(1.49975978266143E-32,-1.,-2.449293598294E-16));
#7909=DIRECTION('center_axis',(1.22464679914735E-16,1.224646799147E-16,
-1.));
#7910=DIRECTION('ref_axis',(0.,-1.,-1.224646799147E-16));
#7911=DIRECTION('',(-1.22464679914735E-16,-2.449293598294E-16,1.));
#7912=DIRECTION('center_axis',(-1.,1.49975978266142E-32,-1.22464679914735E-16));
#7913=DIRECTION('ref_axis',(0.,-1.,-1.224646799147E-16));
#7914=DIRECTION('',(0.,-1.,-1.224646799147E-16));
#7915=DIRECTION('',(-1.22464679914735E-16,-2.449293598294E-16,1.));
#7916=DIRECTION('center_axis',(-1.22464679914735E-16,-2.449293598294E-16,
1.));
#7917=DIRECTION('ref_axis',(1.,-1.49975978266142E-32,1.22464679914735E-16));
#7918=DIRECTION('center_axis',(1.22464679914735E-16,1.224646799147E-16,
-1.));
#7919=DIRECTION('ref_axis',(1.,-1.49975978266142E-32,1.22464679914735E-16));
#7920=DIRECTION('',(-1.22464679914735E-16,-2.449293598294E-16,1.));
#7921=DIRECTION('center_axis',(1.49975978266143E-32,-1.,-2.449293598294E-16));
#7922=DIRECTION('ref_axis',(1.,-1.49975978266142E-32,1.22464679914735E-16));
#7923=DIRECTION('',(1.,-1.49975978266142E-32,1.22464679914735E-16));
#7924=DIRECTION('',(-1.22464679914735E-16,-2.449293598294E-16,1.));
#7925=DIRECTION('center_axis',(-1.22464679914735E-16,-2.449293598294E-16,
1.));
#7926=DIRECTION('ref_axis',(-1.49975978266143E-32,1.,2.449293598294E-16));
#7927=DIRECTION('center_axis',(1.22464679914735E-16,1.224646799147E-16,
-1.));
#7928=DIRECTION('ref_axis',(0.,1.,1.224646799147E-16));
#7929=DIRECTION('center_axis',(1.,-1.49975978266142E-32,1.22464679914735E-16));
#7930=DIRECTION('ref_axis',(0.,1.,1.224646799147E-16));
#7931=DIRECTION('',(0.,1.,1.224646799147E-16));
#7932=DIRECTION('',(-1.22464679914735E-16,-2.449293598294E-16,1.));
#7933=DIRECTION('',(-1.22464679914735E-16,-2.449293598294E-16,1.));
#7934=DIRECTION('center_axis',(-1.22464679914735E-16,-2.449293598294E-16,
1.));
#7935=DIRECTION('ref_axis',(-1.,1.49975978266142E-32,-1.22464679914735E-16));
#7936=DIRECTION('center_axis',(1.22464679914735E-16,1.224646799147E-16,
-1.));
#7937=DIRECTION('ref_axis',(-1.,1.49975978266142E-32,-1.22464679914735E-16));
#7938=DIRECTION('',(-1.22464679914735E-16,-2.449293598294E-16,1.));
#7939=DIRECTION('center_axis',(-1.49975978266143E-32,1.,2.449293598294E-16));
#7940=DIRECTION('ref_axis',(-1.,1.49975978266142E-32,-1.22464679914735E-16));
#7941=DIRECTION('',(-1.,1.49975978266142E-32,-1.22464679914735E-16));
#7942=DIRECTION('',(-1.22464679914735E-16,-2.449293598294E-16,1.));
#7943=DIRECTION('center_axis',(-1.22464679914735E-16,-2.449293598294E-16,
1.));
#7944=DIRECTION('ref_axis',(1.49975978266143E-32,-1.,-2.449293598294E-16));
#7945=DIRECTION('center_axis',(1.22464679914735E-16,1.224646799147E-16,
-1.));
#7946=DIRECTION('ref_axis',(0.,-1.,-1.224646799147E-16));
#7947=DIRECTION('',(-1.22464679914735E-16,-2.449293598294E-16,1.));
#7948=DIRECTION('center_axis',(-1.,1.49975978266142E-32,-1.22464679914735E-16));
#7949=DIRECTION('ref_axis',(0.,-1.,-1.224646799147E-16));
#7950=DIRECTION('',(0.,-1.,-1.224646799147E-16));
#7951=DIRECTION('',(-1.22464679914735E-16,-2.449293598294E-16,1.));
#7952=DIRECTION('center_axis',(-1.22464679914735E-16,-2.449293598294E-16,
1.));
#7953=DIRECTION('ref_axis',(1.,-1.49975978266142E-32,1.22464679914735E-16));
#7954=DIRECTION('center_axis',(1.22464679914735E-16,1.224646799147E-16,
-1.));
#7955=DIRECTION('ref_axis',(1.,-1.49975978266142E-32,1.22464679914735E-16));
#7956=DIRECTION('',(-1.22464679914735E-16,-2.449293598294E-16,1.));
#7957=DIRECTION('center_axis',(1.49975978266143E-32,-1.,-2.449293598294E-16));
#7958=DIRECTION('ref_axis',(1.,-1.49975978266142E-32,1.22464679914735E-16));
#7959=DIRECTION('',(1.,-1.49975978266142E-32,1.22464679914735E-16));
#7960=DIRECTION('',(-1.22464679914735E-16,-2.449293598294E-16,1.));
#7961=DIRECTION('center_axis',(-1.22464679914735E-16,-2.449293598294E-16,
1.));
#7962=DIRECTION('ref_axis',(-1.49975978266143E-32,1.,2.449293598294E-16));
#7963=DIRECTION('center_axis',(1.22464679914735E-16,1.224646799147E-16,
-1.));
#7964=DIRECTION('ref_axis',(0.,1.,1.224646799147E-16));
#7965=DIRECTION('center_axis',(1.,-1.49975978266142E-32,1.22464679914735E-16));
#7966=DIRECTION('ref_axis',(0.,1.,1.224646799147E-16));
#7967=DIRECTION('',(0.,1.,1.224646799147E-16));
#7968=DIRECTION('',(-1.22464679914735E-16,-2.449293598294E-16,1.));
#7969=DIRECTION('',(-1.22464679914735E-16,-2.449293598294E-16,1.));
#7970=DIRECTION('center_axis',(-1.22464679914735E-16,-2.449293598294E-16,
1.));
#7971=DIRECTION('ref_axis',(-1.,1.49975978266142E-32,-1.22464679914735E-16));
#7972=DIRECTION('center_axis',(1.22464679914735E-16,1.224646799147E-16,
-1.));
#7973=DIRECTION('ref_axis',(-1.,1.49975978266142E-32,-1.22464679914735E-16));
#7974=DIRECTION('',(-1.22464679914735E-16,-2.449293598294E-16,1.));
#7975=DIRECTION('center_axis',(-1.49975978266143E-32,1.,2.449293598294E-16));
#7976=DIRECTION('ref_axis',(-1.,1.49975978266142E-32,-1.22464679914735E-16));
#7977=DIRECTION('',(-1.,1.49975978266142E-32,-1.22464679914735E-16));
#7978=DIRECTION('',(-1.22464679914735E-16,-2.449293598294E-16,1.));
#7979=DIRECTION('center_axis',(-1.22464679914735E-16,-2.449293598294E-16,
1.));
#7980=DIRECTION('ref_axis',(1.49975978266143E-32,-1.,-2.449293598294E-16));
#7981=DIRECTION('center_axis',(1.22464679914735E-16,1.224646799147E-16,
-1.));
#7982=DIRECTION('ref_axis',(0.,-1.,-1.224646799147E-16));
#7983=DIRECTION('',(-1.22464679914735E-16,-2.449293598294E-16,1.));
#7984=DIRECTION('center_axis',(-1.,1.49975978266142E-32,-1.22464679914735E-16));
#7985=DIRECTION('ref_axis',(0.,-1.,-1.224646799147E-16));
#7986=DIRECTION('',(0.,-1.,-1.224646799147E-16));
#7987=DIRECTION('',(-1.22464679914735E-16,-2.449293598294E-16,1.));
#7988=DIRECTION('center_axis',(-1.22464679914735E-16,-2.449293598294E-16,
1.));
#7989=DIRECTION('ref_axis',(1.,-1.49975978266142E-32,1.22464679914735E-16));
#7990=DIRECTION('center_axis',(1.22464679914735E-16,1.224646799147E-16,
-1.));
#7991=DIRECTION('ref_axis',(1.,-1.49975978266142E-32,1.22464679914735E-16));
#7992=DIRECTION('',(-1.22464679914735E-16,-2.449293598294E-16,1.));
#7993=DIRECTION('center_axis',(1.49975978266143E-32,-1.,-2.449293598294E-16));
#7994=DIRECTION('ref_axis',(1.,-1.49975978266142E-32,1.22464679914735E-16));
#7995=DIRECTION('',(1.,-1.49975978266142E-32,1.22464679914735E-16));
#7996=DIRECTION('',(-1.22464679914735E-16,-2.449293598294E-16,1.));
#7997=DIRECTION('center_axis',(-1.22464679914735E-16,-2.449293598294E-16,
1.));
#7998=DIRECTION('ref_axis',(-1.49975978266143E-32,1.,2.449293598294E-16));
#7999=DIRECTION('center_axis',(1.22464679914735E-16,1.224646799147E-16,
-1.));
#8000=DIRECTION('ref_axis',(-3.42113882891808E-48,1.,1.224646799147E-16));
#8001=DIRECTION('center_axis',(1.,-1.49975978266142E-32,1.22464679914735E-16));
#8002=DIRECTION('ref_axis',(0.,1.,1.224646799147E-16));
#8003=DIRECTION('',(0.,1.,1.224646799147E-16));
#8004=DIRECTION('',(-1.22464679914735E-16,-2.449293598294E-16,1.));
#8005=DIRECTION('',(-1.22464679914735E-16,-2.449293598294E-16,1.));
#8006=DIRECTION('center_axis',(-1.22464679914735E-16,-2.449293598294E-16,
1.));
#8007=DIRECTION('ref_axis',(-1.,-3.55271367880045E-14,-1.22464679914744E-16));
#8008=DIRECTION('center_axis',(1.22464679914735E-16,1.224646799147E-16,
-1.));
#8009=DIRECTION('ref_axis',(-1.,-3.55271367880045E-14,-1.2246467991474E-16));
#8010=DIRECTION('',(-1.22464679914735E-16,-2.449293598294E-16,1.));
#8011=DIRECTION('center_axis',(-1.49975978266143E-32,1.,2.449293598294E-16));
#8012=DIRECTION('ref_axis',(-1.,1.49975978266142E-32,-1.22464679914735E-16));
#8013=DIRECTION('',(-1.,1.49975978266142E-32,-1.22464679914735E-16));
#8014=DIRECTION('',(-1.22464679914735E-16,-2.449293598294E-16,1.));
#8015=DIRECTION('center_axis',(-1.22464679914735E-16,-2.449293598294E-16,
1.));
#8016=DIRECTION('ref_axis',(1.49975978266143E-32,-1.,-2.449293598294E-16));
#8017=DIRECTION('center_axis',(1.22464679914735E-16,1.224646799147E-16,
-1.));
#8018=DIRECTION('ref_axis',(1.71056941445898E-48,-1.,-1.224646799147E-16));
#8019=DIRECTION('',(-1.22464679914735E-16,-2.449293598294E-16,1.));
#8020=DIRECTION('center_axis',(-1.,1.49975978266142E-32,-1.22464679914735E-16));
#8021=DIRECTION('ref_axis',(0.,-1.,-1.224646799147E-16));
#8022=DIRECTION('',(0.,-1.,-1.224646799147E-16));
#8023=DIRECTION('',(-1.22464679914735E-16,-2.449293598294E-16,1.));
#8024=DIRECTION('center_axis',(-1.22464679914735E-16,-2.449293598294E-16,
1.));
#8025=DIRECTION('ref_axis',(1.,-1.49975978266142E-32,1.22464679914735E-16));
#8026=DIRECTION('center_axis',(1.22464679914735E-16,1.224646799147E-16,
-1.));
#8027=DIRECTION('ref_axis',(1.,-1.49975978266142E-32,1.22464679914735E-16));
#8028=DIRECTION('',(-1.22464679914735E-16,-2.449293598294E-16,1.));
#8029=DIRECTION('center_axis',(1.49975978266143E-32,-1.,-2.449293598294E-16));
#8030=DIRECTION('ref_axis',(1.,-1.49975978266142E-32,1.22464679914735E-16));
#8031=DIRECTION('',(1.,-1.49975978266142E-32,1.22464679914735E-16));
#8032=DIRECTION('',(-1.22464679914735E-16,-2.449293598294E-16,1.));
#8033=DIRECTION('center_axis',(-1.22464679914735E-16,-2.449293598294E-16,
1.));
#8034=DIRECTION('ref_axis',(-1.49975978266143E-32,1.,2.449293598294E-16));
#8035=DIRECTION('center_axis',(1.22464679914735E-16,1.224646799147E-16,
-1.));
#8036=DIRECTION('ref_axis',(-1.71056941445898E-48,1.,1.224646799147E-16));
#8037=DIRECTION('center_axis',(-1.22464679914735E-16,-2.449293598294E-16,
1.));
#8038=DIRECTION('ref_axis',(-7.10542735760103E-14,-1.,-2.44929359829409E-16));
#8039=DIRECTION('center_axis',(1.22464679914735E-16,1.224646799147E-16,
-1.));
#8040=DIRECTION('ref_axis',(-7.10542735760103E-14,-1.,-1.22464679914709E-16));
#8041=DIRECTION('',(-1.22464679914735E-16,-2.449293598294E-16,1.));
#8042=DIRECTION('',(-1.22464679914735E-16,-2.449293598294E-16,1.));
#8043=DIRECTION('center_axis',(-1.,1.49975978266142E-32,-1.22464679914735E-16));
#8044=DIRECTION('ref_axis',(0.,-1.,-1.224646799147E-16));
#8045=DIRECTION('',(0.,-1.,-1.224646799147E-16));
#8046=DIRECTION('',(-1.22464679914735E-16,-2.449293598294E-16,1.));
#8047=DIRECTION('center_axis',(-1.22464679914735E-16,-2.449293598294E-16,
1.));
#8048=DIRECTION('ref_axis',(1.,-1.49975978266142E-32,1.22464679914735E-16));
#8049=DIRECTION('center_axis',(1.22464679914735E-16,1.224646799147E-16,
-1.));
#8050=DIRECTION('ref_axis',(1.,-1.49975978266142E-32,1.22464679914735E-16));
#8051=DIRECTION('',(-1.22464679914735E-16,-2.449293598294E-16,1.));
#8052=DIRECTION('center_axis',(1.49975978266143E-32,-1.,-2.449293598294E-16));
#8053=DIRECTION('ref_axis',(1.,-1.49975978266142E-32,1.22464679914735E-16));
#8054=DIRECTION('',(-4.94411299435091E-33,-2.449293598294E-16,1.));
#8055=DIRECTION('',(1.,-1.49975978266142E-32,1.22464679914735E-16));
#8056=DIRECTION('center_axis',(1.,-1.49975978266142E-32,1.22464679914735E-16));
#8057=DIRECTION('ref_axis',(0.,1.,1.224646799147E-16));
#8058=DIRECTION('',(0.,1.,1.224646799147E-16));
#8059=DIRECTION('',(-1.22464679914735E-16,-2.449293598294E-16,1.));
#8060=DIRECTION('',(-1.22464679914735E-16,-2.449293598294E-16,1.));
#8061=DIRECTION('center_axis',(-1.22464679914735E-16,-2.449293598294E-16,
1.));
#8062=DIRECTION('ref_axis',(-1.,-3.5527136788007E-14,-1.22464679914744E-16));
#8063=DIRECTION('center_axis',(1.22464679914735E-16,1.224646799147E-16,
-1.));
#8064=DIRECTION('ref_axis',(-1.,-3.5527136788007E-14,-1.2246467991474E-16));
#8065=DIRECTION('',(-1.22464679914735E-16,-2.449293598294E-16,1.));
#8066=DIRECTION('center_axis',(-1.49975978266143E-32,1.,2.449293598294E-16));
#8067=DIRECTION('ref_axis',(-1.,1.49975978266142E-32,-1.22464679914735E-16));
#8068=DIRECTION('',(-1.,1.49975978266142E-32,-1.22464679914735E-16));
#8069=DIRECTION('',(-1.22464679914735E-16,-2.449293598294E-16,1.));
#8070=DIRECTION('center_axis',(-1.22464679914735E-16,-2.449293598294E-16,
1.));
#8071=DIRECTION('ref_axis',(1.49975978266143E-32,-1.,-2.449293598294E-16));
#8072=DIRECTION('center_axis',(1.22464679914735E-16,1.224646799147E-16,
-1.));
#8073=DIRECTION('ref_axis',(1.71056941445898E-48,-1.,-1.224646799147E-16));
#8074=DIRECTION('',(-1.22464679914735E-16,-2.449293598294E-16,1.));
#8075=DIRECTION('center_axis',(-1.,1.49975978266142E-32,-1.22464679914735E-16));
#8076=DIRECTION('ref_axis',(0.,-1.,-1.224646799147E-16));
#8077=DIRECTION('',(0.,-1.,-1.224646799147E-16));
#8078=DIRECTION('',(-1.22464679914735E-16,-2.449293598294E-16,1.));
#8079=DIRECTION('center_axis',(-1.22464679914735E-16,-2.449293598294E-16,
1.));
#8080=DIRECTION('ref_axis',(1.,-1.49975978266142E-32,1.22464679914735E-16));
#8081=DIRECTION('center_axis',(1.22464679914735E-16,1.224646799147E-16,
-1.));
#8082=DIRECTION('ref_axis',(1.,-1.49975978266142E-32,1.22464679914735E-16));
#8083=DIRECTION('',(-1.22464679914735E-16,-2.449293598294E-16,1.));
#8084=DIRECTION('center_axis',(1.49975978266143E-32,-1.,-2.449293598294E-16));
#8085=DIRECTION('ref_axis',(1.,-1.49975978266142E-32,1.22464679914735E-16));
#8086=DIRECTION('',(1.,-1.49975978266142E-32,1.22464679914735E-16));
#8087=DIRECTION('',(-1.22464679914735E-16,-2.449293598294E-16,1.));
#8088=DIRECTION('center_axis',(-1.22464679914735E-16,-2.449293598294E-16,
1.));
#8089=DIRECTION('ref_axis',(-1.49975978266143E-32,1.,2.449293598294E-16));
#8090=DIRECTION('center_axis',(1.22464679914735E-16,1.224646799147E-16,
-1.));
#8091=DIRECTION('ref_axis',(-1.71056941445898E-48,1.,1.224646799147E-16));
#8092=DIRECTION('center_axis',(-1.22464679914735E-16,-2.449293598294E-16,
1.));
#8093=DIRECTION('ref_axis',(1.49975978266143E-32,-1.,-2.449293598294E-16));
#8094=DIRECTION('center_axis',(1.22464679914735E-16,1.224646799147E-16,
-1.));
#8095=DIRECTION('ref_axis',(1.71056941445898E-48,-1.,-1.224646799147E-16));
#8096=DIRECTION('',(-1.22464679914735E-16,-2.449293598294E-16,1.));
#8097=DIRECTION('',(-1.22464679914735E-16,-2.449293598294E-16,1.));
#8098=DIRECTION('center_axis',(-1.,1.49975978266142E-32,-1.22464679914735E-16));
#8099=DIRECTION('ref_axis',(0.,-1.,-1.224646799147E-16));
#8100=DIRECTION('',(0.,-1.,-1.224646799147E-16));
#8101=DIRECTION('',(-1.22464679914735E-16,-2.449293598294E-16,1.));
#8102=DIRECTION('center_axis',(-1.22464679914735E-16,-2.449293598294E-16,
1.));
#8103=DIRECTION('ref_axis',(1.,-1.49975978266142E-32,1.22464679914735E-16));
#8104=DIRECTION('center_axis',(1.22464679914735E-16,1.224646799147E-16,
-1.));
#8105=DIRECTION('ref_axis',(1.,-1.49975978266142E-32,1.22464679914735E-16));
#8106=DIRECTION('',(-1.22464679914735E-16,-2.449293598294E-16,1.));
#8107=DIRECTION('center_axis',(1.49975978266143E-32,-1.,-2.449293598294E-16));
#8108=DIRECTION('ref_axis',(1.,-1.49975978266142E-32,1.22464679914735E-16));
#8109=DIRECTION('',(-4.94411299435091E-33,-2.449293598294E-16,1.));
#8110=DIRECTION('',(1.,-1.49975978266142E-32,1.22464679914735E-16));
#8111=DIRECTION('center_axis',(1.,-1.49975978266142E-32,1.22464679914735E-16));
#8112=DIRECTION('ref_axis',(0.,1.,1.224646799147E-16));
#8113=DIRECTION('',(0.,1.,1.224646799147E-16));
#8114=DIRECTION('',(-1.22464679914735E-16,-2.449293598294E-16,1.));
#8115=DIRECTION('',(-1.22464679914735E-16,-2.449293598294E-16,1.));
#8116=DIRECTION('center_axis',(-1.22464679914735E-16,-2.449293598294E-16,
1.));
#8117=DIRECTION('ref_axis',(-1.,1.49975978266142E-32,-1.22464679914735E-16));
#8118=DIRECTION('center_axis',(1.22464679914735E-16,1.224646799147E-16,
-1.));
#8119=DIRECTION('ref_axis',(-1.,1.49975978266142E-32,-1.22464679914735E-16));
#8120=DIRECTION('',(-1.22464679914735E-16,-2.449293598294E-16,1.));
#8121=DIRECTION('center_axis',(-1.49975978266143E-32,1.,2.449293598294E-16));
#8122=DIRECTION('ref_axis',(-1.,1.49975978266142E-32,-1.22464679914735E-16));
#8123=DIRECTION('',(-1.,1.49975978266142E-32,-1.22464679914735E-16));
#8124=DIRECTION('',(-1.22464679914735E-16,-2.449293598294E-16,1.));
#8125=DIRECTION('center_axis',(-1.22464679914735E-16,-2.449293598294E-16,
1.));
#8126=DIRECTION('ref_axis',(1.49975978266143E-32,-1.,-2.449293598294E-16));
#8127=DIRECTION('center_axis',(1.22464679914735E-16,1.224646799147E-16,
-1.));
#8128=DIRECTION('ref_axis',(1.71056941445898E-48,-1.,-1.224646799147E-16));
#8129=DIRECTION('',(-1.22464679914735E-16,-2.449293598294E-16,1.));
#8130=DIRECTION('center_axis',(-1.,1.49975978266142E-32,-1.22464679914735E-16));
#8131=DIRECTION('ref_axis',(0.,-1.,-1.224646799147E-16));
#8132=DIRECTION('',(0.,-1.,-1.224646799147E-16));
#8133=DIRECTION('',(-1.22464679914735E-16,-2.449293598294E-16,1.));
#8134=DIRECTION('center_axis',(-1.22464679914735E-16,-2.449293598294E-16,
1.));
#8135=DIRECTION('ref_axis',(1.,-1.49975978266142E-32,1.22464679914735E-16));
#8136=DIRECTION('center_axis',(1.22464679914735E-16,1.224646799147E-16,
-1.));
#8137=DIRECTION('ref_axis',(1.,-1.49975978266142E-32,1.22464679914735E-16));
#8138=DIRECTION('',(-1.22464679914735E-16,-2.449293598294E-16,1.));
#8139=DIRECTION('center_axis',(1.49975978266143E-32,-1.,-2.449293598294E-16));
#8140=DIRECTION('ref_axis',(1.,-1.49975978266142E-32,1.22464679914735E-16));
#8141=DIRECTION('',(1.,-1.49975978266142E-32,1.22464679914735E-16));
#8142=DIRECTION('',(-1.22464679914735E-16,-2.449293598294E-16,1.));
#8143=DIRECTION('center_axis',(-1.22464679914735E-16,-2.449293598294E-16,
1.));
#8144=DIRECTION('ref_axis',(-1.49975978266143E-32,1.,2.449293598294E-16));
#8145=DIRECTION('center_axis',(1.22464679914735E-16,1.224646799147E-16,
-1.));
#8146=DIRECTION('ref_axis',(-1.71056941445898E-48,1.,1.224646799147E-16));
#8147=DIRECTION('center_axis',(1.,-1.49975978266142E-32,1.22464679914735E-16));
#8148=DIRECTION('ref_axis',(0.,1.,1.224646799147E-16));
#8149=DIRECTION('',(0.,1.,1.224646799147E-16));
#8150=DIRECTION('',(-1.22464679914735E-16,-2.449293598294E-16,1.));
#8151=DIRECTION('',(-1.22464679914735E-16,-2.449293598294E-16,1.));
#8152=DIRECTION('center_axis',(-1.22464679914735E-16,-2.449293598294E-16,
1.));
#8153=DIRECTION('ref_axis',(-1.,1.49975978266142E-32,-1.22464679914735E-16));
#8154=DIRECTION('center_axis',(1.22464679914735E-16,1.224646799147E-16,
-1.));
#8155=DIRECTION('ref_axis',(-1.,1.49975978266142E-32,-1.22464679914735E-16));
#8156=DIRECTION('',(-1.22464679914735E-16,-2.449293598294E-16,1.));
#8157=DIRECTION('center_axis',(-1.49975978266143E-32,1.,2.449293598294E-16));
#8158=DIRECTION('ref_axis',(-1.,1.49975978266142E-32,-1.22464679914735E-16));
#8159=DIRECTION('',(-1.,1.49975978266142E-32,-1.22464679914735E-16));
#8160=DIRECTION('',(-1.22464679914735E-16,-2.449293598294E-16,1.));
#8161=DIRECTION('center_axis',(-1.22464679914735E-16,-2.449293598294E-16,
1.));
#8162=DIRECTION('ref_axis',(1.49975978266143E-32,-1.,-2.449293598294E-16));
#8163=DIRECTION('center_axis',(1.22464679914735E-16,1.224646799147E-16,
-1.));
#8164=DIRECTION('ref_axis',(0.,-1.,-1.224646799147E-16));
#8165=DIRECTION('',(-1.22464679914735E-16,-2.449293598294E-16,1.));
#8166=DIRECTION('center_axis',(-1.,1.49975978266142E-32,-1.22464679914735E-16));
#8167=DIRECTION('ref_axis',(0.,-1.,-1.224646799147E-16));
#8168=DIRECTION('',(0.,-1.,-1.224646799147E-16));
#8169=DIRECTION('',(-1.22464679914735E-16,-2.449293598294E-16,1.));
#8170=DIRECTION('center_axis',(-1.22464679914735E-16,-2.449293598294E-16,
1.));
#8171=DIRECTION('ref_axis',(1.,-1.49975978266142E-32,1.22464679914735E-16));
#8172=DIRECTION('center_axis',(1.22464679914735E-16,1.224646799147E-16,
-1.));
#8173=DIRECTION('ref_axis',(1.,-1.49975978266142E-32,1.22464679914735E-16));
#8174=DIRECTION('',(-1.22464679914735E-16,-2.449293598294E-16,1.));
#8175=DIRECTION('center_axis',(1.49975978266143E-32,-1.,-2.449293598294E-16));
#8176=DIRECTION('ref_axis',(1.,-1.49975978266142E-32,1.22464679914735E-16));
#8177=DIRECTION('',(1.,-1.49975978266142E-32,1.22464679914735E-16));
#8178=DIRECTION('',(-1.22464679914735E-16,-2.449293598294E-16,1.));
#8179=DIRECTION('center_axis',(-1.22464679914735E-16,-2.449293598294E-16,
1.));
#8180=DIRECTION('ref_axis',(-1.49975978266143E-32,1.,2.449293598294E-16));
#8181=DIRECTION('center_axis',(1.22464679914735E-16,1.224646799147E-16,
-1.));
#8182=DIRECTION('ref_axis',(0.,1.,1.224646799147E-16));
#8183=DIRECTION('center_axis',(1.,-1.49975978266142E-32,1.22464679914735E-16));
#8184=DIRECTION('ref_axis',(0.,1.,1.224646799147E-16));
#8185=DIRECTION('',(0.,1.,1.224646799147E-16));
#8186=DIRECTION('',(-1.22464679914735E-16,-2.449293598294E-16,1.));
#8187=DIRECTION('',(-1.22464679914735E-16,-2.449293598294E-16,1.));
#8188=DIRECTION('center_axis',(-1.22464679914735E-16,-2.449293598294E-16,
1.));
#8189=DIRECTION('ref_axis',(-1.,1.49975978266142E-32,-1.22464679914735E-16));
#8190=DIRECTION('center_axis',(1.22464679914735E-16,1.224646799147E-16,
-1.));
#8191=DIRECTION('ref_axis',(-1.,1.49975978266142E-32,-1.22464679914735E-16));
#8192=DIRECTION('',(-1.22464679914735E-16,-2.449293598294E-16,1.));
#8193=DIRECTION('center_axis',(-1.49975978266143E-32,1.,2.449293598294E-16));
#8194=DIRECTION('ref_axis',(-1.,1.49975978266142E-32,-1.22464679914735E-16));
#8195=DIRECTION('',(-1.,1.49975978266142E-32,-1.22464679914735E-16));
#8196=DIRECTION('',(-1.22464679914735E-16,-2.449293598294E-16,1.));
#8197=DIRECTION('center_axis',(-1.22464679914735E-16,-2.449293598294E-16,
1.));
#8198=DIRECTION('ref_axis',(1.49975978266143E-32,-1.,-2.449293598294E-16));
#8199=DIRECTION('center_axis',(1.22464679914735E-16,1.224646799147E-16,
-1.));
#8200=DIRECTION('ref_axis',(1.71056941445898E-48,-1.,-1.224646799147E-16));
#8201=DIRECTION('',(-1.22464679914735E-16,-2.449293598294E-16,1.));
#8202=DIRECTION('center_axis',(-1.,1.49975978266142E-32,-1.22464679914735E-16));
#8203=DIRECTION('ref_axis',(0.,-1.,-1.224646799147E-16));
#8204=DIRECTION('',(0.,-1.,-1.224646799147E-16));
#8205=DIRECTION('',(-1.22464679914735E-16,-2.449293598294E-16,1.));
#8206=DIRECTION('center_axis',(-1.22464679914735E-16,-2.449293598294E-16,
1.));
#8207=DIRECTION('ref_axis',(1.,-1.49975978266142E-32,1.22464679914735E-16));
#8208=DIRECTION('center_axis',(1.22464679914735E-16,1.224646799147E-16,
-1.));
#8209=DIRECTION('ref_axis',(1.,-1.49975978266142E-32,1.22464679914735E-16));
#8210=DIRECTION('',(-1.22464679914735E-16,-2.449293598294E-16,1.));
#8211=DIRECTION('center_axis',(1.49975978266143E-32,-1.,-2.449293598294E-16));
#8212=DIRECTION('ref_axis',(1.,-1.49975978266142E-32,1.22464679914735E-16));
#8213=DIRECTION('',(1.,-1.49975978266142E-32,1.22464679914735E-16));
#8214=DIRECTION('',(-1.22464679914735E-16,-2.449293598294E-16,1.));
#8215=DIRECTION('center_axis',(-1.22464679914735E-16,-2.449293598294E-16,
1.));
#8216=DIRECTION('ref_axis',(-1.49975978266143E-32,1.,2.449293598294E-16));
#8217=DIRECTION('center_axis',(1.22464679914735E-16,1.224646799147E-16,
-1.));
#8218=DIRECTION('ref_axis',(0.,1.,1.224646799147E-16));
#8219=DIRECTION('center_axis',(1.,-1.49975978266142E-32,1.22464679914735E-16));
#8220=DIRECTION('ref_axis',(0.,1.,1.224646799147E-16));
#8221=DIRECTION('',(0.,1.,1.224646799147E-16));
#8222=DIRECTION('',(-1.22464679914735E-16,-2.449293598294E-16,1.));
#8223=DIRECTION('',(-1.22464679914735E-16,-2.449293598294E-16,1.));
#8224=DIRECTION('center_axis',(-1.22464679914735E-16,-2.449293598294E-16,
1.));
#8225=DIRECTION('ref_axis',(-1.,1.49975978266142E-32,-1.22464679914735E-16));
#8226=DIRECTION('center_axis',(1.22464679914735E-16,1.224646799147E-16,
-1.));
#8227=DIRECTION('ref_axis',(-1.,1.49975978266142E-32,-1.22464679914735E-16));
#8228=DIRECTION('',(-1.22464679914735E-16,-2.449293598294E-16,1.));
#8229=DIRECTION('center_axis',(-1.49975978266143E-32,1.,2.449293598294E-16));
#8230=DIRECTION('ref_axis',(-1.,1.49975978266142E-32,-1.22464679914735E-16));
#8231=DIRECTION('',(-1.,1.49975978266142E-32,-1.22464679914735E-16));
#8232=DIRECTION('',(-1.22464679914735E-16,-2.449293598294E-16,1.));
#8233=DIRECTION('center_axis',(-1.22464679914735E-16,-2.449293598294E-16,
1.));
#8234=DIRECTION('ref_axis',(1.49975978266143E-32,-1.,-2.449293598294E-16));
#8235=DIRECTION('center_axis',(1.22464679914735E-16,1.224646799147E-16,
-1.));
#8236=DIRECTION('ref_axis',(1.71056941445898E-48,-1.,-1.224646799147E-16));
#8237=DIRECTION('',(-1.22464679914735E-16,-2.449293598294E-16,1.));
#8238=DIRECTION('center_axis',(-1.,1.49975978266142E-32,-1.22464679914735E-16));
#8239=DIRECTION('ref_axis',(0.,-1.,-1.224646799147E-16));
#8240=DIRECTION('',(0.,-1.,-1.224646799147E-16));
#8241=DIRECTION('',(-1.22464679914735E-16,-2.449293598294E-16,1.));
#8242=DIRECTION('center_axis',(-1.22464679914735E-16,-2.449293598294E-16,
1.));
#8243=DIRECTION('ref_axis',(1.,-1.49975978266142E-32,1.22464679914735E-16));
#8244=DIRECTION('center_axis',(1.22464679914735E-16,1.224646799147E-16,
-1.));
#8245=DIRECTION('ref_axis',(1.,-1.49975978266142E-32,1.22464679914735E-16));
#8246=DIRECTION('',(-1.22464679914735E-16,-2.449293598294E-16,1.));
#8247=DIRECTION('center_axis',(1.49975978266143E-32,-1.,-2.449293598294E-16));
#8248=DIRECTION('ref_axis',(1.,-1.49975978266142E-32,1.22464679914735E-16));
#8249=DIRECTION('',(1.,-1.49975978266142E-32,1.22464679914735E-16));
#8250=DIRECTION('',(-1.22464679914735E-16,-2.449293598294E-16,1.));
#8251=DIRECTION('center_axis',(-1.22464679914735E-16,-2.449293598294E-16,
1.));
#8252=DIRECTION('ref_axis',(-1.49975978266143E-32,1.,2.449293598294E-16));
#8253=DIRECTION('center_axis',(1.22464679914735E-16,1.224646799147E-16,
-1.));
#8254=DIRECTION('ref_axis',(-1.71056941445898E-48,1.,1.224646799147E-16));
#8255=DIRECTION('center_axis',(1.,-1.49975978266142E-32,1.22464679914735E-16));
#8256=DIRECTION('ref_axis',(0.,1.,1.224646799147E-16));
#8257=DIRECTION('',(0.,1.,1.224646799147E-16));
#8258=DIRECTION('',(-1.22464679914735E-16,-2.449293598294E-16,1.));
#8259=DIRECTION('',(-1.22464679914735E-16,-2.449293598294E-16,1.));
#8260=DIRECTION('center_axis',(-1.22464679914735E-16,-2.449293598294E-16,
1.));
#8261=DIRECTION('ref_axis',(-1.,1.49975978266142E-32,-1.22464679914735E-16));
#8262=DIRECTION('center_axis',(1.22464679914735E-16,1.224646799147E-16,
-1.));
#8263=DIRECTION('ref_axis',(-1.,1.49975978266142E-32,-1.22464679914735E-16));
#8264=DIRECTION('',(-1.22464679914735E-16,-2.449293598294E-16,1.));
#8265=DIRECTION('center_axis',(-1.49975978266143E-32,1.,2.449293598294E-16));
#8266=DIRECTION('ref_axis',(-1.,1.49975978266142E-32,-1.22464679914735E-16));
#8267=DIRECTION('',(-1.,1.49975978266142E-32,-1.22464679914735E-16));
#8268=DIRECTION('',(-1.22464679914735E-16,-2.449293598294E-16,1.));
#8269=DIRECTION('center_axis',(-1.22464679914735E-16,-2.449293598294E-16,
1.));
#8270=DIRECTION('ref_axis',(1.49975978266143E-32,-1.,-2.449293598294E-16));
#8271=DIRECTION('center_axis',(1.22464679914735E-16,1.224646799147E-16,
-1.));
#8272=DIRECTION('ref_axis',(0.,-1.,-1.224646799147E-16));
#8273=DIRECTION('',(-1.22464679914735E-16,-2.449293598294E-16,1.));
#8274=DIRECTION('center_axis',(-1.,1.49975978266142E-32,-1.22464679914735E-16));
#8275=DIRECTION('ref_axis',(0.,-1.,-1.224646799147E-16));
#8276=DIRECTION('',(0.,-1.,-1.224646799147E-16));
#8277=DIRECTION('',(-1.22464679914735E-16,-2.449293598294E-16,1.));
#8278=DIRECTION('center_axis',(-1.22464679914735E-16,-2.449293598294E-16,
1.));
#8279=DIRECTION('ref_axis',(1.,-1.49975978266142E-32,1.22464679914735E-16));
#8280=DIRECTION('center_axis',(1.22464679914735E-16,1.224646799147E-16,
-1.));
#8281=DIRECTION('ref_axis',(1.,-1.49975978266142E-32,1.22464679914735E-16));
#8282=DIRECTION('',(-1.22464679914735E-16,-2.449293598294E-16,1.));
#8283=DIRECTION('center_axis',(1.49975978266143E-32,-1.,-2.449293598294E-16));
#8284=DIRECTION('ref_axis',(1.,-1.49975978266142E-32,1.22464679914735E-16));
#8285=DIRECTION('',(1.,-1.49975978266142E-32,1.22464679914735E-16));
#8286=DIRECTION('',(-1.22464679914735E-16,-2.449293598294E-16,1.));
#8287=DIRECTION('center_axis',(-1.22464679914735E-16,-2.449293598294E-16,
1.));
#8288=DIRECTION('ref_axis',(-1.49975978266143E-32,1.,2.449293598294E-16));
#8289=DIRECTION('center_axis',(1.22464679914735E-16,1.224646799147E-16,
-1.));
#8290=DIRECTION('ref_axis',(-3.42113882891808E-48,1.,1.224646799147E-16));
#8291=DIRECTION('center_axis',(1.,-1.49975978266142E-32,1.22464679914735E-16));
#8292=DIRECTION('ref_axis',(0.,1.,1.224646799147E-16));
#8293=DIRECTION('',(0.,1.,1.224646799147E-16));
#8294=DIRECTION('',(-1.22464679914735E-16,-2.449293598294E-16,1.));
#8295=DIRECTION('',(-1.22464679914735E-16,-2.449293598294E-16,1.));
#8296=DIRECTION('center_axis',(-1.22464679914735E-16,-2.449293598294E-16,
1.));
#8297=DIRECTION('ref_axis',(-1.,1.49975978266142E-32,-1.22464679914735E-16));
#8298=DIRECTION('center_axis',(1.22464679914735E-16,1.224646799147E-16,
-1.));
#8299=DIRECTION('ref_axis',(-1.,1.49975978266142E-32,-1.22464679914735E-16));
#8300=DIRECTION('',(-1.22464679914735E-16,-2.449293598294E-16,1.));
#8301=DIRECTION('center_axis',(-1.49975978266143E-32,1.,2.449293598294E-16));
#8302=DIRECTION('ref_axis',(-1.,1.49975978266142E-32,-1.22464679914735E-16));
#8303=DIRECTION('',(-1.,1.49975978266142E-32,-1.22464679914735E-16));
#8304=DIRECTION('',(-1.22464679914735E-16,-2.449293598294E-16,1.));
#8305=DIRECTION('center_axis',(-1.22464679914735E-16,-2.449293598294E-16,
1.));
#8306=DIRECTION('ref_axis',(1.49975978266143E-32,-1.,-2.449293598294E-16));
#8307=DIRECTION('center_axis',(1.22464679914735E-16,1.224646799147E-16,
-1.));
#8308=DIRECTION('ref_axis',(1.71056941445898E-48,-1.,-1.224646799147E-16));
#8309=DIRECTION('',(-1.22464679914735E-16,-2.449293598294E-16,1.));
#8310=DIRECTION('center_axis',(-1.,1.49975978266142E-32,-1.22464679914735E-16));
#8311=DIRECTION('ref_axis',(0.,-1.,-1.224646799147E-16));
#8312=DIRECTION('',(0.,-1.,-1.224646799147E-16));
#8313=DIRECTION('',(-1.22464679914735E-16,-2.449293598294E-16,1.));
#8314=DIRECTION('center_axis',(-1.22464679914735E-16,-2.449293598294E-16,
1.));
#8315=DIRECTION('ref_axis',(1.,-1.49975978266142E-32,1.22464679914735E-16));
#8316=DIRECTION('center_axis',(1.22464679914735E-16,1.224646799147E-16,
-1.));
#8317=DIRECTION('ref_axis',(1.,-1.49975978266142E-32,1.22464679914735E-16));
#8318=DIRECTION('',(-1.22464679914735E-16,-2.449293598294E-16,1.));
#8319=DIRECTION('center_axis',(1.49975978266143E-32,-1.,-2.449293598294E-16));
#8320=DIRECTION('ref_axis',(1.,-1.49975978266142E-32,1.22464679914735E-16));
#8321=DIRECTION('',(1.,-1.49975978266142E-32,1.22464679914735E-16));
#8322=DIRECTION('',(-1.22464679914735E-16,-2.449293598294E-16,1.));
#8323=DIRECTION('center_axis',(-1.22464679914735E-16,-2.449293598294E-16,
1.));
#8324=DIRECTION('ref_axis',(-1.49975978266143E-32,1.,2.449293598294E-16));
#8325=DIRECTION('center_axis',(1.22464679914735E-16,1.224646799147E-16,
-1.));
#8326=DIRECTION('ref_axis',(-1.71056941445898E-48,1.,1.224646799147E-16));
#8327=DIRECTION('center_axis',(1.,-1.49975978266142E-32,1.22464679914735E-16));
#8328=DIRECTION('ref_axis',(0.,1.,1.224646799147E-16));
#8329=DIRECTION('',(0.,1.,1.224646799147E-16));
#8330=DIRECTION('',(-1.22464679914735E-16,-2.449293598294E-16,1.));
#8331=DIRECTION('',(-1.22464679914735E-16,-2.449293598294E-16,1.));
#8332=DIRECTION('center_axis',(-1.22464679914735E-16,-2.449293598294E-16,
1.));
#8333=DIRECTION('ref_axis',(-1.,-3.55271367880045E-14,-1.22464679914744E-16));
#8334=DIRECTION('center_axis',(1.22464679914735E-16,1.224646799147E-16,
-1.));
#8335=DIRECTION('ref_axis',(-1.,-3.55271367880045E-14,-1.2246467991474E-16));
#8336=DIRECTION('',(-1.22464679914735E-16,-2.449293598294E-16,1.));
#8337=DIRECTION('center_axis',(-1.49975978266143E-32,1.,2.449293598294E-16));
#8338=DIRECTION('ref_axis',(-1.,1.49975978266142E-32,-1.22464679914735E-16));
#8339=DIRECTION('',(-1.,1.49975978266142E-32,-1.22464679914735E-16));
#8340=DIRECTION('',(-1.22464679914735E-16,-2.449293598294E-16,1.));
#8341=DIRECTION('center_axis',(-1.22464679914735E-16,-2.449293598294E-16,
1.));
#8342=DIRECTION('ref_axis',(1.49975978266143E-32,-1.,-2.449293598294E-16));
#8343=DIRECTION('center_axis',(1.22464679914735E-16,1.224646799147E-16,
-1.));
#8344=DIRECTION('ref_axis',(1.71056941445898E-48,-1.,-1.224646799147E-16));
#8345=DIRECTION('',(-1.22464679914735E-16,-2.449293598294E-16,1.));
#8346=DIRECTION('center_axis',(-1.,1.49975978266142E-32,-1.22464679914735E-16));
#8347=DIRECTION('ref_axis',(0.,-1.,-1.224646799147E-16));
#8348=DIRECTION('',(0.,-1.,-1.224646799147E-16));
#8349=DIRECTION('',(-1.22464679914735E-16,-2.449293598294E-16,1.));
#8350=DIRECTION('center_axis',(-1.22464679914735E-16,-2.449293598294E-16,
1.));
#8351=DIRECTION('ref_axis',(1.,-1.49975978266142E-32,1.22464679914735E-16));
#8352=DIRECTION('center_axis',(1.22464679914735E-16,1.224646799147E-16,
-1.));
#8353=DIRECTION('ref_axis',(1.,-1.49975978266142E-32,1.22464679914735E-16));
#8354=DIRECTION('',(-1.22464679914735E-16,-2.449293598294E-16,1.));
#8355=DIRECTION('center_axis',(1.49975978266143E-32,-1.,-2.449293598294E-16));
#8356=DIRECTION('ref_axis',(1.,-1.49975978266142E-32,1.22464679914735E-16));
#8357=DIRECTION('',(1.,-1.49975978266142E-32,1.22464679914735E-16));
#8358=DIRECTION('',(-1.22464679914735E-16,-2.449293598294E-16,1.));
#8359=DIRECTION('center_axis',(-1.22464679914735E-16,-2.449293598294E-16,
1.));
#8360=DIRECTION('ref_axis',(-1.49975978266143E-32,1.,2.449293598294E-16));
#8361=DIRECTION('center_axis',(1.22464679914735E-16,1.224646799147E-16,
-1.));
#8362=DIRECTION('ref_axis',(-1.71056941445898E-48,1.,1.224646799147E-16));
#8363=DIRECTION('center_axis',(1.,-1.49975978266142E-32,1.22464679914735E-16));
#8364=DIRECTION('ref_axis',(0.,1.,1.224646799147E-16));
#8365=DIRECTION('',(0.,1.,1.224646799147E-16));
#8366=DIRECTION('',(-1.22464679914735E-16,-2.449293598294E-16,1.));
#8367=DIRECTION('',(-1.22464679914735E-16,-2.449293598294E-16,1.));
#8368=DIRECTION('center_axis',(-1.22464679914735E-16,-2.449293598294E-16,
1.));
#8369=DIRECTION('ref_axis',(-1.,1.49975978266142E-32,-1.22464679914735E-16));
#8370=DIRECTION('center_axis',(1.22464679914735E-16,1.224646799147E-16,
-1.));
#8371=DIRECTION('ref_axis',(-1.,1.49975978266142E-32,-1.22464679914735E-16));
#8372=DIRECTION('',(-1.22464679914735E-16,-2.449293598294E-16,1.));
#8373=DIRECTION('center_axis',(-1.49975978266143E-32,1.,2.449293598294E-16));
#8374=DIRECTION('ref_axis',(-1.,1.49975978266142E-32,-1.22464679914735E-16));
#8375=DIRECTION('',(-1.,1.49975978266142E-32,-1.22464679914735E-16));
#8376=DIRECTION('',(-1.22464679914735E-16,-2.449293598294E-16,1.));
#8377=DIRECTION('center_axis',(-1.22464679914735E-16,-2.449293598294E-16,
1.));
#8378=DIRECTION('ref_axis',(1.49975978266143E-32,-1.,-2.449293598294E-16));
#8379=DIRECTION('center_axis',(1.22464679914735E-16,1.224646799147E-16,
-1.));
#8380=DIRECTION('ref_axis',(0.,-1.,-1.224646799147E-16));
#8381=DIRECTION('',(-1.22464679914735E-16,-2.449293598294E-16,1.));
#8382=DIRECTION('center_axis',(-1.,1.49975978266142E-32,-1.22464679914735E-16));
#8383=DIRECTION('ref_axis',(0.,-1.,-1.224646799147E-16));
#8384=DIRECTION('',(0.,-1.,-1.224646799147E-16));
#8385=DIRECTION('',(-1.22464679914735E-16,-2.449293598294E-16,1.));
#8386=DIRECTION('center_axis',(-1.22464679914735E-16,-2.449293598294E-16,
1.));
#8387=DIRECTION('ref_axis',(1.,-1.49975978266142E-32,1.22464679914735E-16));
#8388=DIRECTION('center_axis',(1.22464679914735E-16,1.224646799147E-16,
-1.));
#8389=DIRECTION('ref_axis',(1.,-1.49975978266142E-32,1.22464679914735E-16));
#8390=DIRECTION('',(-1.22464679914735E-16,-2.449293598294E-16,1.));
#8391=DIRECTION('center_axis',(1.49975978266143E-32,-1.,-2.449293598294E-16));
#8392=DIRECTION('ref_axis',(1.,-1.49975978266142E-32,1.22464679914735E-16));
#8393=DIRECTION('',(1.,-1.49975978266142E-32,1.22464679914735E-16));
#8394=DIRECTION('',(-1.22464679914735E-16,-2.449293598294E-16,1.));
#8395=DIRECTION('center_axis',(-1.22464679914735E-16,-2.449293598294E-16,
1.));
#8396=DIRECTION('ref_axis',(-1.49975978266143E-32,1.,2.449293598294E-16));
#8397=DIRECTION('center_axis',(1.22464679914735E-16,1.224646799147E-16,
-1.));
#8398=DIRECTION('ref_axis',(-3.42113882891808E-48,1.,1.224646799147E-16));
#8399=DIRECTION('center_axis',(1.,-1.49975978266142E-32,1.22464679914735E-16));
#8400=DIRECTION('ref_axis',(0.,1.,1.224646799147E-16));
#8401=DIRECTION('',(0.,1.,1.224646799147E-16));
#8402=DIRECTION('',(-1.22464679914735E-16,-2.449293598294E-16,1.));
#8403=DIRECTION('',(-1.22464679914735E-16,-2.449293598294E-16,1.));
#8404=DIRECTION('center_axis',(-1.22464679914735E-16,-2.449293598294E-16,
1.));
#8405=DIRECTION('ref_axis',(-1.,-3.5527136788007E-14,-1.22464679914744E-16));
#8406=DIRECTION('center_axis',(1.22464679914735E-16,1.224646799147E-16,
-1.));
#8407=DIRECTION('ref_axis',(-1.,-3.5527136788007E-14,-1.2246467991474E-16));
#8408=DIRECTION('',(-1.22464679914735E-16,-2.449293598294E-16,1.));
#8409=DIRECTION('center_axis',(-1.49975978266143E-32,1.,2.449293598294E-16));
#8410=DIRECTION('ref_axis',(-1.,1.49975978266142E-32,-1.22464679914735E-16));
#8411=DIRECTION('',(-1.,1.49975978266142E-32,-1.22464679914735E-16));
#8412=DIRECTION('',(-1.22464679914735E-16,-2.449293598294E-16,1.));
#8413=DIRECTION('center_axis',(-1.22464679914735E-16,-2.449293598294E-16,
1.));
#8414=DIRECTION('ref_axis',(1.49975978266143E-32,-1.,-2.449293598294E-16));
#8415=DIRECTION('center_axis',(1.22464679914735E-16,1.224646799147E-16,
-1.));
#8416=DIRECTION('ref_axis',(1.71056941445898E-48,-1.,-1.224646799147E-16));
#8417=DIRECTION('',(-1.22464679914735E-16,-2.449293598294E-16,1.));
#8418=DIRECTION('center_axis',(-1.,1.49975978266142E-32,-1.22464679914735E-16));
#8419=DIRECTION('ref_axis',(0.,-1.,-1.224646799147E-16));
#8420=DIRECTION('',(0.,-1.,-1.224646799147E-16));
#8421=DIRECTION('',(-1.22464679914735E-16,-2.449293598294E-16,1.));
#8422=DIRECTION('center_axis',(-1.22464679914735E-16,-2.449293598294E-16,
1.));
#8423=DIRECTION('ref_axis',(1.,-1.49975978266142E-32,1.22464679914735E-16));
#8424=DIRECTION('center_axis',(1.22464679914735E-16,1.224646799147E-16,
-1.));
#8425=DIRECTION('ref_axis',(1.,-1.49975978266142E-32,1.22464679914735E-16));
#8426=DIRECTION('',(-1.22464679914735E-16,-2.449293598294E-16,1.));
#8427=DIRECTION('center_axis',(1.49975978266143E-32,-1.,-2.449293598294E-16));
#8428=DIRECTION('ref_axis',(1.,-1.49975978266142E-32,1.22464679914735E-16));
#8429=DIRECTION('',(1.,-1.49975978266142E-32,1.22464679914735E-16));
#8430=DIRECTION('',(-1.22464679914735E-16,-2.449293598294E-16,1.));
#8431=DIRECTION('center_axis',(-1.22464679914735E-16,-2.449293598294E-16,
1.));
#8432=DIRECTION('ref_axis',(-1.49975978266143E-32,1.,2.449293598294E-16));
#8433=DIRECTION('center_axis',(1.22464679914735E-16,1.224646799147E-16,
-1.));
#8434=DIRECTION('ref_axis',(-1.71056941445898E-48,1.,1.224646799147E-16));
#8435=DIRECTION('center_axis',(1.,0.,1.51870265961937E-13));
#8436=DIRECTION('ref_axis',(-1.51870265961937E-13,0.,1.));
#8437=DIRECTION('',(-2.8421709430404E-14,1.,0.));
#8438=DIRECTION('center_axis',(0.,0.,1.));
#8439=DIRECTION('ref_axis',(1.,-4.44089209850069E-16,0.));
#8440=DIRECTION('',(0.,0.,1.));
#8441=DIRECTION('center_axis',(2.22044604925034E-16,-1.97215226305259E-31,
-1.));
#8442=DIRECTION('ref_axis',(1.,-8.88178419700138E-16,2.22044604925034E-16));
#8443=DIRECTION('center_axis',(1.,0.,0.));
#8444=DIRECTION('ref_axis',(0.,1.,0.));
#8445=DIRECTION('',(0.,0.,1.));
#8446=DIRECTION('',(0.,-1.,0.));
#8447=DIRECTION('center_axis',(0.,0.,1.));
#8448=DIRECTION('ref_axis',(0.,-1.,0.));
#8449=DIRECTION('',(0.,0.,1.));
#8450=DIRECTION('center_axis',(0.,-2.22044604925033E-16,-1.));
#8451=DIRECTION('ref_axis',(0.,-1.,2.22044604925033E-16));
#8452=DIRECTION('center_axis',(5.51663614720574E-17,-1.,0.));
#8453=DIRECTION('ref_axis',(1.,5.51663614720575E-17,0.));
#8454=DIRECTION('',(0.,0.,1.));
#8455=DIRECTION('',(-1.,-5.51663614720575E-17,0.));
#8456=DIRECTION('center_axis',(-1.49975978266143E-32,1.,2.449293598294E-16));
#8457=DIRECTION('ref_axis',(-1.,1.49975978266142E-32,-1.22464679914735E-16));
#8458=DIRECTION('',(4.94411299435091E-33,2.449293598294E-16,-1.));
#8459=DIRECTION('',(-1.,1.49975978266142E-32,-1.22464679914735E-16));
#8460=DIRECTION('center_axis',(-1.22464679914735E-16,-1.224646799147E-16,
1.));
#8461=DIRECTION('ref_axis',(1.,-1.49975978266142E-32,1.22464679914735E-16));
#8462=DIRECTION('',(-2.01858731750028E-17,-1.,-1.224646799147E-16));
#8463=DIRECTION('',(-1.,1.49975978266142E-32,-1.22464679914735E-16));
#8464=DIRECTION('',(-2.01858731750028E-17,-1.,-1.224646799147E-16));
#8465=DIRECTION('',(-1.,1.49975978266142E-32,-1.22464679914735E-16));
#8466=DIRECTION('',(-2.01858731750028E-17,-1.,-1.224646799147E-16));
#8467=DIRECTION('',(1.,-1.49975978266142E-32,1.22464679914735E-16));
#8468=DIRECTION('',(-2.01858731750028E-17,-1.,-1.224646799147E-16));
#8469=DIRECTION('center_axis',(1.49975978266143E-32,-1.,-2.449293598294E-16));
#8470=DIRECTION('ref_axis',(1.,-1.49975978266142E-32,1.22464679914735E-16));
#8471=DIRECTION('',(-4.94411299435091E-33,-2.449293598294E-16,1.));
#8472=DIRECTION('center_axis',(-1.49975978266143E-32,1.,2.449293598294E-16));
#8473=DIRECTION('ref_axis',(-1.,1.49975978266142E-32,-1.22464679914735E-16));
#8474=DIRECTION('',(4.94411299435091E-33,2.449293598294E-16,-1.));
#8475=DIRECTION('center_axis',(-1.49975978266143E-32,1.,2.449293598294E-16));
#8476=DIRECTION('ref_axis',(-1.,1.49975978266142E-32,-1.22464679914735E-16));
#8477=DIRECTION('',(4.94411299435091E-33,2.449293598294E-16,-1.));
#8478=DIRECTION('center_axis',(-1.,2.01858731750028E-17,0.));
#8479=DIRECTION('ref_axis',(0.,0.,1.));
#8480=DIRECTION('center_axis',(-1.,2.01858731750028E-17,0.));
#8481=DIRECTION('ref_axis',(0.,0.,1.));
#8482=DIRECTION('center_axis',(-1.,2.01858731750028E-17,0.));
#8483=DIRECTION('ref_axis',(0.,0.,1.));
#8484=DIRECTION('center_axis',(-1.,2.01858731750028E-17,0.));
#8485=DIRECTION('ref_axis',(0.,0.,1.));
#8486=DIRECTION('axis',(0.,0.,1.));
#8487=DIRECTION('refdir',(1.,0.,0.));
#8488=DIRECTION('',(0.,0.,1.));
#8489=DIRECTION('',(1.,0.,0.));
#8490=DIRECTION('',(0.,0.,1.));
#8491=DIRECTION('',(1.,0.,0.));
#8492=DIRECTION('',(0.,0.,1.));
#8493=DIRECTION('',(1.,0.,0.));
#8494=CARTESIAN_POINT('',(0.,0.,0.));
#8495=CARTESIAN_POINT('',(0.,0.,0.));
#8496=CARTESIAN_POINT('',(0.,0.,0.));
#8497=CARTESIAN_POINT('Origin',(341.914213562373,-129.949091799245,-15.412480314961));
#8498=CARTESIAN_POINT('',(340.414213562373,-129.949091799245,5.23751968503902));
#8499=CARTESIAN_POINT('Origin',(341.914213562373,-129.949091799245,5.23751968503902));
#8500=CARTESIAN_POINT('',(340.414213562373,-129.949091799245,6.73751968503902));
#8501=CARTESIAN_POINT('',(340.414213562373,-129.949091799245,-15.412480314961));
#8502=CARTESIAN_POINT('Origin',(341.914213562373,-129.949091799245,6.73751968503902));
#8503=CARTESIAN_POINT('Origin',(341.914213562373,-18.120664674499,-15.412480314961));
#8504=CARTESIAN_POINT('',(340.414213562373,-18.120664674499,5.23751968503902));
#8505=CARTESIAN_POINT('Origin',(341.914213562373,-18.120664674499,5.23751968503902));
#8506=CARTESIAN_POINT('',(340.414213562373,-18.120664674499,6.73751968503902));
#8507=CARTESIAN_POINT('',(340.414213562373,-18.120664674499,-15.412480314961));
#8508=CARTESIAN_POINT('Origin',(341.914213562373,-18.120664674499,6.73751968503902));
#8509=CARTESIAN_POINT('Origin',(320.779565,-14.,7.15999999999999));
#8510=CARTESIAN_POINT('',(320.779565,-19.,6.73751968503905));
#8511=CARTESIAN_POINT('',(320.779565,-14.,6.73751968503905));
#8512=CARTESIAN_POINT('',(320.779565,-44.,6.73751968503904));
#8513=CARTESIAN_POINT('',(320.779565,-19.,5.23751968503902));
#8514=CARTESIAN_POINT('',(320.779565,-19.,6.73751968503902));
#8515=CARTESIAN_POINT('',(320.779565,-17.479163,5.23751968503902));
#8516=CARTESIAN_POINT('',(320.779565,-14.,5.23751968503902));
#8517=CARTESIAN_POINT('',(320.779565,-17.479163,6.22427669529714));
#8518=CARTESIAN_POINT('',(320.779565,-17.479163,6.73751968503902));
#8519=CARTESIAN_POINT('',(320.779565,-14.,6.22427669529692));
#8520=CARTESIAN_POINT('',(320.779565,-14.,6.22427669529692));
#8521=CARTESIAN_POINT('',(320.779565,-14.,6.94875984253096));
#8522=CARTESIAN_POINT('Origin',(311.429565,-74.479163,6.73751968503902));
#8523=CARTESIAN_POINT('',(311.429565,-74.479163,6.73751968503904));
#8524=CARTESIAN_POINT('',(311.429565,-18.9999999999999,6.73751968503904));
#8525=CARTESIAN_POINT('',(311.429565,-74.2395815,6.73751968503904));
#8526=CARTESIAN_POINT('',(311.429565,-74.479163,5.23751968503902));
#8527=CARTESIAN_POINT('',(311.429565,-74.479163,6.73751968503902));
#8528=CARTESIAN_POINT('',(311.429565,-18.9999999999999,5.23751968503902));
#8529=CARTESIAN_POINT('',(311.429565,-17.479163,5.23751968503902));
#8530=CARTESIAN_POINT('',(311.429565,-18.9999999999999,6.73751968503902));
#8531=CARTESIAN_POINT('Origin',(338.429565,-74.479163,6.73751968503902));
#8532=CARTESIAN_POINT('',(338.429565,-74.479163,6.73751968503904));
#8533=CARTESIAN_POINT('',(259.2147825,-74.479163,6.73751968503903));
#8534=CARTESIAN_POINT('',(338.429565,-74.479163,5.23751968503902));
#8535=CARTESIAN_POINT('',(338.429565,-74.479163,6.73751968503902));
#8536=CARTESIAN_POINT('',(311.429565,-74.479163,5.23751968503902));
#8537=CARTESIAN_POINT('Origin',(341.,-14.,6.73751968503902));
#8538=CARTESIAN_POINT('',(341.,-14.,6.73751968503905));
#8539=CARTESIAN_POINT('',(329.079565,-14.,6.73751968503905));
#8540=CARTESIAN_POINT('',(260.5,-14.,6.73751968503904));
#8541=CARTESIAN_POINT('',(341.,-14.,5.23751968503902));
#8542=CARTESIAN_POINT('',(341.,-14.,6.73751968503902));
#8543=CARTESIAN_POINT('',(328.4345341787,-14.,5.23751968503902));
#8544=CARTESIAN_POINT('',(341.,-14.,5.23751968503902));
#8545=CARTESIAN_POINT('',(328.837928094478,-14.,5.64091360081736));
#8546=CARTESIAN_POINT('',(251.320459244266,-14.,-71.8765552493948));
#8547=CARTESIAN_POINT('',(329.079565,-14.,6.22427669529707));
#8548=CARTESIAN_POINT('Origin',(328.254565,-14.,6.22427669529715));
#8549=CARTESIAN_POINT('',(329.079565,-14.,6.48089819016714));
#8550=CARTESIAN_POINT('Origin',(341.,-14.,6.73751968503902));
#8551=CARTESIAN_POINT('',(180.,-14.,6.73751968503903));
#8552=CARTESIAN_POINT('',(180.,-14.,5.23751968503902));
#8553=CARTESIAN_POINT('',(180.,-14.,6.36251968503902));
#8554=CARTESIAN_POINT('',(260.5,-14.,6.73751968503904));
#8555=CARTESIAN_POINT('',(321.021201905521,-14.,5.64091360081749));
#8556=CARTESIAN_POINT('Origin',(321.604565000001,-14.,6.22427669529714));
#8557=CARTESIAN_POINT('',(321.4245958213,-14.,5.23751968503902));
#8558=CARTESIAN_POINT('',(245.241749908078,-14.,81.4203655982532));
#8559=CARTESIAN_POINT('',(341.,-14.,5.23751968503902));
#8560=CARTESIAN_POINT('Origin',(338.429565,-18.9999999999999,6.73751968503902));
#8561=CARTESIAN_POINT('',(338.429565,-18.9999999999999,6.73751968503905));
#8562=CARTESIAN_POINT('',(338.429565,-46.5,6.73751968503904));
#8563=CARTESIAN_POINT('',(338.429565,-18.9999999999999,5.23751968503902));
#8564=CARTESIAN_POINT('',(338.429565,-18.9999999999999,6.73751968503902));
#8565=CARTESIAN_POINT('',(338.429565,-74.479163,5.23751968503902));
#8566=CARTESIAN_POINT('Origin',(19.,-19.0000000000045,6.73751968503902));
#8567=CARTESIAN_POINT('',(329.079565,-19.,6.73751968503905));
#8568=CARTESIAN_POINT('',(99.4999999999996,-19.0000000000033,6.73751968503902));
#8569=CARTESIAN_POINT('',(329.079565,-19.,5.23751968503902));
#8570=CARTESIAN_POINT('',(329.079565,-19.,6.73751968503902));
#8571=CARTESIAN_POINT('',(19.,-19.,5.23751968503902));
#8572=CARTESIAN_POINT('Origin',(19.,-19.0000000000045,6.73751968503902));
#8573=CARTESIAN_POINT('',(99.4999999999996,-19.0000000000033,6.73751968503902));
#8574=CARTESIAN_POINT('',(19.,-19.,5.23751968503902));
#8575=CARTESIAN_POINT('Origin',(164.166968357028,-75.8216596529655,6.73751968503902));
#8576=CARTESIAN_POINT('',(180.,-134.,6.73751968503901));
#8577=CARTESIAN_POINT('',(180.,-82.9216596529655,6.73751968503902));
#8578=CARTESIAN_POINT('',(180.,-74.9108298264828,6.73751968503902));
#8579=CARTESIAN_POINT('',(341.,-134.,6.73751968503903));
#8580=CARTESIAN_POINT('',(99.5,-134.,6.737519685039));
#8581=CARTESIAN_POINT('',(346.,-129.,6.73751968503904));
#8582=CARTESIAN_POINT('Origin',(341.,-129.,6.73751968503902));
#8583=CARTESIAN_POINT('',(346.,-18.9999999999999,6.73751968503905));
#8584=CARTESIAN_POINT('',(346.,-101.5,6.73751968503904));
#8585=CARTESIAN_POINT('Origin',(341.,-18.9999999999999,6.73751968503902));
#8586=CARTESIAN_POINT('',(329.079565,-44.,6.73751968503904));
#8587=CARTESIAN_POINT('',(180.,-30.6216596529655,6.73751968503903));
#8588=CARTESIAN_POINT('',(180.,-74.9108298264828,6.73751968503902));
#8589=CARTESIAN_POINT('',(189.816968357028,-30.6216596529655,6.73751968503903));
#8590=CARTESIAN_POINT('',(176.616968357028,-30.6216596529655,6.73751968503903));
#8591=CARTESIAN_POINT('',(190.316968357028,-31.1216596529655,6.73751968503903));
#8592=CARTESIAN_POINT('Origin',(189.816968357028,-31.1216596529655,6.73751968503903));
#8593=CARTESIAN_POINT('',(190.316968357028,-44.3216596529655,6.73751968503903));
#8594=CARTESIAN_POINT('',(190.316968357028,-31.1216596529655,6.73751968503903));
#8595=CARTESIAN_POINT('',(189.816968357028,-44.8216596529655,6.73751968503903));
#8596=CARTESIAN_POINT('Origin',(189.816968357028,-44.3216596529655,6.73751968503903));
#8597=CARTESIAN_POINT('',(180.,-44.8216596529655,6.73751968503903));
#8598=CARTESIAN_POINT('',(176.616968357028,-44.8216596529655,6.73751968503903));
#8599=CARTESIAN_POINT('',(180.,-49.6716596529655,6.73751968503902));
#8600=CARTESIAN_POINT('',(180.,-74.9108298264828,6.73751968503902));
#8601=CARTESIAN_POINT('',(180.291968357028,-49.6716596529655,6.73751968503902));
#8602=CARTESIAN_POINT('',(167.091968357028,-49.6716596529655,6.73751968503902));
#8603=CARTESIAN_POINT('',(180.791968357028,-50.1716596529655,6.73751968503903));
#8604=CARTESIAN_POINT('Origin',(180.291968357028,-50.1716596529655,6.73751968503903));
#8605=CARTESIAN_POINT('',(180.791968357028,-63.3716596529655,6.73751968503902));
#8606=CARTESIAN_POINT('',(180.791968357028,-50.1716596529655,6.73751968503903));
#8607=CARTESIAN_POINT('',(180.291968357028,-63.8716596529655,6.73751968503902));
#8608=CARTESIAN_POINT('Origin',(180.291968357028,-63.3716596529655,6.73751968503902));
#8609=CARTESIAN_POINT('',(180.,-63.8716596529655,6.73751968503902));
#8610=CARTESIAN_POINT('',(167.091968357028,-63.8716596529655,6.73751968503902));
#8611=CARTESIAN_POINT('',(180.,-68.7216596529655,6.73751968503902));
#8612=CARTESIAN_POINT('',(180.,-74.9108298264828,6.73751968503902));
#8613=CARTESIAN_POINT('',(185.054468357028,-68.7216596529655,6.73751968503902));
#8614=CARTESIAN_POINT('',(171.854468357028,-68.7216596529655,6.73751968503902));
#8615=CARTESIAN_POINT('',(185.554468357028,-69.2216596529655,6.73751968503902));
#8616=CARTESIAN_POINT('Origin',(185.054468357028,-69.2216596529655,6.73751968503902));
#8617=CARTESIAN_POINT('',(185.554468357028,-82.4216596529655,6.73751968503902));
#8618=CARTESIAN_POINT('',(185.554468357028,-69.2216596529655,6.73751968503902));
#8619=CARTESIAN_POINT('',(185.054468357028,-82.9216596529655,6.73751968503902));
#8620=CARTESIAN_POINT('Origin',(185.054468357028,-82.4216596529655,6.73751968503902));
#8621=CARTESIAN_POINT('',(171.854468357028,-82.9216596529655,6.73751968503902));
#8622=CARTESIAN_POINT('',(265.310218357028,-89.2716596529655,6.73751968503903));
#8623=CARTESIAN_POINT('',(265.810218357028,-88.7716596529655,6.73751968503903));
#8624=CARTESIAN_POINT('Origin',(265.810218357028,-89.2716596529655,6.73751968503903));
#8625=CARTESIAN_POINT('',(272.010218357028,-88.7716596529656,6.73751968503903));
#8626=CARTESIAN_POINT('',(265.810218357028,-88.7716596529655,6.73751968503903));
#8627=CARTESIAN_POINT('',(272.510218357028,-89.2716596529655,6.73751968503903));
#8628=CARTESIAN_POINT('Origin',(272.010218357028,-89.2716596529655,6.73751968503903));
#8629=CARTESIAN_POINT('',(272.510218357028,-103.471659652966,6.73751968503903));
#8630=CARTESIAN_POINT('',(272.510218357028,-89.2716596529655,6.73751968503903));
#8631=CARTESIAN_POINT('',(272.010218357028,-103.971659652966,6.73751968503903));
#8632=CARTESIAN_POINT('Origin',(272.010218357028,-103.471659652966,6.73751968503903));
#8633=CARTESIAN_POINT('',(265.810218357028,-103.971659652965,6.73751968503903));
#8634=CARTESIAN_POINT('',(265.810218357028,-103.971659652966,6.73751968503903));
#8635=CARTESIAN_POINT('',(265.310218357028,-103.471659652966,6.73751968503903));
#8636=CARTESIAN_POINT('Origin',(265.810218357028,-103.471659652966,6.73751968503903));
#8637=CARTESIAN_POINT('',(265.310218357028,-89.2716596529655,6.73751968503903));
#8638=CARTESIAN_POINT('',(242.791968357028,-50.1716596529655,6.73751968503903));
#8639=CARTESIAN_POINT('',(243.291968357028,-49.6716596529655,6.73751968503903));
#8640=CARTESIAN_POINT('Origin',(243.291968357028,-50.1716596529655,6.73751968503903));
#8641=CARTESIAN_POINT('',(256.491968357028,-49.6716596529655,6.73751968503903));
#8642=CARTESIAN_POINT('',(243.291968357028,-49.6716596529655,6.73751968503903));
#8643=CARTESIAN_POINT('',(256.991968357028,-50.1716596529655,6.73751968503903));
#8644=CARTESIAN_POINT('Origin',(256.491968357028,-50.1716596529655,6.73751968503903));
#8645=CARTESIAN_POINT('',(256.991968357028,-63.3716596529655,6.73751968503903));
#8646=CARTESIAN_POINT('',(256.991968357028,-50.1716596529655,6.73751968503903));
#8647=CARTESIAN_POINT('',(256.491968357028,-63.8716596529655,6.73751968503903));
#8648=CARTESIAN_POINT('Origin',(256.491968357028,-63.3716596529655,6.73751968503903));
#8649=CARTESIAN_POINT('',(243.291968357028,-63.8716596529655,6.73751968503903));
#8650=CARTESIAN_POINT('',(243.291968357028,-63.8716596529655,6.73751968503903));
#8651=CARTESIAN_POINT('',(242.791968357028,-63.3716596529655,6.73751968503903));
#8652=CARTESIAN_POINT('Origin',(243.291968357028,-63.3716596529655,6.73751968503903));
#8653=CARTESIAN_POINT('',(242.791968357028,-50.1716596529655,6.73751968503903));
#8654=CARTESIAN_POINT('',(289.186218357028,-89.2716596529655,6.73751968503903));
#8655=CARTESIAN_POINT('',(289.686218357028,-88.7716596529655,6.73751968503903));
#8656=CARTESIAN_POINT('Origin',(289.686218357028,-89.2716596529655,6.73751968503903));
#8657=CARTESIAN_POINT('',(295.886218357028,-88.7716596529655,6.73751968503903));
#8658=CARTESIAN_POINT('',(289.686218357028,-88.7716596529655,6.73751968503903));
#8659=CARTESIAN_POINT('',(296.386218357028,-89.2716596529655,6.73751968503903));
#8660=CARTESIAN_POINT('Origin',(295.886218357028,-89.2716596529655,6.73751968503903));
#8661=CARTESIAN_POINT('',(296.386218357028,-103.471659652966,6.73751968503903));
#8662=CARTESIAN_POINT('',(296.386218357028,-89.2716596529655,6.73751968503903));
#8663=CARTESIAN_POINT('',(295.886218357028,-103.971659652966,6.73751968503903));
#8664=CARTESIAN_POINT('Origin',(295.886218357028,-103.471659652966,6.73751968503903));
#8665=CARTESIAN_POINT('',(289.686218357028,-103.971659652966,6.73751968503903));
#8666=CARTESIAN_POINT('',(289.686218357028,-103.971659652966,6.73751968503903));
#8667=CARTESIAN_POINT('',(289.186218357028,-103.471659652966,6.73751968503903));
#8668=CARTESIAN_POINT('Origin',(289.686218357028,-103.471659652966,6.73751968503903));
#8669=CARTESIAN_POINT('',(289.186218357028,-89.2716596529655,6.73751968503903));
#8670=CARTESIAN_POINT('',(180.879468357028,-88.2716596529655,6.73751968503902));
#8671=CARTESIAN_POINT('',(181.379468357028,-87.7716596529655,6.73751968503902));
#8672=CARTESIAN_POINT('Origin',(181.379468357028,-88.2716596529655,6.73751968503902));
#8673=CARTESIAN_POINT('',(194.579468357028,-87.7716596529655,6.73751968503902));
#8674=CARTESIAN_POINT('',(181.379468357028,-87.7716596529655,6.73751968503902));
#8675=CARTESIAN_POINT('',(195.079468357028,-88.2716596529655,6.73751968503902));
#8676=CARTESIAN_POINT('Origin',(194.579468357028,-88.2716596529655,6.73751968503902));
#8677=CARTESIAN_POINT('',(195.079468357028,-101.471659652966,6.73751968503902));
#8678=CARTESIAN_POINT('',(195.079468357028,-88.2716596529655,6.73751968503902));
#8679=CARTESIAN_POINT('',(194.579468357028,-101.971659652966,6.73751968503902));
#8680=CARTESIAN_POINT('Origin',(194.579468357028,-101.471659652966,6.73751968503902));
#8681=CARTESIAN_POINT('',(181.379468357028,-101.971659652966,6.73751968503902));
#8682=CARTESIAN_POINT('',(181.379468357028,-101.971659652966,6.73751968503902));
#8683=CARTESIAN_POINT('',(180.879468357028,-101.471659652966,6.73751968503902));
#8684=CARTESIAN_POINT('Origin',(181.379468357028,-101.471659652966,6.73751968503902));
#8685=CARTESIAN_POINT('',(180.879468357028,-88.2716596529655,6.73751968503902));
#8686=CARTESIAN_POINT('',(285.654468357028,-50.1716596529655,6.73751968503904));
#8687=CARTESIAN_POINT('',(286.154468357028,-49.6716596529655,6.73751968503904));
#8688=CARTESIAN_POINT('Origin',(286.154468357028,-50.1716596529655,6.73751968503904));
#8689=CARTESIAN_POINT('',(299.354468357028,-49.6716596529655,6.73751968503904));
#8690=CARTESIAN_POINT('',(286.154468357028,-49.6716596529655,6.73751968503904));
#8691=CARTESIAN_POINT('',(299.854468357028,-50.1716596529655,6.73751968503904));
#8692=CARTESIAN_POINT('Origin',(299.354468357028,-50.1716596529655,6.73751968503904));
#8693=CARTESIAN_POINT('',(299.854468357028,-63.3716596529655,6.73751968503904));
#8694=CARTESIAN_POINT('',(299.854468357028,-50.1716596529655,6.73751968503904));
#8695=CARTESIAN_POINT('',(299.354468357028,-63.8716596529655,6.73751968503904));
#8696=CARTESIAN_POINT('Origin',(299.354468357028,-63.3716596529655,6.73751968503904));
#8697=CARTESIAN_POINT('',(286.154468357028,-63.8716596529655,6.73751968503904));
#8698=CARTESIAN_POINT('',(286.154468357028,-63.8716596529655,6.73751968503904));
#8699=CARTESIAN_POINT('',(285.654468357028,-63.3716596529655,6.73751968503904));
#8700=CARTESIAN_POINT('Origin',(286.154468357028,-63.3716596529655,6.73751968503904));
#8701=CARTESIAN_POINT('',(285.654468357028,-50.1716596529655,6.73751968503904));
#8702=CARTESIAN_POINT('',(273.748218357028,-88.2716596529655,6.73751968503903));
#8703=CARTESIAN_POINT('',(274.248218357028,-87.7716596529655,6.73751968503903));
#8704=CARTESIAN_POINT('Origin',(274.248218357028,-88.2716596529655,6.73751968503903));
#8705=CARTESIAN_POINT('',(287.448218357028,-87.7716596529655,6.73751968503903));
#8706=CARTESIAN_POINT('',(274.248218357028,-87.7716596529655,6.73751968503903));
#8707=CARTESIAN_POINT('',(287.948218357028,-88.2716596529655,6.73751968503903));
#8708=CARTESIAN_POINT('Origin',(287.448218357028,-88.2716596529655,6.73751968503903));
#8709=CARTESIAN_POINT('',(287.948218357028,-101.471659652966,6.73751968503903));
#8710=CARTESIAN_POINT('',(287.948218357028,-88.2716596529655,6.73751968503903));
#8711=CARTESIAN_POINT('',(287.448218357028,-101.971659652966,6.73751968503903));
#8712=CARTESIAN_POINT('Origin',(287.448218357028,-101.471659652966,6.73751968503903));
#8713=CARTESIAN_POINT('',(274.248218357028,-101.971659652965,6.73751968503903));
#8714=CARTESIAN_POINT('',(274.248218357028,-101.971659652966,6.73751968503903));
#8715=CARTESIAN_POINT('',(273.748218357028,-101.471659652966,6.73751968503903));
#8716=CARTESIAN_POINT('Origin',(274.248218357028,-101.471659652966,6.73751968503903));
#8717=CARTESIAN_POINT('',(273.748218357028,-88.2716596529655,6.73751968503903));
#8718=CARTESIAN_POINT('',(278.510718357028,-69.2216596529655,6.73751968503903));
#8719=CARTESIAN_POINT('',(279.010718357028,-68.7216596529655,6.73751968503904));
#8720=CARTESIAN_POINT('Origin',(279.010718357028,-69.2216596529655,6.73751968503904));
#8721=CARTESIAN_POINT('',(292.210718357028,-68.7216596529655,6.73751968503904));
#8722=CARTESIAN_POINT('',(279.010718357028,-68.7216596529655,6.73751968503904));
#8723=CARTESIAN_POINT('',(292.710718357028,-69.2216596529655,6.73751968503904));
#8724=CARTESIAN_POINT('Origin',(292.210718357028,-69.2216596529655,6.73751968503904));
#8725=CARTESIAN_POINT('',(292.710718357028,-82.4216596529655,6.73751968503903));
#8726=CARTESIAN_POINT('',(292.710718357028,-69.2216596529655,6.73751968503904));
#8727=CARTESIAN_POINT('',(292.210718357028,-82.9216596529655,6.73751968503903));
#8728=CARTESIAN_POINT('Origin',(292.210718357028,-82.4216596529655,6.73751968503903));
#8729=CARTESIAN_POINT('',(279.010718357028,-82.9216596529655,6.73751968503903));
#8730=CARTESIAN_POINT('',(279.010718357028,-82.9216596529655,6.73751968503903));
#8731=CARTESIAN_POINT('',(278.510718357028,-82.4216596529655,6.73751968503903));
#8732=CARTESIAN_POINT('Origin',(279.010718357028,-82.4216596529655,6.73751968503903));
#8733=CARTESIAN_POINT('',(278.510718357028,-69.2216596529655,6.73751968503903));
#8734=CARTESIAN_POINT('',(272.453968357028,-32.1216596529655,6.73751968503904));
#8735=CARTESIAN_POINT('',(272.953968357028,-31.6216596529655,6.73751968503904));
#8736=CARTESIAN_POINT('Origin',(272.953968357028,-32.1216596529655,6.73751968503904));
#8737=CARTESIAN_POINT('',(279.153968357028,-31.6216596529655,6.73751968503904));
#8738=CARTESIAN_POINT('',(272.953968357028,-31.6216596529655,6.73751968503904));
#8739=CARTESIAN_POINT('',(279.653968357028,-32.1216596529655,6.73751968503904));
#8740=CARTESIAN_POINT('Origin',(279.153968357028,-32.1216596529655,6.73751968503904));
#8741=CARTESIAN_POINT('',(279.653968357028,-46.3216596529655,6.73751968503904));
#8742=CARTESIAN_POINT('',(279.653968357028,-32.1216596529655,6.73751968503904));
#8743=CARTESIAN_POINT('',(279.153968357028,-46.8216596529655,6.73751968503904));
#8744=CARTESIAN_POINT('Origin',(279.153968357028,-46.3216596529655,6.73751968503904));
#8745=CARTESIAN_POINT('',(272.953968357028,-46.8216596529655,6.73751968503904));
#8746=CARTESIAN_POINT('',(272.953968357028,-46.8216596529655,6.73751968503904));
#8747=CARTESIAN_POINT('',(272.453968357028,-46.3216596529655,6.73751968503904));
#8748=CARTESIAN_POINT('Origin',(272.953968357028,-46.3216596529655,6.73751968503904));
#8749=CARTESIAN_POINT('',(272.453968357028,-32.1216596529655,6.73751968503904));
#8750=CARTESIAN_POINT('',(238.029468357028,-88.2716596529655,6.73751968503903));
#8751=CARTESIAN_POINT('',(238.529468357028,-87.7716596529655,6.73751968503903));
#8752=CARTESIAN_POINT('Origin',(238.529468357028,-88.2716596529655,6.73751968503903));
#8753=CARTESIAN_POINT('',(251.729468357028,-87.7716596529655,6.73751968503903));
#8754=CARTESIAN_POINT('',(238.529468357028,-87.7716596529655,6.73751968503903));
#8755=CARTESIAN_POINT('',(252.229468357028,-88.2716596529655,6.73751968503903));
#8756=CARTESIAN_POINT('Origin',(251.729468357028,-88.2716596529655,6.73751968503903));
#8757=CARTESIAN_POINT('',(252.229468357028,-101.471659652966,6.73751968503903));
#8758=CARTESIAN_POINT('',(252.229468357028,-88.2716596529655,6.73751968503903));
#8759=CARTESIAN_POINT('',(251.729468357028,-101.971659652966,6.73751968503903));
#8760=CARTESIAN_POINT('Origin',(251.729468357028,-101.471659652966,6.73751968503903));
#8761=CARTESIAN_POINT('',(238.529468357028,-101.971659652966,6.73751968503903));
#8762=CARTESIAN_POINT('',(238.529468357028,-101.971659652966,6.73751968503903));
#8763=CARTESIAN_POINT('',(238.029468357028,-101.471659652966,6.73751968503903));
#8764=CARTESIAN_POINT('Origin',(238.529468357028,-101.471659652966,6.73751968503903));
#8765=CARTESIAN_POINT('',(238.029468357028,-88.2716596529655,6.73751968503903));
#8766=CARTESIAN_POINT('',(264.223218357028,-107.321659652966,6.73751968503903));
#8767=CARTESIAN_POINT('',(264.723218357028,-106.821659652966,6.73751968503903));
#8768=CARTESIAN_POINT('Origin',(264.723218357028,-107.321659652966,6.73751968503903));
#8769=CARTESIAN_POINT('',(277.923218357028,-106.821659652966,6.73751968503903));
#8770=CARTESIAN_POINT('',(264.723218357028,-106.821659652966,6.73751968503903));
#8771=CARTESIAN_POINT('',(278.423218357028,-107.321659652966,6.73751968503903));
#8772=CARTESIAN_POINT('Origin',(277.923218357028,-107.321659652966,6.73751968503903));
#8773=CARTESIAN_POINT('',(278.423218357028,-120.521659652966,6.73751968503903));
#8774=CARTESIAN_POINT('',(278.423218357028,-107.321659652966,6.73751968503903));
#8775=CARTESIAN_POINT('',(277.923218357028,-121.021659652966,6.73751968503903));
#8776=CARTESIAN_POINT('Origin',(277.923218357028,-120.521659652966,6.73751968503903));
#8777=CARTESIAN_POINT('',(264.723218357028,-121.021659652965,6.73751968503903));
#8778=CARTESIAN_POINT('',(264.723218357028,-121.021659652966,6.73751968503903));
#8779=CARTESIAN_POINT('',(264.223218357028,-120.521659652966,6.73751968503903));
#8780=CARTESIAN_POINT('Origin',(264.723218357028,-120.521659652966,6.73751968503903));
#8781=CARTESIAN_POINT('',(264.223218357028,-107.321659652966,6.73751968503903));
#8782=CARTESIAN_POINT('',(288.035718357028,-107.321659652966,6.73751968503903));
#8783=CARTESIAN_POINT('',(288.535718357028,-106.821659652966,6.73751968503903));
#8784=CARTESIAN_POINT('Origin',(288.535718357028,-107.321659652966,6.73751968503903));
#8785=CARTESIAN_POINT('',(301.735718357028,-106.821659652966,6.73751968503903));
#8786=CARTESIAN_POINT('',(288.535718357028,-106.821659652966,6.73751968503903));
#8787=CARTESIAN_POINT('',(302.235718357028,-107.321659652966,6.73751968503903));
#8788=CARTESIAN_POINT('Origin',(301.735718357028,-107.321659652966,6.73751968503903));
#8789=CARTESIAN_POINT('',(302.235718357028,-120.521659652966,6.73751968503903));
#8790=CARTESIAN_POINT('',(302.235718357028,-107.321659652966,6.73751968503903));
#8791=CARTESIAN_POINT('',(301.735718357028,-121.021659652966,6.73751968503903));
#8792=CARTESIAN_POINT('Origin',(301.735718357028,-120.521659652966,6.73751968503903));
#8793=CARTESIAN_POINT('',(288.535718357028,-121.021659652966,6.73751968503903));
#8794=CARTESIAN_POINT('',(288.535718357028,-121.021659652966,6.73751968503903));
#8795=CARTESIAN_POINT('',(288.035718357028,-120.521659652966,6.73751968503903));
#8796=CARTESIAN_POINT('Origin',(288.535718357028,-120.521659652966,6.73751968503903));
#8797=CARTESIAN_POINT('',(288.035718357028,-107.321659652966,6.73751968503903));
#8798=CARTESIAN_POINT('',(223.741968357028,-50.1716596529655,6.73751968503903));
#8799=CARTESIAN_POINT('',(224.241968357028,-49.6716596529655,6.73751968503903));
#8800=CARTESIAN_POINT('Origin',(224.241968357028,-50.1716596529655,6.73751968503903));
#8801=CARTESIAN_POINT('',(237.441968357028,-49.6716596529655,6.73751968503903));
#8802=CARTESIAN_POINT('',(224.241968357028,-49.6716596529655,6.73751968503903));
#8803=CARTESIAN_POINT('',(237.941968357028,-50.1716596529655,6.73751968503903));
#8804=CARTESIAN_POINT('Origin',(237.441968357028,-50.1716596529655,6.73751968503903));
#8805=CARTESIAN_POINT('',(237.941968357028,-63.3716596529655,6.73751968503903));
#8806=CARTESIAN_POINT('',(237.941968357028,-50.1716596529655,6.73751968503903));
#8807=CARTESIAN_POINT('',(237.441968357028,-63.8716596529655,6.73751968503903));
#8808=CARTESIAN_POINT('Origin',(237.441968357028,-63.3716596529655,6.73751968503903));
#8809=CARTESIAN_POINT('',(224.241968357028,-63.8716596529655,6.73751968503903));
#8810=CARTESIAN_POINT('',(224.241968357028,-63.8716596529655,6.73751968503903));
#8811=CARTESIAN_POINT('',(223.741968357028,-63.3716596529655,6.73751968503903));
#8812=CARTESIAN_POINT('Origin',(224.241968357028,-63.3716596529655,6.73751968503903));
#8813=CARTESIAN_POINT('',(223.741968357028,-50.1716596529655,6.73751968503903));
#8814=CARTESIAN_POINT('',(280.891968357028,-31.1216596529655,6.73751968503904));
#8815=CARTESIAN_POINT('',(281.391968357028,-30.6216596529655,6.73751968503904));
#8816=CARTESIAN_POINT('Origin',(281.391968357028,-31.1216596529655,6.73751968503904));
#8817=CARTESIAN_POINT('',(294.591968357028,-30.6216596529655,6.73751968503904));
#8818=CARTESIAN_POINT('',(281.391968357028,-30.6216596529655,6.73751968503904));
#8819=CARTESIAN_POINT('',(295.091968357028,-31.1216596529655,6.73751968503904));
#8820=CARTESIAN_POINT('Origin',(294.591968357028,-31.1216596529655,6.73751968503904));
#8821=CARTESIAN_POINT('',(295.091968357028,-44.3216596529655,6.73751968503904));
#8822=CARTESIAN_POINT('',(295.091968357028,-31.1216596529655,6.73751968503904));
#8823=CARTESIAN_POINT('',(294.591968357028,-44.8216596529655,6.73751968503904));
#8824=CARTESIAN_POINT('Origin',(294.591968357028,-44.3216596529655,6.73751968503904));
#8825=CARTESIAN_POINT('',(281.391968357028,-44.8216596529655,6.73751968503904));
#8826=CARTESIAN_POINT('',(281.391968357028,-44.8216596529655,6.73751968503904));
#8827=CARTESIAN_POINT('',(280.891968357028,-44.3216596529655,6.73751968503904));
#8828=CARTESIAN_POINT('Origin',(281.391968357028,-44.3216596529655,6.73751968503904));
#8829=CARTESIAN_POINT('',(280.891968357028,-31.1216596529655,6.73751968503904));
#8830=CARTESIAN_POINT('',(233.266968357028,-31.1216596529655,6.73751968503903));
#8831=CARTESIAN_POINT('',(233.766968357028,-30.6216596529655,6.73751968503903));
#8832=CARTESIAN_POINT('Origin',(233.766968357028,-31.1216596529655,6.73751968503903));
#8833=CARTESIAN_POINT('',(246.966968357028,-30.6216596529655,6.73751968503903));
#8834=CARTESIAN_POINT('',(233.766968357028,-30.6216596529655,6.73751968503903));
#8835=CARTESIAN_POINT('',(247.466968357028,-31.1216596529655,6.73751968503903));
#8836=CARTESIAN_POINT('Origin',(246.966968357028,-31.1216596529655,6.73751968503903));
#8837=CARTESIAN_POINT('',(247.466968357028,-44.3216596529655,6.73751968503903));
#8838=CARTESIAN_POINT('',(247.466968357028,-31.1216596529655,6.73751968503903));
#8839=CARTESIAN_POINT('',(246.966968357028,-44.8216596529655,6.73751968503903));
#8840=CARTESIAN_POINT('Origin',(246.966968357028,-44.3216596529655,6.73751968503903));
#8841=CARTESIAN_POINT('',(233.766968357028,-44.8216596529655,6.73751968503903));
#8842=CARTESIAN_POINT('',(233.766968357028,-44.8216596529655,6.73751968503903));
#8843=CARTESIAN_POINT('',(233.266968357028,-44.3216596529655,6.73751968503903));
#8844=CARTESIAN_POINT('Origin',(233.766968357028,-44.3216596529655,6.73751968503903));
#8845=CARTESIAN_POINT('',(233.266968357028,-31.1216596529655,6.73751968503903));
#8846=CARTESIAN_POINT('',(195.166968357028,-31.1216596529655,6.73751968503903));
#8847=CARTESIAN_POINT('',(195.666968357028,-30.6216596529655,6.73751968503903));
#8848=CARTESIAN_POINT('Origin',(195.666968357028,-31.1216596529655,6.73751968503903));
#8849=CARTESIAN_POINT('',(208.866968357028,-30.6216596529655,6.73751968503903));
#8850=CARTESIAN_POINT('',(195.666968357028,-30.6216596529655,6.73751968503903));
#8851=CARTESIAN_POINT('',(209.366968357028,-31.1216596529655,6.73751968503903));
#8852=CARTESIAN_POINT('Origin',(208.866968357028,-31.1216596529655,6.73751968503903));
#8853=CARTESIAN_POINT('',(209.366968357028,-44.3216596529655,6.73751968503903));
#8854=CARTESIAN_POINT('',(209.366968357028,-31.1216596529655,6.73751968503903));
#8855=CARTESIAN_POINT('',(208.866968357028,-44.8216596529655,6.73751968503903));
#8856=CARTESIAN_POINT('Origin',(208.866968357028,-44.3216596529655,6.73751968503903));
#8857=CARTESIAN_POINT('',(195.666968357028,-44.8216596529655,6.73751968503903));
#8858=CARTESIAN_POINT('',(195.666968357028,-44.8216596529655,6.73751968503903));
#8859=CARTESIAN_POINT('',(195.166968357028,-44.3216596529655,6.73751968503903));
#8860=CARTESIAN_POINT('Origin',(195.666968357028,-44.3216596529655,6.73751968503903));
#8861=CARTESIAN_POINT('',(195.166968357028,-31.1216596529655,6.73751968503903));
#8862=CARTESIAN_POINT('',(216.598218357028,-107.321659652966,6.73751968503902));
#8863=CARTESIAN_POINT('',(217.098218357028,-106.821659652966,6.73751968503902));
#8864=CARTESIAN_POINT('Origin',(217.098218357028,-107.321659652966,6.73751968503902));
#8865=CARTESIAN_POINT('',(230.298218357028,-106.821659652966,6.73751968503902));
#8866=CARTESIAN_POINT('',(217.098218357028,-106.821659652966,6.73751968503902));
#8867=CARTESIAN_POINT('',(230.798218357028,-107.321659652966,6.73751968503902));
#8868=CARTESIAN_POINT('Origin',(230.298218357028,-107.321659652966,6.73751968503902));
#8869=CARTESIAN_POINT('',(230.798218357028,-120.521659652966,6.73751968503902));
#8870=CARTESIAN_POINT('',(230.798218357028,-107.321659652966,6.73751968503902));
#8871=CARTESIAN_POINT('',(230.298218357028,-121.021659652966,6.73751968503902));
#8872=CARTESIAN_POINT('Origin',(230.298218357028,-120.521659652966,6.73751968503902));
#8873=CARTESIAN_POINT('',(217.098218357028,-121.021659652966,6.73751968503902));
#8874=CARTESIAN_POINT('',(217.098218357028,-121.021659652966,6.73751968503902));
#8875=CARTESIAN_POINT('',(216.598218357028,-120.521659652966,6.73751968503902));
#8876=CARTESIAN_POINT('Origin',(217.098218357028,-120.521659652966,6.73751968503902));
#8877=CARTESIAN_POINT('',(216.598218357028,-107.321659652966,6.73751968503902));
#8878=CARTESIAN_POINT('',(214.216968357028,-31.1216596529655,6.73751968503903));
#8879=CARTESIAN_POINT('',(214.716968357028,-30.6216596529655,6.73751968503903));
#8880=CARTESIAN_POINT('Origin',(214.716968357028,-31.1216596529655,6.73751968503903));
#8881=CARTESIAN_POINT('',(227.916968357028,-30.6216596529655,6.73751968503903));
#8882=CARTESIAN_POINT('',(214.716968357028,-30.6216596529655,6.73751968503903));
#8883=CARTESIAN_POINT('',(228.416968357028,-31.1216596529655,6.73751968503903));
#8884=CARTESIAN_POINT('Origin',(227.916968357028,-31.1216596529655,6.73751968503903));
#8885=CARTESIAN_POINT('',(228.416968357028,-44.3216596529655,6.73751968503903));
#8886=CARTESIAN_POINT('',(228.416968357028,-31.1216596529655,6.73751968503903));
#8887=CARTESIAN_POINT('',(227.916968357028,-44.8216596529655,6.73751968503903));
#8888=CARTESIAN_POINT('Origin',(227.916968357028,-44.3216596529655,6.73751968503903));
#8889=CARTESIAN_POINT('',(214.716968357028,-44.8216596529655,6.73751968503903));
#8890=CARTESIAN_POINT('',(214.716968357028,-44.8216596529655,6.73751968503903));
#8891=CARTESIAN_POINT('',(214.216968357028,-44.3216596529655,6.73751968503903));
#8892=CARTESIAN_POINT('Origin',(214.716968357028,-44.3216596529655,6.73751968503903));
#8893=CARTESIAN_POINT('',(214.216968357028,-31.1216596529655,6.73751968503903));
#8894=CARTESIAN_POINT('',(252.316968357028,-31.1216596529655,6.73751968503904));
#8895=CARTESIAN_POINT('',(252.816968357028,-30.6216596529655,6.73751968503904));
#8896=CARTESIAN_POINT('Origin',(252.816968357028,-31.1216596529655,6.73751968503904));
#8897=CARTESIAN_POINT('',(266.016968357028,-30.6216596529655,6.73751968503904));
#8898=CARTESIAN_POINT('',(252.816968357028,-30.6216596529655,6.73751968503904));
#8899=CARTESIAN_POINT('',(266.516968357028,-31.1216596529655,6.73751968503904));
#8900=CARTESIAN_POINT('Origin',(266.016968357028,-31.1216596529655,6.73751968503904));
#8901=CARTESIAN_POINT('',(266.516968357028,-44.3216596529655,6.73751968503904));
#8902=CARTESIAN_POINT('',(266.516968357028,-31.1216596529655,6.73751968503904));
#8903=CARTESIAN_POINT('',(266.016968357028,-44.8216596529655,6.73751968503904));
#8904=CARTESIAN_POINT('Origin',(266.016968357028,-44.3216596529655,6.73751968503904));
#8905=CARTESIAN_POINT('',(252.816968357028,-44.8216596529655,6.73751968503903));
#8906=CARTESIAN_POINT('',(252.816968357028,-44.8216596529655,6.73751968503903));
#8907=CARTESIAN_POINT('',(252.316968357028,-44.3216596529655,6.73751968503903));
#8908=CARTESIAN_POINT('Origin',(252.816968357028,-44.3216596529655,6.73751968503903));
#8909=CARTESIAN_POINT('',(252.316968357028,-31.1216596529655,6.73751968503904));
#8910=CARTESIAN_POINT('',(185.641968357028,-50.1716596529655,6.73751968503903));
#8911=CARTESIAN_POINT('',(186.141968357028,-49.6716596529655,6.73751968503903));
#8912=CARTESIAN_POINT('Origin',(186.141968357028,-50.1716596529655,6.73751968503903));
#8913=CARTESIAN_POINT('',(199.341968357028,-49.6716596529655,6.73751968503903));
#8914=CARTESIAN_POINT('',(186.141968357028,-49.6716596529655,6.73751968503903));
#8915=CARTESIAN_POINT('',(199.841968357028,-50.1716596529655,6.73751968503903));
#8916=CARTESIAN_POINT('Origin',(199.341968357028,-50.1716596529655,6.73751968503903));
#8917=CARTESIAN_POINT('',(199.841968357028,-63.3716596529655,6.73751968503903));
#8918=CARTESIAN_POINT('',(199.841968357028,-50.1716596529655,6.73751968503903));
#8919=CARTESIAN_POINT('',(199.341968357028,-63.8716596529655,6.73751968503903));
#8920=CARTESIAN_POINT('Origin',(199.341968357028,-63.3716596529655,6.73751968503903));
#8921=CARTESIAN_POINT('',(186.141968357028,-63.8716596529655,6.73751968503902));
#8922=CARTESIAN_POINT('',(186.141968357028,-63.8716596529655,6.73751968503902));
#8923=CARTESIAN_POINT('',(185.641968357028,-63.3716596529655,6.73751968503902));
#8924=CARTESIAN_POINT('Origin',(186.141968357028,-63.3716596529655,6.73751968503902));
#8925=CARTESIAN_POINT('',(185.641968357028,-50.1716596529655,6.73751968503903));
#8926=CARTESIAN_POINT('',(270.072718357028,-70.2216596529655,6.73751968503903));
#8927=CARTESIAN_POINT('',(270.572718357028,-69.7216596529655,6.73751968503903));
#8928=CARTESIAN_POINT('Origin',(270.572718357028,-70.2216596529655,6.73751968503903));
#8929=CARTESIAN_POINT('',(276.772718357028,-69.7216596529655,6.73751968503903));
#8930=CARTESIAN_POINT('',(270.572718357028,-69.7216596529655,6.73751968503903));
#8931=CARTESIAN_POINT('',(277.272718357028,-70.2216596529655,6.73751968503903));
#8932=CARTESIAN_POINT('Origin',(276.772718357028,-70.2216596529655,6.73751968503903));
#8933=CARTESIAN_POINT('',(277.272718357028,-84.4216596529655,6.73751968503903));
#8934=CARTESIAN_POINT('',(277.272718357028,-70.2216596529655,6.73751968503903));
#8935=CARTESIAN_POINT('',(276.772718357028,-84.9216596529655,6.73751968503903));
#8936=CARTESIAN_POINT('Origin',(276.772718357028,-84.4216596529655,6.73751968503903));
#8937=CARTESIAN_POINT('',(270.572718357028,-84.9216596529655,6.73751968503903));
#8938=CARTESIAN_POINT('',(270.572718357028,-84.9216596529655,6.73751968503903));
#8939=CARTESIAN_POINT('',(270.072718357028,-84.4216596529655,6.73751968503903));
#8940=CARTESIAN_POINT('Origin',(270.572718357028,-84.4216596529655,6.73751968503903));
#8941=CARTESIAN_POINT('',(270.072718357028,-70.2216596529655,6.73751968503903));
#8942=CARTESIAN_POINT('',(218.979468357028,-88.2716596529655,6.73751968503903));
#8943=CARTESIAN_POINT('',(219.479468357028,-87.7716596529655,6.73751968503903));
#8944=CARTESIAN_POINT('Origin',(219.479468357028,-88.2716596529655,6.73751968503903));
#8945=CARTESIAN_POINT('',(232.679468357028,-87.7716596529655,6.73751968503903));
#8946=CARTESIAN_POINT('',(219.479468357028,-87.7716596529655,6.73751968503903));
#8947=CARTESIAN_POINT('',(233.179468357028,-88.2716596529655,6.73751968503903));
#8948=CARTESIAN_POINT('Origin',(232.679468357028,-88.2716596529655,6.73751968503903));
#8949=CARTESIAN_POINT('',(233.179468357028,-101.471659652966,6.73751968503902));
#8950=CARTESIAN_POINT('',(233.179468357028,-88.2716596529655,6.73751968503903));
#8951=CARTESIAN_POINT('',(232.679468357028,-101.971659652966,6.73751968503902));
#8952=CARTESIAN_POINT('Origin',(232.679468357028,-101.471659652966,6.73751968503902));
#8953=CARTESIAN_POINT('',(219.479468357028,-101.971659652966,6.73751968503902));
#8954=CARTESIAN_POINT('',(219.479468357028,-101.971659652966,6.73751968503902));
#8955=CARTESIAN_POINT('',(218.979468357028,-101.471659652966,6.73751968503902));
#8956=CARTESIAN_POINT('Origin',(219.479468357028,-101.471659652966,6.73751968503902));
#8957=CARTESIAN_POINT('',(218.979468357028,-88.2716596529655,6.73751968503903));
#8958=CARTESIAN_POINT('',(240.410718357028,-107.321659652966,6.73751968503903));
#8959=CARTESIAN_POINT('',(240.910718357028,-106.821659652966,6.73751968503903));
#8960=CARTESIAN_POINT('Origin',(240.910718357028,-107.321659652966,6.73751968503903));
#8961=CARTESIAN_POINT('',(254.110718357028,-106.821659652966,6.73751968503903));
#8962=CARTESIAN_POINT('',(240.910718357028,-106.821659652966,6.73751968503903));
#8963=CARTESIAN_POINT('',(254.610718357028,-107.321659652966,6.73751968503903));
#8964=CARTESIAN_POINT('Origin',(254.110718357028,-107.321659652966,6.73751968503903));
#8965=CARTESIAN_POINT('',(254.610718357028,-120.521659652966,6.73751968503902));
#8966=CARTESIAN_POINT('',(254.610718357028,-107.321659652966,6.73751968503903));
#8967=CARTESIAN_POINT('',(254.110718357028,-121.021659652966,6.73751968503902));
#8968=CARTESIAN_POINT('Origin',(254.110718357028,-120.521659652966,6.73751968503902));
#8969=CARTESIAN_POINT('',(240.910718357028,-121.021659652966,6.73751968503902));
#8970=CARTESIAN_POINT('',(240.910718357028,-121.021659652966,6.73751968503902));
#8971=CARTESIAN_POINT('',(240.410718357028,-120.521659652966,6.73751968503902));
#8972=CARTESIAN_POINT('Origin',(240.910718357028,-120.521659652966,6.73751968503902));
#8973=CARTESIAN_POINT('',(240.410718357028,-107.321659652966,6.73751968503903));
#8974=CARTESIAN_POINT('',(204.691968357028,-50.1716596529655,6.73751968503903));
#8975=CARTESIAN_POINT('',(205.191968357028,-49.6716596529655,6.73751968503903));
#8976=CARTESIAN_POINT('Origin',(205.191968357028,-50.1716596529655,6.73751968503903));
#8977=CARTESIAN_POINT('',(218.391968357028,-49.6716596529655,6.73751968503903));
#8978=CARTESIAN_POINT('',(205.191968357028,-49.6716596529655,6.73751968503903));
#8979=CARTESIAN_POINT('',(218.891968357028,-50.1716596529655,6.73751968503903));
#8980=CARTESIAN_POINT('Origin',(218.391968357028,-50.1716596529655,6.73751968503903));
#8981=CARTESIAN_POINT('',(218.891968357028,-63.3716596529655,6.73751968503903));
#8982=CARTESIAN_POINT('',(218.891968357028,-50.1716596529655,6.73751968503903));
#8983=CARTESIAN_POINT('',(218.391968357028,-63.8716596529655,6.73751968503903));
#8984=CARTESIAN_POINT('Origin',(218.391968357028,-63.3716596529655,6.73751968503903));
#8985=CARTESIAN_POINT('',(205.191968357028,-63.8716596529655,6.73751968503903));
#8986=CARTESIAN_POINT('',(205.191968357028,-63.8716596529655,6.73751968503903));
#8987=CARTESIAN_POINT('',(204.691968357028,-63.3716596529655,6.73751968503903));
#8988=CARTESIAN_POINT('Origin',(205.191968357028,-63.3716596529655,6.73751968503903));
#8989=CARTESIAN_POINT('',(204.691968357028,-50.1716596529655,6.73751968503903));
#8990=CARTESIAN_POINT('',(296.329968357028,-32.1216596529655,6.73751968503904));
#8991=CARTESIAN_POINT('',(296.829968357028,-31.6216596529655,6.73751968503904));
#8992=CARTESIAN_POINT('Origin',(296.829968357028,-32.1216596529655,6.73751968503904));
#8993=CARTESIAN_POINT('',(303.029968357028,-31.6216596529655,6.73751968503904));
#8994=CARTESIAN_POINT('',(296.829968357028,-31.6216596529655,6.73751968503904));
#8995=CARTESIAN_POINT('',(303.529968357028,-32.1216596529655,6.73751968503904));
#8996=CARTESIAN_POINT('Origin',(303.029968357028,-32.1216596529655,6.73751968503904));
#8997=CARTESIAN_POINT('',(303.529968357028,-46.3216596529655,6.73751968503904));
#8998=CARTESIAN_POINT('',(303.529968357028,-32.1216596529655,6.73751968503904));
#8999=CARTESIAN_POINT('',(303.029968357028,-46.8216596529655,6.73751968503904));
#9000=CARTESIAN_POINT('Origin',(303.029968357028,-46.3216596529655,6.73751968503904));
#9001=CARTESIAN_POINT('',(296.829968357028,-46.8216596529655,6.73751968503904));
#9002=CARTESIAN_POINT('',(296.829968357028,-46.8216596529655,6.73751968503904));
#9003=CARTESIAN_POINT('',(296.329968357028,-46.3216596529655,6.73751968503904));
#9004=CARTESIAN_POINT('Origin',(296.829968357028,-46.3216596529655,6.73751968503904));
#9005=CARTESIAN_POINT('',(296.329968357028,-32.1216596529655,6.73751968503904));
#9006=CARTESIAN_POINT('',(228.504468357028,-69.2216596529655,6.73751968503903));
#9007=CARTESIAN_POINT('',(229.004468357028,-68.7216596529655,6.73751968503903));
#9008=CARTESIAN_POINT('Origin',(229.004468357028,-69.2216596529655,6.73751968503903));
#9009=CARTESIAN_POINT('',(242.204468357028,-68.7216596529655,6.73751968503903));
#9010=CARTESIAN_POINT('',(229.004468357028,-68.7216596529655,6.73751968503903));
#9011=CARTESIAN_POINT('',(242.704468357028,-69.2216596529655,6.73751968503903));
#9012=CARTESIAN_POINT('Origin',(242.204468357028,-69.2216596529655,6.73751968503903));
#9013=CARTESIAN_POINT('',(242.704468357028,-82.4216596529655,6.73751968503903));
#9014=CARTESIAN_POINT('',(242.704468357028,-69.2216596529655,6.73751968503903));
#9015=CARTESIAN_POINT('',(242.204468357028,-82.9216596529655,6.73751968503903));
#9016=CARTESIAN_POINT('Origin',(242.204468357028,-82.4216596529655,6.73751968503903));
#9017=CARTESIAN_POINT('',(229.004468357028,-82.9216596529655,6.73751968503903));
#9018=CARTESIAN_POINT('',(229.004468357028,-82.9216596529655,6.73751968503903));
#9019=CARTESIAN_POINT('',(228.504468357028,-82.4216596529655,6.73751968503903));
#9020=CARTESIAN_POINT('Origin',(229.004468357028,-82.4216596529655,6.73751968503903));
#9021=CARTESIAN_POINT('',(228.504468357028,-69.2216596529655,6.73751968503903));
#9022=CARTESIAN_POINT('',(247.554468357028,-69.2216596529655,6.73751968503903));
#9023=CARTESIAN_POINT('',(248.054468357028,-68.7216596529655,6.73751968503903));
#9024=CARTESIAN_POINT('Origin',(248.054468357028,-69.2216596529655,6.73751968503903));
#9025=CARTESIAN_POINT('',(261.254468357028,-68.7216596529655,6.73751968503903));
#9026=CARTESIAN_POINT('',(248.054468357028,-68.7216596529655,6.73751968503903));
#9027=CARTESIAN_POINT('',(261.754468357028,-69.2216596529655,6.73751968503903));
#9028=CARTESIAN_POINT('Origin',(261.254468357028,-69.2216596529655,6.73751968503903));
#9029=CARTESIAN_POINT('',(261.754468357028,-82.4216596529655,6.73751968503903));
#9030=CARTESIAN_POINT('',(261.754468357028,-69.2216596529655,6.73751968503903));
#9031=CARTESIAN_POINT('',(261.254468357028,-82.9216596529655,6.73751968503903));
#9032=CARTESIAN_POINT('Origin',(261.254468357028,-82.4216596529655,6.73751968503903));
#9033=CARTESIAN_POINT('',(248.054468357028,-82.9216596529655,6.73751968503903));
#9034=CARTESIAN_POINT('',(248.054468357028,-82.9216596529655,6.73751968503903));
#9035=CARTESIAN_POINT('',(247.554468357028,-82.4216596529655,6.73751968503903));
#9036=CARTESIAN_POINT('Origin',(248.054468357028,-82.4216596529655,6.73751968503903));
#9037=CARTESIAN_POINT('',(247.554468357028,-69.2216596529655,6.73751968503903));
#9038=CARTESIAN_POINT('',(209.454468357028,-69.2216596529655,6.73751968503903));
#9039=CARTESIAN_POINT('',(209.954468357028,-68.7216596529655,6.73751968503903));
#9040=CARTESIAN_POINT('Origin',(209.954468357028,-69.2216596529655,6.73751968503903));
#9041=CARTESIAN_POINT('',(223.154468357028,-68.7216596529655,6.73751968503903));
#9042=CARTESIAN_POINT('',(209.954468357028,-68.7216596529655,6.73751968503903));
#9043=CARTESIAN_POINT('',(223.654468357028,-69.2216596529655,6.73751968503903));
#9044=CARTESIAN_POINT('Origin',(223.154468357028,-69.2216596529655,6.73751968503903));
#9045=CARTESIAN_POINT('',(223.654468357028,-82.4216596529655,6.73751968503903));
#9046=CARTESIAN_POINT('',(223.654468357028,-69.2216596529655,6.73751968503903));
#9047=CARTESIAN_POINT('',(223.154468357028,-82.9216596529655,6.73751968503903));
#9048=CARTESIAN_POINT('Origin',(223.154468357028,-82.4216596529655,6.73751968503903));
#9049=CARTESIAN_POINT('',(209.954468357028,-82.9216596529655,6.73751968503902));
#9050=CARTESIAN_POINT('',(209.954468357028,-82.9216596529655,6.73751968503902));
#9051=CARTESIAN_POINT('',(209.454468357028,-82.4216596529655,6.73751968503902));
#9052=CARTESIAN_POINT('Origin',(209.954468357028,-82.4216596529655,6.73751968503902));
#9053=CARTESIAN_POINT('',(209.454468357028,-69.2216596529655,6.73751968503903));
#9054=CARTESIAN_POINT('',(293.948718357028,-70.2216596529655,6.73751968503904));
#9055=CARTESIAN_POINT('',(294.448718357028,-69.7216596529655,6.73751968503904));
#9056=CARTESIAN_POINT('Origin',(294.448718357028,-70.2216596529655,6.73751968503904));
#9057=CARTESIAN_POINT('',(300.648718357028,-69.7216596529655,6.73751968503904));
#9058=CARTESIAN_POINT('',(294.448718357028,-69.7216596529655,6.73751968503904));
#9059=CARTESIAN_POINT('',(301.148718357028,-70.2216596529655,6.73751968503904));
#9060=CARTESIAN_POINT('Origin',(300.648718357028,-70.2216596529655,6.73751968503904));
#9061=CARTESIAN_POINT('',(301.148718357028,-84.4216596529655,6.73751968503904));
#9062=CARTESIAN_POINT('',(301.148718357028,-70.2216596529655,6.73751968503904));
#9063=CARTESIAN_POINT('',(300.648718357028,-84.9216596529655,6.73751968503903));
#9064=CARTESIAN_POINT('Origin',(300.648718357028,-84.4216596529655,6.73751968503904));
#9065=CARTESIAN_POINT('',(294.448718357028,-84.9216596529655,6.73751968503903));
#9066=CARTESIAN_POINT('',(294.448718357028,-84.9216596529655,6.73751968503903));
#9067=CARTESIAN_POINT('',(293.948718357028,-84.4216596529655,6.73751968503903));
#9068=CARTESIAN_POINT('Origin',(294.448718357028,-84.4216596529655,6.73751968503903));
#9069=CARTESIAN_POINT('',(293.948718357028,-70.2216596529655,6.73751968503904));
#9070=CARTESIAN_POINT('',(190.404468357028,-69.2216596529655,6.73751968503902));
#9071=CARTESIAN_POINT('',(190.904468357028,-68.7216596529655,6.73751968503902));
#9072=CARTESIAN_POINT('Origin',(190.904468357028,-69.2216596529655,6.73751968503902));
#9073=CARTESIAN_POINT('',(204.104468357028,-68.7216596529655,6.73751968503903));
#9074=CARTESIAN_POINT('',(190.904468357028,-68.7216596529655,6.73751968503902));
#9075=CARTESIAN_POINT('',(204.604468357028,-69.2216596529655,6.73751968503903));
#9076=CARTESIAN_POINT('Origin',(204.104468357028,-69.2216596529655,6.73751968503903));
#9077=CARTESIAN_POINT('',(204.604468357028,-82.4216596529655,6.73751968503902));
#9078=CARTESIAN_POINT('',(204.604468357028,-69.2216596529655,6.73751968503903));
#9079=CARTESIAN_POINT('',(204.104468357028,-82.9216596529655,6.73751968503902));
#9080=CARTESIAN_POINT('Origin',(204.104468357028,-82.4216596529655,6.73751968503902));
#9081=CARTESIAN_POINT('',(190.904468357028,-82.9216596529655,6.73751968503902));
#9082=CARTESIAN_POINT('',(190.904468357028,-82.9216596529655,6.73751968503902));
#9083=CARTESIAN_POINT('',(190.404468357028,-82.4216596529655,6.73751968503902));
#9084=CARTESIAN_POINT('Origin',(190.904468357028,-82.4216596529655,6.73751968503902));
#9085=CARTESIAN_POINT('',(190.404468357028,-69.2216596529655,6.73751968503902));
#9086=CARTESIAN_POINT('',(199.929468357028,-88.2716596529655,6.73751968503902));
#9087=CARTESIAN_POINT('',(200.429468357028,-87.7716596529655,6.73751968503902));
#9088=CARTESIAN_POINT('Origin',(200.429468357028,-88.2716596529655,6.73751968503902));
#9089=CARTESIAN_POINT('',(213.629468357028,-87.7716596529655,6.73751968503902));
#9090=CARTESIAN_POINT('',(200.429468357028,-87.7716596529655,6.73751968503902));
#9091=CARTESIAN_POINT('',(214.129468357028,-88.2716596529655,6.73751968503902));
#9092=CARTESIAN_POINT('Origin',(213.629468357028,-88.2716596529655,6.73751968503902));
#9093=CARTESIAN_POINT('',(214.129468357028,-101.471659652966,6.73751968503902));
#9094=CARTESIAN_POINT('',(214.129468357028,-88.2716596529655,6.73751968503902));
#9095=CARTESIAN_POINT('',(213.629468357028,-101.971659652966,6.73751968503902));
#9096=CARTESIAN_POINT('Origin',(213.629468357028,-101.471659652966,6.73751968503902));
#9097=CARTESIAN_POINT('',(200.429468357028,-101.971659652966,6.73751968503902));
#9098=CARTESIAN_POINT('',(200.429468357028,-101.971659652966,6.73751968503902));
#9099=CARTESIAN_POINT('',(199.929468357028,-101.471659652966,6.73751968503902));
#9100=CARTESIAN_POINT('Origin',(200.429468357028,-101.471659652966,6.73751968503902));
#9101=CARTESIAN_POINT('',(199.929468357028,-88.2716596529655,6.73751968503902));
#9102=CARTESIAN_POINT('',(261.841968357028,-50.1716596529655,6.73751968503904));
#9103=CARTESIAN_POINT('',(262.341968357028,-49.6716596529655,6.73751968503903));
#9104=CARTESIAN_POINT('Origin',(262.341968357028,-50.1716596529655,6.73751968503904));
#9105=CARTESIAN_POINT('',(275.541968357028,-49.6716596529655,6.73751968503904));
#9106=CARTESIAN_POINT('',(262.341968357028,-49.6716596529655,6.73751968503903));
#9107=CARTESIAN_POINT('',(276.041968357028,-50.1716596529655,6.73751968503904));
#9108=CARTESIAN_POINT('Origin',(275.541968357028,-50.1716596529655,6.73751968503904));
#9109=CARTESIAN_POINT('',(276.041968357028,-63.3716596529655,6.73751968503903));
#9110=CARTESIAN_POINT('',(276.041968357028,-50.1716596529655,6.73751968503904));
#9111=CARTESIAN_POINT('',(275.541968357028,-63.8716596529655,6.73751968503903));
#9112=CARTESIAN_POINT('Origin',(275.541968357028,-63.3716596529655,6.73751968503903));
#9113=CARTESIAN_POINT('',(262.341968357028,-63.8716596529655,6.73751968503903));
#9114=CARTESIAN_POINT('',(262.341968357028,-63.8716596529655,6.73751968503903));
#9115=CARTESIAN_POINT('',(261.841968357028,-63.3716596529655,6.73751968503903));
#9116=CARTESIAN_POINT('Origin',(262.341968357028,-63.3716596529655,6.73751968503903));
#9117=CARTESIAN_POINT('',(261.841968357028,-50.1716596529655,6.73751968503904));
#9118=CARTESIAN_POINT('',(198.660718357028,-108.321659652966,6.73751968503902));
#9119=CARTESIAN_POINT('',(199.160718357028,-107.821659652966,6.73751968503902));
#9120=CARTESIAN_POINT('Origin',(199.160718357028,-108.321659652966,6.73751968503902));
#9121=CARTESIAN_POINT('',(205.360718357028,-107.821659652966,6.73751968503902));
#9122=CARTESIAN_POINT('',(199.160718357028,-107.821659652966,6.73751968503902));
#9123=CARTESIAN_POINT('',(205.860718357028,-108.321659652966,6.73751968503902));
#9124=CARTESIAN_POINT('Origin',(205.360718357028,-108.321659652966,6.73751968503902));
#9125=CARTESIAN_POINT('',(205.860718357028,-122.521659652966,6.73751968503902));
#9126=CARTESIAN_POINT('',(205.860718357028,-108.321659652966,6.73751968503902));
#9127=CARTESIAN_POINT('',(205.360718357028,-123.021659652966,6.73751968503902));
#9128=CARTESIAN_POINT('Origin',(205.360718357028,-122.521659652966,6.73751968503902));
#9129=CARTESIAN_POINT('',(199.160718357028,-123.021659652966,6.73751968503902));
#9130=CARTESIAN_POINT('',(199.160718357028,-123.021659652966,6.73751968503902));
#9131=CARTESIAN_POINT('',(198.660718357028,-122.521659652966,6.73751968503902));
#9132=CARTESIAN_POINT('Origin',(199.160718357028,-122.521659652966,6.73751968503902));
#9133=CARTESIAN_POINT('',(198.660718357028,-108.321659652966,6.73751968503902));
#9134=CARTESIAN_POINT('Origin',(328.173651399183,-14.,4.97663690552148));
#9135=CARTESIAN_POINT('',(328.837928094478,-17.479163,5.64091360081736));
#9136=CARTESIAN_POINT('',(328.4345341787,-17.479163,5.23751968503902));
#9137=CARTESIAN_POINT('',(328.840350494266,-17.479163,5.64333600060526));
#9138=CARTESIAN_POINT('',(328.837928094478,-14.,5.64091360081736));
#9139=CARTESIAN_POINT('',(328.4345341787,-44.9108298264828,5.23751968503904));
#9140=CARTESIAN_POINT('Origin',(321.021201905521,-14.,5.64091360081749));
#9141=CARTESIAN_POINT('',(321.4245958213,-17.479163,5.23751968503902));
#9142=CARTESIAN_POINT('',(321.4245958213,-44.9108298264827,5.23751968503904));
#9143=CARTESIAN_POINT('',(321.021201905521,-17.479163,5.64091360081749));
#9144=CARTESIAN_POINT('',(321.021201905521,-14.,5.64091360081749));
#9145=CARTESIAN_POINT('',(322.761641158086,-17.479163,3.90047434825317));
#9146=CARTESIAN_POINT('Origin',(321.604565000001,-14.,6.22427669529714));
#9147=CARTESIAN_POINT('Origin',(321.604565000001,-17.479163,6.22427669529714));
#9148=CARTESIAN_POINT('Origin',(328.254565,-14.,6.22427669529715));
#9149=CARTESIAN_POINT('',(329.079565,-17.479163,6.22427669529707));
#9150=CARTESIAN_POINT('Origin',(328.254565,-17.479163,6.22427669529715));
#9151=CARTESIAN_POINT('',(329.079565,-14.,6.22427669529707));
#9152=CARTESIAN_POINT('Origin',(329.079565,-17.479163,6.73751968503902));
#9153=CARTESIAN_POINT('',(338.429565,-17.479163,5.23751968503902));
#9154=CARTESIAN_POINT('Origin',(329.079565,-17.479163,6.73751968503902));
#9155=CARTESIAN_POINT('',(329.079565,-17.479163,5.23751968503902));
#9156=CARTESIAN_POINT('',(338.429565,-17.479163,5.23751968503902));
#9157=CARTESIAN_POINT('',(329.079565,-17.479163,6.73751968503902));
#9158=CARTESIAN_POINT('Origin',(198.660718357028,-122.521659652966,5.23751968503902));
#9159=CARTESIAN_POINT('',(198.660718357028,-122.521659652966,5.23751968503902));
#9160=CARTESIAN_POINT('',(198.660718357028,-108.321659652966,5.23751968503902));
#9161=CARTESIAN_POINT('',(198.660718357028,-108.321659652966,5.23751968503902));
#9162=CARTESIAN_POINT('',(198.660718357028,-108.321659652966,5.23751968503902));
#9163=CARTESIAN_POINT('',(198.660718357028,-122.521659652966,5.23751968503902));
#9164=CARTESIAN_POINT('Origin',(199.160718357028,-122.521659652966,5.23751968503902));
#9165=CARTESIAN_POINT('',(199.160718357028,-123.021659652966,5.23751968503902));
#9166=CARTESIAN_POINT('Origin',(199.160718357028,-122.521659652966,5.23751968503902));
#9167=CARTESIAN_POINT('',(199.160718357028,-123.021659652966,5.23751968503902));
#9168=CARTESIAN_POINT('Origin',(205.360718357028,-123.021659652966,5.23751968503902));
#9169=CARTESIAN_POINT('',(205.360718357028,-123.021659652966,5.23751968503902));
#9170=CARTESIAN_POINT('',(199.160718357028,-123.021659652966,5.23751968503902));
#9171=CARTESIAN_POINT('',(205.360718357028,-123.021659652966,5.23751968503902));
#9172=CARTESIAN_POINT('Origin',(205.360718357028,-122.521659652966,5.23751968503902));
#9173=CARTESIAN_POINT('',(205.860718357028,-122.521659652966,5.23751968503902));
#9174=CARTESIAN_POINT('Origin',(205.360718357028,-122.521659652966,5.23751968503902));
#9175=CARTESIAN_POINT('',(205.860718357028,-122.521659652966,5.23751968503902));
#9176=CARTESIAN_POINT('Origin',(205.860718357028,-108.321659652966,5.23751968503902));
#9177=CARTESIAN_POINT('',(205.860718357028,-108.321659652966,5.23751968503902));
#9178=CARTESIAN_POINT('',(205.860718357028,-108.321659652966,5.23751968503902));
#9179=CARTESIAN_POINT('',(205.860718357028,-108.321659652966,5.23751968503902));
#9180=CARTESIAN_POINT('Origin',(205.360718357028,-108.321659652966,5.23751968503902));
#9181=CARTESIAN_POINT('',(205.360718357028,-107.821659652966,5.23751968503902));
#9182=CARTESIAN_POINT('Origin',(205.360718357028,-108.321659652966,5.23751968503902));
#9183=CARTESIAN_POINT('',(205.360718357028,-107.821659652966,5.23751968503902));
#9184=CARTESIAN_POINT('Origin',(199.160718357028,-107.821659652966,5.23751968503902));
#9185=CARTESIAN_POINT('',(199.160718357028,-107.821659652966,5.23751968503902));
#9186=CARTESIAN_POINT('',(199.160718357028,-107.821659652966,5.23751968503902));
#9187=CARTESIAN_POINT('',(199.160718357028,-107.821659652966,5.23751968503902));
#9188=CARTESIAN_POINT('Origin',(199.160718357028,-108.321659652966,5.23751968503902));
#9189=CARTESIAN_POINT('Origin',(199.160718357028,-108.321659652966,5.23751968503902));
#9190=CARTESIAN_POINT('Origin',(261.841968357028,-63.3716596529655,5.23751968503903));
#9191=CARTESIAN_POINT('',(261.841968357028,-63.3716596529655,5.23751968503903));
#9192=CARTESIAN_POINT('',(261.841968357028,-50.1716596529655,5.23751968503904));
#9193=CARTESIAN_POINT('',(261.841968357028,-50.1716596529655,5.23751968503904));
#9194=CARTESIAN_POINT('',(261.841968357028,-50.1716596529655,5.23751968503904));
#9195=CARTESIAN_POINT('',(261.841968357028,-63.3716596529655,5.23751968503903));
#9196=CARTESIAN_POINT('Origin',(262.341968357028,-63.3716596529655,5.23751968503903));
#9197=CARTESIAN_POINT('',(262.341968357028,-63.8716596529655,5.23751968503903));
#9198=CARTESIAN_POINT('Origin',(262.341968357028,-63.3716596529655,5.23751968503903));
#9199=CARTESIAN_POINT('',(262.341968357028,-63.8716596529655,5.23751968503903));
#9200=CARTESIAN_POINT('Origin',(275.541968357028,-63.8716596529655,5.23751968503903));
#9201=CARTESIAN_POINT('',(275.541968357028,-63.8716596529655,5.23751968503903));
#9202=CARTESIAN_POINT('',(262.341968357028,-63.8716596529655,5.23751968503903));
#9203=CARTESIAN_POINT('',(275.541968357028,-63.8716596529655,5.23751968503903));
#9204=CARTESIAN_POINT('Origin',(275.541968357028,-63.3716596529655,5.23751968503903));
#9205=CARTESIAN_POINT('',(276.041968357028,-63.3716596529655,5.23751968503903));
#9206=CARTESIAN_POINT('Origin',(275.541968357028,-63.3716596529655,5.23751968503903));
#9207=CARTESIAN_POINT('',(276.041968357028,-63.3716596529655,5.23751968503903));
#9208=CARTESIAN_POINT('Origin',(276.041968357028,-50.1716596529655,5.23751968503904));
#9209=CARTESIAN_POINT('',(276.041968357028,-50.1716596529655,5.23751968503904));
#9210=CARTESIAN_POINT('',(276.041968357028,-50.1716596529655,5.23751968503904));
#9211=CARTESIAN_POINT('',(276.041968357028,-50.1716596529655,5.23751968503904));
#9212=CARTESIAN_POINT('Origin',(275.541968357028,-50.1716596529655,5.23751968503904));
#9213=CARTESIAN_POINT('',(275.541968357028,-49.6716596529655,5.23751968503904));
#9214=CARTESIAN_POINT('Origin',(275.541968357028,-50.1716596529655,5.23751968503904));
#9215=CARTESIAN_POINT('',(275.541968357028,-49.6716596529655,5.23751968503904));
#9216=CARTESIAN_POINT('Origin',(262.341968357028,-49.6716596529655,5.23751968503903));
#9217=CARTESIAN_POINT('',(262.341968357028,-49.6716596529655,5.23751968503903));
#9218=CARTESIAN_POINT('',(262.341968357028,-49.6716596529655,5.23751968503903));
#9219=CARTESIAN_POINT('',(262.341968357028,-49.6716596529655,5.23751968503903));
#9220=CARTESIAN_POINT('Origin',(262.341968357028,-50.1716596529655,5.23751968503904));
#9221=CARTESIAN_POINT('Origin',(262.341968357028,-50.1716596529655,5.23751968503904));
#9222=CARTESIAN_POINT('Origin',(199.929468357028,-101.471659652966,5.23751968503902));
#9223=CARTESIAN_POINT('',(199.929468357028,-101.471659652966,5.23751968503902));
#9224=CARTESIAN_POINT('',(199.929468357028,-88.2716596529655,5.23751968503902));
#9225=CARTESIAN_POINT('',(199.929468357028,-88.2716596529655,5.23751968503902));
#9226=CARTESIAN_POINT('',(199.929468357028,-88.2716596529655,5.23751968503902));
#9227=CARTESIAN_POINT('',(199.929468357028,-101.471659652966,5.23751968503902));
#9228=CARTESIAN_POINT('Origin',(200.429468357028,-101.471659652966,5.23751968503902));
#9229=CARTESIAN_POINT('',(200.429468357028,-101.971659652966,5.23751968503902));
#9230=CARTESIAN_POINT('Origin',(200.429468357028,-101.471659652966,5.23751968503902));
#9231=CARTESIAN_POINT('',(200.429468357028,-101.971659652966,5.23751968503902));
#9232=CARTESIAN_POINT('Origin',(213.629468357028,-101.971659652966,5.23751968503902));
#9233=CARTESIAN_POINT('',(213.629468357028,-101.971659652966,5.23751968503902));
#9234=CARTESIAN_POINT('',(200.429468357028,-101.971659652966,5.23751968503902));
#9235=CARTESIAN_POINT('',(213.629468357028,-101.971659652966,5.23751968503902));
#9236=CARTESIAN_POINT('Origin',(213.629468357028,-101.471659652966,5.23751968503902));
#9237=CARTESIAN_POINT('',(214.129468357028,-101.471659652966,5.23751968503902));
#9238=CARTESIAN_POINT('Origin',(213.629468357028,-101.471659652966,5.23751968503902));
#9239=CARTESIAN_POINT('',(214.129468357028,-101.471659652966,5.23751968503902));
#9240=CARTESIAN_POINT('Origin',(214.129468357028,-88.2716596529655,5.23751968503902));
#9241=CARTESIAN_POINT('',(214.129468357028,-88.2716596529655,5.23751968503902));
#9242=CARTESIAN_POINT('',(214.129468357028,-88.2716596529655,5.23751968503902));
#9243=CARTESIAN_POINT('',(214.129468357028,-88.2716596529655,5.23751968503902));
#9244=CARTESIAN_POINT('Origin',(213.629468357028,-88.2716596529655,5.23751968503902));
#9245=CARTESIAN_POINT('',(213.629468357028,-87.7716596529655,5.23751968503902));
#9246=CARTESIAN_POINT('Origin',(213.629468357028,-88.2716596529655,5.23751968503902));
#9247=CARTESIAN_POINT('',(213.629468357028,-87.7716596529655,5.23751968503902));
#9248=CARTESIAN_POINT('Origin',(200.429468357028,-87.7716596529655,5.23751968503902));
#9249=CARTESIAN_POINT('',(200.429468357028,-87.7716596529655,5.23751968503902));
#9250=CARTESIAN_POINT('',(200.429468357028,-87.7716596529655,5.23751968503902));
#9251=CARTESIAN_POINT('',(200.429468357028,-87.7716596529655,5.23751968503902));
#9252=CARTESIAN_POINT('Origin',(200.429468357028,-88.2716596529655,5.23751968503902));
#9253=CARTESIAN_POINT('Origin',(200.429468357028,-88.2716596529655,5.23751968503902));
#9254=CARTESIAN_POINT('Origin',(190.404468357028,-82.4216596529655,5.23751968503902));
#9255=CARTESIAN_POINT('',(190.404468357028,-82.4216596529655,5.23751968503902));
#9256=CARTESIAN_POINT('',(190.404468357028,-69.2216596529655,5.23751968503902));
#9257=CARTESIAN_POINT('',(190.404468357028,-69.2216596529655,5.23751968503902));
#9258=CARTESIAN_POINT('',(190.404468357028,-69.2216596529655,5.23751968503902));
#9259=CARTESIAN_POINT('',(190.404468357028,-82.4216596529655,5.23751968503902));
#9260=CARTESIAN_POINT('Origin',(190.904468357028,-82.4216596529655,5.23751968503902));
#9261=CARTESIAN_POINT('',(190.904468357028,-82.9216596529655,5.23751968503902));
#9262=CARTESIAN_POINT('Origin',(190.904468357028,-82.4216596529655,5.23751968503902));
#9263=CARTESIAN_POINT('',(190.904468357028,-82.9216596529655,5.23751968503902));
#9264=CARTESIAN_POINT('Origin',(204.104468357028,-82.9216596529655,5.23751968503902));
#9265=CARTESIAN_POINT('',(204.104468357028,-82.9216596529655,5.23751968503902));
#9266=CARTESIAN_POINT('',(190.904468357028,-82.9216596529655,5.23751968503902));
#9267=CARTESIAN_POINT('',(204.104468357028,-82.9216596529655,5.23751968503902));
#9268=CARTESIAN_POINT('Origin',(204.104468357028,-82.4216596529655,5.23751968503902));
#9269=CARTESIAN_POINT('',(204.604468357028,-82.4216596529655,5.23751968503902));
#9270=CARTESIAN_POINT('Origin',(204.104468357028,-82.4216596529655,5.23751968503902));
#9271=CARTESIAN_POINT('',(204.604468357028,-82.4216596529655,5.23751968503902));
#9272=CARTESIAN_POINT('Origin',(204.604468357028,-69.2216596529655,5.23751968503903));
#9273=CARTESIAN_POINT('',(204.604468357028,-69.2216596529655,5.23751968503903));
#9274=CARTESIAN_POINT('',(204.604468357028,-69.2216596529655,5.23751968503903));
#9275=CARTESIAN_POINT('',(204.604468357028,-69.2216596529655,5.23751968503903));
#9276=CARTESIAN_POINT('Origin',(204.104468357028,-69.2216596529655,5.23751968503903));
#9277=CARTESIAN_POINT('',(204.104468357028,-68.7216596529655,5.23751968503903));
#9278=CARTESIAN_POINT('Origin',(204.104468357028,-69.2216596529655,5.23751968503903));
#9279=CARTESIAN_POINT('',(204.104468357028,-68.7216596529655,5.23751968503903));
#9280=CARTESIAN_POINT('Origin',(190.904468357028,-68.7216596529655,5.23751968503902));
#9281=CARTESIAN_POINT('',(190.904468357028,-68.7216596529655,5.23751968503902));
#9282=CARTESIAN_POINT('',(190.904468357028,-68.7216596529655,5.23751968503902));
#9283=CARTESIAN_POINT('',(190.904468357028,-68.7216596529655,5.23751968503902));
#9284=CARTESIAN_POINT('Origin',(190.904468357028,-69.2216596529655,5.23751968503902));
#9285=CARTESIAN_POINT('Origin',(190.904468357028,-69.2216596529655,5.23751968503902));
#9286=CARTESIAN_POINT('Origin',(293.948718357028,-84.4216596529655,5.23751968503904));
#9287=CARTESIAN_POINT('',(293.948718357028,-84.4216596529655,5.23751968503903));
#9288=CARTESIAN_POINT('',(293.948718357028,-70.2216596529655,5.23751968503904));
#9289=CARTESIAN_POINT('',(293.948718357028,-70.2216596529655,5.23751968503904));
#9290=CARTESIAN_POINT('',(293.948718357028,-70.2216596529655,5.23751968503904));
#9291=CARTESIAN_POINT('',(293.948718357028,-84.4216596529655,5.23751968503903));
#9292=CARTESIAN_POINT('Origin',(294.448718357028,-84.4216596529655,5.23751968503903));
#9293=CARTESIAN_POINT('',(294.448718357028,-84.9216596529655,5.23751968503903));
#9294=CARTESIAN_POINT('Origin',(294.448718357028,-84.4216596529655,5.23751968503903));
#9295=CARTESIAN_POINT('',(294.448718357028,-84.9216596529655,5.23751968503903));
#9296=CARTESIAN_POINT('Origin',(300.648718357028,-84.9216596529655,5.23751968503903));
#9297=CARTESIAN_POINT('',(300.648718357028,-84.9216596529655,5.23751968503903));
#9298=CARTESIAN_POINT('',(294.448718357028,-84.9216596529655,5.23751968503903));
#9299=CARTESIAN_POINT('',(300.648718357028,-84.9216596529655,5.23751968503903));
#9300=CARTESIAN_POINT('Origin',(300.648718357028,-84.4216596529655,5.23751968503904));
#9301=CARTESIAN_POINT('',(301.148718357028,-84.4216596529655,5.23751968503904));
#9302=CARTESIAN_POINT('Origin',(300.648718357028,-84.4216596529655,5.23751968503904));
#9303=CARTESIAN_POINT('',(301.148718357028,-84.4216596529655,5.23751968503904));
#9304=CARTESIAN_POINT('Origin',(301.148718357028,-70.2216596529655,5.23751968503904));
#9305=CARTESIAN_POINT('',(301.148718357028,-70.2216596529655,5.23751968503904));
#9306=CARTESIAN_POINT('',(301.148718357028,-70.2216596529655,5.23751968503904));
#9307=CARTESIAN_POINT('',(301.148718357028,-70.2216596529655,5.23751968503904));
#9308=CARTESIAN_POINT('Origin',(300.648718357028,-70.2216596529655,5.23751968503904));
#9309=CARTESIAN_POINT('',(300.648718357028,-69.7216596529655,5.23751968503904));
#9310=CARTESIAN_POINT('Origin',(300.648718357028,-70.2216596529655,5.23751968503904));
#9311=CARTESIAN_POINT('',(300.648718357028,-69.7216596529655,5.23751968503904));
#9312=CARTESIAN_POINT('Origin',(294.448718357028,-69.7216596529655,5.23751968503904));
#9313=CARTESIAN_POINT('',(294.448718357028,-69.7216596529655,5.23751968503904));
#9314=CARTESIAN_POINT('',(294.448718357028,-69.7216596529655,5.23751968503904));
#9315=CARTESIAN_POINT('',(294.448718357028,-69.7216596529655,5.23751968503904));
#9316=CARTESIAN_POINT('Origin',(294.448718357028,-70.2216596529655,5.23751968503904));
#9317=CARTESIAN_POINT('Origin',(294.448718357028,-70.2216596529655,5.23751968503904));
#9318=CARTESIAN_POINT('Origin',(209.454468357028,-82.4216596529655,5.23751968503902));
#9319=CARTESIAN_POINT('',(209.454468357028,-82.4216596529655,5.23751968503902));
#9320=CARTESIAN_POINT('',(209.454468357028,-69.2216596529655,5.23751968503903));
#9321=CARTESIAN_POINT('',(209.454468357028,-69.2216596529655,5.23751968503903));
#9322=CARTESIAN_POINT('',(209.454468357028,-69.2216596529655,5.23751968503903));
#9323=CARTESIAN_POINT('',(209.454468357028,-82.4216596529655,5.23751968503902));
#9324=CARTESIAN_POINT('Origin',(209.954468357028,-82.4216596529655,5.23751968503902));
#9325=CARTESIAN_POINT('',(209.954468357028,-82.9216596529655,5.23751968503902));
#9326=CARTESIAN_POINT('Origin',(209.954468357028,-82.4216596529655,5.23751968503902));
#9327=CARTESIAN_POINT('',(209.954468357028,-82.9216596529655,5.23751968503902));
#9328=CARTESIAN_POINT('Origin',(223.154468357028,-82.9216596529655,5.23751968503903));
#9329=CARTESIAN_POINT('',(223.154468357028,-82.9216596529655,5.23751968503903));
#9330=CARTESIAN_POINT('',(209.954468357028,-82.9216596529655,5.23751968503902));
#9331=CARTESIAN_POINT('',(223.154468357028,-82.9216596529655,5.23751968503903));
#9332=CARTESIAN_POINT('Origin',(223.154468357028,-82.4216596529655,5.23751968503903));
#9333=CARTESIAN_POINT('',(223.654468357028,-82.4216596529655,5.23751968503903));
#9334=CARTESIAN_POINT('Origin',(223.154468357028,-82.4216596529655,5.23751968503903));
#9335=CARTESIAN_POINT('',(223.654468357028,-82.4216596529655,5.23751968503903));
#9336=CARTESIAN_POINT('Origin',(223.654468357028,-69.2216596529655,5.23751968503903));
#9337=CARTESIAN_POINT('',(223.654468357028,-69.2216596529655,5.23751968503903));
#9338=CARTESIAN_POINT('',(223.654468357028,-69.2216596529655,5.23751968503903));
#9339=CARTESIAN_POINT('',(223.654468357028,-69.2216596529655,5.23751968503903));
#9340=CARTESIAN_POINT('Origin',(223.154468357028,-69.2216596529655,5.23751968503903));
#9341=CARTESIAN_POINT('',(223.154468357028,-68.7216596529655,5.23751968503903));
#9342=CARTESIAN_POINT('Origin',(223.154468357028,-69.2216596529655,5.23751968503903));
#9343=CARTESIAN_POINT('',(223.154468357028,-68.7216596529655,5.23751968503903));
#9344=CARTESIAN_POINT('Origin',(209.954468357028,-68.7216596529655,5.23751968503903));
#9345=CARTESIAN_POINT('',(209.954468357028,-68.7216596529655,5.23751968503903));
#9346=CARTESIAN_POINT('',(209.954468357028,-68.7216596529655,5.23751968503903));
#9347=CARTESIAN_POINT('',(209.954468357028,-68.7216596529655,5.23751968503903));
#9348=CARTESIAN_POINT('Origin',(209.954468357028,-69.2216596529655,5.23751968503903));
#9349=CARTESIAN_POINT('Origin',(209.954468357028,-69.2216596529655,5.23751968503903));
#9350=CARTESIAN_POINT('Origin',(247.554468357028,-82.4216596529655,5.23751968503903));
#9351=CARTESIAN_POINT('',(247.554468357028,-82.4216596529655,5.23751968503903));
#9352=CARTESIAN_POINT('',(247.554468357028,-69.2216596529655,5.23751968503903));
#9353=CARTESIAN_POINT('',(247.554468357028,-69.2216596529655,5.23751968503903));
#9354=CARTESIAN_POINT('',(247.554468357028,-69.2216596529655,5.23751968503903));
#9355=CARTESIAN_POINT('',(247.554468357028,-82.4216596529655,5.23751968503903));
#9356=CARTESIAN_POINT('Origin',(248.054468357028,-82.4216596529655,5.23751968503903));
#9357=CARTESIAN_POINT('',(248.054468357028,-82.9216596529655,5.23751968503903));
#9358=CARTESIAN_POINT('Origin',(248.054468357028,-82.4216596529655,5.23751968503903));
#9359=CARTESIAN_POINT('',(248.054468357028,-82.9216596529655,5.23751968503903));
#9360=CARTESIAN_POINT('Origin',(261.254468357028,-82.9216596529655,5.23751968503903));
#9361=CARTESIAN_POINT('',(261.254468357028,-82.9216596529655,5.23751968503903));
#9362=CARTESIAN_POINT('',(248.054468357028,-82.9216596529655,5.23751968503903));
#9363=CARTESIAN_POINT('',(261.254468357028,-82.9216596529655,5.23751968503903));
#9364=CARTESIAN_POINT('Origin',(261.254468357028,-82.4216596529655,5.23751968503903));
#9365=CARTESIAN_POINT('',(261.754468357028,-82.4216596529655,5.23751968503903));
#9366=CARTESIAN_POINT('Origin',(261.254468357028,-82.4216596529655,5.23751968503903));
#9367=CARTESIAN_POINT('',(261.754468357028,-82.4216596529655,5.23751968503903));
#9368=CARTESIAN_POINT('Origin',(261.754468357028,-69.2216596529655,5.23751968503903));
#9369=CARTESIAN_POINT('',(261.754468357028,-69.2216596529655,5.23751968503903));
#9370=CARTESIAN_POINT('',(261.754468357028,-69.2216596529655,5.23751968503903));
#9371=CARTESIAN_POINT('',(261.754468357028,-69.2216596529655,5.23751968503903));
#9372=CARTESIAN_POINT('Origin',(261.254468357028,-69.2216596529655,5.23751968503903));
#9373=CARTESIAN_POINT('',(261.254468357028,-68.7216596529655,5.23751968503903));
#9374=CARTESIAN_POINT('Origin',(261.254468357028,-69.2216596529655,5.23751968503903));
#9375=CARTESIAN_POINT('',(261.254468357028,-68.7216596529655,5.23751968503903));
#9376=CARTESIAN_POINT('Origin',(248.054468357028,-68.7216596529655,5.23751968503903));
#9377=CARTESIAN_POINT('',(248.054468357028,-68.7216596529655,5.23751968503903));
#9378=CARTESIAN_POINT('',(248.054468357028,-68.7216596529655,5.23751968503903));
#9379=CARTESIAN_POINT('',(248.054468357028,-68.7216596529655,5.23751968503903));
#9380=CARTESIAN_POINT('Origin',(248.054468357028,-69.2216596529655,5.23751968503903));
#9381=CARTESIAN_POINT('Origin',(248.054468357028,-69.2216596529655,5.23751968503903));
#9382=CARTESIAN_POINT('Origin',(228.504468357028,-82.4216596529655,5.23751968503903));
#9383=CARTESIAN_POINT('',(228.504468357028,-82.4216596529655,5.23751968503903));
#9384=CARTESIAN_POINT('',(228.504468357028,-69.2216596529655,5.23751968503903));
#9385=CARTESIAN_POINT('',(228.504468357028,-69.2216596529655,5.23751968503903));
#9386=CARTESIAN_POINT('',(228.504468357028,-69.2216596529655,5.23751968503903));
#9387=CARTESIAN_POINT('',(228.504468357028,-82.4216596529655,5.23751968503903));
#9388=CARTESIAN_POINT('Origin',(229.004468357028,-82.4216596529655,5.23751968503903));
#9389=CARTESIAN_POINT('',(229.004468357028,-82.9216596529655,5.23751968503903));
#9390=CARTESIAN_POINT('Origin',(229.004468357028,-82.4216596529655,5.23751968503903));
#9391=CARTESIAN_POINT('',(229.004468357028,-82.9216596529655,5.23751968503903));
#9392=CARTESIAN_POINT('Origin',(242.204468357028,-82.9216596529655,5.23751968503903));
#9393=CARTESIAN_POINT('',(242.204468357028,-82.9216596529655,5.23751968503903));
#9394=CARTESIAN_POINT('',(229.004468357028,-82.9216596529655,5.23751968503903));
#9395=CARTESIAN_POINT('',(242.204468357028,-82.9216596529655,5.23751968503903));
#9396=CARTESIAN_POINT('Origin',(242.204468357028,-82.4216596529655,5.23751968503903));
#9397=CARTESIAN_POINT('',(242.704468357028,-82.4216596529655,5.23751968503903));
#9398=CARTESIAN_POINT('Origin',(242.204468357028,-82.4216596529655,5.23751968503903));
#9399=CARTESIAN_POINT('',(242.704468357028,-82.4216596529655,5.23751968503903));
#9400=CARTESIAN_POINT('Origin',(242.704468357028,-69.2216596529655,5.23751968503903));
#9401=CARTESIAN_POINT('',(242.704468357028,-69.2216596529655,5.23751968503903));
#9402=CARTESIAN_POINT('',(242.704468357028,-69.2216596529655,5.23751968503903));
#9403=CARTESIAN_POINT('',(242.704468357028,-69.2216596529655,5.23751968503903));
#9404=CARTESIAN_POINT('Origin',(242.204468357028,-69.2216596529655,5.23751968503903));
#9405=CARTESIAN_POINT('',(242.204468357028,-68.7216596529655,5.23751968503903));
#9406=CARTESIAN_POINT('Origin',(242.204468357028,-69.2216596529655,5.23751968503903));
#9407=CARTESIAN_POINT('',(242.204468357028,-68.7216596529655,5.23751968503903));
#9408=CARTESIAN_POINT('Origin',(229.004468357028,-68.7216596529655,5.23751968503903));
#9409=CARTESIAN_POINT('',(229.004468357028,-68.7216596529655,5.23751968503903));
#9410=CARTESIAN_POINT('',(229.004468357028,-68.7216596529655,5.23751968503903));
#9411=CARTESIAN_POINT('',(229.004468357028,-68.7216596529655,5.23751968503903));
#9412=CARTESIAN_POINT('Origin',(229.004468357028,-69.2216596529655,5.23751968503903));
#9413=CARTESIAN_POINT('Origin',(229.004468357028,-69.2216596529655,5.23751968503903));
#9414=CARTESIAN_POINT('Origin',(296.329968357028,-46.3216596529655,5.23751968503904));
#9415=CARTESIAN_POINT('',(296.329968357028,-46.3216596529655,5.23751968503904));
#9416=CARTESIAN_POINT('',(296.329968357028,-32.1216596529655,5.23751968503904));
#9417=CARTESIAN_POINT('',(296.329968357028,-32.1216596529655,5.23751968503904));
#9418=CARTESIAN_POINT('',(296.329968357028,-32.1216596529655,5.23751968503904));
#9419=CARTESIAN_POINT('',(296.329968357028,-46.3216596529655,5.23751968503904));
#9420=CARTESIAN_POINT('Origin',(296.829968357028,-46.3216596529655,5.23751968503904));
#9421=CARTESIAN_POINT('',(296.829968357028,-46.8216596529655,5.23751968503904));
#9422=CARTESIAN_POINT('Origin',(296.829968357028,-46.3216596529655,5.23751968503904));
#9423=CARTESIAN_POINT('',(296.829968357028,-46.8216596529655,5.23751968503904));
#9424=CARTESIAN_POINT('Origin',(303.029968357028,-46.8216596529655,5.23751968503904));
#9425=CARTESIAN_POINT('',(303.029968357028,-46.8216596529655,5.23751968503904));
#9426=CARTESIAN_POINT('',(296.829968357028,-46.8216596529655,5.23751968503904));
#9427=CARTESIAN_POINT('',(303.029968357028,-46.8216596529655,5.23751968503904));
#9428=CARTESIAN_POINT('Origin',(303.029968357028,-46.3216596529655,5.23751968503904));
#9429=CARTESIAN_POINT('',(303.529968357028,-46.3216596529655,5.23751968503904));
#9430=CARTESIAN_POINT('Origin',(303.029968357028,-46.3216596529655,5.23751968503904));
#9431=CARTESIAN_POINT('',(303.529968357028,-46.3216596529655,5.23751968503904));
#9432=CARTESIAN_POINT('Origin',(303.529968357028,-32.1216596529655,5.23751968503904));
#9433=CARTESIAN_POINT('',(303.529968357028,-32.1216596529655,5.23751968503904));
#9434=CARTESIAN_POINT('',(303.529968357028,-32.1216596529655,5.23751968503904));
#9435=CARTESIAN_POINT('',(303.529968357028,-32.1216596529655,5.23751968503904));
#9436=CARTESIAN_POINT('Origin',(303.029968357028,-32.1216596529655,5.23751968503904));
#9437=CARTESIAN_POINT('',(303.029968357028,-31.6216596529655,5.23751968503904));
#9438=CARTESIAN_POINT('Origin',(303.029968357028,-32.1216596529655,5.23751968503904));
#9439=CARTESIAN_POINT('',(303.029968357028,-31.6216596529655,5.23751968503904));
#9440=CARTESIAN_POINT('Origin',(296.829968357028,-31.6216596529655,5.23751968503904));
#9441=CARTESIAN_POINT('',(296.829968357028,-31.6216596529655,5.23751968503904));
#9442=CARTESIAN_POINT('',(296.829968357028,-31.6216596529655,5.23751968503904));
#9443=CARTESIAN_POINT('',(296.829968357028,-31.6216596529655,5.23751968503904));
#9444=CARTESIAN_POINT('Origin',(296.829968357028,-32.1216596529655,5.23751968503904));
#9445=CARTESIAN_POINT('Origin',(296.829968357028,-32.1216596529655,5.23751968503904));
#9446=CARTESIAN_POINT('Origin',(204.691968357028,-63.3716596529655,5.23751968503903));
#9447=CARTESIAN_POINT('',(204.691968357028,-63.3716596529655,5.23751968503903));
#9448=CARTESIAN_POINT('',(204.691968357028,-50.1716596529655,5.23751968503903));
#9449=CARTESIAN_POINT('',(204.691968357028,-50.1716596529655,5.23751968503903));
#9450=CARTESIAN_POINT('',(204.691968357028,-50.1716596529655,5.23751968503903));
#9451=CARTESIAN_POINT('',(204.691968357028,-63.3716596529655,5.23751968503903));
#9452=CARTESIAN_POINT('Origin',(205.191968357028,-63.3716596529655,5.23751968503903));
#9453=CARTESIAN_POINT('',(205.191968357028,-63.8716596529655,5.23751968503903));
#9454=CARTESIAN_POINT('Origin',(205.191968357028,-63.3716596529655,5.23751968503903));
#9455=CARTESIAN_POINT('',(205.191968357028,-63.8716596529655,5.23751968503903));
#9456=CARTESIAN_POINT('Origin',(218.391968357028,-63.8716596529655,5.23751968503903));
#9457=CARTESIAN_POINT('',(218.391968357028,-63.8716596529655,5.23751968503903));
#9458=CARTESIAN_POINT('',(205.191968357028,-63.8716596529655,5.23751968503903));
#9459=CARTESIAN_POINT('',(218.391968357028,-63.8716596529655,5.23751968503903));
#9460=CARTESIAN_POINT('Origin',(218.391968357028,-63.3716596529655,5.23751968503903));
#9461=CARTESIAN_POINT('',(218.891968357028,-63.3716596529655,5.23751968503903));
#9462=CARTESIAN_POINT('Origin',(218.391968357028,-63.3716596529655,5.23751968503903));
#9463=CARTESIAN_POINT('',(218.891968357028,-63.3716596529655,5.23751968503903));
#9464=CARTESIAN_POINT('Origin',(218.891968357028,-50.1716596529655,5.23751968503903));
#9465=CARTESIAN_POINT('',(218.891968357028,-50.1716596529655,5.23751968503903));
#9466=CARTESIAN_POINT('',(218.891968357028,-50.1716596529655,5.23751968503903));
#9467=CARTESIAN_POINT('',(218.891968357028,-50.1716596529655,5.23751968503903));
#9468=CARTESIAN_POINT('Origin',(218.391968357028,-50.1716596529655,5.23751968503903));
#9469=CARTESIAN_POINT('',(218.391968357028,-49.6716596529655,5.23751968503903));
#9470=CARTESIAN_POINT('Origin',(218.391968357028,-50.1716596529655,5.23751968503903));
#9471=CARTESIAN_POINT('',(218.391968357028,-49.6716596529655,5.23751968503903));
#9472=CARTESIAN_POINT('Origin',(205.191968357028,-49.6716596529655,5.23751968503903));
#9473=CARTESIAN_POINT('',(205.191968357028,-49.6716596529655,5.23751968503903));
#9474=CARTESIAN_POINT('',(205.191968357028,-49.6716596529655,5.23751968503903));
#9475=CARTESIAN_POINT('',(205.191968357028,-49.6716596529655,5.23751968503903));
#9476=CARTESIAN_POINT('Origin',(205.191968357028,-50.1716596529655,5.23751968503903));
#9477=CARTESIAN_POINT('Origin',(205.191968357028,-50.1716596529655,5.23751968503903));
#9478=CARTESIAN_POINT('Origin',(240.410718357028,-120.521659652966,5.23751968503902));
#9479=CARTESIAN_POINT('',(240.410718357028,-120.521659652966,5.23751968503902));
#9480=CARTESIAN_POINT('',(240.410718357028,-107.321659652966,5.23751968503903));
#9481=CARTESIAN_POINT('',(240.410718357028,-107.321659652966,5.23751968503903));
#9482=CARTESIAN_POINT('',(240.410718357028,-107.321659652966,5.23751968503903));
#9483=CARTESIAN_POINT('',(240.410718357028,-120.521659652966,5.23751968503902));
#9484=CARTESIAN_POINT('Origin',(240.910718357028,-120.521659652966,5.23751968503902));
#9485=CARTESIAN_POINT('',(240.910718357028,-121.021659652966,5.23751968503902));
#9486=CARTESIAN_POINT('Origin',(240.910718357028,-120.521659652966,5.23751968503902));
#9487=CARTESIAN_POINT('',(240.910718357028,-121.021659652966,5.23751968503902));
#9488=CARTESIAN_POINT('Origin',(254.110718357028,-121.021659652966,5.23751968503902));
#9489=CARTESIAN_POINT('',(254.110718357028,-121.021659652966,5.23751968503902));
#9490=CARTESIAN_POINT('',(240.910718357028,-121.021659652966,5.23751968503902));
#9491=CARTESIAN_POINT('',(254.110718357028,-121.021659652966,5.23751968503902));
#9492=CARTESIAN_POINT('Origin',(254.110718357028,-120.521659652966,5.23751968503902));
#9493=CARTESIAN_POINT('',(254.610718357028,-120.521659652966,5.23751968503902));
#9494=CARTESIAN_POINT('Origin',(254.110718357028,-120.521659652966,5.23751968503902));
#9495=CARTESIAN_POINT('',(254.610718357028,-120.521659652966,5.23751968503902));
#9496=CARTESIAN_POINT('Origin',(254.610718357028,-107.321659652966,5.23751968503903));
#9497=CARTESIAN_POINT('',(254.610718357028,-107.321659652966,5.23751968503903));
#9498=CARTESIAN_POINT('',(254.610718357028,-107.321659652966,5.23751968503903));
#9499=CARTESIAN_POINT('',(254.610718357028,-107.321659652966,5.23751968503903));
#9500=CARTESIAN_POINT('Origin',(254.110718357028,-107.321659652966,5.23751968503903));
#9501=CARTESIAN_POINT('',(254.110718357028,-106.821659652966,5.23751968503903));
#9502=CARTESIAN_POINT('Origin',(254.110718357028,-107.321659652966,5.23751968503903));
#9503=CARTESIAN_POINT('',(254.110718357028,-106.821659652966,5.23751968503903));
#9504=CARTESIAN_POINT('Origin',(240.910718357028,-106.821659652966,5.23751968503903));
#9505=CARTESIAN_POINT('',(240.910718357028,-106.821659652966,5.23751968503903));
#9506=CARTESIAN_POINT('',(240.910718357028,-106.821659652966,5.23751968503903));
#9507=CARTESIAN_POINT('',(240.910718357028,-106.821659652966,5.23751968503903));
#9508=CARTESIAN_POINT('Origin',(240.910718357028,-107.321659652966,5.23751968503903));
#9509=CARTESIAN_POINT('Origin',(240.910718357028,-107.321659652966,5.23751968503903));
#9510=CARTESIAN_POINT('Origin',(218.979468357028,-101.471659652966,5.23751968503902));
#9511=CARTESIAN_POINT('',(218.979468357028,-101.471659652966,5.23751968503902));
#9512=CARTESIAN_POINT('',(218.979468357028,-88.2716596529655,5.23751968503903));
#9513=CARTESIAN_POINT('',(218.979468357028,-88.2716596529655,5.23751968503903));
#9514=CARTESIAN_POINT('',(218.979468357028,-88.2716596529655,5.23751968503903));
#9515=CARTESIAN_POINT('',(218.979468357028,-101.471659652966,5.23751968503902));
#9516=CARTESIAN_POINT('Origin',(219.479468357028,-101.471659652966,5.23751968503902));
#9517=CARTESIAN_POINT('',(219.479468357028,-101.971659652966,5.23751968503902));
#9518=CARTESIAN_POINT('Origin',(219.479468357028,-101.471659652966,5.23751968503902));
#9519=CARTESIAN_POINT('',(219.479468357028,-101.971659652966,5.23751968503902));
#9520=CARTESIAN_POINT('Origin',(232.679468357028,-101.971659652966,5.23751968503902));
#9521=CARTESIAN_POINT('',(232.679468357028,-101.971659652966,5.23751968503902));
#9522=CARTESIAN_POINT('',(219.479468357028,-101.971659652966,5.23751968503902));
#9523=CARTESIAN_POINT('',(232.679468357028,-101.971659652966,5.23751968503902));
#9524=CARTESIAN_POINT('Origin',(232.679468357028,-101.471659652966,5.23751968503902));
#9525=CARTESIAN_POINT('',(233.179468357028,-101.471659652966,5.23751968503902));
#9526=CARTESIAN_POINT('Origin',(232.679468357028,-101.471659652966,5.23751968503902));
#9527=CARTESIAN_POINT('',(233.179468357028,-101.471659652966,5.23751968503902));
#9528=CARTESIAN_POINT('Origin',(233.179468357028,-88.2716596529655,5.23751968503903));
#9529=CARTESIAN_POINT('',(233.179468357028,-88.2716596529655,5.23751968503903));
#9530=CARTESIAN_POINT('',(233.179468357028,-88.2716596529655,5.23751968503903));
#9531=CARTESIAN_POINT('',(233.179468357028,-88.2716596529655,5.23751968503903));
#9532=CARTESIAN_POINT('Origin',(232.679468357028,-88.2716596529655,5.23751968503903));
#9533=CARTESIAN_POINT('',(232.679468357028,-87.7716596529655,5.23751968503903));
#9534=CARTESIAN_POINT('Origin',(232.679468357028,-88.2716596529655,5.23751968503903));
#9535=CARTESIAN_POINT('',(232.679468357028,-87.7716596529655,5.23751968503903));
#9536=CARTESIAN_POINT('Origin',(219.479468357028,-87.7716596529655,5.23751968503903));
#9537=CARTESIAN_POINT('',(219.479468357028,-87.7716596529655,5.23751968503903));
#9538=CARTESIAN_POINT('',(219.479468357028,-87.7716596529655,5.23751968503903));
#9539=CARTESIAN_POINT('',(219.479468357028,-87.7716596529655,5.23751968503903));
#9540=CARTESIAN_POINT('Origin',(219.479468357028,-88.2716596529655,5.23751968503903));
#9541=CARTESIAN_POINT('Origin',(219.479468357028,-88.2716596529655,5.23751968503903));
#9542=CARTESIAN_POINT('Origin',(270.072718357028,-84.4216596529655,5.23751968503903));
#9543=CARTESIAN_POINT('',(270.072718357028,-84.4216596529655,5.23751968503903));
#9544=CARTESIAN_POINT('',(270.072718357028,-70.2216596529655,5.23751968503903));
#9545=CARTESIAN_POINT('',(270.072718357028,-70.2216596529655,5.23751968503903));
#9546=CARTESIAN_POINT('',(270.072718357028,-70.2216596529655,5.23751968503903));
#9547=CARTESIAN_POINT('',(270.072718357028,-84.4216596529655,5.23751968503903));
#9548=CARTESIAN_POINT('Origin',(270.572718357028,-84.4216596529655,5.23751968503903));
#9549=CARTESIAN_POINT('',(270.572718357028,-84.9216596529655,5.23751968503903));
#9550=CARTESIAN_POINT('Origin',(270.572718357028,-84.4216596529655,5.23751968503903));
#9551=CARTESIAN_POINT('',(270.572718357028,-84.9216596529655,5.23751968503903));
#9552=CARTESIAN_POINT('Origin',(276.772718357028,-84.9216596529655,5.23751968503903));
#9553=CARTESIAN_POINT('',(276.772718357028,-84.9216596529655,5.23751968503903));
#9554=CARTESIAN_POINT('',(270.572718357028,-84.9216596529655,5.23751968503903));
#9555=CARTESIAN_POINT('',(276.772718357028,-84.9216596529655,5.23751968503903));
#9556=CARTESIAN_POINT('Origin',(276.772718357028,-84.4216596529655,5.23751968503903));
#9557=CARTESIAN_POINT('',(277.272718357028,-84.4216596529655,5.23751968503903));
#9558=CARTESIAN_POINT('Origin',(276.772718357028,-84.4216596529655,5.23751968503903));
#9559=CARTESIAN_POINT('',(277.272718357028,-84.4216596529655,5.23751968503903));
#9560=CARTESIAN_POINT('Origin',(277.272718357028,-70.2216596529655,5.23751968503903));
#9561=CARTESIAN_POINT('',(277.272718357028,-70.2216596529655,5.23751968503903));
#9562=CARTESIAN_POINT('',(277.272718357028,-70.2216596529655,5.23751968503903));
#9563=CARTESIAN_POINT('',(277.272718357028,-70.2216596529655,5.23751968503903));
#9564=CARTESIAN_POINT('Origin',(276.772718357028,-70.2216596529655,5.23751968503903));
#9565=CARTESIAN_POINT('',(276.772718357028,-69.7216596529655,5.23751968503903));
#9566=CARTESIAN_POINT('Origin',(276.772718357028,-70.2216596529655,5.23751968503903));
#9567=CARTESIAN_POINT('',(276.772718357028,-69.7216596529655,5.23751968503903));
#9568=CARTESIAN_POINT('Origin',(270.572718357028,-69.7216596529655,5.23751968503903));
#9569=CARTESIAN_POINT('',(270.572718357028,-69.7216596529655,5.23751968503903));
#9570=CARTESIAN_POINT('',(270.572718357028,-69.7216596529655,5.23751968503903));
#9571=CARTESIAN_POINT('',(270.572718357028,-69.7216596529655,5.23751968503903));
#9572=CARTESIAN_POINT('Origin',(270.572718357028,-70.2216596529655,5.23751968503903));
#9573=CARTESIAN_POINT('Origin',(270.572718357028,-70.2216596529655,5.23751968503903));
#9574=CARTESIAN_POINT('Origin',(185.641968357028,-63.3716596529655,5.23751968503902));
#9575=CARTESIAN_POINT('',(185.641968357028,-63.3716596529655,5.23751968503902));
#9576=CARTESIAN_POINT('',(185.641968357028,-50.1716596529655,5.23751968503903));
#9577=CARTESIAN_POINT('',(185.641968357028,-50.1716596529655,5.23751968503903));
#9578=CARTESIAN_POINT('',(185.641968357028,-50.1716596529655,5.23751968503903));
#9579=CARTESIAN_POINT('',(185.641968357028,-63.3716596529655,5.23751968503902));
#9580=CARTESIAN_POINT('Origin',(186.141968357028,-63.3716596529655,5.23751968503902));
#9581=CARTESIAN_POINT('',(186.141968357028,-63.8716596529655,5.23751968503902));
#9582=CARTESIAN_POINT('Origin',(186.141968357028,-63.3716596529655,5.23751968503902));
#9583=CARTESIAN_POINT('',(186.141968357028,-63.8716596529655,5.23751968503902));
#9584=CARTESIAN_POINT('Origin',(199.341968357028,-63.8716596529655,5.23751968503903));
#9585=CARTESIAN_POINT('',(199.341968357028,-63.8716596529655,5.23751968503903));
#9586=CARTESIAN_POINT('',(186.141968357028,-63.8716596529655,5.23751968503902));
#9587=CARTESIAN_POINT('',(199.341968357028,-63.8716596529655,5.23751968503903));
#9588=CARTESIAN_POINT('Origin',(199.341968357028,-63.3716596529655,5.23751968503903));
#9589=CARTESIAN_POINT('',(199.841968357028,-63.3716596529655,5.23751968503903));
#9590=CARTESIAN_POINT('Origin',(199.341968357028,-63.3716596529655,5.23751968503903));
#9591=CARTESIAN_POINT('',(199.841968357028,-63.3716596529655,5.23751968503903));
#9592=CARTESIAN_POINT('Origin',(199.841968357028,-50.1716596529655,5.23751968503903));
#9593=CARTESIAN_POINT('',(199.841968357028,-50.1716596529655,5.23751968503903));
#9594=CARTESIAN_POINT('',(199.841968357028,-50.1716596529655,5.23751968503903));
#9595=CARTESIAN_POINT('',(199.841968357028,-50.1716596529655,5.23751968503903));
#9596=CARTESIAN_POINT('Origin',(199.341968357028,-50.1716596529655,5.23751968503903));
#9597=CARTESIAN_POINT('',(199.341968357028,-49.6716596529655,5.23751968503903));
#9598=CARTESIAN_POINT('Origin',(199.341968357028,-50.1716596529655,5.23751968503903));
#9599=CARTESIAN_POINT('',(199.341968357028,-49.6716596529655,5.23751968503903));
#9600=CARTESIAN_POINT('Origin',(186.141968357028,-49.6716596529655,5.23751968503903));
#9601=CARTESIAN_POINT('',(186.141968357028,-49.6716596529655,5.23751968503903));
#9602=CARTESIAN_POINT('',(186.141968357028,-49.6716596529655,5.23751968503903));
#9603=CARTESIAN_POINT('',(186.141968357028,-49.6716596529655,5.23751968503903));
#9604=CARTESIAN_POINT('Origin',(186.141968357028,-50.1716596529655,5.23751968503903));
#9605=CARTESIAN_POINT('Origin',(186.141968357028,-50.1716596529655,5.23751968503903));
#9606=CARTESIAN_POINT('Origin',(252.316968357028,-44.3216596529655,5.23751968503903));
#9607=CARTESIAN_POINT('',(252.316968357028,-44.3216596529655,5.23751968503903));
#9608=CARTESIAN_POINT('',(252.316968357028,-31.1216596529655,5.23751968503904));
#9609=CARTESIAN_POINT('',(252.316968357028,-31.1216596529655,5.23751968503904));
#9610=CARTESIAN_POINT('',(252.316968357028,-31.1216596529655,5.23751968503904));
#9611=CARTESIAN_POINT('',(252.316968357028,-44.3216596529655,5.23751968503903));
#9612=CARTESIAN_POINT('Origin',(252.816968357028,-44.3216596529655,5.23751968503903));
#9613=CARTESIAN_POINT('',(252.816968357028,-44.8216596529655,5.23751968503903));
#9614=CARTESIAN_POINT('Origin',(252.816968357028,-44.3216596529655,5.23751968503903));
#9615=CARTESIAN_POINT('',(252.816968357028,-44.8216596529655,5.23751968503903));
#9616=CARTESIAN_POINT('Origin',(266.016968357028,-44.8216596529655,5.23751968503904));
#9617=CARTESIAN_POINT('',(266.016968357028,-44.8216596529655,5.23751968503904));
#9618=CARTESIAN_POINT('',(252.816968357028,-44.8216596529655,5.23751968503903));
#9619=CARTESIAN_POINT('',(266.016968357028,-44.8216596529655,5.23751968503904));
#9620=CARTESIAN_POINT('Origin',(266.016968357028,-44.3216596529655,5.23751968503904));
#9621=CARTESIAN_POINT('',(266.516968357028,-44.3216596529655,5.23751968503904));
#9622=CARTESIAN_POINT('Origin',(266.016968357028,-44.3216596529655,5.23751968503904));
#9623=CARTESIAN_POINT('',(266.516968357028,-44.3216596529655,5.23751968503904));
#9624=CARTESIAN_POINT('Origin',(266.516968357028,-31.1216596529655,5.23751968503904));
#9625=CARTESIAN_POINT('',(266.516968357028,-31.1216596529655,5.23751968503904));
#9626=CARTESIAN_POINT('',(266.516968357028,-31.1216596529655,5.23751968503904));
#9627=CARTESIAN_POINT('',(266.516968357028,-31.1216596529655,5.23751968503904));
#9628=CARTESIAN_POINT('Origin',(266.016968357028,-31.1216596529655,5.23751968503904));
#9629=CARTESIAN_POINT('',(266.016968357028,-30.6216596529655,5.23751968503904));
#9630=CARTESIAN_POINT('Origin',(266.016968357028,-31.1216596529655,5.23751968503904));
#9631=CARTESIAN_POINT('',(266.016968357028,-30.6216596529655,5.23751968503904));
#9632=CARTESIAN_POINT('Origin',(252.816968357028,-30.6216596529655,5.23751968503904));
#9633=CARTESIAN_POINT('',(252.816968357028,-30.6216596529655,5.23751968503904));
#9634=CARTESIAN_POINT('',(252.816968357028,-30.6216596529655,5.23751968503904));
#9635=CARTESIAN_POINT('',(252.816968357028,-30.6216596529655,5.23751968503904));
#9636=CARTESIAN_POINT('Origin',(252.816968357028,-31.1216596529655,5.23751968503904));
#9637=CARTESIAN_POINT('Origin',(252.816968357028,-31.1216596529655,5.23751968503904));
#9638=CARTESIAN_POINT('Origin',(214.216968357028,-44.3216596529655,5.23751968503903));
#9639=CARTESIAN_POINT('',(214.216968357028,-44.3216596529655,5.23751968503903));
#9640=CARTESIAN_POINT('',(214.216968357028,-31.1216596529655,5.23751968503903));
#9641=CARTESIAN_POINT('',(214.216968357028,-31.1216596529655,5.23751968503903));
#9642=CARTESIAN_POINT('',(214.216968357028,-31.1216596529655,5.23751968503903));
#9643=CARTESIAN_POINT('',(214.216968357028,-44.3216596529655,5.23751968503903));
#9644=CARTESIAN_POINT('Origin',(214.716968357028,-44.3216596529655,5.23751968503903));
#9645=CARTESIAN_POINT('',(214.716968357028,-44.8216596529655,5.23751968503903));
#9646=CARTESIAN_POINT('Origin',(214.716968357028,-44.3216596529655,5.23751968503903));
#9647=CARTESIAN_POINT('',(214.716968357028,-44.8216596529655,5.23751968503903));
#9648=CARTESIAN_POINT('Origin',(227.916968357028,-44.8216596529655,5.23751968503903));
#9649=CARTESIAN_POINT('',(227.916968357028,-44.8216596529655,5.23751968503903));
#9650=CARTESIAN_POINT('',(214.716968357028,-44.8216596529655,5.23751968503903));
#9651=CARTESIAN_POINT('',(227.916968357028,-44.8216596529655,5.23751968503903));
#9652=CARTESIAN_POINT('Origin',(227.916968357028,-44.3216596529655,5.23751968503903));
#9653=CARTESIAN_POINT('',(228.416968357028,-44.3216596529655,5.23751968503903));
#9654=CARTESIAN_POINT('Origin',(227.916968357028,-44.3216596529655,5.23751968503903));
#9655=CARTESIAN_POINT('',(228.416968357028,-44.3216596529655,5.23751968503903));
#9656=CARTESIAN_POINT('Origin',(228.416968357028,-31.1216596529655,5.23751968503903));
#9657=CARTESIAN_POINT('',(228.416968357028,-31.1216596529655,5.23751968503903));
#9658=CARTESIAN_POINT('',(228.416968357028,-31.1216596529655,5.23751968503903));
#9659=CARTESIAN_POINT('',(228.416968357028,-31.1216596529655,5.23751968503903));
#9660=CARTESIAN_POINT('Origin',(227.916968357028,-31.1216596529655,5.23751968503903));
#9661=CARTESIAN_POINT('',(227.916968357028,-30.6216596529655,5.23751968503903));
#9662=CARTESIAN_POINT('Origin',(227.916968357028,-31.1216596529655,5.23751968503903));
#9663=CARTESIAN_POINT('',(227.916968357028,-30.6216596529655,5.23751968503903));
#9664=CARTESIAN_POINT('Origin',(214.716968357028,-30.6216596529655,5.23751968503903));
#9665=CARTESIAN_POINT('',(214.716968357028,-30.6216596529655,5.23751968503903));
#9666=CARTESIAN_POINT('',(214.716968357028,-30.6216596529655,5.23751968503903));
#9667=CARTESIAN_POINT('',(214.716968357028,-30.6216596529655,5.23751968503903));
#9668=CARTESIAN_POINT('Origin',(214.716968357028,-31.1216596529655,5.23751968503903));
#9669=CARTESIAN_POINT('Origin',(214.716968357028,-31.1216596529655,5.23751968503903));
#9670=CARTESIAN_POINT('Origin',(216.598218357028,-120.521659652966,5.23751968503902));
#9671=CARTESIAN_POINT('',(216.598218357028,-120.521659652966,5.23751968503902));
#9672=CARTESIAN_POINT('',(216.598218357028,-107.321659652966,5.23751968503902));
#9673=CARTESIAN_POINT('',(216.598218357028,-107.321659652966,5.23751968503902));
#9674=CARTESIAN_POINT('',(216.598218357028,-107.321659652966,5.23751968503902));
#9675=CARTESIAN_POINT('',(216.598218357028,-120.521659652966,5.23751968503902));
#9676=CARTESIAN_POINT('Origin',(217.098218357028,-120.521659652966,5.23751968503902));
#9677=CARTESIAN_POINT('',(217.098218357028,-121.021659652966,5.23751968503902));
#9678=CARTESIAN_POINT('Origin',(217.098218357028,-120.521659652966,5.23751968503902));
#9679=CARTESIAN_POINT('',(217.098218357028,-121.021659652966,5.23751968503902));
#9680=CARTESIAN_POINT('Origin',(230.298218357028,-121.021659652966,5.23751968503902));
#9681=CARTESIAN_POINT('',(230.298218357028,-121.021659652966,5.23751968503902));
#9682=CARTESIAN_POINT('',(217.098218357028,-121.021659652966,5.23751968503902));
#9683=CARTESIAN_POINT('',(230.298218357028,-121.021659652966,5.23751968503902));
#9684=CARTESIAN_POINT('Origin',(230.298218357028,-120.521659652966,5.23751968503902));
#9685=CARTESIAN_POINT('',(230.798218357028,-120.521659652966,5.23751968503902));
#9686=CARTESIAN_POINT('Origin',(230.298218357028,-120.521659652966,5.23751968503902));
#9687=CARTESIAN_POINT('',(230.798218357028,-120.521659652966,5.23751968503902));
#9688=CARTESIAN_POINT('Origin',(230.798218357028,-107.321659652966,5.23751968503902));
#9689=CARTESIAN_POINT('',(230.798218357028,-107.321659652966,5.23751968503902));
#9690=CARTESIAN_POINT('',(230.798218357028,-107.321659652966,5.23751968503902));
#9691=CARTESIAN_POINT('',(230.798218357028,-107.321659652966,5.23751968503902));
#9692=CARTESIAN_POINT('Origin',(230.298218357028,-107.321659652966,5.23751968503902));
#9693=CARTESIAN_POINT('',(230.298218357028,-106.821659652966,5.23751968503902));
#9694=CARTESIAN_POINT('Origin',(230.298218357028,-107.321659652966,5.23751968503902));
#9695=CARTESIAN_POINT('',(230.298218357028,-106.821659652966,5.23751968503902));
#9696=CARTESIAN_POINT('Origin',(217.098218357028,-106.821659652966,5.23751968503902));
#9697=CARTESIAN_POINT('',(217.098218357028,-106.821659652966,5.23751968503902));
#9698=CARTESIAN_POINT('',(217.098218357028,-106.821659652966,5.23751968503902));
#9699=CARTESIAN_POINT('',(217.098218357028,-106.821659652966,5.23751968503902));
#9700=CARTESIAN_POINT('Origin',(217.098218357028,-107.321659652966,5.23751968503902));
#9701=CARTESIAN_POINT('Origin',(217.098218357028,-107.321659652966,5.23751968503902));
#9702=CARTESIAN_POINT('Origin',(189.816968357028,-44.3216596529655,5.23751968503903));
#9703=CARTESIAN_POINT('',(190.316968357028,-44.3216596529655,5.23751968503903));
#9704=CARTESIAN_POINT('',(189.816968357028,-44.8216596529655,5.23751968503903));
#9705=CARTESIAN_POINT('Origin',(189.816968357028,-44.3216596529655,5.23751968503903));
#9706=CARTESIAN_POINT('',(189.816968357028,-44.8216596529655,5.23751968503903));
#9707=CARTESIAN_POINT('',(190.316968357028,-44.3216596529655,5.23751968503903));
#9708=CARTESIAN_POINT('Origin',(190.316968357028,-31.1216596529655,5.23751968503903));
#9709=CARTESIAN_POINT('',(190.316968357028,-31.1216596529655,5.23751968503903));
#9710=CARTESIAN_POINT('',(190.316968357028,-31.1216596529655,5.23751968503903));
#9711=CARTESIAN_POINT('',(190.316968357028,-31.1216596529655,5.23751968503903));
#9712=CARTESIAN_POINT('Origin',(189.816968357028,-31.1216596529655,5.23751968503903));
#9713=CARTESIAN_POINT('',(189.816968357028,-30.6216596529655,5.23751968503903));
#9714=CARTESIAN_POINT('Origin',(189.816968357028,-31.1216596529655,5.23751968503903));
#9715=CARTESIAN_POINT('',(189.816968357028,-30.6216596529655,5.23751968503903));
#9716=CARTESIAN_POINT('Origin',(195.166968357028,-44.3216596529655,5.23751968503903));
#9717=CARTESIAN_POINT('',(195.166968357028,-44.3216596529655,5.23751968503903));
#9718=CARTESIAN_POINT('',(195.166968357028,-31.1216596529655,5.23751968503903));
#9719=CARTESIAN_POINT('',(195.166968357028,-31.1216596529655,5.23751968503903));
#9720=CARTESIAN_POINT('',(195.166968357028,-31.1216596529655,5.23751968503903));
#9721=CARTESIAN_POINT('',(195.166968357028,-44.3216596529655,5.23751968503903));
#9722=CARTESIAN_POINT('Origin',(195.666968357028,-44.3216596529655,5.23751968503903));
#9723=CARTESIAN_POINT('',(195.666968357028,-44.8216596529655,5.23751968503903));
#9724=CARTESIAN_POINT('Origin',(195.666968357028,-44.3216596529655,5.23751968503903));
#9725=CARTESIAN_POINT('',(195.666968357028,-44.8216596529655,5.23751968503903));
#9726=CARTESIAN_POINT('Origin',(208.866968357028,-44.8216596529655,5.23751968503903));
#9727=CARTESIAN_POINT('',(208.866968357028,-44.8216596529655,5.23751968503903));
#9728=CARTESIAN_POINT('',(195.666968357028,-44.8216596529655,5.23751968503903));
#9729=CARTESIAN_POINT('',(208.866968357028,-44.8216596529655,5.23751968503903));
#9730=CARTESIAN_POINT('Origin',(208.866968357028,-44.3216596529655,5.23751968503903));
#9731=CARTESIAN_POINT('',(209.366968357028,-44.3216596529655,5.23751968503903));
#9732=CARTESIAN_POINT('Origin',(208.866968357028,-44.3216596529655,5.23751968503903));
#9733=CARTESIAN_POINT('',(209.366968357028,-44.3216596529655,5.23751968503903));
#9734=CARTESIAN_POINT('Origin',(209.366968357028,-31.1216596529655,5.23751968503903));
#9735=CARTESIAN_POINT('',(209.366968357028,-31.1216596529655,5.23751968503903));
#9736=CARTESIAN_POINT('',(209.366968357028,-31.1216596529655,5.23751968503903));
#9737=CARTESIAN_POINT('',(209.366968357028,-31.1216596529655,5.23751968503903));
#9738=CARTESIAN_POINT('Origin',(208.866968357028,-31.1216596529655,5.23751968503903));
#9739=CARTESIAN_POINT('',(208.866968357028,-30.6216596529655,5.23751968503903));
#9740=CARTESIAN_POINT('Origin',(208.866968357028,-31.1216596529655,5.23751968503903));
#9741=CARTESIAN_POINT('',(208.866968357028,-30.6216596529655,5.23751968503903));
#9742=CARTESIAN_POINT('Origin',(195.666968357028,-30.6216596529655,5.23751968503903));
#9743=CARTESIAN_POINT('',(195.666968357028,-30.6216596529655,5.23751968503903));
#9744=CARTESIAN_POINT('',(195.666968357028,-30.6216596529655,5.23751968503903));
#9745=CARTESIAN_POINT('',(195.666968357028,-30.6216596529655,5.23751968503903));
#9746=CARTESIAN_POINT('Origin',(195.666968357028,-31.1216596529655,5.23751968503903));
#9747=CARTESIAN_POINT('Origin',(195.666968357028,-31.1216596529655,5.23751968503903));
#9748=CARTESIAN_POINT('Origin',(233.266968357028,-44.3216596529655,5.23751968503903));
#9749=CARTESIAN_POINT('',(233.266968357028,-44.3216596529655,5.23751968503903));
#9750=CARTESIAN_POINT('',(233.266968357028,-31.1216596529655,5.23751968503903));
#9751=CARTESIAN_POINT('',(233.266968357028,-31.1216596529655,5.23751968503903));
#9752=CARTESIAN_POINT('',(233.266968357028,-31.1216596529655,5.23751968503903));
#9753=CARTESIAN_POINT('',(233.266968357028,-44.3216596529655,5.23751968503903));
#9754=CARTESIAN_POINT('Origin',(233.766968357028,-44.3216596529655,5.23751968503903));
#9755=CARTESIAN_POINT('',(233.766968357028,-44.8216596529655,5.23751968503903));
#9756=CARTESIAN_POINT('Origin',(233.766968357028,-44.3216596529655,5.23751968503903));
#9757=CARTESIAN_POINT('',(233.766968357028,-44.8216596529655,5.23751968503903));
#9758=CARTESIAN_POINT('Origin',(246.966968357028,-44.8216596529655,5.23751968503903));
#9759=CARTESIAN_POINT('',(246.966968357028,-44.8216596529655,5.23751968503903));
#9760=CARTESIAN_POINT('',(233.766968357028,-44.8216596529655,5.23751968503903));
#9761=CARTESIAN_POINT('',(246.966968357028,-44.8216596529655,5.23751968503903));
#9762=CARTESIAN_POINT('Origin',(246.966968357028,-44.3216596529655,5.23751968503903));
#9763=CARTESIAN_POINT('',(247.466968357028,-44.3216596529655,5.23751968503903));
#9764=CARTESIAN_POINT('Origin',(246.966968357028,-44.3216596529655,5.23751968503903));
#9765=CARTESIAN_POINT('',(247.466968357028,-44.3216596529655,5.23751968503903));
#9766=CARTESIAN_POINT('Origin',(247.466968357028,-31.1216596529655,5.23751968503903));
#9767=CARTESIAN_POINT('',(247.466968357028,-31.1216596529655,5.23751968503903));
#9768=CARTESIAN_POINT('',(247.466968357028,-31.1216596529655,5.23751968503903));
#9769=CARTESIAN_POINT('',(247.466968357028,-31.1216596529655,5.23751968503903));
#9770=CARTESIAN_POINT('Origin',(246.966968357028,-31.1216596529655,5.23751968503903));
#9771=CARTESIAN_POINT('',(246.966968357028,-30.6216596529655,5.23751968503903));
#9772=CARTESIAN_POINT('Origin',(246.966968357028,-31.1216596529655,5.23751968503903));
#9773=CARTESIAN_POINT('',(246.966968357028,-30.6216596529655,5.23751968503903));
#9774=CARTESIAN_POINT('Origin',(233.766968357028,-30.6216596529655,5.23751968503903));
#9775=CARTESIAN_POINT('',(233.766968357028,-30.6216596529655,5.23751968503903));
#9776=CARTESIAN_POINT('',(233.766968357028,-30.6216596529655,5.23751968503903));
#9777=CARTESIAN_POINT('',(233.766968357028,-30.6216596529655,5.23751968503903));
#9778=CARTESIAN_POINT('Origin',(233.766968357028,-31.1216596529655,5.23751968503903));
#9779=CARTESIAN_POINT('Origin',(233.766968357028,-31.1216596529655,5.23751968503903));
#9780=CARTESIAN_POINT('Origin',(280.891968357028,-44.3216596529655,5.23751968503904));
#9781=CARTESIAN_POINT('',(280.891968357028,-44.3216596529655,5.23751968503904));
#9782=CARTESIAN_POINT('',(280.891968357028,-31.1216596529655,5.23751968503904));
#9783=CARTESIAN_POINT('',(280.891968357028,-31.1216596529655,5.23751968503904));
#9784=CARTESIAN_POINT('',(280.891968357028,-31.1216596529655,5.23751968503904));
#9785=CARTESIAN_POINT('',(280.891968357028,-44.3216596529655,5.23751968503904));
#9786=CARTESIAN_POINT('Origin',(281.391968357028,-44.3216596529655,5.23751968503904));
#9787=CARTESIAN_POINT('',(281.391968357028,-44.8216596529655,5.23751968503904));
#9788=CARTESIAN_POINT('Origin',(281.391968357028,-44.3216596529655,5.23751968503904));
#9789=CARTESIAN_POINT('',(281.391968357028,-44.8216596529655,5.23751968503904));
#9790=CARTESIAN_POINT('Origin',(294.591968357028,-44.8216596529655,5.23751968503904));
#9791=CARTESIAN_POINT('',(294.591968357028,-44.8216596529655,5.23751968503904));
#9792=CARTESIAN_POINT('',(281.391968357028,-44.8216596529655,5.23751968503904));
#9793=CARTESIAN_POINT('',(294.591968357028,-44.8216596529655,5.23751968503904));
#9794=CARTESIAN_POINT('Origin',(294.591968357028,-44.3216596529655,5.23751968503904));
#9795=CARTESIAN_POINT('',(295.091968357028,-44.3216596529655,5.23751968503904));
#9796=CARTESIAN_POINT('Origin',(294.591968357028,-44.3216596529655,5.23751968503904));
#9797=CARTESIAN_POINT('',(295.091968357028,-44.3216596529655,5.23751968503904));
#9798=CARTESIAN_POINT('Origin',(295.091968357028,-31.1216596529655,5.23751968503904));
#9799=CARTESIAN_POINT('',(295.091968357028,-31.1216596529655,5.23751968503904));
#9800=CARTESIAN_POINT('',(295.091968357028,-31.1216596529655,5.23751968503904));
#9801=CARTESIAN_POINT('',(295.091968357028,-31.1216596529655,5.23751968503904));
#9802=CARTESIAN_POINT('Origin',(294.591968357028,-31.1216596529655,5.23751968503904));
#9803=CARTESIAN_POINT('',(294.591968357028,-30.6216596529655,5.23751968503904));
#9804=CARTESIAN_POINT('Origin',(294.591968357028,-31.1216596529655,5.23751968503904));
#9805=CARTESIAN_POINT('',(294.591968357028,-30.6216596529655,5.23751968503904));
#9806=CARTESIAN_POINT('Origin',(281.391968357028,-30.6216596529655,5.23751968503904));
#9807=CARTESIAN_POINT('',(281.391968357028,-30.6216596529655,5.23751968503904));
#9808=CARTESIAN_POINT('',(281.391968357028,-30.6216596529655,5.23751968503904));
#9809=CARTESIAN_POINT('',(281.391968357028,-30.6216596529655,5.23751968503904));
#9810=CARTESIAN_POINT('Origin',(281.391968357028,-31.1216596529655,5.23751968503904));
#9811=CARTESIAN_POINT('Origin',(281.391968357028,-31.1216596529655,5.23751968503904));
#9812=CARTESIAN_POINT('Origin',(223.741968357028,-63.3716596529655,5.23751968503903));
#9813=CARTESIAN_POINT('',(223.741968357028,-63.3716596529655,5.23751968503903));
#9814=CARTESIAN_POINT('',(223.741968357028,-50.1716596529655,5.23751968503903));
#9815=CARTESIAN_POINT('',(223.741968357028,-50.1716596529655,5.23751968503903));
#9816=CARTESIAN_POINT('',(223.741968357028,-50.1716596529655,5.23751968503903));
#9817=CARTESIAN_POINT('',(223.741968357028,-63.3716596529655,5.23751968503903));
#9818=CARTESIAN_POINT('Origin',(224.241968357028,-63.3716596529655,5.23751968503903));
#9819=CARTESIAN_POINT('',(224.241968357028,-63.8716596529655,5.23751968503903));
#9820=CARTESIAN_POINT('Origin',(224.241968357028,-63.3716596529655,5.23751968503903));
#9821=CARTESIAN_POINT('',(224.241968357028,-63.8716596529655,5.23751968503903));
#9822=CARTESIAN_POINT('Origin',(237.441968357028,-63.8716596529655,5.23751968503903));
#9823=CARTESIAN_POINT('',(237.441968357028,-63.8716596529655,5.23751968503903));
#9824=CARTESIAN_POINT('',(224.241968357028,-63.8716596529655,5.23751968503903));
#9825=CARTESIAN_POINT('',(237.441968357028,-63.8716596529655,5.23751968503903));
#9826=CARTESIAN_POINT('Origin',(237.441968357028,-63.3716596529655,5.23751968503903));
#9827=CARTESIAN_POINT('',(237.941968357028,-63.3716596529655,5.23751968503903));
#9828=CARTESIAN_POINT('Origin',(237.441968357028,-63.3716596529655,5.23751968503903));
#9829=CARTESIAN_POINT('',(237.941968357028,-63.3716596529655,5.23751968503903));
#9830=CARTESIAN_POINT('Origin',(237.941968357028,-50.1716596529655,5.23751968503903));
#9831=CARTESIAN_POINT('',(237.941968357028,-50.1716596529655,5.23751968503903));
#9832=CARTESIAN_POINT('',(237.941968357028,-50.1716596529655,5.23751968503903));
#9833=CARTESIAN_POINT('',(237.941968357028,-50.1716596529655,5.23751968503903));
#9834=CARTESIAN_POINT('Origin',(237.441968357028,-50.1716596529655,5.23751968503903));
#9835=CARTESIAN_POINT('',(237.441968357028,-49.6716596529655,5.23751968503903));
#9836=CARTESIAN_POINT('Origin',(237.441968357028,-50.1716596529655,5.23751968503903));
#9837=CARTESIAN_POINT('',(237.441968357028,-49.6716596529655,5.23751968503903));
#9838=CARTESIAN_POINT('Origin',(224.241968357028,-49.6716596529655,5.23751968503903));
#9839=CARTESIAN_POINT('',(224.241968357028,-49.6716596529655,5.23751968503903));
#9840=CARTESIAN_POINT('',(224.241968357028,-49.6716596529655,5.23751968503903));
#9841=CARTESIAN_POINT('',(224.241968357028,-49.6716596529655,5.23751968503903));
#9842=CARTESIAN_POINT('Origin',(224.241968357028,-50.1716596529655,5.23751968503903));
#9843=CARTESIAN_POINT('Origin',(224.241968357028,-50.1716596529655,5.23751968503903));
#9844=CARTESIAN_POINT('Origin',(288.035718357028,-120.521659652966,5.23751968503903));
#9845=CARTESIAN_POINT('',(288.035718357028,-120.521659652966,5.23751968503903));
#9846=CARTESIAN_POINT('',(288.035718357028,-107.321659652966,5.23751968503903));
#9847=CARTESIAN_POINT('',(288.035718357028,-107.321659652966,5.23751968503903));
#9848=CARTESIAN_POINT('',(288.035718357028,-107.321659652966,5.23751968503903));
#9849=CARTESIAN_POINT('',(288.035718357028,-120.521659652966,5.23751968503903));
#9850=CARTESIAN_POINT('Origin',(288.535718357028,-120.521659652966,5.23751968503903));
#9851=CARTESIAN_POINT('',(288.535718357028,-121.021659652966,5.23751968503903));
#9852=CARTESIAN_POINT('Origin',(288.535718357028,-120.521659652966,5.23751968503903));
#9853=CARTESIAN_POINT('',(288.535718357028,-121.021659652966,5.23751968503903));
#9854=CARTESIAN_POINT('Origin',(301.735718357028,-121.021659652966,5.23751968503903));
#9855=CARTESIAN_POINT('',(301.735718357028,-121.021659652966,5.23751968503903));
#9856=CARTESIAN_POINT('',(288.535718357028,-121.021659652966,5.23751968503903));
#9857=CARTESIAN_POINT('',(301.735718357028,-121.021659652966,5.23751968503903));
#9858=CARTESIAN_POINT('Origin',(301.735718357028,-120.521659652966,5.23751968503903));
#9859=CARTESIAN_POINT('',(302.235718357028,-120.521659652966,5.23751968503903));
#9860=CARTESIAN_POINT('Origin',(301.735718357028,-120.521659652966,5.23751968503903));
#9861=CARTESIAN_POINT('',(302.235718357028,-120.521659652966,5.23751968503903));
#9862=CARTESIAN_POINT('Origin',(302.235718357028,-107.321659652966,5.23751968503903));
#9863=CARTESIAN_POINT('',(302.235718357028,-107.321659652966,5.23751968503903));
#9864=CARTESIAN_POINT('',(302.235718357028,-107.321659652966,5.23751968503903));
#9865=CARTESIAN_POINT('',(302.235718357028,-107.321659652966,5.23751968503903));
#9866=CARTESIAN_POINT('Origin',(301.735718357028,-107.321659652966,5.23751968503903));
#9867=CARTESIAN_POINT('',(301.735718357028,-106.821659652966,5.23751968503903));
#9868=CARTESIAN_POINT('Origin',(301.735718357028,-107.321659652966,5.23751968503903));
#9869=CARTESIAN_POINT('',(301.735718357028,-106.821659652966,5.23751968503903));
#9870=CARTESIAN_POINT('Origin',(288.535718357028,-106.821659652966,5.23751968503903));
#9871=CARTESIAN_POINT('',(288.535718357028,-106.821659652966,5.23751968503903));
#9872=CARTESIAN_POINT('',(288.535718357028,-106.821659652966,5.23751968503903));
#9873=CARTESIAN_POINT('',(288.535718357028,-106.821659652966,5.23751968503903));
#9874=CARTESIAN_POINT('Origin',(288.535718357028,-107.321659652966,5.23751968503903));
#9875=CARTESIAN_POINT('Origin',(288.535718357028,-107.321659652966,5.23751968503903));
#9876=CARTESIAN_POINT('Origin',(180.291968357028,-63.3716596529655,5.23751968503902));
#9877=CARTESIAN_POINT('',(180.791968357028,-63.3716596529655,5.23751968503902));
#9878=CARTESIAN_POINT('',(180.291968357028,-63.8716596529655,5.23751968503902));
#9879=CARTESIAN_POINT('Origin',(180.291968357028,-63.3716596529655,5.23751968503902));
#9880=CARTESIAN_POINT('',(180.291968357028,-63.8716596529655,5.23751968503902));
#9881=CARTESIAN_POINT('',(180.791968357028,-63.3716596529655,5.23751968503902));
#9882=CARTESIAN_POINT('Origin',(180.791968357028,-50.1716596529655,5.23751968503903));
#9883=CARTESIAN_POINT('',(180.791968357028,-50.1716596529655,5.23751968503903));
#9884=CARTESIAN_POINT('',(180.791968357028,-50.1716596529655,5.23751968503903));
#9885=CARTESIAN_POINT('',(180.791968357028,-50.1716596529655,5.23751968503903));
#9886=CARTESIAN_POINT('Origin',(180.291968357028,-50.1716596529655,5.23751968503903));
#9887=CARTESIAN_POINT('',(180.291968357028,-49.6716596529655,5.23751968503902));
#9888=CARTESIAN_POINT('Origin',(180.291968357028,-50.1716596529655,5.23751968503903));
#9889=CARTESIAN_POINT('',(180.291968357028,-49.6716596529655,5.23751968503902));
#9890=CARTESIAN_POINT('Origin',(167.091968357028,-49.6716596529655,5.23751968503902));
#9891=CARTESIAN_POINT('',(180.,-49.6716596529655,5.23751968503902));
#9892=CARTESIAN_POINT('',(180.,-49.6716596529655,5.61251968503902));
#9893=CARTESIAN_POINT('',(167.091968357028,-49.6716596529655,5.23751968503902));
#9894=CARTESIAN_POINT('Origin',(264.223218357028,-120.521659652966,5.23751968503903));
#9895=CARTESIAN_POINT('',(264.223218357028,-120.521659652966,5.23751968503903));
#9896=CARTESIAN_POINT('',(264.223218357028,-107.321659652966,5.23751968503903));
#9897=CARTESIAN_POINT('',(264.223218357028,-107.321659652966,5.23751968503903));
#9898=CARTESIAN_POINT('',(264.223218357028,-107.321659652966,5.23751968503903));
#9899=CARTESIAN_POINT('',(264.223218357028,-120.521659652966,5.23751968503903));
#9900=CARTESIAN_POINT('Origin',(264.723218357028,-120.521659652966,5.23751968503903));
#9901=CARTESIAN_POINT('',(264.723218357028,-121.021659652965,5.23751968503903));
#9902=CARTESIAN_POINT('Origin',(264.723218357028,-120.521659652966,5.23751968503903));
#9903=CARTESIAN_POINT('',(264.723218357028,-121.021659652965,5.23751968503903));
#9904=CARTESIAN_POINT('Origin',(277.923218357028,-121.021659652966,5.23751968503903));
#9905=CARTESIAN_POINT('',(277.923218357028,-121.021659652966,5.23751968503903));
#9906=CARTESIAN_POINT('',(264.723218357028,-121.021659652966,5.23751968503903));
#9907=CARTESIAN_POINT('',(277.923218357028,-121.021659652966,5.23751968503903));
#9908=CARTESIAN_POINT('Origin',(277.923218357028,-120.521659652966,5.23751968503903));
#9909=CARTESIAN_POINT('',(278.423218357028,-120.521659652966,5.23751968503903));
#9910=CARTESIAN_POINT('Origin',(277.923218357028,-120.521659652966,5.23751968503903));
#9911=CARTESIAN_POINT('',(278.423218357028,-120.521659652966,5.23751968503903));
#9912=CARTESIAN_POINT('Origin',(278.423218357028,-107.321659652966,5.23751968503903));
#9913=CARTESIAN_POINT('',(278.423218357028,-107.321659652966,5.23751968503903));
#9914=CARTESIAN_POINT('',(278.423218357028,-107.321659652966,5.23751968503903));
#9915=CARTESIAN_POINT('',(278.423218357028,-107.321659652966,5.23751968503903));
#9916=CARTESIAN_POINT('Origin',(277.923218357028,-107.321659652966,5.23751968503903));
#9917=CARTESIAN_POINT('',(277.923218357028,-106.821659652966,5.23751968503903));
#9918=CARTESIAN_POINT('Origin',(277.923218357028,-107.321659652966,5.23751968503903));
#9919=CARTESIAN_POINT('',(277.923218357028,-106.821659652966,5.23751968503903));
#9920=CARTESIAN_POINT('Origin',(264.723218357028,-106.821659652966,5.23751968503903));
#9921=CARTESIAN_POINT('',(264.723218357028,-106.821659652966,5.23751968503903));
#9922=CARTESIAN_POINT('',(264.723218357028,-106.821659652966,5.23751968503903));
#9923=CARTESIAN_POINT('',(264.723218357028,-106.821659652966,5.23751968503903));
#9924=CARTESIAN_POINT('Origin',(264.723218357028,-107.321659652966,5.23751968503903));
#9925=CARTESIAN_POINT('Origin',(264.723218357028,-107.321659652966,5.23751968503903));
#9926=CARTESIAN_POINT('Origin',(185.054468357028,-82.4216596529655,5.23751968503902));
#9927=CARTESIAN_POINT('',(185.554468357028,-82.4216596529655,5.23751968503902));
#9928=CARTESIAN_POINT('',(185.054468357028,-82.9216596529655,5.23751968503902));
#9929=CARTESIAN_POINT('Origin',(185.054468357028,-82.4216596529655,5.23751968503902));
#9930=CARTESIAN_POINT('',(185.054468357028,-82.9216596529655,5.23751968503902));
#9931=CARTESIAN_POINT('',(185.554468357028,-82.4216596529655,5.23751968503902));
#9932=CARTESIAN_POINT('Origin',(185.554468357028,-69.2216596529655,5.23751968503902));
#9933=CARTESIAN_POINT('',(185.554468357028,-69.2216596529655,5.23751968503902));
#9934=CARTESIAN_POINT('',(185.554468357028,-69.2216596529655,5.23751968503902));
#9935=CARTESIAN_POINT('',(185.554468357028,-69.2216596529655,5.23751968503902));
#9936=CARTESIAN_POINT('Origin',(185.054468357028,-69.2216596529655,5.23751968503902));
#9937=CARTESIAN_POINT('',(185.054468357028,-68.7216596529655,5.23751968503902));
#9938=CARTESIAN_POINT('Origin',(185.054468357028,-69.2216596529655,5.23751968503902));
#9939=CARTESIAN_POINT('',(185.054468357028,-68.7216596529655,5.23751968503902));
#9940=CARTESIAN_POINT('Origin',(171.854468357028,-68.7216596529655,5.23751968503902));
#9941=CARTESIAN_POINT('',(180.,-68.7216596529655,5.23751968503902));
#9942=CARTESIAN_POINT('',(180.,-68.7216596529655,5.61251968503902));
#9943=CARTESIAN_POINT('',(171.854468357028,-68.7216596529655,5.23751968503902));
#9944=CARTESIAN_POINT('Origin',(238.029468357028,-101.471659652966,5.23751968503903));
#9945=CARTESIAN_POINT('',(238.029468357028,-101.471659652966,5.23751968503903));
#9946=CARTESIAN_POINT('',(238.029468357028,-88.2716596529655,5.23751968503903));
#9947=CARTESIAN_POINT('',(238.029468357028,-88.2716596529655,5.23751968503903));
#9948=CARTESIAN_POINT('',(238.029468357028,-88.2716596529655,5.23751968503903));
#9949=CARTESIAN_POINT('',(238.029468357028,-101.471659652966,5.23751968503903));
#9950=CARTESIAN_POINT('Origin',(238.529468357028,-101.471659652966,5.23751968503903));
#9951=CARTESIAN_POINT('',(238.529468357028,-101.971659652966,5.23751968503903));
#9952=CARTESIAN_POINT('Origin',(238.529468357028,-101.471659652966,5.23751968503903));
#9953=CARTESIAN_POINT('',(238.529468357028,-101.971659652966,5.23751968503903));
#9954=CARTESIAN_POINT('Origin',(251.729468357028,-101.971659652966,5.23751968503903));
#9955=CARTESIAN_POINT('',(251.729468357028,-101.971659652966,5.23751968503903));
#9956=CARTESIAN_POINT('',(238.529468357028,-101.971659652966,5.23751968503903));
#9957=CARTESIAN_POINT('',(251.729468357028,-101.971659652966,5.23751968503903));
#9958=CARTESIAN_POINT('Origin',(251.729468357028,-101.471659652966,5.23751968503903));
#9959=CARTESIAN_POINT('',(252.229468357028,-101.471659652966,5.23751968503903));
#9960=CARTESIAN_POINT('Origin',(251.729468357028,-101.471659652966,5.23751968503903));
#9961=CARTESIAN_POINT('',(252.229468357028,-101.471659652966,5.23751968503903));
#9962=CARTESIAN_POINT('Origin',(252.229468357028,-88.2716596529655,5.23751968503903));
#9963=CARTESIAN_POINT('',(252.229468357028,-88.2716596529655,5.23751968503903));
#9964=CARTESIAN_POINT('',(252.229468357028,-88.2716596529655,5.23751968503903));
#9965=CARTESIAN_POINT('',(252.229468357028,-88.2716596529655,5.23751968503903));
#9966=CARTESIAN_POINT('Origin',(251.729468357028,-88.2716596529655,5.23751968503903));
#9967=CARTESIAN_POINT('',(251.729468357028,-87.7716596529655,5.23751968503903));
#9968=CARTESIAN_POINT('Origin',(251.729468357028,-88.2716596529655,5.23751968503903));
#9969=CARTESIAN_POINT('',(251.729468357028,-87.7716596529655,5.23751968503903));
#9970=CARTESIAN_POINT('Origin',(238.529468357028,-87.7716596529655,5.23751968503903));
#9971=CARTESIAN_POINT('',(238.529468357028,-87.7716596529655,5.23751968503903));
#9972=CARTESIAN_POINT('',(238.529468357028,-87.7716596529655,5.23751968503903));
#9973=CARTESIAN_POINT('',(238.529468357028,-87.7716596529655,5.23751968503903));
#9974=CARTESIAN_POINT('Origin',(238.529468357028,-88.2716596529655,5.23751968503903));
#9975=CARTESIAN_POINT('Origin',(238.529468357028,-88.2716596529655,5.23751968503903));
#9976=CARTESIAN_POINT('Origin',(272.453968357028,-46.3216596529655,5.23751968503904));
#9977=CARTESIAN_POINT('',(272.453968357028,-46.3216596529655,5.23751968503904));
#9978=CARTESIAN_POINT('',(272.453968357028,-32.1216596529655,5.23751968503904));
#9979=CARTESIAN_POINT('',(272.453968357028,-32.1216596529655,5.23751968503904));
#9980=CARTESIAN_POINT('',(272.453968357028,-32.1216596529655,5.23751968503904));
#9981=CARTESIAN_POINT('',(272.453968357028,-46.3216596529655,5.23751968503904));
#9982=CARTESIAN_POINT('Origin',(272.953968357028,-46.3216596529655,5.23751968503904));
#9983=CARTESIAN_POINT('',(272.953968357028,-46.8216596529655,5.23751968503904));
#9984=CARTESIAN_POINT('Origin',(272.953968357028,-46.3216596529655,5.23751968503904));
#9985=CARTESIAN_POINT('',(272.953968357028,-46.8216596529655,5.23751968503904));
#9986=CARTESIAN_POINT('Origin',(279.153968357028,-46.8216596529655,5.23751968503904));
#9987=CARTESIAN_POINT('',(279.153968357028,-46.8216596529655,5.23751968503904));
#9988=CARTESIAN_POINT('',(272.953968357028,-46.8216596529655,5.23751968503904));
#9989=CARTESIAN_POINT('',(279.153968357028,-46.8216596529655,5.23751968503904));
#9990=CARTESIAN_POINT('Origin',(279.153968357028,-46.3216596529655,5.23751968503904));
#9991=CARTESIAN_POINT('',(279.653968357028,-46.3216596529655,5.23751968503904));
#9992=CARTESIAN_POINT('Origin',(279.153968357028,-46.3216596529655,5.23751968503904));
#9993=CARTESIAN_POINT('',(279.653968357028,-46.3216596529655,5.23751968503904));
#9994=CARTESIAN_POINT('Origin',(279.653968357028,-32.1216596529655,5.23751968503904));
#9995=CARTESIAN_POINT('',(279.653968357028,-32.1216596529655,5.23751968503904));
#9996=CARTESIAN_POINT('',(279.653968357028,-32.1216596529655,5.23751968503904));
#9997=CARTESIAN_POINT('',(279.653968357028,-32.1216596529655,5.23751968503904));
#9998=CARTESIAN_POINT('Origin',(279.153968357028,-32.1216596529655,5.23751968503904));
#9999=CARTESIAN_POINT('',(279.153968357028,-31.6216596529655,5.23751968503904));
#10000=CARTESIAN_POINT('Origin',(279.153968357028,-32.1216596529655,5.23751968503904));
#10001=CARTESIAN_POINT('',(279.153968357028,-31.6216596529655,5.23751968503904));
#10002=CARTESIAN_POINT('Origin',(272.953968357028,-31.6216596529655,5.23751968503904));
#10003=CARTESIAN_POINT('',(272.953968357028,-31.6216596529655,5.23751968503904));
#10004=CARTESIAN_POINT('',(272.953968357028,-31.6216596529655,5.23751968503904));
#10005=CARTESIAN_POINT('',(272.953968357028,-31.6216596529655,5.23751968503904));
#10006=CARTESIAN_POINT('Origin',(272.953968357028,-32.1216596529655,5.23751968503904));
#10007=CARTESIAN_POINT('Origin',(272.953968357028,-32.1216596529655,5.23751968503904));
#10008=CARTESIAN_POINT('Origin',(278.510718357028,-82.4216596529655,5.23751968503903));
#10009=CARTESIAN_POINT('',(278.510718357028,-82.4216596529655,5.23751968503903));
#10010=CARTESIAN_POINT('',(278.510718357028,-69.2216596529655,5.23751968503903));
#10011=CARTESIAN_POINT('',(278.510718357028,-69.2216596529655,5.23751968503903));
#10012=CARTESIAN_POINT('',(278.510718357028,-69.2216596529655,5.23751968503903));
#10013=CARTESIAN_POINT('',(278.510718357028,-82.4216596529655,5.23751968503903));
#10014=CARTESIAN_POINT('Origin',(279.010718357028,-82.4216596529655,5.23751968503903));
#10015=CARTESIAN_POINT('',(279.010718357028,-82.9216596529655,5.23751968503903));
#10016=CARTESIAN_POINT('Origin',(279.010718357028,-82.4216596529655,5.23751968503903));
#10017=CARTESIAN_POINT('',(279.010718357028,-82.9216596529655,5.23751968503903));
#10018=CARTESIAN_POINT('Origin',(292.210718357028,-82.9216596529655,5.23751968503903));
#10019=CARTESIAN_POINT('',(292.210718357028,-82.9216596529655,5.23751968503903));
#10020=CARTESIAN_POINT('',(279.010718357028,-82.9216596529655,5.23751968503903));
#10021=CARTESIAN_POINT('',(292.210718357028,-82.9216596529655,5.23751968503903));
#10022=CARTESIAN_POINT('Origin',(292.210718357028,-82.4216596529655,5.23751968503903));
#10023=CARTESIAN_POINT('',(292.710718357028,-82.4216596529655,5.23751968503903));
#10024=CARTESIAN_POINT('Origin',(292.210718357028,-82.4216596529655,5.23751968503903));
#10025=CARTESIAN_POINT('',(292.710718357028,-82.4216596529655,5.23751968503903));
#10026=CARTESIAN_POINT('Origin',(292.710718357028,-69.2216596529655,5.23751968503904));
#10027=CARTESIAN_POINT('',(292.710718357028,-69.2216596529655,5.23751968503904));
#10028=CARTESIAN_POINT('',(292.710718357028,-69.2216596529655,5.23751968503904));
#10029=CARTESIAN_POINT('',(292.710718357028,-69.2216596529655,5.23751968503904));
#10030=CARTESIAN_POINT('Origin',(292.210718357028,-69.2216596529655,5.23751968503904));
#10031=CARTESIAN_POINT('',(292.210718357028,-68.7216596529655,5.23751968503904));
#10032=CARTESIAN_POINT('Origin',(292.210718357028,-69.2216596529655,5.23751968503904));
#10033=CARTESIAN_POINT('',(292.210718357028,-68.7216596529655,5.23751968503904));
#10034=CARTESIAN_POINT('Origin',(279.010718357028,-68.7216596529655,5.23751968503904));
#10035=CARTESIAN_POINT('',(279.010718357028,-68.7216596529655,5.23751968503904));
#10036=CARTESIAN_POINT('',(279.010718357028,-68.7216596529655,5.23751968503904));
#10037=CARTESIAN_POINT('',(279.010718357028,-68.7216596529655,5.23751968503904));
#10038=CARTESIAN_POINT('Origin',(279.010718357028,-69.2216596529655,5.23751968503904));
#10039=CARTESIAN_POINT('Origin',(279.010718357028,-69.2216596529655,5.23751968503904));
#10040=CARTESIAN_POINT('Origin',(273.748218357028,-101.471659652966,5.23751968503903));
#10041=CARTESIAN_POINT('',(273.748218357028,-101.471659652966,5.23751968503903));
#10042=CARTESIAN_POINT('',(273.748218357028,-88.2716596529655,5.23751968503903));
#10043=CARTESIAN_POINT('',(273.748218357028,-88.2716596529655,5.23751968503903));
#10044=CARTESIAN_POINT('',(273.748218357028,-88.2716596529655,5.23751968503903));
#10045=CARTESIAN_POINT('',(273.748218357028,-101.471659652966,5.23751968503903));
#10046=CARTESIAN_POINT('Origin',(274.248218357028,-101.471659652966,5.23751968503903));
#10047=CARTESIAN_POINT('',(274.248218357028,-101.971659652965,5.23751968503903));
#10048=CARTESIAN_POINT('Origin',(274.248218357028,-101.471659652966,5.23751968503903));
#10049=CARTESIAN_POINT('',(274.248218357028,-101.971659652965,5.23751968503903));
#10050=CARTESIAN_POINT('Origin',(287.448218357028,-101.971659652966,5.23751968503903));
#10051=CARTESIAN_POINT('',(287.448218357028,-101.971659652966,5.23751968503903));
#10052=CARTESIAN_POINT('',(274.248218357028,-101.971659652966,5.23751968503903));
#10053=CARTESIAN_POINT('',(287.448218357028,-101.971659652966,5.23751968503903));
#10054=CARTESIAN_POINT('Origin',(287.448218357028,-101.471659652966,5.23751968503903));
#10055=CARTESIAN_POINT('',(287.948218357028,-101.471659652966,5.23751968503903));
#10056=CARTESIAN_POINT('Origin',(287.448218357028,-101.471659652966,5.23751968503903));
#10057=CARTESIAN_POINT('',(287.948218357028,-101.471659652966,5.23751968503903));
#10058=CARTESIAN_POINT('Origin',(287.948218357028,-88.2716596529655,5.23751968503903));
#10059=CARTESIAN_POINT('',(287.948218357028,-88.2716596529655,5.23751968503903));
#10060=CARTESIAN_POINT('',(287.948218357028,-88.2716596529655,5.23751968503903));
#10061=CARTESIAN_POINT('',(287.948218357028,-88.2716596529655,5.23751968503903));
#10062=CARTESIAN_POINT('Origin',(287.448218357028,-88.2716596529655,5.23751968503903));
#10063=CARTESIAN_POINT('',(287.448218357028,-87.7716596529655,5.23751968503903));
#10064=CARTESIAN_POINT('Origin',(287.448218357028,-88.2716596529655,5.23751968503903));
#10065=CARTESIAN_POINT('',(287.448218357028,-87.7716596529655,5.23751968503903));
#10066=CARTESIAN_POINT('Origin',(274.248218357028,-87.7716596529655,5.23751968503903));
#10067=CARTESIAN_POINT('',(274.248218357028,-87.7716596529655,5.23751968503903));
#10068=CARTESIAN_POINT('',(274.248218357028,-87.7716596529655,5.23751968503903));
#10069=CARTESIAN_POINT('',(274.248218357028,-87.7716596529655,5.23751968503903));
#10070=CARTESIAN_POINT('Origin',(274.248218357028,-88.2716596529655,5.23751968503903));
#10071=CARTESIAN_POINT('Origin',(274.248218357028,-88.2716596529655,5.23751968503903));
#10072=CARTESIAN_POINT('Origin',(285.654468357028,-63.3716596529655,5.23751968503904));
#10073=CARTESIAN_POINT('',(285.654468357028,-63.3716596529655,5.23751968503904));
#10074=CARTESIAN_POINT('',(285.654468357028,-50.1716596529655,5.23751968503904));
#10075=CARTESIAN_POINT('',(285.654468357028,-50.1716596529655,5.23751968503904));
#10076=CARTESIAN_POINT('',(285.654468357028,-50.1716596529655,5.23751968503904));
#10077=CARTESIAN_POINT('',(285.654468357028,-63.3716596529655,5.23751968503904));
#10078=CARTESIAN_POINT('Origin',(286.154468357028,-63.3716596529655,5.23751968503904));
#10079=CARTESIAN_POINT('',(286.154468357028,-63.8716596529655,5.23751968503904));
#10080=CARTESIAN_POINT('Origin',(286.154468357028,-63.3716596529655,5.23751968503904));
#10081=CARTESIAN_POINT('',(286.154468357028,-63.8716596529655,5.23751968503904));
#10082=CARTESIAN_POINT('Origin',(299.354468357028,-63.8716596529655,5.23751968503904));
#10083=CARTESIAN_POINT('',(299.354468357028,-63.8716596529655,5.23751968503904));
#10084=CARTESIAN_POINT('',(286.154468357028,-63.8716596529655,5.23751968503904));
#10085=CARTESIAN_POINT('',(299.354468357028,-63.8716596529655,5.23751968503904));
#10086=CARTESIAN_POINT('Origin',(299.354468357028,-63.3716596529655,5.23751968503904));
#10087=CARTESIAN_POINT('',(299.854468357028,-63.3716596529655,5.23751968503904));
#10088=CARTESIAN_POINT('Origin',(299.354468357028,-63.3716596529655,5.23751968503904));
#10089=CARTESIAN_POINT('',(299.854468357028,-63.3716596529655,5.23751968503904));
#10090=CARTESIAN_POINT('Origin',(299.854468357028,-50.1716596529655,5.23751968503904));
#10091=CARTESIAN_POINT('',(299.854468357028,-50.1716596529655,5.23751968503904));
#10092=CARTESIAN_POINT('',(299.854468357028,-50.1716596529655,5.23751968503904));
#10093=CARTESIAN_POINT('',(299.854468357028,-50.1716596529655,5.23751968503904));
#10094=CARTESIAN_POINT('Origin',(299.354468357028,-50.1716596529655,5.23751968503904));
#10095=CARTESIAN_POINT('',(299.354468357028,-49.6716596529655,5.23751968503904));
#10096=CARTESIAN_POINT('Origin',(299.354468357028,-50.1716596529655,5.23751968503904));
#10097=CARTESIAN_POINT('',(299.354468357028,-49.6716596529655,5.23751968503904));
#10098=CARTESIAN_POINT('Origin',(286.154468357028,-49.6716596529655,5.23751968503904));
#10099=CARTESIAN_POINT('',(286.154468357028,-49.6716596529655,5.23751968503904));
#10100=CARTESIAN_POINT('',(286.154468357028,-49.6716596529655,5.23751968503904));
#10101=CARTESIAN_POINT('',(286.154468357028,-49.6716596529655,5.23751968503904));
#10102=CARTESIAN_POINT('Origin',(286.154468357028,-50.1716596529655,5.23751968503904));
#10103=CARTESIAN_POINT('Origin',(286.154468357028,-50.1716596529655,5.23751968503904));
#10104=CARTESIAN_POINT('Origin',(180.879468357028,-101.471659652966,5.23751968503902));
#10105=CARTESIAN_POINT('',(180.879468357028,-101.471659652966,5.23751968503902));
#10106=CARTESIAN_POINT('',(180.879468357028,-88.2716596529655,5.23751968503902));
#10107=CARTESIAN_POINT('',(180.879468357028,-88.2716596529655,5.23751968503902));
#10108=CARTESIAN_POINT('',(180.879468357028,-88.2716596529655,5.23751968503902));
#10109=CARTESIAN_POINT('',(180.879468357028,-101.471659652966,5.23751968503902));
#10110=CARTESIAN_POINT('Origin',(181.379468357028,-101.471659652966,5.23751968503902));
#10111=CARTESIAN_POINT('',(181.379468357028,-101.971659652966,5.23751968503902));
#10112=CARTESIAN_POINT('Origin',(181.379468357028,-101.471659652966,5.23751968503902));
#10113=CARTESIAN_POINT('',(181.379468357028,-101.971659652966,5.23751968503902));
#10114=CARTESIAN_POINT('Origin',(194.579468357028,-101.971659652966,5.23751968503902));
#10115=CARTESIAN_POINT('',(194.579468357028,-101.971659652966,5.23751968503902));
#10116=CARTESIAN_POINT('',(181.379468357028,-101.971659652966,5.23751968503902));
#10117=CARTESIAN_POINT('',(194.579468357028,-101.971659652966,5.23751968503902));
#10118=CARTESIAN_POINT('Origin',(194.579468357028,-101.471659652966,5.23751968503902));
#10119=CARTESIAN_POINT('',(195.079468357028,-101.471659652966,5.23751968503902));
#10120=CARTESIAN_POINT('Origin',(194.579468357028,-101.471659652966,5.23751968503902));
#10121=CARTESIAN_POINT('',(195.079468357028,-101.471659652966,5.23751968503902));
#10122=CARTESIAN_POINT('Origin',(195.079468357028,-88.2716596529655,5.23751968503902));
#10123=CARTESIAN_POINT('',(195.079468357028,-88.2716596529655,5.23751968503902));
#10124=CARTESIAN_POINT('',(195.079468357028,-88.2716596529655,5.23751968503902));
#10125=CARTESIAN_POINT('',(195.079468357028,-88.2716596529655,5.23751968503902));
#10126=CARTESIAN_POINT('Origin',(194.579468357028,-88.2716596529655,5.23751968503902));
#10127=CARTESIAN_POINT('',(194.579468357028,-87.7716596529655,5.23751968503902));
#10128=CARTESIAN_POINT('Origin',(194.579468357028,-88.2716596529655,5.23751968503902));
#10129=CARTESIAN_POINT('',(194.579468357028,-87.7716596529655,5.23751968503902));
#10130=CARTESIAN_POINT('Origin',(181.379468357028,-87.7716596529655,5.23751968503902));
#10131=CARTESIAN_POINT('',(181.379468357028,-87.7716596529655,5.23751968503902));
#10132=CARTESIAN_POINT('',(181.379468357028,-87.7716596529655,5.23751968503902));
#10133=CARTESIAN_POINT('',(181.379468357028,-87.7716596529655,5.23751968503902));
#10134=CARTESIAN_POINT('Origin',(181.379468357028,-88.2716596529655,5.23751968503902));
#10135=CARTESIAN_POINT('Origin',(181.379468357028,-88.2716596529655,5.23751968503902));
#10136=CARTESIAN_POINT('Origin',(289.186218357028,-103.471659652966,5.23751968503903));
#10137=CARTESIAN_POINT('',(289.186218357028,-103.471659652966,5.23751968503903));
#10138=CARTESIAN_POINT('',(289.186218357028,-89.2716596529655,5.23751968503903));
#10139=CARTESIAN_POINT('',(289.186218357028,-89.2716596529655,5.23751968503903));
#10140=CARTESIAN_POINT('',(289.186218357028,-89.2716596529655,5.23751968503903));
#10141=CARTESIAN_POINT('',(289.186218357028,-103.471659652966,5.23751968503903));
#10142=CARTESIAN_POINT('Origin',(289.686218357028,-103.471659652966,5.23751968503903));
#10143=CARTESIAN_POINT('',(289.686218357028,-103.971659652966,5.23751968503903));
#10144=CARTESIAN_POINT('Origin',(289.686218357028,-103.471659652966,5.23751968503903));
#10145=CARTESIAN_POINT('',(289.686218357028,-103.971659652966,5.23751968503903));
#10146=CARTESIAN_POINT('Origin',(295.886218357028,-103.971659652966,5.23751968503903));
#10147=CARTESIAN_POINT('',(295.886218357028,-103.971659652966,5.23751968503903));
#10148=CARTESIAN_POINT('',(289.686218357028,-103.971659652966,5.23751968503903));
#10149=CARTESIAN_POINT('',(295.886218357028,-103.971659652966,5.23751968503903));
#10150=CARTESIAN_POINT('Origin',(295.886218357028,-103.471659652966,5.23751968503903));
#10151=CARTESIAN_POINT('',(296.386218357028,-103.471659652966,5.23751968503903));
#10152=CARTESIAN_POINT('Origin',(295.886218357028,-103.471659652966,5.23751968503903));
#10153=CARTESIAN_POINT('',(296.386218357028,-103.471659652966,5.23751968503903));
#10154=CARTESIAN_POINT('Origin',(296.386218357028,-89.2716596529655,5.23751968503903));
#10155=CARTESIAN_POINT('',(296.386218357028,-89.2716596529655,5.23751968503903));
#10156=CARTESIAN_POINT('',(296.386218357028,-89.2716596529655,5.23751968503903));
#10157=CARTESIAN_POINT('',(296.386218357028,-89.2716596529655,5.23751968503903));
#10158=CARTESIAN_POINT('Origin',(295.886218357028,-89.2716596529655,5.23751968503903));
#10159=CARTESIAN_POINT('',(295.886218357028,-88.7716596529655,5.23751968503903));
#10160=CARTESIAN_POINT('Origin',(295.886218357028,-89.2716596529655,5.23751968503903));
#10161=CARTESIAN_POINT('',(295.886218357028,-88.7716596529655,5.23751968503903));
#10162=CARTESIAN_POINT('Origin',(289.686218357028,-88.7716596529655,5.23751968503903));
#10163=CARTESIAN_POINT('',(289.686218357028,-88.7716596529655,5.23751968503903));
#10164=CARTESIAN_POINT('',(289.686218357028,-88.7716596529655,5.23751968503903));
#10165=CARTESIAN_POINT('',(289.686218357028,-88.7716596529655,5.23751968503903));
#10166=CARTESIAN_POINT('Origin',(289.686218357028,-89.2716596529655,5.23751968503903));
#10167=CARTESIAN_POINT('Origin',(289.686218357028,-89.2716596529655,5.23751968503903));
#10168=CARTESIAN_POINT('Origin',(242.791968357028,-63.3716596529655,5.23751968503903));
#10169=CARTESIAN_POINT('',(242.791968357028,-63.3716596529655,5.23751968503903));
#10170=CARTESIAN_POINT('',(242.791968357028,-50.1716596529655,5.23751968503903));
#10171=CARTESIAN_POINT('',(242.791968357028,-50.1716596529655,5.23751968503903));
#10172=CARTESIAN_POINT('',(242.791968357028,-50.1716596529655,5.23751968503903));
#10173=CARTESIAN_POINT('',(242.791968357028,-63.3716596529655,5.23751968503903));
#10174=CARTESIAN_POINT('Origin',(243.291968357028,-63.3716596529655,5.23751968503903));
#10175=CARTESIAN_POINT('',(243.291968357028,-63.8716596529655,5.23751968503903));
#10176=CARTESIAN_POINT('Origin',(243.291968357028,-63.3716596529655,5.23751968503903));
#10177=CARTESIAN_POINT('',(243.291968357028,-63.8716596529655,5.23751968503903));
#10178=CARTESIAN_POINT('Origin',(256.491968357028,-63.8716596529655,5.23751968503903));
#10179=CARTESIAN_POINT('',(256.491968357028,-63.8716596529655,5.23751968503903));
#10180=CARTESIAN_POINT('',(243.291968357028,-63.8716596529655,5.23751968503903));
#10181=CARTESIAN_POINT('',(256.491968357028,-63.8716596529655,5.23751968503903));
#10182=CARTESIAN_POINT('Origin',(256.491968357028,-63.3716596529655,5.23751968503903));
#10183=CARTESIAN_POINT('',(256.991968357028,-63.3716596529655,5.23751968503903));
#10184=CARTESIAN_POINT('Origin',(256.491968357028,-63.3716596529655,5.23751968503903));
#10185=CARTESIAN_POINT('',(256.991968357028,-63.3716596529655,5.23751968503903));
#10186=CARTESIAN_POINT('Origin',(256.991968357028,-50.1716596529655,5.23751968503903));
#10187=CARTESIAN_POINT('',(256.991968357028,-50.1716596529655,5.23751968503903));
#10188=CARTESIAN_POINT('',(256.991968357028,-50.1716596529655,5.23751968503903));
#10189=CARTESIAN_POINT('',(256.991968357028,-50.1716596529655,5.23751968503903));
#10190=CARTESIAN_POINT('Origin',(256.491968357028,-50.1716596529655,5.23751968503903));
#10191=CARTESIAN_POINT('',(256.491968357028,-49.6716596529655,5.23751968503903));
#10192=CARTESIAN_POINT('Origin',(256.491968357028,-50.1716596529655,5.23751968503903));
#10193=CARTESIAN_POINT('',(256.491968357028,-49.6716596529655,5.23751968503903));
#10194=CARTESIAN_POINT('Origin',(243.291968357028,-49.6716596529655,5.23751968503903));
#10195=CARTESIAN_POINT('',(243.291968357028,-49.6716596529655,5.23751968503903));
#10196=CARTESIAN_POINT('',(243.291968357028,-49.6716596529655,5.23751968503903));
#10197=CARTESIAN_POINT('',(243.291968357028,-49.6716596529655,5.23751968503903));
#10198=CARTESIAN_POINT('Origin',(243.291968357028,-50.1716596529655,5.23751968503903));
#10199=CARTESIAN_POINT('Origin',(243.291968357028,-50.1716596529655,5.23751968503903));
#10200=CARTESIAN_POINT('Origin',(265.310218357028,-103.471659652966,5.23751968503903));
#10201=CARTESIAN_POINT('',(265.310218357028,-103.471659652966,5.23751968503903));
#10202=CARTESIAN_POINT('',(265.310218357028,-89.2716596529655,5.23751968503903));
#10203=CARTESIAN_POINT('',(265.310218357028,-89.2716596529655,5.23751968503903));
#10204=CARTESIAN_POINT('',(265.310218357028,-89.2716596529655,5.23751968503903));
#10205=CARTESIAN_POINT('',(265.310218357028,-103.471659652966,5.23751968503903));
#10206=CARTESIAN_POINT('Origin',(265.810218357028,-103.471659652966,5.23751968503903));
#10207=CARTESIAN_POINT('',(265.810218357028,-103.971659652965,5.23751968503903));
#10208=CARTESIAN_POINT('Origin',(265.810218357028,-103.471659652966,5.23751968503903));
#10209=CARTESIAN_POINT('',(265.810218357028,-103.971659652965,5.23751968503903));
#10210=CARTESIAN_POINT('Origin',(272.010218357028,-103.971659652966,5.23751968503903));
#10211=CARTESIAN_POINT('',(272.010218357028,-103.971659652966,5.23751968503903));
#10212=CARTESIAN_POINT('',(265.810218357028,-103.971659652966,5.23751968503903));
#10213=CARTESIAN_POINT('',(272.010218357028,-103.971659652966,5.23751968503903));
#10214=CARTESIAN_POINT('Origin',(272.010218357028,-103.471659652966,5.23751968503903));
#10215=CARTESIAN_POINT('',(272.510218357028,-103.471659652966,5.23751968503903));
#10216=CARTESIAN_POINT('Origin',(272.010218357028,-103.471659652966,5.23751968503903));
#10217=CARTESIAN_POINT('',(272.510218357028,-103.471659652966,5.23751968503903));
#10218=CARTESIAN_POINT('Origin',(272.510218357028,-89.2716596529655,5.23751968503903));
#10219=CARTESIAN_POINT('',(272.510218357028,-89.2716596529655,5.23751968503903));
#10220=CARTESIAN_POINT('',(272.510218357028,-89.2716596529655,5.23751968503903));
#10221=CARTESIAN_POINT('',(272.510218357028,-89.2716596529655,5.23751968503903));
#10222=CARTESIAN_POINT('Origin',(272.010218357028,-89.2716596529655,5.23751968503903));
#10223=CARTESIAN_POINT('',(272.010218357028,-88.7716596529656,5.23751968503903));
#10224=CARTESIAN_POINT('Origin',(272.010218357028,-89.2716596529655,5.23751968503903));
#10225=CARTESIAN_POINT('',(272.010218357028,-88.7716596529656,5.23751968503903));
#10226=CARTESIAN_POINT('Origin',(265.810218357028,-88.7716596529655,5.23751968503903));
#10227=CARTESIAN_POINT('',(265.810218357028,-88.7716596529655,5.23751968503903));
#10228=CARTESIAN_POINT('',(265.810218357028,-88.7716596529655,5.23751968503903));
#10229=CARTESIAN_POINT('',(265.810218357028,-88.7716596529655,5.23751968503903));
#10230=CARTESIAN_POINT('Origin',(265.810218357028,-89.2716596529655,5.23751968503903));
#10231=CARTESIAN_POINT('Origin',(265.810218357028,-89.2716596529655,5.23751968503903));
#10232=CARTESIAN_POINT('Origin',(329.079565,-14.,6.22427669529707));
#10233=CARTESIAN_POINT('',(329.079565,-14.,5.23751968503902));
#10234=CARTESIAN_POINT('Origin',(341.,-18.9999999999999,6.73751968503902));
#10235=CARTESIAN_POINT('',(346.,-18.9999999999999,5.23751968503902));
#10236=CARTESIAN_POINT('',(346.,-18.9999999999999,6.73751968503902));
#10237=CARTESIAN_POINT('Origin',(341.,-18.9999999999999,5.23751968503902));
#10238=CARTESIAN_POINT('Origin',(346.,-129.,6.73751968503902));
#10239=CARTESIAN_POINT('',(346.,-129.,5.23751968503902));
#10240=CARTESIAN_POINT('',(346.,-129.,6.73751968503902));
#10241=CARTESIAN_POINT('',(346.,-129.,5.23751968503902));
#10242=CARTESIAN_POINT('Origin',(341.,-129.,6.73751968503902));
#10243=CARTESIAN_POINT('',(341.,-134.,5.23751968503902));
#10244=CARTESIAN_POINT('',(341.,-134.,6.73751968503902));
#10245=CARTESIAN_POINT('Origin',(341.,-129.,5.23751968503902));
#10246=CARTESIAN_POINT('Origin',(19.,-134.,6.73751968503902));
#10247=CARTESIAN_POINT('',(180.,-134.,5.23751968503902));
#10248=CARTESIAN_POINT('',(180.,-134.,6.36251968503902));
#10249=CARTESIAN_POINT('',(19.,-134.,5.23751968503902));
#10250=CARTESIAN_POINT('Origin',(189.816968357028,-44.8216596529655,5.23751968503903));
#10251=CARTESIAN_POINT('',(180.,-44.8216596529655,5.23751968503903));
#10252=CARTESIAN_POINT('',(180.,-44.8216596529655,5.61251968503903));
#10253=CARTESIAN_POINT('',(176.616968357028,-44.8216596529655,5.23751968503903));
#10254=CARTESIAN_POINT('Origin',(164.166968357028,-75.8216596529655,5.23751968503902));
#10255=CARTESIAN_POINT('',(180.,-82.9216596529655,5.23751968503902));
#10256=CARTESIAN_POINT('',(180.,-74.9108298264828,5.23751968503902));
#10257=CARTESIAN_POINT('',(171.854468357028,-82.9216596529655,5.23751968503902));
#10258=CARTESIAN_POINT('',(180.,-63.8716596529655,5.23751968503902));
#10259=CARTESIAN_POINT('',(180.,-74.9108298264828,5.23751968503902));
#10260=CARTESIAN_POINT('',(167.091968357028,-63.8716596529655,5.23751968503902));
#10261=CARTESIAN_POINT('',(180.,-74.9108298264828,5.23751968503902));
#10262=CARTESIAN_POINT('',(180.,-30.6216596529655,5.23751968503903));
#10263=CARTESIAN_POINT('',(176.616968357028,-30.6216596529655,5.23751968503903));
#10264=CARTESIAN_POINT('',(180.,-74.9108298264828,5.23751968503902));
#10265=CARTESIAN_POINT('Origin',(176.616968357028,-30.6216596529655,5.23751968503903));
#10266=CARTESIAN_POINT('',(180.,-30.6216596529655,5.61251968503903));
#10267=CARTESIAN_POINT('Origin',(180.291968357028,-63.8716596529655,5.23751968503902));
#10268=CARTESIAN_POINT('',(180.,-63.8716596529655,5.61251968503902));
#10269=CARTESIAN_POINT('Origin',(185.054468357028,-82.9216596529655,5.23751968503902));
#10270=CARTESIAN_POINT('',(180.,-82.9216596529655,5.61251968503902));
#10271=CARTESIAN_POINT('Origin',(180.,-74.,5.98751968503902));
#10272=CARTESIAN_POINT('Origin',(180.,-74.,5.98751968503902));
#10273=CARTESIAN_POINT('Origin',(180.,-74.,5.98751968503902));
#10274=CARTESIAN_POINT('Origin',(180.,-74.,5.98751968503902));
#10275=CARTESIAN_POINT('',(0.,0.,0.));
#10276=CARTESIAN_POINT('',(0.,0.,0.));
#10277=CARTESIAN_POINT('',(0.,0.,0.));
#10278=CARTESIAN_POINT('',(0.,0.,0.));
#10279=UNCERTAINTY_MEASURE_WITH_UNIT(LENGTH_MEASURE(0.01),#10289,
'DISTANCE_ACCURACY_VALUE',
'Maximum model space distance between geometric entities at asserted c
onnectivities');
#10280=UNCERTAINTY_MEASURE_WITH_UNIT(LENGTH_MEASURE(0.01),#10289,
'DISTANCE_ACCURACY_VALUE',
'Maximum model space distance between geometric entities at asserted c
onnectivities');
#10281=UNCERTAINTY_MEASURE_WITH_UNIT(LENGTH_MEASURE(0.01),#10289,
'DISTANCE_ACCURACY_VALUE',
'Maximum model space distance between geometric entities at asserted c
onnectivities');
#10282=UNCERTAINTY_MEASURE_WITH_UNIT(LENGTH_MEASURE(0.01),#10289,
'DISTANCE_ACCURACY_VALUE',
'Maximum model space distance between geometric entities at asserted c
onnectivities');
#10283=UNCERTAINTY_MEASURE_WITH_UNIT(LENGTH_MEASURE(0.01),#10289,
'DISTANCE_ACCURACY_VALUE',
'Maximum model space distance between geometric entities at asserted c
onnectivities');
#10284=(
GEOMETRIC_REPRESENTATION_CONTEXT(3)
GLOBAL_UNCERTAINTY_ASSIGNED_CONTEXT((#10279))
GLOBAL_UNIT_ASSIGNED_CONTEXT((#10289,#10291,#10292))
REPRESENTATION_CONTEXT('','3D')
);
#10285=(
GEOMETRIC_REPRESENTATION_CONTEXT(3)
GLOBAL_UNCERTAINTY_ASSIGNED_CONTEXT((#10280))
GLOBAL_UNIT_ASSIGNED_CONTEXT((#10289,#10291,#10292))
REPRESENTATION_CONTEXT('','3D')
);
#10286=(
GEOMETRIC_REPRESENTATION_CONTEXT(3)
GLOBAL_UNCERTAINTY_ASSIGNED_CONTEXT((#10281))
GLOBAL_UNIT_ASSIGNED_CONTEXT((#10289,#10291,#10292))
REPRESENTATION_CONTEXT('','3D')
);
#10287=(
GEOMETRIC_REPRESENTATION_CONTEXT(3)
GLOBAL_UNCERTAINTY_ASSIGNED_CONTEXT((#10282))
GLOBAL_UNIT_ASSIGNED_CONTEXT((#10289,#10291,#10292))
REPRESENTATION_CONTEXT('','3D')
);
#10288=(
GEOMETRIC_REPRESENTATION_CONTEXT(3)
GLOBAL_UNCERTAINTY_ASSIGNED_CONTEXT((#10283))
GLOBAL_UNIT_ASSIGNED_CONTEXT((#10289,#10291,#10292))
REPRESENTATION_CONTEXT('','3D')
);
#10289=(
LENGTH_UNIT()
NAMED_UNIT(*)
SI_UNIT(.MILLI.,.METRE.)
);
#10290=(
LENGTH_UNIT()
NAMED_UNIT(*)
SI_UNIT($,.METRE.)
);
#10291=(
NAMED_UNIT(*)
PLANE_ANGLE_UNIT()
SI_UNIT($,.RADIAN.)
);
#10292=(
NAMED_UNIT(*)
SI_UNIT($,.STERADIAN.)
SOLID_ANGLE_UNIT()
);
#10293=SHAPE_DEFINITION_REPRESENTATION(#10297,#10304);
#10294=SHAPE_DEFINITION_REPRESENTATION(#10298,#10305);
#10295=SHAPE_DEFINITION_REPRESENTATION(#10299,#10306);
#10296=SHAPE_DEFINITION_REPRESENTATION(#10300,#10307);
#10297=PRODUCT_DEFINITION_SHAPE('',$,#10309);
#10298=PRODUCT_DEFINITION_SHAPE('',$,#10310);
#10299=PRODUCT_DEFINITION_SHAPE('',$,#10311);
#10300=PRODUCT_DEFINITION_SHAPE('',$,#10312);
#10301=PRODUCT_DEFINITION_SHAPE($,$,#20);
#10302=PRODUCT_DEFINITION_SHAPE($,$,#21);
#10303=PRODUCT_DEFINITION_SHAPE($,$,#22);
#10304=SHAPE_REPRESENTATION('',(#6131,#6713,#6714,#6715),#10284);
#10305=SHAPE_REPRESENTATION('',(#6132),#10285);
#10306=SHAPE_REPRESENTATION('',(#6133),#10286);
#10307=SHAPE_REPRESENTATION('',(#6712),#10287);
#10308=PRODUCT_DEFINITION_CONTEXT('part definition',#10322,'design');
#10309=PRODUCT_DEFINITION('.step 1','Keeb v7',#10313,#10308);
#10310=PRODUCT_DEFINITION('My-keebs_PCB','My-keebs_PCB',#10314,#10308);
#10311=PRODUCT_DEFINITION('Component39','Component39',#10315,#10308);
#10312=PRODUCT_DEFINITION('Component40','Component40',#10316,#10308);
#10313=PRODUCT_DEFINITION_FORMATION('',$,#10324);
#10314=PRODUCT_DEFINITION_FORMATION('',$,#10325);
#10315=PRODUCT_DEFINITION_FORMATION('',$,#10326);
#10316=PRODUCT_DEFINITION_FORMATION('',$,#10327);
#10317=PRODUCT_RELATED_PRODUCT_CATEGORY('Keeb v7','Keeb v7',(#10324));
#10318=PRODUCT_RELATED_PRODUCT_CATEGORY('My-keebs_PCB','My-keebs_PCB',(#10325));
#10319=PRODUCT_RELATED_PRODUCT_CATEGORY('Component39','Component39',(#10326));
#10320=PRODUCT_RELATED_PRODUCT_CATEGORY('Component40','Component40',(#10327));
#10321=APPLICATION_PROTOCOL_DEFINITION('international standard',
'automotive_design',2009,#10322);
#10322=APPLICATION_CONTEXT(
'Core Data for Automotive Mechanical Design Process');
#10323=PRODUCT_CONTEXT('part definition',#10322,'mechanical');
#10324=PRODUCT('.step 1','Keeb v7','KiCad electronic assembly',(#10323));
#10325=PRODUCT('My-keebs_PCB','My-keebs_PCB',$,(#10323));
#10326=PRODUCT('Component39','Component39',$,(#10323));
#10327=PRODUCT('Component40','Component40',$,(#10323));
#10328=PRESENTATION_STYLE_ASSIGNMENT((#10330));
#10329=PRESENTATION_STYLE_ASSIGNMENT((#10331));
#10330=SURFACE_STYLE_USAGE(.BOTH.,#10332);
#10331=SURFACE_STYLE_USAGE(.BOTH.,#10333);
#10332=SURFACE_SIDE_STYLE('',(#10334));
#10333=SURFACE_SIDE_STYLE('',(#10335));
#10334=SURFACE_STYLE_FILL_AREA(#10336);
#10335=SURFACE_STYLE_FILL_AREA(#10337);
#10336=FILL_AREA_STYLE('Steel - Satin',(#10338));
#10337=FILL_AREA_STYLE('Opaque(246,246,243)',(#10339));
#10338=FILL_AREA_STYLE_COLOUR('Steel - Satin',#10340);
#10339=FILL_AREA_STYLE_COLOUR('Opaque(246,246,243)',#10341);
#10340=COLOUR_RGB('Steel - Satin',0.627450980392157,0.627450980392157,0.627450980392157);
#10341=COLOUR_RGB('Opaque(246,246,243)',0.964705882352941,0.964705882352941,
0.952941176470588);
ENDSEC;
END-ISO-10303-21;
